Case,Year,Month,Demand_GWh,DomesticGen_GWh,Imports_GWh,ENS_GWh,Curtailment_GWh,CO2_kt,RenShare,Reserve_MW
BAU_Normal,2025,m1,3484.663026,3133.636686,351.0263393,0,0,436.4980466,0.7951155007,241.9904879
BAU_Normal,2025,m2,3554.069242,3250.999097,303.0701447,0,0,567.6514631,0.7403095197,246.810364
BAU_Normal,2025,m3,3623.321244,3534.181514,89.13973001,0,0,149.2788981,0.9404017742,251.6195308
BAU_Normal,2025,m4,3679.2576,3527.220117,152.0374831,0,0,153.4972649,0.9385966819,255.504
BAU_Normal,2025,m5,3603.790536,3523.003424,80.78711258,0,0,150.1965914,0.9398451327,250.2632317
BAU_Normal,2025,m6,3445.520264,3417.935172,27.58509199,0,0,96.76498059,0.9600535533,239.2722406
BAU_Normal,2025,m7,3363.559175,3363.559175,0,0,0,52.32223839,0.9780511887,233.5804982
BAU_Normal,2025,m8,3366.902647,3366.902647,0,0,0,69.56432042,0.9708472352,233.8126838
BAU_Normal,2025,m9,3521.341238,3208.34299,312.9982478,0,0,496.3127105,0.7726451944,244.5375859
BAU_Normal,2025,m10,3486.604112,3164.873603,321.7305096,0,0,445.1878732,0.793269953,242.1252856
BAU_Normal,2025,m11,3548.20398,3247.132638,301.071342,0,0,506.7424244,0.7704892991,246.4030542
BAU_Normal,2025,m12,3638.426214,3340.515697,297.9105172,0,0,520.4804777,0.7707387123,252.6684871
BAU_Normal,2026,m1,3621.621371,3317.082392,304.5389789,0,0,496.0413823,0.7806355739,251.5014841
BAU_Normal,2026,m2,3693.755472,3410.555673,283.1997996,0,0,573.6308646,0.7498501057,256.5107967
BAU_Normal,2026,m3,3765.729299,3698.403199,67.32609976,0,0,220.4828213,0.9153748383,261.5089791
BAU_Normal,2026,m4,3823.864132,3590.142165,233.7219662,0,0,183.3150116,0.9274631833,265.5461203
BAU_Normal,2026,m5,3745.430972,3643.848636,101.5823364,0,0,181.5717364,0.929179498,260.0993731
BAU_Normal,2026,m6,3580.940175,3556.164735,24.77544021,0,0,129.4760391,0.9486274296,248.676401
BAU_Normal,2026,m7,3495.757754,3484.57417,11.18358406,0,0,51.19310473,0.979270658,242.7609551
BAU_Normal,2026,m8,3499.232635,3473.880341,25.35229344,0,0,111.6848795,0.9546368414,243.0022663
BAU_Normal,2026,m9,3659.741154,3368.178221,291.5629326,0,0,420.8413755,0.8161610691,254.1486912
BAU_Normal,2026,m10,3623.638749,3320.664387,302.9743614,0,0,488.0846665,0.7833962577,251.6415798
BAU_Normal,2026,m11,3687.659687,3355.014552,332.645135,0,0,516.9754353,0.7723711122,256.0874783
BAU_Normal,2026,m12,3781.427942,3494.95008,286.4778619,0,0,531.2080392,0.7742631071,262.5991626
BAU_Normal,2027,m1,3839.797193,3527.059879,312.7373139,0,0,564.9492558,0.7537468709,266.6525829
BAU_Normal,2027,m2,3916.276839,3608.446443,307.8303965,0,0,586.0539473,0.749875883,271.9636694
BAU_Normal,2027,m3,3992.586555,3868.059902,124.5266529,0,0,228.6287499,0.9061127856,277.2629552
BAU_Normal,2027,m4,4054.22358,3853.395742,200.8278374,0,0,198.9604601,0.9167638678,281.5433042
BAU_Normal,2027,m5,3971.065404,3926.352887,44.71251797,0,0,249.8102982,0.8999417025,275.7684309
BAU_Normal,2027,m6,3796.665257,3772.974682,23.69057497,0,0,181.0829143,0.9217971406,263.6573095
BAU_Normal,2027,m7,3706.351227,3687.253468,19.09775902,0,0,120.8369025,0.9434254267,257.3855018
BAU_Normal,2027,m8,3710.035443,3686.171294,23.86414938,0,0,108.8894219,0.9476913525,257.6413502
BAU_Normal,2027,m9,3880.21341,3608.136349,272.0770612,0,0,513.0800728,0.7792443638,269.4592646
BAU_Normal,2027,m10,3841.936103,3538.66306,303.2730425,0,0,541.3338094,0.763713968,266.8011183
BAU_Normal,2027,m11,3909.813828,3580.012181,329.8016476,0,0,594.0805151,0.7460373087,271.5148492
BAU_Normal,2027,m12,4009.230925,3703.895353,305.3355718,0,0,573.0702786,0.7628769136,278.4188142
BAU_Normal,2028,m1,4008.256047,3690.439823,317.816224,0,0,401.9687276,0.7981937323,278.3511144
BAU_Normal,2028,m2,4088.090993,3770.26548,317.825513,0,0,516.2261103,0.7550315716,283.8952079
BAU_Normal,2028,m3,4167.748554,4141.9683,25.78025458,0,0,290.1378188,0.8581400212,289.4269829
BAU_Normal,2028,m4,4232.089707,4208.263553,23.82615445,0,0,309.8211247,0.8534175352,293.8951186
BAU_Normal,2028,m5,4145.283232,4121.913499,23.36973322,0,0,287.1292463,0.8585936968,287.8668911
BAU_Normal,2028,m6,3963.231834,3963.231834,0,0,0,149.3729815,0.907068261,275.2244329
BAU_Normal,2028,m7,3868.955564,3868.955564,0,0,0,141.546009,0.9103327729,268.6774697
BAU_Normal,2028,m8,3872.801414,3872.801414,0,0,0,126.5537957,0.9218484456,268.9445426
BAU_Normal,2028,m9,4050.445396,3765.956629,284.4887671,0,0,444.2516086,0.7890165038,281.2809303
BAU_Normal,2028,m10,4010.488794,3694.300076,316.1887182,0,0,368.6233082,0.8162934815,278.5061663
BAU_Normal,2028,m11,4081.344438,3791.991277,289.3531612,0,0,542.6685968,0.7480459176,283.4266971
BAU_Normal,2028,m12,4185.123143,3904.019112,281.104031,0,0,543.9669762,0.7548818747,290.6335516
BAU_Normal,2029,m1,4275.410626,3957.781904,317.6287217,0,0,621.4529489,0.7279816675,296.9035157
BAU_Normal,2029,m2,4360.566657,4048.254396,312.3122613,0,0,547.2535267,0.754947086,302.817129
BAU_Normal,2029,m3,4445.53348,4423.025597,22.50788299,0,0,397.1088153,0.8282934874,308.7176028
BAU_Normal,2029,m4,4514.16304,4401.574325,112.5887154,0,0,409.4090935,0.8234832502,313.4835445
BAU_Normal,2029,m5,4421.57082,4380.945959,40.62486088,0,0,408.5498767,0.8222431081,307.0535292
BAU_Normal,2029,m6,4227.385501,4203.349211,24.03628984,0,0,309.5040776,0.8530279852,293.5684376
BAU_Normal,2029,m7,4126.825616,4103.945085,22.88053076,0,0,204.5610262,0.887570641,286.5851122
BAU_Normal,2029,m8,4130.927796,4104.771313,26.15648248,0,0,251.6433171,0.8707443553,286.8699858
BAU_Normal,2029,m9,4320.41194,4017.512872,302.8990682,0,0,699.8166924,0.7068339018,300.028607
BAU_Normal,2029,m10,4277.792188,3978.922661,298.8695276,0,0,515.8845383,0.7678619618,297.068902
BAU_Normal,2029,m11,4353.370437,4041.676118,311.6943197,0,0,655.0730363,0.7225398288,302.3173915
BAU_Normal,2029,m12,4464.066104,4133.866713,330.1993912,0,0,676.0931372,0.7228821484,310.0045905
BAU_Normal,2030,m1,4455.82387,4156.018303,299.8055674,0,0,714.8792055,0.7009290317,309.4322132
BAU_Normal,2030,m2,4544.573305,4252.142748,292.4305565,0,0,738.6982021,0.7016405965,315.5953684
BAU_Normal,2030,m3,4633.125548,4606.685274,26.44027352,0,0,454.4701785,0.8154363268,321.7448297
BAU_Normal,2030,m4,4704.651129,4642.002021,62.64910804,0,0,495.7487908,0.8025106836,326.711884
BAU_Normal,2030,m5,4608.151714,4586.043273,22.10844157,0,0,477.3863891,0.8059800374,320.0105357
BAU_Normal,2030,m6,4405.772187,4383.674992,22.09719531,0,0,381.544996,0.8340255701,305.9564019
BAU_Normal,2030,m7,4300.968888,4275.889207,25.07968119,0,0,345.4099739,0.8422168813,298.678395
BAU_Normal,2030,m8,4305.244172,4282.253147,22.99102484,0,0,319.379131,0.8537649887,298.9752897
BAU_Normal,2030,m9,4502.724145,4221.234782,281.4893622,0,0,683.1101308,0.7196417521,312.6891767
BAU_Normal,2030,m10,4458.305929,4100.470717,357.8352123,0,0,682.0424027,0.7111892419,309.6045784
BAU_Normal,2030,m11,4537.07342,4243.83434,293.2390794,0,0,769.2092921,0.6925548112,315.074543
BAU_Normal,2030,m12,4652.440208,4275.358978,302.5686656,74.51256492,0,838.4888498,0.6725556801,323.0861256
BAU_Normal,2031,m1,4626.232224,4317.400129,308.8320949,0,0,496.5574456,0.7889924248,321.2661266
BAU_Normal,2031,m2,4718.375788,4435.193949,283.1818398,0,0,509.7870031,0.7901999186,327.6649853
BAU_Normal,2031,m3,4810.31462,4810.31462,0,0,0,55.90402561,0.96503007,334.0496264
BAU_Normal,2031,m4,4884.575623,4884.575623,0,0,0,90.35111572,0.9443414554,339.2066405
BAU_Normal,2031,m5,4784.385688,4784.385688,0,0,0,21.22296641,0.9866523421,332.2490061
BAU_Normal,2031,m6,4574.266366,4574.266366,0,0,0,0,1,317.6573865
BAU_Normal,2031,m7,4465.454974,4465.454974,0,0,0,0,1,310.1010399
BAU_Normal,2031,m8,4469.893761,4469.893761,0,0,0,0,1,310.409289
BAU_Normal,2031,m9,4674.92615,4403.439584,271.4865661,0,0,498.4789705,0.7948860559,324.6476493
BAU_Normal,2031,m10,4628.809207,4322.798967,306.0102396,0,0,485.7503538,0.7956579243,321.4450838
BAU_Normal,2031,m11,4710.589078,4415.185724,295.4033536,0,0,466.5970803,0.8078230259,327.1242415
BAU_Normal,2031,m12,4830.367949,4520.367255,310.000694,0,0,552.2788471,0.781493383,335.4422187
BAU_Normal,2032,m1,4809.713503,4516.846753,292.8667507,0,0,627.6907224,0.7517613744,334.0078822
BAU_Normal,2032,m2,4905.51158,4604.989644,300.5219356,0,0,608.4543935,0.7640095133,340.6605264
BAU_Normal,2032,m3,5001.096803,5001.096803,0,0,0,161.0515927,0.9206056599,347.2983891
BAU_Normal,2032,m4,5078.303076,5078.303076,0,0,0,166.24151,0.9218641159,352.6599358
BAU_Normal,2032,m5,4974.139502,4974.139502,0,0,0,139.5963675,0.9270670593,345.4263543
BAU_Normal,2032,m6,4755.686625,4755.686625,0,0,0,38.06290112,0.9759168206,330.2560156
BAU_Normal,2032,m7,4642.559658,4642.559658,0,0,0,0,1,322.3999762
BAU_Normal,2032,m8,4647.174492,4647.174492,0,0,0,0,1,322.7204508
BAU_Normal,2032,m9,4860.338683,4543.850009,316.4886738,0,0,612.5074358,0.7616569675,337.5235197
BAU_Normal,2032,m10,4812.392693,4470.177951,342.2147414,0,0,556.9461434,0.7777356962,334.193937
BAU_Normal,2032,m11,4897.41604,4546.389872,351.0261686,0,0,553.3406796,0.7822990599,340.0983361
BAU_Normal,2032,m12,5021.945469,4679.423176,342.5222929,0,0,682.8173278,0.7480458123,348.7462131
BAU_Normal,2033,m1,5036.637582,4732.80263,303.8349522,0,0,498.0285707,0.8089934323,349.7664987
BAU_Normal,2033,m2,5136.955447,4819.737281,317.2181658,0,0,546.1804566,0.7963933792,356.7330172
BAU_Normal,2033,m3,5237.050416,5237.050416,0,0,0,80.51128083,0.9537411167,363.6840567
BAU_Normal,2033,m4,5317.899311,5317.899311,0,0,0,96.64796351,0.9453137982,369.2985632
BAU_Normal,2033,m5,5208.82126,5208.82126,0,0,0,28.38775732,0.9836010217,361.7236986
BAU_Normal,2033,m6,4980.061695,4980.061695,0,0,0,0,1,345.8376177
BAU_Normal,2033,m7,4861.597355,4861.597355,0,0,0,0,1,337.6109274
BAU_Normal,2033,m8,4866.429919,4866.429919,0,0,0,0,1,337.9465221
BAU_Normal,2033,m9,5089.651276,4780.745436,308.9058404,0,0,549.234408,0.7946031488,353.4480053
BAU_Normal,2033,m10,5039.443176,4716.738568,322.7046084,0,0,540.8980959,0.7940928394,349.9613317
BAU_Normal,2033,m11,5128.477957,4780.596166,347.8817908,0,0,528.0190618,0.8022883217,356.1443026
BAU_Normal,2033,m12,5258.882731,4962.717334,296.1653964,0,0,643.3673478,0.7725273306,365.2001896
BAU_Normal,2034,m1,5224.818787,4869.470243,355.3485436,0,0,472.0658188,0.8237126243,362.834638
BAU_Normal,2034,m2,5328.884775,5023.542818,305.3419574,0,0,508.621776,0.816839183,370.0614427
BAU_Normal,2034,m3,5432.719539,5432.719539,0,0,0,77.792664,0.9569129737,377.2721902
BAU_Normal,2034,m4,5516.589148,5516.589148,0,0,0,145.242535,0.9356764809,383.0964686
BAU_Normal,2034,m5,5403.435672,5403.435672,0,0,0,65.37361479,0.9635952815,375.2385884
BAU_Normal,2034,m6,5166.129085,5166.129085,0,0,0,0,1,358.7589642
BAU_Normal,2034,m7,5043.238625,5043.238625,0,0,0,0,1,350.2249045
BAU_Normal,2034,m8,5048.251745,5048.251745,0,0,0,0,1,350.5730379
BAU_Normal,2034,m9,5279.813204,4961.039483,318.7737205,0,0,518.2102969,0.8123596917,366.6536947
BAU_Normal,2034,m10,5227.729205,4919.790476,307.9387289,0,0,388.6234998,0.8541471297,363.0367503
BAU_Normal,2034,m11,5320.090545,4999.130263,320.9602816,0,0,583.3925332,0.7925224787,369.4507323
BAU_Normal,2034,m12,5455.367563,5188.290558,267.0770049,0,0,625.6670267,0.7870425333,378.8449696
BAU_Normal,2035,m1,5425.388269,5086.058148,339.3301215,0,0,544.0049717,0.8092934222,376.7630742
BAU_Normal,2035,m2,5533.449125,5181.838396,351.6107294,0,0,504.967854,0.8235857215,384.2673004
BAU_Normal,2035,m3,5641.269881,5641.269881,0,0,0,93.2884818,0.9502404652,391.7548529
BAU_Normal,2035,m4,5728.359062,5728.359062,0,0,0,106.6083676,0.9470195543,397.8027127
BAU_Normal,2035,m5,5610.86187,5610.86187,0,0,0,78.84257409,0.9577179164,389.6431854
BAU_Normal,2035,m6,5364.445597,5364.445597,0,0,0,0,1,372.5309442
BAU_Normal,2035,m7,5236.837638,5236.837638,0,0,0,0,1,363.6692804
BAU_Normal,2035,m8,5242.043201,5242.043201,0,0,0,0,1,364.0307779
BAU_Normal,2035,m9,5482.493803,5141.728544,340.7652587,0,0,560.5840081,0.8057187993,380.7287363
BAU_Normal,2035,m10,5428.410412,5095.93426,332.4761514,0,0,588.2964597,0.7956811295,376.9729453
BAU_Normal,2035,m11,5524.317304,5174.676999,349.6403052,0,0,495.8849709,0.8259501957,383.6331461
BAU_Normal,2035,m12,5664.787313,5316.017294,348.7700194,0,0,600.3715288,0.8000104693,393.3880079
BAU_Normal,2036,m1,5620.215077,5294.742561,325.4725157,0,0,541.7161484,0.8160926148,390.2927137
BAU_Normal,2036,m2,5732.156421,5413.246413,318.9100082,0,0,634.8574312,0.7942945119,398.0664181
BAU_Normal,2036,m3,5843.849043,5843.849043,0,0,0,63.15759686,0.9674799076,405.8228502
BAU_Normal,2036,m4,5934.065614,5934.065614,0,0,0,84.95140949,0.9569232025,412.0878899
BAU_Normal,2036,m5,5812.349073,5812.349073,0,0,0,25.06018156,0.9870264841,403.6353523
BAU_Normal,2036,m6,5557.083941,5557.083941,0,0,0,0,1,385.908607
BAU_Normal,2036,m7,5424.893554,5424.893554,0,0,0,0,1,376.7287191
BAU_Normal,2036,m8,5430.28605,5430.28605,0,0,0,0,1,377.1031979
BAU_Normal,2036,m9,5679.371282,5378.06557,301.3057124,0,0,630.165712,0.7936501259,394.4007835
BAU_Normal,2036,m10,5623.345746,5326.450535,296.8952106,0,0,589.5482802,0.8033780419,390.5101212
BAU_Normal,2036,m11,5722.696674,5410.426812,312.2698613,0,0,591.1710601,0.8061939475,397.4094912
BAU_Normal,2036,m12,5868.21099,5510.853812,357.3571782,0,0,714.0941233,0.7770223734,407.5146521
BAU_Normal,2037,m1,5818.334673,5502.536238,315.7984354,0,0,501.7299032,0.8341407243,404.051019
BAU_Normal,2037,m2,5934.222089,5629.367299,304.8547907,0,0,610.6582765,0.8086646337,412.0987562
BAU_Normal,2037,m3,6049.852015,6049.852015,0,0,0,104.6430459,0.9605787969,420.1286122
BAU_Normal,2037,m4,6143.248833,6143.248833,0,0,0,141.3260731,0.9432890423,426.6145023
BAU_Normal,2037,m5,6017.241633,6017.241633,0,0,0,117.5159936,0.9544462813,417.8640023
BAU_Normal,2037,m6,5752.978086,5752.978086,0,0,0,12.4491107,0.993488654,399.5123671
BAU_Normal,2037,m7,5616.127823,5616.127823,0,0,0,0,1,390.0088766
BAU_Normal,2037,m8,5621.710411,5621.710411,0,0,0,0,1,390.3965563
BAU_Normal,2037,m9,5879.576208,5580.613568,298.96264,0,0,697.4550083,0.7846112874,408.3039034
BAU_Normal,2037,m10,5821.575702,5525.04768,296.5280217,0,0,561.8146083,0.818354219,404.2760904
BAU_Normal,2037,m11,5924.428874,5579.188302,345.2405721,0,0,554.8485595,0.8213011402,411.4186718
BAU_Normal,2037,m12,6075.072752,5736.522964,338.5497883,0,0,657.9173811,0.8007430283,421.8800522
BAU_Normal,2038,m1,6012.599044,5707.825594,304.7734506,0,0,511.1202729,0.837824451,417.5416003
BAU_Normal,2038,m2,6132.355746,5813.383235,318.9725108,0,0,614.4574621,0.8126378382,425.8580379
BAU_Normal,2038,m3,6251.846359,6251.846359,0,0,0,79.5183522,0.9733728552,434.1559972
BAU_Normal,2038,m4,6348.36154,6348.36154,0,0,0,98.48262977,0.9655059089,440.8584402
BAU_Normal,2038,m5,6218.147171,6218.147171,0,0,0,51.45955658,0.9819617686,431.8157758
BAU_Normal,2038,m6,5945.060311,5945.060311,0,0,0,0,1,412.8514105
BAU_Normal,2038,m7,5803.640849,5803.640849,0,0,0,0,1,403.0306145
BAU_Normal,2038,m8,5809.40983,5809.40983,0,0,0,0,1,403.4312382
BAU_Normal,2038,m9,6075.885331,5764.424442,311.4608885,0,0,603.2713973,0.8153654021,421.9364813
BAU_Normal,2038,m10,6015.948285,5703.909357,312.0389285,0,0,606.7111013,0.811014221,417.7741865
BAU_Normal,2038,m11,6122.235551,5821.621106,300.6144454,0,0,611.211129,0.8142968083,425.1552466
BAU_Normal,2038,m12,6277.909174,5984.39842,293.5107539,0,0,640.0480776,0.8132445584,435.9659148
BAU_Normal,2039,m1,6210.458485,5881.575073,328.8834119,0,0,579.3565959,0.8233554873,431.2818392
BAU_Normal,2039,m2,6334.156076,5996.659902,337.4961748,0,0,709.7820486,0.7977546419,439.8719497
BAU_Normal,2039,m3,6457.578824,6457.578824,0,0,0,120.9833689,0.9555163662,448.4429739
BAU_Normal,2039,m4,6557.270075,6557.270075,0,0,0,131.0134925,0.951382196,455.3659774
BAU_Normal,2039,m5,6422.770681,6422.770681,0,0,0,65.83331095,0.9793638767,446.0257417
BAU_Normal,2039,m6,6140.697222,6140.697222,0,0,0,0,1,426.4373071
BAU_Normal,2039,m7,5994.624003,5994.624003,0,0,0,0,1,416.2933336
BAU_Normal,2039,m8,6000.582827,6000.582827,0,0,0,0,1,416.7071408
BAU_Normal,2039,m9,6275.827363,5984.792668,291.0346946,0,0,640.625736,0.8131033626,435.8213446
BAU_Normal,2039,m10,6213.917941,5872.701355,341.2165861,0,0,585.227628,0.8218641566,431.5220792
BAU_Normal,2039,m11,6323.702852,6008.311017,315.391835,0,0,752.3479767,0.7880799368,439.1460314
BAU_Normal,2039,m12,6484.4993,6157.212348,327.2869524,0,0,744.3067589,0.7950092705,450.3124514
BAU_Normal,2040,m1,6411.925108,6117.497468,294.4276399,0,0,472.8794564,0.8578795856,445.272577
BAU_Normal,2040,m2,6539.635437,6249.68766,289.9477765,0,0,490.3296533,0.8574489117,454.1413498
BAU_Normal,2040,m3,6667.062006,6667.062006,0,0,0,0,1,462.9904171
BAU_Normal,2040,m4,6769.987231,6769.987231,0,0,0,0,1,470.1380021
BAU_Normal,2040,m5,6631.12469,6631.12469,0,0,0,0,1,460.4947702
BAU_Normal,2040,m6,6339.900797,6339.900797,0,0,0,0,1,440.2708887
BAU_Normal,2040,m7,6189.088979,6189.088979,0,0,0,0,1,429.7978458
BAU_Normal,2040,m8,6195.241106,6195.241106,0,0,0,0,1,430.2250768
BAU_Normal,2040,m9,6479.414546,6147.077649,332.3368973,0,0,502.7213716,0.8515413693,449.9593435
BAU_Normal,2040,m10,6415.496789,6112.269208,303.227581,0,0,438.8235594,0.8678870601,445.5206103
BAU_Normal,2040,m11,6528.843111,6255.892696,272.950415,0,0,617.6833553,0.8249626087,453.3918827
BAU_Normal,2040,m12,6694.855779,6374.521659,320.3341201,0,0,560.0039544,0.8416230949,464.9205402
BAU_Normal,2041,m1,6609.571618,6311.338282,298.2333352,0,0,522.565364,0.8497089696,458.998029
BAU_Normal,2041,m2,6741.218595,6442.240934,298.9776618,0,0,583.048144,0.8386253267,468.1401802
BAU_Normal,2041,m3,6872.573067,6872.573067,0,0,0,0,1,477.2620185
BAU_Normal,2041,m4,6978.670944,6978.670944,0,0,0,29.70821269,0.9885677216,484.6299267
BAU_Normal,2041,m5,6835.52799,6835.52799,0,0,0,0,1,474.6894437
BAU_Normal,2041,m6,6535.327169,6535.327169,0,0,0,0,1,453.8421645
BAU_Normal,2041,m7,6379.866602,6379.866602,0,0,0,0,1,443.0462918
BAU_Normal,2041,m8,6386.208368,6386.208368,0,0,0,0,1,443.4866922
BAU_Normal,2041,m9,6679.141406,6377.762416,301.3789898,0,0,582.58294,0.8361981434,463.8292643
BAU_Normal,2041,m10,6613.253394,6298.224096,315.0292982,0,0,479.4669549,0.8611511903,459.2537079
BAU_Normal,2041,m11,6730.093598,6409.011594,321.0820047,0,0,454.1196552,0.8694630052,467.367611
BAU_Normal,2041,m12,6901.223579,6576.635056,324.5885222,0,0,682.1507508,0.8199113952,479.2516374
BAU_Normal,2042,m1,6806.023063,6447.954704,358.0683585,0,0,546.3658473,0.8481762164,472.6404905
BAU_Normal,2042,m2,6941.582887,6630.003076,311.5798111,0,0,663.3326135,0.8286971884,482.0543672
BAU_Normal,2042,m3,7076.841511,7076.841511,0,0,0,0,1,491.4473272
BAU_Normal,2042,m4,7186.092858,7186.092858,0,0,0,0,1,499.0342262
BAU_Normal,2042,m5,7038.69537,7038.69537,0,0,0,0,1,488.7982896
BAU_Normal,2042,m6,6729.571901,6729.571901,0,0,0,0,1,467.331382
BAU_Normal,2042,m7,6569.490694,6569.490694,0,0,0,0,1,456.2146315
BAU_Normal,2042,m8,6576.020951,6576.020951,0,0,0,0,1,456.6681216
BAU_Normal,2042,m9,6877.660623,6555.620965,322.0396577,0,0,572.5039128,0.8454014774,477.615321
BAU_Normal,2042,m10,6809.81427,6501.478992,308.3352781,0,0,560.1487126,0.8471997031,472.9037688
BAU_Normal,2042,m11,6930.12723,6626.553105,303.5741247,0,0,548.784399,0.8515258347,481.2588354
BAU_Normal,2042,m12,7106.343581,6789.135686,317.2078949,0,0,704.674591,0.8240038993,493.496082
BAU_Normal,2043,m1,7002.784368,6668.947652,333.8367161,0,0,380.6725915,0.8939778041,486.30447
BAU_Normal,2043,m2,7142.263211,6816.31199,325.9512213,0,0,454.2662673,0.8777792878,495.9905008
BAU_Normal,2043,m3,7281.432145,7281.432145,0,0,0,0,1,505.6550101
BAU_Normal,2043,m4,7393.841935,7393.841935,0,0,0,17.11758749,0.993033774,513.4612455
BAU_Normal,2043,m5,7242.183204,7242.183204,0,0,0,0,1,502.9293892
BAU_Normal,2043,m6,6924.123013,6924.123013,0,0,0,0,1,480.8418759
BAU_Normal,2043,m7,6759.413877,6759.413877,0,0,0,0,1,469.4037414
BAU_Normal,2043,m8,6766.132923,6766.132923,0,0,0,0,1,469.8703419
BAU_Normal,2043,m9,7076.492962,6756.807054,319.6859077,0,0,412.7259819,0.8866283083,491.4231223
BAU_Normal,2043,m10,7006.685179,6701.72004,304.9651394,0,0,346.5164384,0.9025607241,486.5753597
BAU_Normal,2043,m11,7130.476372,6864.495244,265.9811279,0,0,517.6648124,0.8641121169,495.1719703
BAU_Normal,2043,m12,7311.787116,6993.733804,318.0533123,0,0,710.1963508,0.8276346115,507.7629942
BAU_Normal,2044,m1,7200.343318,6889.015366,311.327952,0,0,601.3352127,0.8475526064,500.0238415
BAU_Normal,2044,m2,7343.757066,7020.404297,323.3527684,0,0,653.5743052,0.8403398123,509.9831296
BAU_Normal,2044,m3,7486.852163,7486.852163,0,0,0,10.69754815,0.9957005772,519.9202891
BAU_Normal,2044,m4,7602.4332,7602.4332,0,0,0,22.79496378,0.9909778206,527.94675
BAU_Normal,2044,m5,7446.49595,7446.49595,0,0,0,0,1,517.1177743
BAU_Normal,2044,m6,7119.462809,7119.462809,0,0,0,0,1,494.4071395
BAU_Normal,2044,m7,6950.106983,6950.106983,0,0,0,0,1,482.6463183
BAU_Normal,2044,m8,6957.015584,6957.015584,0,0,0,0,1,483.1260822
BAU_Normal,2044,m9,7276.13134,6970.504002,305.6273381,0,0,592.0888945,0.8517795208,505.2868986
BAU_Normal,2044,m10,7204.354177,6868.666289,335.6878873,0,0,435.1659098,0.8827642973,500.3023734
BAU_Normal,2044,m11,7331.637703,7011.20244,320.4352627,0,0,477.6693544,0.8765338013,509.1415071
BAU_Normal,2044,m12,7518.063492,7178.963688,339.0998048,0,0,710.5678725,0.8322868048,522.0877425
BAU_Normal,2045,m1,7399.150115,7069.34481,329.8053042,0,0,449.9069156,0.8827358642,513.8298691
BAU_Normal,2045,m2,7546.523622,7210.041237,336.4823848,0,0,577.1633192,0.8592777701,524.0641404
BAU_Normal,2045,m3,7693.56968,7693.56968,0,0,0,0,1,534.2756722
BAU_Normal,2045,m4,7812.341995,7812.341995,0,0,0,0,1,542.5237497
BAU_Normal,2045,m5,7652.099203,7652.099203,0,0,0,0,1,531.395778
BAU_Normal,2045,m6,7316.036435,7316.036435,0,0,0,0,1,508.0580858
BAU_Normal,2045,m7,7142.00457,7142.00457,0,0,0,0,1,495.9725396
BAU_Normal,2045,m8,7149.103922,7149.103922,0,0,0,0,1,496.4655502
BAU_Normal,2045,m9,7477.0307,7140.495738,336.5349625,0,0,506.6799886,0.8721345483,519.2382431
BAU_Normal,2045,m10,7403.271716,7113.466515,289.8052006,0,0,470.9311774,0.8801739995,514.1160914
BAU_Normal,2045,m11,7534.069634,7202.620089,331.4495448,0,0,613.5750503,0.8515489137,523.1992802
BAU_Normal,2045,m12,7725.642778,7434.99023,290.652548,0,0,704.3827264,0.8397413408,536.5029707
BAU_Normal,2046,m1,7596.690614,7282.088215,314.6023994,0,0,329.7727898,0.9138873436,527.5479593
BAU_Normal,2046,m2,7747.998659,7480.452285,267.5463738,0,0,500.0068869,0.8791791483,538.0554624
BAU_Normal,2046,m3,7898.970513,7898.970513,0,0,0,0,1,548.539619
BAU_Normal,2046,m4,8020.913779,8020.913779,0,0,0,2.458615629,0.9995674956,557.0079013
BAU_Normal,2046,m5,7856.392868,7856.392868,0,0,0,0,1,545.5828381
BAU_Normal,2046,m6,7511.357988,7511.357988,0,0,0,0,1,521.6220825
BAU_Normal,2046,m7,7332.679868,7332.679868,0,0,0,0,1,509.2138797
BAU_Normal,2046,m8,7339.968756,7339.968756,0,0,0,0,1,509.7200525
BAU_Normal,2046,m9,7676.650434,7343.733316,332.9171183,0,0,451.4846171,0.8870110182,533.1007246
BAU_Normal,2046,m10,7600.922253,7291.708714,309.2135391,0,0,520.076787,0.8716665889,527.8418231
BAU_Normal,2046,m11,7735.212178,7405.108799,330.1033796,0,0,531.4920787,0.8709529684,537.1675124
BAU_Normal,2046,m12,7931.89989,7604.883228,327.0166619,0,0,612.9093764,0.8603409127,550.8263812
BAU_Normal,2047,m1,7794.477275,7484.194914,310.2823614,0,0,407.7265065,0.8979932399,541.2831441
BAU_Normal,2047,m2,7949.724761,7664.966407,284.7583538,0,0,754.0155637,0.834311641,552.0642195
BAU_Normal,2047,m3,8104.627303,8104.627303,0,0,0,25.82563825,0.9955038398,562.8213405
BAU_Normal,2047,m4,8229.745471,8229.745471,0,0,0,64.27344773,0.9889803207,571.5101022
BAU_Normal,2047,m5,8060.941111,8060.941111,0,0,0,22.56341615,0.9960504932,559.7875771
BAU_Normal,2047,m6,7706.922938,7706.922938,0,0,0,0,1,535.2029818
BAU_Normal,2047,m7,7523.592772,7523.592772,0,0,0,0,1,522.4717203
BAU_Normal,2047,m8,7531.071433,7531.071433,0,0,0,0,1,522.9910718
BAU_Normal,2047,m9,7876.518921,7582.141546,294.3773753,0,0,572.3022201,0.8673006928,546.9804806
BAU_Normal,2047,m10,7798.819088,7476.285474,322.5336144,0,0,454.6098016,0.8892467269,541.5846589
BAU_Normal,2047,m11,7936.605373,7633.098279,303.5070938,0,0,603.0005578,0.8607111926,551.1531509
BAU_Normal,2047,m12,8138.414025,7829.633679,308.7803459,0,0,710.1449491,0.845748087,565.1676406
BAU_Normal,2048,m1,7992.340512,7653.106637,339.2338754,0,0,560.212419,0.8706246178,555.0236467
BAU_Normal,2048,m2,8151.528964,7797.750816,353.778148,0,0,771.9013082,0.8308794952,566.0784003
BAU_Normal,2048,m3,8310.363715,8310.363715,0,0,0,99.62312985,0.9830853151,577.1085913
BAU_Normal,2048,m4,8438.658015,8438.658015,0,0,0,117.2139161,0.9777443497,586.0179177
BAU_Normal,2048,m5,8265.568547,8265.568547,0,0,0,78.73168554,0.9865599595,573.9978158
BAU_Normal,2048,m6,7902.563603,7902.563603,0,0,0,0,1,548.7891391
BAU_Normal,2048,m7,7714.579591,7714.579591,0,0,0,0,1,535.7346938
BAU_Normal,2048,m8,7722.248098,7722.248098,0,0,0,0,1,536.2672291
BAU_Normal,2048,m9,8076.46479,7749.62156,326.84323,0,0,646.553068,0.8540940935,560.8656104
BAU_Normal,2048,m10,7996.792543,7693.942571,302.8499722,0,0,773.392623,0.8285798893,555.3328155
BAU_Normal,2048,m11,8138.076539,7835.234866,302.8416732,0,0,784.8377587,0.8294601877,565.1442041
BAU_Normal,2048,m12,8345.008116,8061.631616,283.3764998,0,0,966.4115565,0.8014953647,579.5144525
BAU_Normal,2049,m1,8190.072097,7883.688393,306.3837041,0,0,796.4574794,0.8286782888,568.7550067
BAU_Normal,2049,m2,8353.198892,8016.433803,336.765089,0,0,729.331501,0.8438281174,580.0832564
BAU_Normal,2049,m3,8515.963237,8515.963237,0,0,0,71.90968569,0.9835128708,591.3863359
BAU_Normal,2049,m4,8647.431555,8628.046818,19.38473686,0,0,142.5846311,0.9697976092,600.5160802
BAU_Normal,2049,m5,8470.05983,8470.05983,0,0,0,61.38220937,0.9852149197,588.1985993
BAU_Normal,2049,m6,8098.074095,8098.074095,0,0,0,0,1,562.3662566
BAU_Normal,2049,m7,7905.439332,7905.439332,0,0,0,0,1,548.9888425
BAU_Normal,2049,m8,7913.29756,7913.29756,0,0,0,0,1,549.5345528
BAU_Normal,2049,m9,8276.27762,7973.614021,302.6635989,0,0,818.2623653,0.8255117544,574.7415014
BAU_Normal,2049,m10,8194.634271,7863.496228,331.1380429,0,0,720.0440253,0.8428577411,569.0718244
BAU_Normal,2049,m11,8339.413653,8044.306551,295.1071013,0,0,908.1888745,0.8097199304,579.1259481
BAU_Normal,2049,m12,8551.464744,8262.355588,289.109156,0,0,1023.024778,0.7957814427,593.8517184
BAU_Normal,2050,m1,8387.665785,8095.398899,292.2668858,0,0,945.74644,0.8052181118,582.4767906
BAU_Normal,2050,m2,8554.728178,8250.025585,304.7025929,0,0,989.0322588,0.8019811682,594.0783457
BAU_Normal,2050,m3,8721.419375,8697.703283,23.71609194,0,0,188.025073,0.9590079562,605.6541233
BAU_Normal,2050,m4,8856.059498,8837.601704,18.45779425,0,0,253.0563969,0.9459705669,615.0041318
BAU_Normal,2050,m5,8674.408503,8655.583474,18.82502829,0,0,134.2488704,0.9732807962,602.3894793
BAU_Normal,2050,m6,8293.448239,8293.448239,0,0,0,11.47712544,0.9980473619,575.9339055
BAU_Normal,2050,m7,8096.16597,8096.16597,0,0,0,0,1,562.2337479
BAU_Normal,2050,m8,8104.213785,8104.213785,0,0,0,0,1,562.792624
BAU_Normal,2050,m9,8475.951103,8164.470856,311.4802474,0,0,962.6748266,0.8038595662,588.6077155
BAU_Normal,2050,m10,8392.338026,8070.445831,321.8921951,0,0,918.5675809,0.8091142488,582.8012518
BAU_Normal,2050,m11,8540.610355,8227.766036,312.8443196,0,0,907.337031,0.8141886851,593.0979413
BAU_Normal,2050,m12,8757.777392,8365.676378,301.6775588,90.42345491,0,1060.837866,0.7923701899,608.1789855
BAU_Extreme,2025,m1,3484.663026,3133.636686,351.0263393,0,0,643.7769547,0.6901163287,241.9904879
BAU_Extreme,2025,m2,3554.069242,3250.999097,303.0701447,0,0,844.3526731,0.616378148,246.810364
BAU_Extreme,2025,m3,3623.321244,3601.657005,21.66423922,0,0,185.8644368,0.9266958612,251.6195308
BAU_Extreme,2025,m4,3679.2576,3651.887798,27.36980183,0,0,221.4937329,0.9139402096,255.504
BAU_Extreme,2025,m5,3603.790536,3580.511703,23.2788335,0,0,181.3120601,0.9280648105,250.2632317
BAU_Extreme,2025,m6,3445.520264,3417.935172,27.58509199,0,0,96.76498059,0.9600535533,239.2722406
BAU_Extreme,2025,m7,3363.559175,3363.559175,0,0,0,27.37612647,0.9885159074,233.5804982
BAU_Extreme,2025,m8,3366.902647,3346.592854,20.30979254,0,0,54.18786166,0.9771533307,233.8126838
BAU_Extreme,2025,m9,3521.341238,3208.34299,312.9982478,0,0,746.5662732,0.6530732438,244.5375859
BAU_Extreme,2025,m10,3486.604112,3164.873603,321.7305096,0,0,681.2196733,0.6767430718,242.1252856
BAU_Extreme,2025,m11,3548.20398,3247.132638,301.071342,0,0,751.0986961,0.6550877303,246.4030542
BAU_Extreme,2025,m12,3638.426214,3340.515697,297.9105172,0,0,750.6308741,0.6656916935,252.6684871
BAU_Extreme,2026,m1,3621.621371,3317.082392,304.5389789,0,0,713.2275497,0.6763592945,251.5014841
BAU_Extreme,2026,m2,3693.755472,3410.555673,283.1997996,0,0,868.4243201,0.6215458325,256.5107967
BAU_Extreme,2026,m3,3765.729299,3748.281754,17.44754539,0,0,246.495292,0.906185099,261.5089791
BAU_Extreme,2026,m4,3823.864132,3796.508867,27.35526509,0,0,292.1175062,0.8892676104,265.5461203
BAU_Extreme,2026,m5,3745.430972,3722.167842,23.26313036,0,0,224.601396,0.9143580842,260.0993731
BAU_Extreme,2026,m6,3580.940175,3556.164735,24.77544021,0,0,129.4760391,0.9486274296,248.676401
BAU_Extreme,2026,m7,3495.757754,3484.57417,11.18358406,0,0,51.19310473,0.979270658,242.7609551
BAU_Extreme,2026,m8,3499.232635,3473.880341,25.35229344,0,0,111.6848795,0.9546368414,243.0022663
BAU_Extreme,2026,m9,3659.741154,3368.178221,291.5629326,0,0,655.932342,0.7047374177,254.1486912
BAU_Extreme,2026,m10,3623.638749,3320.664387,302.9743614,0,0,758.847157,0.6569322785,251.6415798
BAU_Extreme,2026,m11,3687.659687,3355.014552,332.645135,0,0,793.4863527,0.6465217735,256.0874783
BAU_Extreme,2026,m12,3781.427942,3494.95008,286.4778619,0,0,786.5159904,0.663696194,262.5991626
BAU_Extreme,2027,m1,3839.797193,3527.059879,312.7373139,0,0,844.9683165,0.6358264734,266.6525829
BAU_Extreme,2027,m2,3916.276839,3606.194584,307.8303965,2.251858211,0,850.1066371,0.6417183507,271.9636694
BAU_Extreme,2027,m3,3992.586555,3968.200825,24.38572984,0,0,281.3150207,0.8889188441,277.2629552
BAU_Extreme,2027,m4,4054.22358,4029.361706,24.8618737,0,0,292.2111737,0.8865303323,281.5433042
BAU_Extreme,2027,m5,3971.065404,3943.053512,28.01189236,0,0,258.7048112,0.8970820974,275.7684309
BAU_Extreme,2027,m6,3796.665257,3772.974682,23.69057497,0,0,181.0829143,0.9217971406,263.6573095
BAU_Extreme,2027,m7,3706.351227,3687.253468,19.09775902,0,0,120.8369025,0.9434254267,257.3855018
BAU_Extreme,2027,m8,3710.035443,3686.171294,23.86414938,0,0,108.8894219,0.9476913525,257.6413502
BAU_Extreme,2027,m9,3880.21341,3608.136349,272.0770612,0,0,758.8448019,0.6770377592,269.4592646
BAU_Extreme,2027,m10,3841.936103,3538.66306,303.2730425,0,0,808.8523113,0.6509322537,266.8011183
BAU_Extreme,2027,m11,3909.813828,3568.005461,329.8016476,12.00671974,0,857.3644347,0.6348596182,271.5148492
BAU_Extreme,2027,m12,4009.230925,3703.895353,305.3355718,0,0,807.8278398,0.6673061146,278.4188142
BAU_Extreme,2028,m1,4008.256047,3690.439823,317.816224,0,0,623.8689825,0.6998674956,278.3511144
BAU_Extreme,2028,m2,4088.090993,3770.26548,317.825513,0,0,797.7677606,0.6374092579,283.8952079
BAU_Extreme,2028,m3,4167.748554,4167.748554,0,0,0,169.4356281,0.9002924894,289.4269829
BAU_Extreme,2028,m4,4232.089707,4232.089707,0,0,0,188.9951702,0.8949578313,293.8951186
BAU_Extreme,2028,m5,4145.283232,4145.283232,0,0,0,164.3554884,0.901552494,287.8668911
BAU_Extreme,2028,m6,3963.231834,3963.231834,0,0,0,76.32058506,0.9420548119,275.2244329
BAU_Extreme,2028,m7,3868.955564,3868.955564,0,0,0,68.0352956,0.9470865964,268.6774697
BAU_Extreme,2028,m8,3872.801414,3872.801414,0,0,0,53.17293218,0.9586866374,268.9445426
BAU_Extreme,2028,m9,4050.445396,3765.956629,284.4887671,0,0,679.2555123,0.6878832636,281.2809303
BAU_Extreme,2028,m10,4010.488794,3694.300076,316.1887182,0,0,599.7797365,0.714459363,278.5061663
BAU_Extreme,2028,m11,4081.344438,3791.991277,289.3531612,0,0,827.9940876,0.6343884104,283.4266971
BAU_Extreme,2028,m12,4185.123143,3904.019112,281.104031,0,0,798.1557001,0.6557680282,290.6335516
BAU_Extreme,2029,m1,4275.410626,3957.781904,317.6287217,0,0,892.7367504,0.6240464106,296.9035157
BAU_Extreme,2029,m2,4360.566657,4048.254396,312.3122613,0,0,761.8868976,0.6753920236,302.817129
BAU_Extreme,2029,m3,4445.53348,4423.025597,22.50788299,0,0,260.263932,0.8762619757,308.7176028
BAU_Extreme,2029,m4,4514.16304,4490.923364,23.23967595,0,0,321.6654313,0.8585508269,313.4835445
BAU_Extreme,2029,m5,4421.57082,4398.202046,23.3687744,0,0,282.1064518,0.8682807509,307.0535292
BAU_Extreme,2029,m6,4227.385501,4214.774609,12.61089206,0,0,161.7238907,0.9037165293,293.5684376
BAU_Extreme,2029,m7,4126.825616,4126.825616,0,0,0,102.7576883,0.9437578783,286.5851122
BAU_Extreme,2029,m8,4130.927796,4130.927796,0,0,0,131.0339838,0.9232991588,286.8699858
BAU_Extreme,2029,m9,4320.41194,4017.512872,302.8990682,0,0,986.8383699,0.5975276341,300.028607
BAU_Extreme,2029,m10,4277.792188,3978.922661,298.8695276,0,0,749.6232706,0.6744503202,297.068902
BAU_Extreme,2029,m11,4353.370437,4041.676118,311.6943197,0,0,918.196354,0.6217681011,302.3173915
BAU_Extreme,2029,m12,4464.066104,4133.866713,330.1993912,0,0,924.6885224,0.6290522425,310.0045905
BAU_Extreme,2030,m1,4455.82387,4156.018303,299.8055674,0,0,959.4883475,0.6105288678,309.4322132
BAU_Extreme,2030,m2,4544.573305,4252.142748,292.4305565,0,0,975.7624771,0.6137676866,315.5953684
BAU_Extreme,2030,m3,4633.125548,4606.685274,26.44027352,0,0,326.0621284,0.8614868887,321.7448297
BAU_Extreme,2030,m4,4704.651129,4681.322796,23.32833294,0,0,389.0911015,0.8431265809,326.711884
BAU_Extreme,2030,m5,4608.151714,4586.043273,22.10844157,0,0,350.9195497,0.852411868,320.0105357
BAU_Extreme,2030,m6,4405.772187,4383.674992,22.09719531,0,0,240.449796,0.8830153386,305.9564019
BAU_Extreme,2030,m7,4300.968888,4275.889207,25.07968119,0,0,195.0197276,0.8935832429,298.678395
BAU_Extreme,2030,m8,4305.244172,4282.253147,22.99102484,0,0,165.7573356,0.9055087275,298.9752897
BAU_Extreme,2030,m9,4502.724145,4221.234782,281.4893622,0,0,923.0844937,0.6301583815,312.6891767
BAU_Extreme,2030,m10,4458.305929,4100.470717,357.8352123,0,0,948.5379401,0.6087517646,309.6045784
BAU_Extreme,2030,m11,4537.07342,4243.83434,293.2390794,0,0,1017.117179,0.599525348,315.074543
BAU_Extreme,2030,m12,4652.440208,4345.039075,302.5686656,4.832468185,0,1158.798984,0.5650999625,323.0861256
BAU_Extreme,2031,m1,4626.232224,4317.400129,308.8320949,0,0,1061.64121,0.593443498,321.2661266
BAU_Extreme,2031,m2,4718.375788,4435.193949,283.1818398,0,0,1124.56991,0.5826692453,327.6649853
BAU_Extreme,2031,m3,4810.31462,4662.505102,147.8095178,0,0,397.0891919,0.8381603695,334.0496264
BAU_Extreme,2031,m4,4884.575623,4737.289452,147.2861709,0,0,439.8243903,0.8244030229,339.2066405
BAU_Extreme,2031,m5,4784.385688,4752.643831,31.74185686,0,0,445.4705945,0.8242696455,332.2490061
BAU_Extreme,2031,m6,4574.266366,4555.420394,18.84597212,0,0,329.4839516,0.8583707391,317.6573865
BAU_Extreme,2031,m7,4465.454974,4448.753834,16.70114048,0,0,239.7359686,0.8843930242,310.1010399
BAU_Extreme,2031,m8,4469.893761,4445.095654,24.79810724,0,0,285.6381427,0.8699685909,310.409289
BAU_Extreme,2031,m9,4674.92615,4403.439584,271.4865661,0,0,1118.121436,0.5834581054,324.6476493
BAU_Extreme,2031,m10,4628.809207,4322.798967,306.0102396,0,0,1118.952934,0.5752310128,321.4450838
BAU_Extreme,2031,m11,4710.589078,4415.185724,295.4033536,0,0,1011.07836,0.6191267949,327.1242415
BAU_Extreme,2031,m12,4830.367949,4520.367255,310.000694,0,0,1145.817757,0.5871032124,335.4422187
BAU_Extreme,2032,m1,4809.713503,4516.846753,292.8667507,0,0,901.6316063,0.6602923739,334.0078822
BAU_Extreme,2032,m2,4905.51158,4604.989644,300.5219356,0,0,942.4030424,0.6551419178,340.6605264
BAU_Extreme,2032,m3,5001.096803,4974.133361,26.96344204,0,0,202.5870211,0.9063725553,347.2983891
BAU_Extreme,2032,m4,5078.303076,5049.10756,29.19551595,0,0,242.4840295,0.8977094893,352.6599358
BAU_Extreme,2032,m5,4974.139502,4948.705125,25.43437735,0,0,200.4651184,0.9074508352,345.4263543
BAU_Extreme,2032,m6,4755.686625,4755.686625,0,0,0,102.7590875,0.9517163042,330.2560156
BAU_Extreme,2032,m7,4642.559658,4642.559658,0,0,0,29.28839273,0.9830986289,322.3999762
BAU_Extreme,2032,m8,4647.174492,4647.174492,0,0,0,27.65067541,0.9833412133,322.7204508
BAU_Extreme,2032,m9,4860.338683,4543.850009,316.4886738,0,0,916.7870992,0.6608680849,337.5235197
BAU_Extreme,2032,m10,4812.392693,4470.177951,342.2147414,0,0,864.0547236,0.6735478253,334.193937
BAU_Extreme,2032,m11,4897.41604,4546.389872,351.0261686,0,0,846.536719,0.6845600138,340.0983361
BAU_Extreme,2032,m12,5021.945469,4679.423176,342.5222929,0,0,967.8850909,0.6545514696,348.7462131
BAU_Extreme,2033,m1,5036.637582,4732.80263,303.8349522,0,0,729.1512845,0.7357430461,349.7664987
BAU_Extreme,2033,m2,5136.955447,4819.737281,317.2181658,0,0,820.9822954,0.710230982,356.7330172
BAU_Extreme,2033,m3,5237.050416,5237.050416,0,0,0,115.2992697,0.9482808776,363.6840567
BAU_Extreme,2033,m4,5317.899311,5317.899311,0,0,0,161.2926141,0.9236039308,369.2985632
BAU_Extreme,2033,m5,5208.82126,5208.82126,0,0,0,98.26433902,0.9582750291,361.7236986
BAU_Extreme,2033,m6,4980.061695,4980.061695,0,0,0,21.64106767,0.9869241743,345.8376177
BAU_Extreme,2033,m7,4861.597355,4861.597355,0,0,0,0,1,337.6109274
BAU_Extreme,2033,m8,4866.429919,4866.429919,0,0,0,0,1,337.9465221
BAU_Extreme,2033,m9,5089.651276,4780.745436,308.9058404,0,0,792.3891514,0.718980595,353.4480053
BAU_Extreme,2033,m10,5039.443176,4716.738568,322.7046084,0,0,795.9598794,0.7135677562,349.9613317
BAU_Extreme,2033,m11,5128.477957,4780.596166,347.8817908,0,0,770.8732442,0.7274019346,356.1443026
BAU_Extreme,2033,m12,5258.882731,4962.717334,296.1653964,0,0,875.7284395,0.7024882799,365.2001896
BAU_Extreme,2034,m1,5224.818787,4869.470243,355.3485436,0,0,699.0995199,0.7547577993,362.834638
BAU_Extreme,2034,m2,5328.884775,5023.542818,305.3419574,0,0,808.8827491,0.7270113756,370.0614427
BAU_Extreme,2034,m3,5432.719539,5410.020304,22.69923535,0,0,210.0990166,0.9124879099,377.2721902
BAU_Extreme,2034,m4,5516.589148,5493.601258,22.98788989,0,0,304.3479509,0.8903283545,383.0964686
BAU_Extreme,2034,m5,5403.435672,5376.073668,27.36200416,0,0,203.7386604,0.9149910517,375.2385884
BAU_Extreme,2034,m6,5166.129085,5166.129085,0,0,0,87.14016107,0.9650723755,358.7589642
BAU_Extreme,2034,m7,5043.238625,5043.238625,0,0,0,23.05804956,0.9862425414,350.2249045
BAU_Extreme,2034,m8,5048.251745,5048.251745,0,0,0,18.23542128,0.9891307404,350.5730379
BAU_Extreme,2034,m9,5279.813204,4961.039483,318.7737205,0,0,815.5449551,0.7222356015,366.6536947
BAU_Extreme,2034,m10,5227.729205,4919.790476,307.9387289,0,0,680.639602,0.764630659,363.0367503
BAU_Extreme,2034,m11,5320.090545,4999.130263,320.9602816,0,0,852.2813418,0.711293153,369.4507323
BAU_Extreme,2034,m12,5455.367563,5188.290558,267.0770049,0,0,941.4180501,0.6947065659,378.8449696
BAU_Extreme,2035,m1,5425.388269,5086.058148,339.3301215,0,0,966.3871474,0.6833515679,376.7630742
BAU_Extreme,2035,m2,5533.449125,5181.838396,351.6107294,0,0,815.1319985,0.7331131007,384.2673004
BAU_Extreme,2035,m3,5641.269881,5613.334712,27.93516915,0,0,261.7583093,0.9026387048,391.7548529
BAU_Extreme,2035,m4,5728.359062,5700.124623,28.23443904,0,0,277.6508872,0.9007263832,397.8027127
BAU_Extreme,2035,m5,5610.86187,5588.916491,21.94537886,0,0,243.1929097,0.9077550514,389.6431854
BAU_Extreme,2035,m6,5364.445597,5364.445597,0,0,0,120.1215231,0.9473524533,372.5309442
BAU_Extreme,2035,m7,5236.837638,5236.837638,0,0,0,85.79059168,0.9659885842,363.6692804
BAU_Extreme,2035,m8,5242.043201,5242.043201,0,0,0,62.73389606,0.9758879653,364.0307779
BAU_Extreme,2035,m9,5482.493803,5141.728544,340.7652587,0,0,898.8900081,0.7058045437,380.7287363
BAU_Extreme,2035,m10,5428.410412,5095.93426,332.4761514,0,0,898.9127486,0.7036671591,376.9729453
BAU_Extreme,2035,m11,5524.317304,5174.676999,349.6403052,0,0,775.875163,0.7449929447,383.6331461
BAU_Extreme,2035,m12,5664.787313,5316.017294,348.7700194,0,0,941.7181468,0.7025127535,393.3880079
BAU_Extreme,2036,m1,5620.215077,5294.742561,325.4725157,0,0,833.9435716,0.7328260667,390.2927137
BAU_Extreme,2036,m2,5732.156421,5413.246413,318.9100082,0,0,1030.631791,0.6852724286,398.0664181
BAU_Extreme,2036,m3,5843.849043,5819.29271,24.55633213,0,0,197.3984733,0.9219349375,405.8228502
BAU_Extreme,2036,m4,5934.065614,5912.112842,21.95277171,0,0,235.4859492,0.9150636185,412.0878899
BAU_Extreme,2036,m5,5812.349073,5812.349073,0,0,0,155.9761,0.9330922834,403.6353523
BAU_Extreme,2036,m6,5557.083941,5557.083941,0,0,0,105.3859193,0.9572337693,385.908607
BAU_Extreme,2036,m7,5424.893554,5424.893554,0,0,0,16.43718445,0.9908828023,376.7287191
BAU_Extreme,2036,m8,5430.28605,5430.28605,0,0,0,0,1,377.1031979
BAU_Extreme,2036,m9,5679.371282,5378.06557,301.3057124,0,0,967.6476935,0.6988419757,394.4007835
BAU_Extreme,2036,m10,5623.345746,5326.450535,296.8952106,0,0,931.921534,0.7054477079,390.5101212
BAU_Extreme,2036,m11,5722.696674,5410.426812,312.2698613,0,0,861.1155368,0.7310719311,397.4094912
BAU_Extreme,2036,m12,5868.21099,5510.853812,357.3571782,0,0,1104.776975,0.6713873076,407.5146521
BAU_Extreme,2037,m1,5818.334673,5502.536238,315.7984354,0,0,811.8549144,0.7487224971,404.051019
BAU_Extreme,2037,m2,5934.222089,5629.367299,304.8547907,0,0,984.5842639,0.7093848209,412.0987562
BAU_Extreme,2037,m3,6049.852015,6026.404138,23.44787715,0,0,159.5909215,0.9342612935,420.1286122
BAU_Extreme,2037,m4,6143.248833,6115.40553,27.84330351,0,0,219.1422367,0.9215931449,426.6145023
BAU_Extreme,2037,m5,6017.241633,5995.501515,21.74011778,0,0,173.4340377,0.9303426791,417.8640023
BAU_Extreme,2037,m6,5752.978086,5752.978086,0,0,0,87.2275558,0.967929724,399.5123671
BAU_Extreme,2037,m7,5616.127823,5616.127823,0,0,0,4.524294592,0.9975759641,390.0088766
BAU_Extreme,2037,m8,5621.710411,5621.710411,0,0,0,17.1413712,0.9908250807,390.3965563
BAU_Extreme,2037,m9,5879.576208,5580.613568,298.96264,0,0,903.5192547,0.7261287392,408.3039034
BAU_Extreme,2037,m10,5821.575702,5525.04768,296.5280217,0,0,881.2389925,0.730641706,404.2760904
BAU_Extreme,2037,m11,5924.428874,5579.188302,345.2405721,0,0,932.5948269,0.7188336128,411.4186718
BAU_Extreme,2037,m12,6075.072752,5736.522964,338.5497883,0,0,963.3317089,0.7197309663,421.8800522
BAU_Extreme,2038,m1,6012.599044,5707.825594,304.7734506,0,0,785.5107082,0.7650026874,417.5416003
BAU_Extreme,2038,m2,6132.355746,5813.383235,318.9725108,0,0,1023.618402,0.7079446032,425.8580379
BAU_Extreme,2038,m3,6251.846359,6251.846359,0,0,0,99.26795663,0.9649879279,434.1559972
BAU_Extreme,2038,m4,6348.36154,6348.36154,0,0,0,119.6658138,0.9554654225,440.8584402
BAU_Extreme,2038,m5,6218.147171,6218.147171,0,0,0,81.26828986,0.9737807855,431.8157758
BAU_Extreme,2038,m6,5945.060311,5945.060311,0,0,0,0,1,412.8514105
BAU_Extreme,2038,m7,5803.640849,5803.640849,0,0,0,0,1,403.0306145
BAU_Extreme,2038,m8,5809.40983,5809.40983,0,0,0,0,1,403.4312382
BAU_Extreme,2038,m9,6075.885331,5764.424442,311.4608885,0,0,991.6447929,0.714636144,421.9364813
BAU_Extreme,2038,m10,6015.948285,5703.909357,312.0389285,0,0,1025.450732,0.7019714068,417.7741865
BAU_Extreme,2038,m11,6122.235551,5821.621106,300.6144454,0,0,992.020325,0.7164942258,425.1552466
BAU_Extreme,2038,m12,6277.909174,5984.39842,293.5107539,0,0,1011.405514,0.720330807,435.9659148
BAU_Extreme,2039,m1,6210.458485,5881.575073,328.8834119,0,0,796.6691959,0.7687849611,431.2818392
BAU_Extreme,2039,m2,6334.156076,5996.659902,337.4961748,0,0,918.2553779,0.7425377879,439.8719497
BAU_Extreme,2039,m3,6457.578824,6457.578824,0,0,0,14.02404346,0.9934652542,448.4429739
BAU_Extreme,2039,m4,6557.270075,6557.270075,0,0,0,33.41207473,0.9867424509,455.3659774
BAU_Extreme,2039,m5,6422.770681,6422.770681,0,0,0,0,1,446.0257417
BAU_Extreme,2039,m6,6140.697222,6140.697222,0,0,0,0,1,426.4373071
BAU_Extreme,2039,m7,5994.624003,5994.624003,0,0,0,0,1,416.2933336
BAU_Extreme,2039,m8,6000.582827,6000.582827,0,0,0,0,1,416.7071408
BAU_Extreme,2039,m9,6275.827363,5984.792668,291.0346946,0,0,805.7738451,0.7710724076,435.8213446
BAU_Extreme,2039,m10,6213.917941,5872.701355,341.2165861,0,0,802.42029,0.7667589573,431.5220792
BAU_Extreme,2039,m11,6323.702852,6007.363882,315.391835,0.9471351831,0,1087.956335,0.7034899072,439.1460314
BAU_Extreme,2039,m12,6484.4993,6157.212348,327.2869524,0,0,895.0401287,0.7542923115,450.3124514
BAU_Extreme,2040,m1,6411.925108,6117.497468,294.4276399,0,0,990.5097853,0.7306932768,445.272577
BAU_Extreme,2040,m2,6539.635437,6249.68766,289.9477765,0,0,883.7850422,0.7612166836,454.1413498
BAU_Extreme,2040,m3,6667.062006,6667.062006,0,0,0,0,1,462.9904171
BAU_Extreme,2040,m4,6769.987231,6769.987231,0,0,0,9.943645523,0.9955804002,470.1380021
BAU_Extreme,2040,m5,6631.12469,6631.12469,0,0,0,0,1,460.4947702
BAU_Extreme,2040,m6,6339.900797,6339.900797,0,0,0,0,1,440.2708887
BAU_Extreme,2040,m7,6189.088979,6189.088979,0,0,0,0,1,429.7978458
BAU_Extreme,2040,m8,6195.241106,6195.241106,0,0,0,0,1,430.2250768
BAU_Extreme,2040,m9,6479.414546,6147.077649,332.3368973,0,0,870.8224764,0.7602632992,449.9593435
BAU_Extreme,2040,m10,6415.496789,6112.269208,303.227581,0,0,814.117413,0.7738091665,445.5206103
BAU_Extreme,2040,m11,6528.843111,6255.892696,272.950415,0,0,1085.864115,0.7146491415,453.3918827
BAU_Extreme,2040,m12,6694.855779,6374.521659,320.3341201,0,0,975.962792,0.7439191862,464.9205402
BAU_Extreme,2041,m1,6609.571618,6311.338282,298.2333352,0,0,767.4255821,0.7927088551,458.998029
BAU_Extreme,2041,m2,6741.218595,6442.240934,298.9776618,0,0,866.3124434,0.7729017113,468.1401802
BAU_Extreme,2041,m3,6872.573067,6872.573067,0,0,0,0,1,477.2620185
BAU_Extreme,2041,m4,6978.670944,6978.670944,0,0,0,63.92473375,0.9816496207,484.6299267
BAU_Extreme,2041,m5,6835.52799,6835.52799,0,0,0,5.224321222,0.9977002376,474.6894437
BAU_Extreme,2041,m6,6535.327169,6535.327169,0,0,0,0,1,453.8421645
BAU_Extreme,2041,m7,6379.866602,6379.866602,0,0,0,0,1,443.0462918
BAU_Extreme,2041,m8,6386.208368,6386.208368,0,0,0,0,1,443.4866922
BAU_Extreme,2041,m9,6679.141406,6377.762416,301.3789898,0,0,893.309794,0.7633827173,463.8292643
BAU_Extreme,2041,m10,6613.253394,6298.224096,315.0292982,0,0,805.8645995,0.7842709815,459.2537079
BAU_Extreme,2041,m11,6730.093598,6409.011594,321.0820047,0,0,856.0542494,0.7744455167,467.367611
BAU_Extreme,2041,m12,6901.223579,6576.635056,324.5885222,0,0,1136.832495,0.7165454184,479.2516374
BAU_Extreme,2042,m1,6806.023063,6447.954704,358.0683585,0,0,886.7772446,0.7687918204,472.6404905
BAU_Extreme,2042,m2,6941.582887,6630.003076,311.5798111,0,0,1095.523928,0.7308229898,482.0543672
BAU_Extreme,2042,m3,7076.841511,7076.841511,0,0,0,0,1,491.4473272
BAU_Extreme,2042,m4,7186.092858,7186.092858,0,0,0,1.729332749,0.9996604455,499.0342262
BAU_Extreme,2042,m5,7038.69537,7038.69537,0,0,0,0,1,488.7982896
BAU_Extreme,2042,m6,6729.571901,6729.571901,0,0,0,0,1,467.331382
BAU_Extreme,2042,m7,6569.490694,6569.490694,0,0,0,0,1,456.2146315
BAU_Extreme,2042,m8,6576.020951,6576.020951,0,0,0,0,1,456.6681216
BAU_Extreme,2042,m9,6877.660623,6555.620965,322.0396577,0,0,890.6251932,0.7718567132,477.615321
BAU_Extreme,2042,m10,6809.81427,6501.478992,308.3352781,0,0,955.50741,0.7550884043,472.9037688
BAU_Extreme,2042,m11,6930.12723,6626.553105,303.5741247,0,0,896.9415387,0.7720582607,481.2588354
BAU_Extreme,2042,m12,7106.343581,6789.135686,317.2078949,0,0,1083.903722,0.7393383742,493.496082
BAU_Extreme,2043,m1,7002.784368,6668.947652,333.8367161,0,0,843.2203181,0.7875923687,486.30447
BAU_Extreme,2043,m2,7142.263211,6816.31199,325.9512213,0,0,897.830569,0.7783406624,495.9905008
BAU_Extreme,2043,m3,7281.432145,7281.432145,0,0,0,20.88241403,0.9913704319,505.6550101
BAU_Extreme,2043,m4,7393.841935,7393.841935,0,0,0,68.03012941,0.9819561332,513.4612455
BAU_Extreme,2043,m5,7242.183204,7242.183204,0,0,0,5.067421764,0.9978945608,502.9293892
BAU_Extreme,2043,m6,6924.123013,6924.123013,0,0,0,0,1,480.8418759
BAU_Extreme,2043,m7,6759.413877,6759.413877,0,0,0,0,1,469.4037414
BAU_Extreme,2043,m8,6766.132923,6766.132923,0,0,0,0,1,469.8703419
BAU_Extreme,2043,m9,7076.492962,6756.807054,319.6859077,0,0,992.0492922,0.7566171747,491.4231223
BAU_Extreme,2043,m10,7006.685179,6701.72004,304.9651394,0,0,840.0345271,0.7888769482,486.5753597
BAU_Extreme,2043,m11,7130.476372,6864.495244,265.9811279,0,0,1048.763869,0.749224096,495.1719703
BAU_Extreme,2043,m12,7311.787116,6993.733804,318.0533123,0,0,1105.434251,0.7419467977,507.7629942
BAU_Extreme,2044,m1,7200.343318,6889.015366,311.327952,0,0,898.4346144,0.7811210036,500.0238415
BAU_Extreme,2044,m2,7343.757066,7020.404297,323.3527684,0,0,1047.230437,0.7555224794,509.9831296
BAU_Extreme,2044,m3,7486.852163,7486.852163,0,0,0,0,1,519.9202891
BAU_Extreme,2044,m4,7602.4332,7602.4332,0,0,0,0,1,527.94675
BAU_Extreme,2044,m5,7446.49595,7446.49595,0,0,0,0,1,517.1177743
BAU_Extreme,2044,m6,7119.462809,7119.462809,0,0,0,0,1,494.4071395
BAU_Extreme,2044,m7,6950.106983,6950.106983,0,0,0,0,1,482.6463183
BAU_Extreme,2044,m8,6957.015584,6957.015584,0,0,0,0,1,483.1260822
BAU_Extreme,2044,m9,7276.13134,6970.504002,305.6273381,0,0,878.8233736,0.7890496516,505.2868986
BAU_Extreme,2044,m10,7204.354177,6868.666289,335.6878873,0,0,665.9020054,0.8330991554,500.3023734
BAU_Extreme,2044,m11,7331.637703,7011.20244,320.4352627,0,0,801.860341,0.8071800445,509.1415071
BAU_Extreme,2044,m12,7518.063492,7178.963688,339.0998048,0,0,905.2219971,0.7879851301,522.0877425
BAU_Extreme,2045,m1,7399.150115,7069.34481,329.8053042,0,0,885.2691714,0.7893266343,513.8298691
BAU_Extreme,2045,m2,7546.523622,7210.041237,336.4823848,0,0,867.8226894,0.7976008503,524.0641404
BAU_Extreme,2045,m3,7693.56968,7693.56968,0,0,0,0,1,534.2756722
BAU_Extreme,2045,m4,7812.341995,7812.341995,0,0,0,0,1,542.5237497
BAU_Extreme,2045,m5,7652.099203,7652.099203,0,0,0,0,1,531.395778
BAU_Extreme,2045,m6,7316.036435,7316.036435,0,0,0,0,1,508.0580858
BAU_Extreme,2045,m7,7142.00457,7142.00457,0,0,0,0,1,495.9725396
BAU_Extreme,2045,m8,7149.103922,7149.103922,0,0,0,0,1,496.4655502
BAU_Extreme,2045,m9,7477.0307,7140.495738,336.5349625,0,0,958.0915909,0.7764633744,519.2382431
BAU_Extreme,2045,m10,7403.271716,7113.466515,289.8052006,0,0,836.0991544,0.8023724823,514.1160914
BAU_Extreme,2045,m11,7534.069634,7202.620089,331.4495448,0,0,1088.060978,0.7532725506,523.1992802
BAU_Extreme,2045,m12,7725.642778,7434.465945,290.652548,0.5242845662,0,1102.967058,0.7584922448,536.5029707
BAU_Extreme,2046,m1,7596.690614,7282.088215,314.6023994,0,0,734.9111459,0.8295285048,527.5479593
BAU_Extreme,2046,m2,7747.998659,7480.452285,267.5463738,0,0,893.0171226,0.7995569507,538.0554624
BAU_Extreme,2046,m3,7898.970513,7898.970513,0,0,0,0,1,548.539619
BAU_Extreme,2046,m4,8020.913779,8020.913779,0,0,0,0,1,557.0079013
BAU_Extreme,2046,m5,7856.392868,7856.392868,0,0,0,0,1,545.5828381
BAU_Extreme,2046,m6,7511.357988,7511.357988,0,0,0,0,1,521.6220825
BAU_Extreme,2046,m7,7332.679868,7332.679868,0,0,0,0,1,509.2138797
BAU_Extreme,2046,m8,7339.968756,7339.968756,0,0,0,0,1,509.7200525
BAU_Extreme,2046,m9,7676.650434,7343.733316,332.9171183,0,0,856.1245222,0.8035029408,533.1007246
BAU_Extreme,2046,m10,7600.922253,7291.708714,309.2135391,0,0,1042.529746,0.7653305871,527.8418231
BAU_Extreme,2046,m11,7735.212178,7405.108799,330.1033796,0,0,935.3596726,0.7885468191,537.1675124
BAU_Extreme,2046,m12,7931.89989,7604.883228,327.0166619,0,0,1089.729284,0.7667287986,550.8263812
BAU_Extreme,2047,m1,7794.477275,7484.194914,310.2823614,0,0,651.0759862,0.8511014805,541.2831441
BAU_Extreme,2047,m2,7949.724761,7664.966407,284.7583538,0,0,1086.360793,0.7688380756,552.0642195
BAU_Extreme,2047,m3,8104.627303,8104.627303,0,0,0,0,1,562.8213405
BAU_Extreme,2047,m4,8229.745471,8229.745471,0,0,0,7.977214464,0.9970833116,571.5101022
BAU_Extreme,2047,m5,8060.941111,8060.941111,0,0,0,0,1,559.7875771
BAU_Extreme,2047,m6,7706.922938,7706.922938,0,0,0,0,1,535.2029818
BAU_Extreme,2047,m7,7523.592772,7523.592772,0,0,0,0,1,522.4717203
BAU_Extreme,2047,m8,7531.071433,7531.071433,0,0,0,0,1,522.9910718
BAU_Extreme,2047,m9,7876.518921,7582.141546,294.3773753,0,0,880.7852906,0.80558583,546.9804806
BAU_Extreme,2047,m10,7798.819088,7476.285474,322.5336144,0,0,782.7047422,0.8238649864,541.5846589
BAU_Extreme,2047,m11,7936.605373,7633.098279,303.5070938,0,0,923.985341,0.7978528762,551.1531509
BAU_Extreme,2047,m12,8138.414025,7829.633679,308.7803459,0,0,1041.338527,0.779423835,565.1676406
BAU_Extreme,2048,m1,7992.340512,7653.106637,339.2338754,0,0,668.5257827,0.8503398077,555.0236467
BAU_Extreme,2048,m2,8151.528964,7797.750816,353.778148,0,0,883.4322962,0.8093985173,566.0784003
BAU_Extreme,2048,m3,8310.363715,8310.363715,0,0,0,16.13985335,0.9941560739,577.1085913
BAU_Extreme,2048,m4,8438.658015,8417.582818,21.07519714,0,0,33.96210155,0.9895980499,586.0179177
BAU_Extreme,2048,m5,8265.568547,8265.568547,0,0,0,6.725759758,0.9975515357,573.9978158
BAU_Extreme,2048,m6,7902.563603,7902.563603,0,0,0,0,1,548.7891391
BAU_Extreme,2048,m7,7714.579591,7714.579591,0,0,0,0,1,535.7346938
BAU_Extreme,2048,m8,7722.248098,7722.248098,0,0,0,0,1,536.2672291
BAU_Extreme,2048,m9,8076.46479,7749.62156,326.84323,0,0,765.7833377,0.8308366357,560.8656104
BAU_Extreme,2048,m10,7996.792543,7693.942571,302.8499722,0,0,839.9556441,0.8155179844,555.3328155
BAU_Extreme,2048,m11,8138.076539,7835.234866,302.8416732,0,0,775.5925391,0.8320361119,565.1442041
BAU_Extreme,2048,m12,8345.008116,8061.631616,283.3764998,0,0,1068.756295,0.7827381231,579.5144525
BAU_Extreme,2049,m1,8190.072097,7883.688393,306.3837041,0,0,896.6606203,0.8085727083,568.7550067
BAU_Extreme,2049,m2,8353.198892,8016.433803,336.765089,0,0,941.9706793,0.8038471102,580.0832564
BAU_Extreme,2049,m3,8515.963237,8490.179003,25.78423389,0,0,41.89580088,0.9885461157,591.3863359
BAU_Extreme,2049,m4,8647.431555,8628.046818,19.38473686,0,0,118.1933154,0.9756815874,600.5160802
BAU_Extreme,2049,m5,8470.05983,8470.05983,0,0,0,24.16777967,0.9914143054,588.1985993
BAU_Extreme,2049,m6,8098.074095,8098.074095,0,0,0,0,1,562.3662566
BAU_Extreme,2049,m7,7905.439332,7905.439332,0,0,0,0,1,548.9888425
BAU_Extreme,2049,m8,7913.29756,7913.29756,0,0,0,0,1,549.5345528
BAU_Extreme,2049,m9,8276.27762,7973.614021,302.6635989,0,0,1011.103971,0.7896951896,574.7415014
BAU_Extreme,2049,m10,8194.634271,7863.496228,331.1380429,0,0,869.0959817,0.8130657242,569.0718244
BAU_Extreme,2049,m11,8339.413653,8040.30064,295.1071013,4.005911065,0,1066.119948,0.7824821287,579.1259481
BAU_Extreme,2049,m12,8551.464744,8042.592142,289.109156,219.7634466,0,1070.190079,0.7821373261,593.8517184
BAU_Extreme,2050,m1,8387.665785,8090.561277,292.2668858,4.837622039,0,1077.785564,0.7809261732,582.4767906
BAU_Extreme,2050,m2,8554.728178,8101.352917,304.7025929,148.6726674,0,1065.57676,0.7849275104,594.0783457
BAU_Extreme,2050,m3,8721.419375,8697.703283,23.71609194,0,0,144.7549519,0.9714612753,605.6541233
BAU_Extreme,2050,m4,8856.059498,8837.601704,18.45779425,0,0,194.9940628,0.9633092389,615.0041318
BAU_Extreme,2050,m5,8674.408503,8655.583474,18.82502829,0,0,121.4923082,0.9751121518,602.3894793
BAU_Extreme,2050,m6,8293.448239,8293.448239,0,0,0,13.49331709,0.9951043682,575.9339055
BAU_Extreme,2050,m7,8096.16597,8096.16597,0,0,0,0,1,562.2337479
BAU_Extreme,2050,m8,8104.213785,8104.213785,0,0,0,0,1,562.792624
BAU_Extreme,2050,m9,8475.951103,8081.167384,311.4802474,83.30347172,0,1064.8757,0.7844478018,588.6077155
BAU_Extreme,2050,m10,8392.338026,8070.445831,321.8921951,0,0,1043.199064,0.7878217383,582.8012518
BAU_Extreme,2050,m11,8540.610355,8209.429698,312.8443196,18.33633828,0,1059.691925,0.7881254564,593.0979413
BAU_Extreme,2050,m12,8757.777392,8192.822333,301.6775588,263.2775005,0,1060.837866,0.7879895685,608.1789855
REN100_Normal,2025,m1,3484.663026,3133.636686,351.0263393,0,0,436.4980466,0.7951155007,241.9904879
REN100_Normal,2025,m2,3554.069242,3250.999097,303.0701447,0,0,567.6514631,0.7403095197,246.810364
REN100_Normal,2025,m3,3623.321244,3534.181514,89.13973001,0,0,149.2788981,0.9404017742,251.6195308
REN100_Normal,2025,m4,3679.2576,3527.220117,152.0374831,0,0,153.4972649,0.9385966819,255.504
REN100_Normal,2025,m5,3603.790536,3523.003424,80.78711258,0,0,150.1965914,0.9398451327,250.2632317
REN100_Normal,2025,m6,3445.520264,3417.935172,27.58509199,0,0,96.76498059,0.9600535533,239.2722406
REN100_Normal,2025,m7,3363.559175,3363.559175,0,0,0,52.32223839,0.9780511887,233.5804982
REN100_Normal,2025,m8,3366.902647,3366.902647,0,0,0,69.56432042,0.9708472352,233.8126838
REN100_Normal,2025,m9,3521.341238,3208.34299,312.9982478,0,0,496.3127105,0.7726451944,244.5375859
REN100_Normal,2025,m10,3486.604112,3164.873603,321.7305096,0,0,445.1878732,0.793269953,242.1252856
REN100_Normal,2025,m11,3548.20398,3247.132638,301.071342,0,0,506.7424244,0.7704892991,246.4030542
REN100_Normal,2025,m12,3638.426214,3340.515697,297.9105172,0,0,517.7599131,0.7718878426,252.6684871
REN100_Normal,2026,m1,3621.621371,3317.082392,304.5389789,0,0,502.828457,0.7775345648,251.5014841
REN100_Normal,2026,m2,3693.755472,3410.555673,283.1997996,0,0,580.0529127,0.7471932243,256.5107967
REN100_Normal,2026,m3,3765.729299,3591.682376,174.0469231,0,0,163.1806349,0.9358946233,261.5089791
REN100_Normal,2026,m4,3823.864132,3557.205197,266.658935,0,0,166.4677099,0.9339694601,265.5461203
REN100_Normal,2026,m5,3745.430972,3609.015235,136.4157376,0,0,163.7544072,0.935978176,260.0993731
REN100_Normal,2026,m6,3580.940175,3556.164735,24.77544021,0,0,129.4760391,0.9486274296,248.676401
REN100_Normal,2026,m7,3495.757754,3484.57417,11.18358406,0,0,51.19310473,0.979270658,242.7609551
REN100_Normal,2026,m8,3499.232635,3473.880341,25.35229344,0,0,111.6848795,0.9546368414,243.0022663
REN100_Normal,2026,m9,3659.741154,3368.178221,291.5629326,0,0,427.5913967,0.8133333659,254.1486912
REN100_Normal,2026,m10,3623.638749,3320.664387,302.9743614,0,0,494.627383,0.7804101203,251.6415798
REN100_Normal,2026,m11,3687.659687,3355.014552,332.645135,0,0,522.0494599,0.7698015908,256.0874783
REN100_Normal,2026,m12,3781.427942,3494.95008,286.4778619,0,0,536.4150665,0.771731811,262.5991626
REN100_Normal,2027,m1,3839.797193,3527.059879,312.7373139,0,0,572.3921947,0.7508452029,266.6525829
REN100_Normal,2027,m2,3916.276839,3608.446443,307.8303965,0,0,592.5924864,0.7473842931,271.9636694
REN100_Normal,2027,m3,3992.586555,3792.164665,200.4218901,0,0,188.1772548,0.9197487178,277.2629552
REN100_Normal,2027,m4,4054.22358,3853.395742,200.8278374,0,0,198.9604601,0.9167638678,281.5433042
REN100_Normal,2027,m5,3971.065404,3816.933859,154.131545,0,0,191.0218106,0.9192963029,275.7684309
REN100_Normal,2027,m6,3796.665257,3772.974682,23.69057497,0,0,181.0829143,0.9217971406,263.6573095
REN100_Normal,2027,m7,3706.351227,3687.253468,19.09775902,0,0,120.8369025,0.9434254267,257.3855018
REN100_Normal,2027,m8,3710.035443,3686.171294,23.86414938,0,0,108.8894219,0.9476913525,257.6413502
REN100_Normal,2027,m9,3880.21341,3608.136349,272.0770612,0,0,521.2875169,0.775642954,269.4592646
REN100_Normal,2027,m10,3841.936103,3538.66306,303.2730425,0,0,551.1861735,0.7586702018,266.8011183
REN100_Normal,2027,m11,3909.813828,3580.012181,329.8016476,0,0,603.4085997,0.7412531678,271.5148492
REN100_Normal,2027,m12,4009.230925,3703.895353,305.3355718,0,0,582.4108127,0.7582481648,278.4188142
REN100_Normal,2028,m1,4008.256047,3690.439823,317.816224,0,0,452.1676209,0.7767894987,278.3511144
REN100_Normal,2028,m2,4088.090993,3770.26548,317.825513,0,0,568.5046982,0.7325264536,283.8952079
REN100_Normal,2028,m3,4167.748554,4141.9683,25.78025458,0,0,290.1378188,0.8581400212,289.4269829
REN100_Normal,2028,m4,4232.089707,4208.263553,23.82615445,0,0,309.8211247,0.8534175352,293.8951186
REN100_Normal,2028,m5,4145.283232,4121.913499,23.36973322,0,0,287.1292463,0.8585936968,287.8668911
REN100_Normal,2028,m6,3963.231834,3963.231834,0,0,0,149.3729815,0.907068261,275.2244329
REN100_Normal,2028,m7,3868.955564,3868.955564,0,0,0,141.546009,0.9103327729,268.6774697
REN100_Normal,2028,m8,3872.801414,3872.801414,0,0,0,126.5537957,0.9218484456,268.9445426
REN100_Normal,2028,m9,4050.445396,3765.956629,284.4887671,0,0,494.42401,0.7680296148,281.2809303
REN100_Normal,2028,m10,4010.488794,3694.300076,316.1887182,0,0,419.5039926,0.7952701752,278.5061663
REN100_Normal,2028,m11,4081.344438,3791.991277,289.3531612,0,0,601.2194586,0.7244156305,283.4266971
REN100_Normal,2028,m12,4185.123143,3904.019112,281.104031,0,0,590.7685302,0.736735837,290.6335516
REN100_Normal,2029,m1,4275.410626,3957.781904,317.6287217,0,0,629.1035343,0.7221650839,296.9035157
REN100_Normal,2029,m2,4360.566657,4048.254396,312.3122613,0,0,547.2535267,0.754947086,302.817129
REN100_Normal,2029,m3,4445.53348,4363.728629,81.8048512,0,0,190.3290141,0.8971936487,308.7176028
REN100_Normal,2029,m4,4514.16304,4387.268123,126.8949172,0,0,189.7121016,0.8987580651,313.4835445
REN100_Normal,2029,m5,4421.57082,4319.989227,101.5815931,0,0,188.1572287,0.8969990408,307.0535292
REN100_Normal,2029,m6,4227.385501,4227.385501,0,0,0,145.4831168,0.9094244972,293.5684376
REN100_Normal,2029,m7,4126.825616,4126.825616,0,0,0,83.34667436,0.9439302933,286.5851122
REN100_Normal,2029,m8,4130.927796,4130.927796,0,0,0,100.640416,0.9266922344,286.8699858
REN100_Normal,2029,m9,4320.41194,4017.512872,302.8990682,0,0,699.8166924,0.7068339018,300.028607
REN100_Normal,2029,m10,4277.792188,3978.922661,298.8695276,0,0,515.8845383,0.7678619618,297.068902
REN100_Normal,2029,m11,4353.370437,4041.676118,311.6943197,0,0,655.0730363,0.7225398288,302.3173915
REN100_Normal,2029,m12,4464.066104,4133.866713,330.1993912,0,0,676.0931372,0.7228821484,310.0045905
REN100_Normal,2030,m1,4455.82387,4156.018303,299.8055674,0,0,716.5228384,0.6997390164,309.4322132
REN100_Normal,2030,m2,4544.573305,4252.142748,292.4305565,0,0,745.1480385,0.6970763822,315.5953684
REN100_Normal,2030,m3,4633.125548,4410.616829,222.5087182,0,0,238.9227017,0.884582256,321.7448297
REN100_Normal,2030,m4,4704.651129,4459.719984,244.9311453,0,0,221.4532585,0.8926917355,326.711884
REN100_Normal,2030,m5,4608.151714,4414.23753,193.9141841,0,0,195.2322676,0.8982762378,320.0105357
REN100_Normal,2030,m6,4405.772187,4350.274179,55.49800787,0,0,192.9422125,0.8975259908,305.9564019
REN100_Normal,2030,m7,4300.968888,4295.425709,5.543179063,0,0,200.3813695,0.8923060217,298.678395
REN100_Normal,2030,m8,4305.244172,4270.463685,34.78048613,0,0,197.7107719,0.894690239,298.9752897
REN100_Normal,2030,m9,4502.724145,4221.234782,281.4893622,0,0,693.2376362,0.7124225675,312.6891767
REN100_Normal,2030,m10,4458.305929,4100.470717,357.8352123,0,0,692.9079924,0.7032158199,309.6045784
REN100_Normal,2030,m11,4537.07342,4243.83434,293.2390794,0,0,778.7660259,0.685778767,315.074543
REN100_Normal,2030,m12,4652.440208,4275.358978,302.5686656,74.51256492,0,838.4888498,0.6725556801,323.0861256
REN100_Normal,2031,m1,4626.232224,4317.400129,308.8320949,0,0,496.5574456,0.7889924248,321.2661266
REN100_Normal,2031,m2,4718.375788,4435.193949,283.1818398,0,0,509.7870031,0.7901999186,327.6649853
REN100_Normal,2031,m3,4810.31462,4810.31462,0,0,0,99.9287052,0.9535495748,334.0496264
REN100_Normal,2031,m4,4884.575623,4884.575623,0,0,0,132.3254992,0.9345677803,339.2066405
REN100_Normal,2031,m5,4784.385688,4784.385688,0,0,0,96.90797303,0.955503852,332.2490061
REN100_Normal,2031,m6,4574.266366,4574.266366,0,0,0,0,1,317.6573865
REN100_Normal,2031,m7,4465.454974,4465.454974,0,0,0,0,1,310.1010399
REN100_Normal,2031,m8,4469.893761,4469.893761,0,0,0,0,1,310.409289
REN100_Normal,2031,m9,4674.92615,4403.439584,271.4865661,0,0,498.4789705,0.7948860559,324.6476493
REN100_Normal,2031,m10,4628.809207,4322.798967,306.0102396,0,0,485.7503538,0.7956579243,321.4450838
REN100_Normal,2031,m11,4710.589078,4415.185724,295.4033536,0,0,466.5970803,0.8078230259,327.1242415
REN100_Normal,2031,m12,4830.367949,4520.367255,310.000694,0,0,552.2788471,0.781493383,335.4422187
REN100_Normal,2032,m1,4809.713503,4516.846753,292.8667507,0,0,627.6907224,0.7517613744,334.0078822
REN100_Normal,2032,m2,4905.51158,4604.989644,300.5219356,0,0,608.4543935,0.7640095133,340.6605264
REN100_Normal,2032,m3,5001.096803,5001.096803,0,0,0,164.8803087,0.9195254413,347.2983891
REN100_Normal,2032,m4,5078.303076,5078.303076,0,0,0,162.412794,0.9229279118,352.6599358
REN100_Normal,2032,m5,4974.139502,4974.139502,0,0,0,139.5963675,0.9270670593,345.4263543
REN100_Normal,2032,m6,4755.686625,4755.686625,0,0,0,38.06290112,0.9759168206,330.2560156
REN100_Normal,2032,m7,4642.559658,4642.559658,0,0,0,0,1,322.3999762
REN100_Normal,2032,m8,4647.174492,4647.174492,0,0,0,0,1,322.7204508
REN100_Normal,2032,m9,4860.338683,4543.850009,316.4886738,0,0,612.5074358,0.7616569675,337.5235197
REN100_Normal,2032,m10,4812.392693,4470.177951,342.2147414,0,0,556.9461434,0.7777356962,334.193937
REN100_Normal,2032,m11,4897.41604,4546.389872,351.0261686,0,0,553.3406796,0.7822990599,340.0983361
REN100_Normal,2032,m12,5021.945469,4679.423176,342.5222929,0,0,682.8173278,0.7480458123,348.7462131
REN100_Normal,2033,m1,5036.637582,4732.80263,303.8349522,0,0,477.7930289,0.8162576779,349.7664987
REN100_Normal,2033,m2,5136.955447,4819.737281,317.2181658,0,0,529.1778126,0.8014716797,356.7330172
REN100_Normal,2033,m3,5237.050416,5237.050416,0,0,0,80.46270538,0.9537690264,363.6840567
REN100_Normal,2033,m4,5317.899311,5317.899311,0,0,0,98.47785322,0.9442783939,369.2985632
REN100_Normal,2033,m5,5208.82126,5208.82126,0,0,0,0,1,361.7236986
REN100_Normal,2033,m6,4980.061695,4980.061695,0,0,0,0,1,345.8376177
REN100_Normal,2033,m7,4861.597355,4861.597355,0,0,0,0,1,337.6109274
REN100_Normal,2033,m8,4866.429919,4866.429919,0,0,0,0,1,337.9465221
REN100_Normal,2033,m9,5089.651276,4780.745436,308.9058404,0,0,523.5073762,0.8027590271,353.4480053
REN100_Normal,2033,m10,5039.443176,4716.738568,322.7046084,0,0,519.0485932,0.8011134748,349.9613317
REN100_Normal,2033,m11,5128.477957,4780.596166,347.8817908,0,0,509.4650642,0.8081991441,356.1443026
REN100_Normal,2033,m12,5258.882731,4962.717334,296.1653964,0,0,620.0280502,0.779163111,365.2001896
REN100_Normal,2034,m1,5224.818787,4869.470243,355.3485436,0,0,471.180907,0.8240213782,362.834638
REN100_Normal,2034,m2,5328.884775,5023.542818,305.3419574,0,0,505.0076728,0.8180615019,370.0614427
REN100_Normal,2034,m3,5432.719539,5432.719539,0,0,0,109.4065593,0.9425950622,377.2721902
REN100_Normal,2034,m4,5516.589148,5516.589148,0,0,0,137.6223791,0.937625504,383.0964686
REN100_Normal,2034,m5,5403.435672,5403.435672,0,0,0,89.85559289,0.9499619598,375.2385884
REN100_Normal,2034,m6,5166.129085,5166.129085,0,0,0,0,1,358.7589642
REN100_Normal,2034,m7,5043.238625,5043.238625,0,0,0,0,1,350.2249045
REN100_Normal,2034,m8,5048.251745,5048.251745,0,0,0,0,1,350.5730379
REN100_Normal,2034,m9,5279.813204,4961.039483,318.7737205,0,0,513.02143,0.8140041089,366.6536947
REN100_Normal,2034,m10,5227.729205,4919.790476,307.9387289,0,0,389.0143957,0.8540121375,363.0367503
REN100_Normal,2034,m11,5320.090545,4999.130263,320.9602816,0,0,577.4014908,0.7945585924,369.4507323
REN100_Normal,2034,m12,5455.367563,5188.290558,267.0770049,0,0,621.4091395,0.7882004935,378.8449696
REN100_Normal,2035,m1,5425.388269,5086.058148,339.3301215,0,0,534.6490249,0.8120813601,376.7630742
REN100_Normal,2035,m2,5533.449125,5181.838396,351.6107294,0,0,502.4292292,0.8244180767,384.2673004
REN100_Normal,2035,m3,5641.269881,5641.269881,0,0,0,144.1060144,0.9360048116,391.7548529
REN100_Normal,2035,m4,5728.359062,5728.359062,0,0,0,137.1622697,0.9394936236,397.8027127
REN100_Normal,2035,m5,5610.86187,5610.86187,0,0,0,108.2557571,0.945524741,389.6431854
REN100_Normal,2035,m6,5364.445597,5364.445597,0,0,0,0,1,372.5309442
REN100_Normal,2035,m7,5236.837638,5236.837638,0,0,0,0,1,363.6692804
REN100_Normal,2035,m8,5242.043201,5242.043201,0,0,0,0,1,364.0307779
REN100_Normal,2035,m9,5482.493803,5141.728544,340.7652587,0,0,544.4237923,0.8104821733,380.7287363
REN100_Normal,2035,m10,5428.410412,5095.93426,332.4761514,0,0,581.7248991,0.7978721113,376.9729453
REN100_Normal,2035,m11,5524.317304,5174.676999,349.6403052,0,0,488.9687376,0.8282210039,383.6331461
REN100_Normal,2035,m12,5664.787313,5316.017294,348.7700194,0,0,600.5489756,0.7999537572,393.3880079
REN100_Normal,2036,m1,5620.215077,5294.742561,325.4725157,0,0,540.2402536,0.8165150764,390.2927137
REN100_Normal,2036,m2,5732.156421,5413.246413,318.9100082,0,0,631.2270753,0.7952407821,398.0664181
REN100_Normal,2036,m3,5843.849043,5843.849043,0,0,0,101.1681242,0.9488347189,405.8228502
REN100_Normal,2036,m4,5934.065614,5934.065614,0,0,0,136.607288,0.9421753172,412.0878899
REN100_Normal,2036,m5,5812.349073,5812.349073,0,0,0,60.12142167,0.9688754762,403.6353523
REN100_Normal,2036,m6,5557.083941,5557.083941,0,0,0,0,1,385.908607
REN100_Normal,2036,m7,5424.893554,5424.893554,0,0,0,0,1,376.7287191
REN100_Normal,2036,m8,5430.28605,5430.28605,0,0,0,0,1,377.1031979
REN100_Normal,2036,m9,5679.371282,5378.06557,301.3057124,0,0,639.9952814,0.7910712398,394.4007835
REN100_Normal,2036,m10,5623.345746,5326.450535,296.8952106,0,0,599.9259009,0.8000678439,390.5101212
REN100_Normal,2036,m11,5722.696674,5410.426812,312.2698613,0,0,595.2976814,0.8048980902,397.4094912
REN100_Normal,2036,m12,5868.21099,5510.853812,357.3571782,0,0,734.3410506,0.7719319427,407.5146521
REN100_Normal,2037,m1,5818.334673,5502.536238,315.7984354,0,0,465.6111887,0.8443622005,404.051019
REN100_Normal,2037,m2,5934.222089,5629.367299,304.8547907,0,0,595.0204292,0.8125842283,412.0987562
REN100_Normal,2037,m3,6049.852015,6049.852015,0,0,0,75.00340625,0.9626954849,420.1286122
REN100_Normal,2037,m4,6143.248833,6143.248833,0,0,0,83.61719945,0.9606760497,426.6145023
REN100_Normal,2037,m5,6017.241633,6017.241633,0,0,0,83.32799345,0.9583304668,417.8640023
REN100_Normal,2037,m6,5752.978086,5752.978086,0,0,0,0,1,399.5123671
REN100_Normal,2037,m7,5616.127823,5616.127823,0,0,0,0,1,390.0088766
REN100_Normal,2037,m8,5621.710411,5621.710411,0,0,0,0,1,390.3965563
REN100_Normal,2037,m9,5879.576208,5580.613568,298.96264,0,0,657.1683813,0.7945572595,408.3039034
REN100_Normal,2037,m10,5821.575702,5525.04768,296.5280217,0,0,526.7819338,0.8291094882,404.2760904
REN100_Normal,2037,m11,5924.428874,5579.188302,345.2405721,0,0,558.4357524,0.82020875,411.4186718
REN100_Normal,2037,m12,6075.072752,5736.522964,338.5497883,0,0,635.7007514,0.8061428308,421.8800522
REN100_Normal,2038,m1,6012.599044,5707.825594,304.7734506,0,0,498.9774517,0.8410486778,417.5416003
REN100_Normal,2038,m2,6132.355746,5813.383235,318.9725108,0,0,585.7306627,0.8196102343,425.8580379
REN100_Normal,2038,m3,6251.846359,6251.846359,0,0,0,40.0895718,0.9807048444,434.1559972
REN100_Normal,2038,m4,6348.36154,6348.36154,0,0,0,66.26145135,0.9768258849,440.8584402
REN100_Normal,2038,m5,6218.147171,6218.147171,0,0,0,18.44175347,0.9910758599,431.8157758
REN100_Normal,2038,m6,5945.060311,5945.060311,0,0,0,0,1,412.8514105
REN100_Normal,2038,m7,5803.640849,5803.640849,0,0,0,0,1,403.0306145
REN100_Normal,2038,m8,5809.40983,5809.40983,0,0,0,0,1,403.4312382
REN100_Normal,2038,m9,6075.885331,5764.424442,311.4608885,0,0,587.779847,0.8191351612,421.9364813
REN100_Normal,2038,m10,6015.948285,5703.909357,312.0389285,0,0,588.6718147,0.8154766416,417.7741865
REN100_Normal,2038,m11,6122.235551,5821.621106,300.6144454,0,0,614.1871893,0.813575499,425.1552466
REN100_Normal,2038,m12,6277.909174,5984.39842,293.5107539,0,0,625.7021802,0.8165408325,435.9659148
REN100_Normal,2039,m1,6210.458485,5881.575073,328.8834119,0,0,547.9281082,0.832262478,431.2818392
REN100_Normal,2039,m2,6334.156076,5996.659902,337.4961748,0,0,654.0664803,0.8105729521,439.8719497
REN100_Normal,2039,m3,6457.578824,6457.578824,0,0,0,67.59743144,0.9685018069,448.4429739
REN100_Normal,2039,m4,6557.270075,6557.270075,0,0,0,32.11004756,0.9852652409,455.3659774
REN100_Normal,2039,m5,6422.770681,6422.770681,0,0,0,0,1,446.0257417
REN100_Normal,2039,m6,6140.697222,6140.697222,0,0,0,0,1,426.4373071
REN100_Normal,2039,m7,5994.624003,5994.624003,0,0,0,0,1,416.2933336
REN100_Normal,2039,m8,6000.582827,6000.582827,0,0,0,0,1,416.7071408
REN100_Normal,2039,m9,6275.827363,5984.792668,291.0346946,0,0,595.6381627,0.8235332606,435.8213446
REN100_Normal,2039,m10,6213.917941,5872.701355,341.2165861,0,0,551.2690158,0.8311542377,431.5220792
REN100_Normal,2039,m11,6323.702852,6008.311017,315.391835,0,0,725.3212739,0.7942651797,439.1460314
REN100_Normal,2039,m12,6484.4993,6157.212348,327.2869524,0,0,680.0388555,0.8093617224,450.3124514
REN100_Normal,2040,m1,6411.925108,6117.497468,294.4276399,0,0,572.4370462,0.8322606243,445.272577
REN100_Normal,2040,m2,6539.635437,6249.68766,289.9477765,0,0,605.6589398,0.8290308871,454.1413498
REN100_Normal,2040,m3,6667.062006,6667.062006,0,0,0,0,1,462.9904171
REN100_Normal,2040,m4,6769.987231,6769.987231,0,0,0,2.574051871,0.9988559247,470.1380021
REN100_Normal,2040,m5,6631.12469,6631.12469,0,0,0,0,1,460.4947702
REN100_Normal,2040,m6,6339.900797,6339.900797,0,0,0,0,1,440.2708887
REN100_Normal,2040,m7,6189.088979,6189.088979,0,0,0,0,1,429.7978458
REN100_Normal,2040,m8,6195.241106,6195.241106,0,0,0,0,1,430.2250768
REN100_Normal,2040,m9,6479.414546,6147.077649,332.3368973,0,0,625.5265971,0.821157069,449.9593435
REN100_Normal,2040,m10,6415.496789,6112.269208,303.227581,0,0,512.2939391,0.8486480348,445.5206103
REN100_Normal,2040,m11,6528.843111,6255.892696,272.950415,0,0,721.2814813,0.8021108112,453.3918827
REN100_Normal,2040,m12,6694.855779,6374.521659,320.3341201,0,0,705.9436643,0.8091316281,464.9205402
REN100_Normal,2041,m1,6609.571618,6311.338282,298.2333352,0,0,560.7208793,0.83971779,458.998029
REN100_Normal,2041,m2,6741.218595,6442.240934,298.9776618,0,0,607.7734604,0.8332099502,468.1401802
REN100_Normal,2041,m3,6872.573067,6872.573067,0,0,0,0,1,477.2620185
REN100_Normal,2041,m4,6978.670944,6978.670944,0,0,0,5.340060705,0.9976975053,484.6299267
REN100_Normal,2041,m5,6835.52799,6835.52799,0,0,0,0,1,474.6894437
REN100_Normal,2041,m6,6535.327169,6535.327169,0,0,0,0,1,453.8421645
REN100_Normal,2041,m7,6379.866602,6379.866602,0,0,0,0,1,443.0462918
REN100_Normal,2041,m8,6386.208368,6386.208368,0,0,0,0,1,443.4866922
REN100_Normal,2041,m9,6679.141406,6377.762416,301.3789898,0,0,630.5545204,0.8256615094,463.8292643
REN100_Normal,2041,m10,6613.253394,6298.224096,315.0292982,0,0,523.7906826,0.8504853558,459.2537079
REN100_Normal,2041,m11,6730.093598,6409.011594,321.0820047,0,0,547.1812684,0.8466599757,467.367611
REN100_Normal,2041,m12,6901.223579,6576.635056,324.5885222,0,0,748.6044746,0.8060172549,479.2516374
REN100_Normal,2042,m1,6806.023063,6447.954704,358.0683585,0,0,552.8401543,0.8467594604,472.6404905
REN100_Normal,2042,m2,6941.582887,6630.003076,311.5798111,0,0,701.9892921,0.820679911,482.0543672
REN100_Normal,2042,m3,7076.841511,7076.841511,0,0,0,0,1,491.4473272
REN100_Normal,2042,m4,7186.092858,7186.092858,0,0,0,0,1,499.0342262
REN100_Normal,2042,m5,7038.69537,7038.69537,0,0,0,0,1,488.7982896
REN100_Normal,2042,m6,6729.571901,6729.571901,0,0,0,0,1,467.331382
REN100_Normal,2042,m7,6569.490694,6569.490694,0,0,0,0,1,456.2146315
REN100_Normal,2042,m8,6576.020951,6576.020951,0,0,0,0,1,456.6681216
REN100_Normal,2042,m9,6877.660623,6555.620965,322.0396577,0,0,596.5864316,0.8403501657,477.615321
REN100_Normal,2042,m10,6809.81427,6501.478992,308.3352781,0,0,587.2352737,0.8414556209,472.9037688
REN100_Normal,2042,m11,6930.12723,6626.553105,303.5741247,0,0,598.6762008,0.8410603236,481.2588354
REN100_Normal,2042,m12,7106.343581,6789.135686,317.2078949,0,0,704.6307163,0.8240127855,493.496082
REN100_Normal,2043,m1,7002.784368,6668.947652,333.8367161,0,0,461.8211232,0.8742684235,486.30447
REN100_Normal,2043,m2,7142.263211,6816.31199,325.9512213,0,0,495.4533747,0.8684307086,495.9905008
REN100_Normal,2043,m3,7281.432145,7281.432145,0,0,0,0,1,505.6550101
REN100_Normal,2043,m4,7393.841935,7393.841935,0,0,0,0,1,513.4612455
REN100_Normal,2043,m5,7242.183204,7242.183204,0,0,0,0,1,502.9293892
REN100_Normal,2043,m6,6924.123013,6924.123013,0,0,0,0,1,480.8418759
REN100_Normal,2043,m7,6759.413877,6759.413877,0,0,0,0,1,469.4037414
REN100_Normal,2043,m8,6766.132923,6766.132923,0,0,0,0,1,469.8703419
REN100_Normal,2043,m9,7076.492962,6756.807054,319.6859077,0,0,481.521743,0.8708533343,491.4231223
REN100_Normal,2043,m10,7006.685179,6701.72004,304.9651394,0,0,438.0334646,0.8798240861,486.5753597
REN100_Normal,2043,m11,7130.476372,6864.495244,265.9811279,0,0,596.0912988,0.8480270222,495.1719703
REN100_Normal,2043,m12,7311.787116,6993.733804,318.0533123,0,0,710.0626971,0.8276608893,507.7629942
REN100_Normal,2044,m1,7200.343318,6889.015366,311.327952,0,0,533.6076709,0.8612462246,500.0238415
REN100_Normal,2044,m2,7343.757066,7020.404297,323.3527684,0,0,592.3097287,0.852417625,509.9831296
REN100_Normal,2044,m3,7486.852163,7486.852163,0,0,0,0,1,519.9202891
REN100_Normal,2044,m4,7602.4332,7602.4332,0,0,0,0,1,527.94675
REN100_Normal,2044,m5,7446.49595,7446.49595,0,0,0,0,1,517.1177743
REN100_Normal,2044,m6,7119.462809,7119.462809,0,0,0,0,1,494.4071395
REN100_Normal,2044,m7,6950.106983,6950.106983,0,0,0,0,1,482.6463183
REN100_Normal,2044,m8,6957.015584,6957.015584,0,0,0,0,1,483.1260822
REN100_Normal,2044,m9,7276.13134,6970.504002,305.6273381,0,0,564.8198428,0.8571587736,505.2868986
REN100_Normal,2044,m10,7204.354177,6868.666289,335.6878873,0,0,367.52678,0.8993940404,500.3023734
REN100_Normal,2044,m11,7331.637703,7011.20244,320.4352627,0,0,491.3745082,0.8735644212,509.1415071
REN100_Normal,2044,m12,7518.063492,7178.963688,339.0998048,0,0,690.5578261,0.8361194838,522.0877425
REN100_Normal,2045,m1,7399.150115,7069.34481,329.8053042,0,0,369.6093391,0.9016682417,513.8298691
REN100_Normal,2045,m2,7546.523622,7210.041237,336.4823848,0,0,430.7417795,0.8900837016,524.0641404
REN100_Normal,2045,m3,7693.56968,7693.56968,0,0,0,0,1,534.2756722
REN100_Normal,2045,m4,7812.341995,7812.341995,0,0,0,0,1,542.5237497
REN100_Normal,2045,m5,7652.099203,7652.099203,0,0,0,0,1,531.395778
REN100_Normal,2045,m6,7316.036435,7316.036435,0,0,0,0,1,508.0580858
REN100_Normal,2045,m7,7142.00457,7142.00457,0,0,0,0,1,495.9725396
REN100_Normal,2045,m8,7149.103922,7149.103922,0,0,0,0,1,496.4655502
REN100_Normal,2045,m9,7477.0307,7140.495738,336.5349625,0,0,361.5874626,0.9050878514,519.2382431
REN100_Normal,2045,m10,7403.271716,7113.466515,289.8052006,0,0,428.9983619,0.8891080706,514.1160914
REN100_Normal,2045,m11,7534.069634,7202.620089,331.4495448,0,0,518.905549,0.8701659182,523.1992802
REN100_Normal,2045,m12,7725.642778,7434.85292,290.652548,0.137309778,0,590.9981141,0.8607798709,536.5029707
REN100_Normal,2046,m1,7596.690614,7424.562197,172.1284168,0,0,174.5420641,0.9455957945,527.5479593
REN100_Normal,2046,m2,7747.998659,7480.452285,267.5463738,0,0,283.7305816,0.9253057773,538.0554624
REN100_Normal,2046,m3,7898.970513,7898.970513,0,0,0,0,1,548.539619
REN100_Normal,2046,m4,8020.913779,8020.913779,0,0,0,0,1,557.0079013
REN100_Normal,2046,m5,7856.392868,7856.392868,0,0,0,0,1,545.5828381
REN100_Normal,2046,m6,7511.357988,7511.357988,0,0,0,0,1,521.6220825
REN100_Normal,2046,m7,7332.679868,7332.679868,0,0,0,0,1,509.2138797
REN100_Normal,2046,m8,7339.968756,7339.968756,0,0,0,0,1,509.7200525
REN100_Normal,2046,m9,7676.650434,7343.733316,332.9171183,0,0,212.1988188,0.9374876243,533.1007246
REN100_Normal,2046,m10,7600.922253,7291.708714,309.2135391,0,0,317.0905259,0.9169649145,527.8418231
REN100_Normal,2046,m11,7735.212178,7405.108799,330.1033796,0,0,308.8681014,0.9196261889,537.1675124
REN100_Normal,2046,m12,7931.89989,7604.883228,327.0166619,0,0,375.305493,0.9084129639,550.8263812
REN100_Normal,2047,m1,7794.477275,7493.060061,301.4172142,0,0,83.76814669,0.9663608621,541.2831441
REN100_Normal,2047,m2,7949.724761,7664.966407,284.7583538,0,0,419.9773635,0.8989249839,552.0642195
REN100_Normal,2047,m3,8104.627303,8104.627303,0,0,0,0,1,562.8213405
REN100_Normal,2047,m4,8229.745471,8229.745471,0,0,0,0,1,571.5101022
REN100_Normal,2047,m5,8060.941111,8060.941111,0,0,0,0,1,559.7875771
REN100_Normal,2047,m6,7706.922938,7706.922938,0,0,0,0,1,535.2029818
REN100_Normal,2047,m7,7523.592772,7523.592772,0,0,0,0,1,522.4717203
REN100_Normal,2047,m8,7531.071433,7531.071433,0,0,0,0,1,522.9910718
REN100_Normal,2047,m9,7876.518921,7582.141546,294.3773753,0,0,242.3063031,0.9351367377,546.9804806
REN100_Normal,2047,m10,7798.819088,7476.285474,322.5336144,0,0,126.2608938,0.9558054098,541.5846589
REN100_Normal,2047,m11,7936.605373,7633.098279,303.5070938,0,0,291.5126957,0.9253398766,551.1531509
REN100_Normal,2047,m12,8138.414025,7829.633679,308.7803459,0,0,376.4296577,0.9105457569,565.1676406
REN100_Normal,2048,m1,7992.340512,7923.691647,68.64886477,0,0,106.6078198,0.9617895867,555.0236467
REN100_Normal,2048,m2,8151.528964,7797.750816,353.778148,0,0,128.8490945,0.9569440401,566.0784003
REN100_Normal,2048,m3,8310.363715,8310.363715,0,0,0,0,1,577.1085913
REN100_Normal,2048,m4,8438.658015,8438.658015,0,0,0,0,1,586.0179177
REN100_Normal,2048,m5,8265.568547,8265.568547,0,0,0,0,1,573.9978158
REN100_Normal,2048,m6,7902.563603,7902.563603,0,0,0,0,1,548.7891391
REN100_Normal,2048,m7,7714.579591,7714.579591,0,0,0,0,1,535.7346938
REN100_Normal,2048,m8,7722.248098,7722.248098,0,0,0,0,1,536.2672291
REN100_Normal,2048,m9,8076.46479,7749.62156,326.84323,0,0,85.31215906,0.9756769911,560.8656104
REN100_Normal,2048,m10,7996.792543,7693.942571,302.8499722,0,0,136.1685484,0.9548104749,555.3328155
REN100_Normal,2048,m11,8138.076539,7835.234866,302.8416732,0,0,118.772468,0.959281912,565.1442041
REN100_Normal,2048,m12,8345.008116,8061.631616,283.3764998,0,0,336.6961945,0.9201659803,579.5144525
REN100_Normal,2049,m1,8190.072097,7883.688393,306.3837041,0,0,46.29621823,0.9911630008,568.7550067
REN100_Normal,2049,m2,8353.198892,8021.731828,331.4670641,0,0,80.28368681,0.9858784317,580.0832564
REN100_Normal,2049,m3,8515.963237,8515.963237,0,0,0,0,1,591.3863359
REN100_Normal,2049,m4,8647.431555,8647.431555,0,0,0,0,1,600.5160802
REN100_Normal,2049,m5,8470.05983,8470.05983,0,0,0,0,1,588.1985993
REN100_Normal,2049,m6,8098.074095,8098.074095,0,0,0,0,1,562.3662566
REN100_Normal,2049,m7,7905.439332,7905.439332,0,0,0,0,1,548.9888425
REN100_Normal,2049,m8,7913.29756,7913.29756,0,0,0,0,1,549.5345528
REN100_Normal,2049,m9,8276.27762,7973.614021,302.6635989,0,0,79.60760705,0.9806966343,574.7415014
REN100_Normal,2049,m10,8194.634271,7863.496228,331.1380429,0,0,9.207761608,0.9968955419,569.0718244
REN100_Normal,2049,m11,8339.413653,8044.306551,295.1071013,0,0,115.8401451,0.9653894659,579.1259481
REN100_Normal,2049,m12,8551.464744,8262.355588,289.109156,0,0,210.4010443,0.9451222939,593.8517184
REN100_Normal,2050,m1,8387.665785,7860.43134,292.2668858,234.9675589,0,0,1,582.4767906
REN100_Normal,2050,m2,8554.728178,7900.634234,304.7025929,349.3913513,0,0,1,594.0783457
REN100_Normal,2050,m3,8721.419375,8721.419375,0,0,0,0,1,605.6541233
REN100_Normal,2050,m4,8856.059498,8856.059498,0,0,0,0,1,615.0041318
REN100_Normal,2050,m5,8674.408503,8674.408503,0,0,0,0,1,602.3894793
REN100_Normal,2050,m6,8293.448239,8293.448239,0,0,0,0,1,575.9339055
REN100_Normal,2050,m7,8096.16597,8096.16597,0,0,0,0,1,562.2337479
REN100_Normal,2050,m8,8104.213785,8104.213785,0,0,0,0,1,562.792624
REN100_Normal,2050,m9,8475.951103,7822.073933,311.4802474,342.3969222,0,0,1,588.6077155
REN100_Normal,2050,m10,8392.338026,7803.90679,321.8921951,266.5390409,0,0,1,582.8012518
REN100_Normal,2050,m11,8540.610355,7933.21019,312.8443196,294.5558461,0,0,1,593.0979413
REN100_Normal,2050,m12,8757.777392,7919.495546,301.6775588,536.6042875,0,0,1,608.1789855
REN100_Extreme,2025,m1,3484.663026,3133.636686,351.0263393,0,0,643.7769547,0.6901163287,241.9904879
REN100_Extreme,2025,m2,3554.069242,3250.999097,303.0701447,0,0,844.3526731,0.616378148,246.810364
REN100_Extreme,2025,m3,3623.321244,3601.657005,21.66423922,0,0,185.8644368,0.9266958612,251.6195308
REN100_Extreme,2025,m4,3679.2576,3651.887798,27.36980183,0,0,221.4937329,0.9139402096,255.504
REN100_Extreme,2025,m5,3603.790536,3580.511703,23.2788335,0,0,181.3120601,0.9280648105,250.2632317
REN100_Extreme,2025,m6,3445.520264,3417.935172,27.58509199,0,0,96.76498059,0.9600535533,239.2722406
REN100_Extreme,2025,m7,3363.559175,3363.559175,0,0,0,27.37612647,0.9885159074,233.5804982
REN100_Extreme,2025,m8,3366.902647,3346.592854,20.30979254,0,0,54.18786166,0.9771533307,233.8126838
REN100_Extreme,2025,m9,3521.341238,3208.34299,312.9982478,0,0,746.5662732,0.6530732438,244.5375859
REN100_Extreme,2025,m10,3486.604112,3164.873603,321.7305096,0,0,681.2196733,0.6767430718,242.1252856
REN100_Extreme,2025,m11,3548.20398,3247.132638,301.071342,0,0,751.0986961,0.6550877303,246.4030542
REN100_Extreme,2025,m12,3638.426214,3340.515697,297.9105172,0,0,750.6308741,0.6656916935,252.6684871
REN100_Extreme,2026,m1,3621.621371,3317.082392,304.5389789,0,0,713.2275497,0.6763592945,251.5014841
REN100_Extreme,2026,m2,3693.755472,3410.555673,283.1997996,0,0,868.4243201,0.6215458325,256.5107967
REN100_Extreme,2026,m3,3765.729299,3748.281754,17.44754539,0,0,246.495292,0.906185099,261.5089791
REN100_Extreme,2026,m4,3823.864132,3796.508867,27.35526509,0,0,292.1175062,0.8892676104,265.5461203
REN100_Extreme,2026,m5,3745.430972,3722.167842,23.26313036,0,0,224.601396,0.9143580842,260.0993731
REN100_Extreme,2026,m6,3580.940175,3556.164735,24.77544021,0,0,129.4760391,0.9486274296,248.676401
REN100_Extreme,2026,m7,3495.757754,3484.57417,11.18358406,0,0,51.19310473,0.979270658,242.7609551
REN100_Extreme,2026,m8,3499.232635,3473.880341,25.35229344,0,0,111.6848795,0.9546368414,243.0022663
REN100_Extreme,2026,m9,3659.741154,3368.178221,291.5629326,0,0,655.932342,0.7047374177,254.1486912
REN100_Extreme,2026,m10,3623.638749,3320.664387,302.9743614,0,0,758.847157,0.6569322785,251.6415798
REN100_Extreme,2026,m11,3687.659687,3355.014552,332.645135,0,0,793.4863527,0.6465217735,256.0874783
REN100_Extreme,2026,m12,3781.427942,3494.95008,286.4778619,0,0,786.5159904,0.663696194,262.5991626
REN100_Extreme,2027,m1,3839.797193,3527.059879,312.7373139,0,0,844.9683165,0.6358264734,266.6525829
REN100_Extreme,2027,m2,3916.276839,3606.194584,307.8303965,2.251858211,0,850.1066371,0.6417183507,271.9636694
REN100_Extreme,2027,m3,3992.586555,3968.200825,24.38572984,0,0,281.3150207,0.8889188441,277.2629552
REN100_Extreme,2027,m4,4054.22358,4029.361706,24.8618737,0,0,292.2111737,0.8865303323,281.5433042
REN100_Extreme,2027,m5,3971.065404,3943.053512,28.01189236,0,0,258.7048112,0.8970820974,275.7684309
REN100_Extreme,2027,m6,3796.665257,3772.974682,23.69057497,0,0,181.0829143,0.9217971406,263.6573095
REN100_Extreme,2027,m7,3706.351227,3687.253468,19.09775902,0,0,120.8369025,0.9434254267,257.3855018
REN100_Extreme,2027,m8,3710.035443,3686.171294,23.86414938,0,0,108.8894219,0.9476913525,257.6413502
REN100_Extreme,2027,m9,3880.21341,3608.136349,272.0770612,0,0,758.8448019,0.6770377592,269.4592646
REN100_Extreme,2027,m10,3841.936103,3538.66306,303.2730425,0,0,808.8523113,0.6509322537,266.8011183
REN100_Extreme,2027,m11,3909.813828,3568.005461,329.8016476,12.00671974,0,857.3644347,0.6348596182,271.5148492
REN100_Extreme,2027,m12,4009.230925,3703.895353,305.3355718,0,0,807.8278398,0.6673061146,278.4188142
REN100_Extreme,2028,m1,4008.256047,3690.439823,317.816224,0,0,586.8811794,0.7151856841,278.3511144
REN100_Extreme,2028,m2,4088.090993,3770.26548,317.825513,0,0,749.8476245,0.6548860698,283.8952079
REN100_Extreme,2028,m3,4167.748554,4167.748554,0,0,0,125.884595,0.9150366725,289.4269829
REN100_Extreme,2028,m4,4232.089707,4232.089707,0,0,0,110.5741052,0.9246070892,293.8951186
REN100_Extreme,2028,m5,4145.283232,4145.283232,0,0,0,110.2537549,0.919967876,287.8668911
REN100_Extreme,2028,m6,3963.231834,3963.231834,0,0,0,24.30095823,0.9815498847,275.2244329
REN100_Extreme,2028,m7,3868.955564,3868.955564,0,0,0,59.98606273,0.9533467634,268.6774697
REN100_Extreme,2028,m8,3872.801414,3872.801414,0,0,0,0,1,268.9445426
REN100_Extreme,2028,m9,4050.445396,3765.956629,284.4887671,0,0,639.836102,0.7039676093,281.2809303
REN100_Extreme,2028,m10,4010.488794,3694.300076,316.1887182,0,0,554.2284849,0.7326741857,278.5061663
REN100_Extreme,2028,m11,4081.344438,3791.991277,289.3531612,0,0,774.0208782,0.6541029513,283.4266971
REN100_Extreme,2028,m12,4185.123143,3904.019112,281.104031,0,0,749.8574743,0.6727792435,290.6335516
REN100_Extreme,2029,m1,4275.410626,3957.781904,317.6287217,0,0,947.4822872,0.5985419846,296.9035157
REN100_Extreme,2029,m2,4360.566657,4048.254396,312.3122613,0,0,815.1963878,0.6511526498,302.817129
REN100_Extreme,2029,m3,4445.53348,4445.53348,0,0,0,200.2364122,0.8959408911,308.7176028
REN100_Extreme,2029,m4,4514.16304,4471.65673,42.5063108,0,0,200.3769582,0.8973034959,313.4835445
REN100_Extreme,2029,m5,4421.57082,4421.57082,0,0,0,198.8220853,0.8959620794,307.0535292
REN100_Extreme,2029,m6,4227.385501,4227.385501,0,0,0,145.4831168,0.9094244972,293.5684376
REN100_Extreme,2029,m7,4126.825616,4126.825616,0,0,0,83.34667436,0.9439302933,286.5851122
REN100_Extreme,2029,m8,4130.927796,4130.927796,0,0,0,100.640416,0.9266922344,286.8699858
REN100_Extreme,2029,m9,4320.41194,4017.512872,302.8990682,0,0,1002.874318,0.5900257101,300.028607
REN100_Extreme,2029,m10,4277.792188,3978.922661,298.8695276,0,0,766.3085719,0.6666230072,297.068902
REN100_Extreme,2029,m11,4353.370437,4041.676118,311.6943197,0,0,933.1116402,0.6149408645,302.3173915
REN100_Extreme,2029,m12,4464.066104,4133.866713,330.1993912,0,0,937.2989974,0.6235334342,310.0045905
REN100_Extreme,2030,m1,4455.82387,4148.06194,299.8055674,7.956362616,0,1012.284795,0.5953296219,309.4322132
REN100_Extreme,2030,m2,4544.573305,4237.168295,292.4305565,14.9744536,0,1018.048687,0.6013319285,315.5953684
REN100_Extreme,2030,m3,4633.125548,4375.339083,257.7864649,0,0,145.2602752,0.9323243622,321.7448297
REN100_Extreme,2030,m4,4704.651129,4459.719984,244.9311453,0,0,162.0262006,0.922181908,326.711884
REN100_Extreme,2030,m5,4608.151714,4351.733362,256.4183526,0,0,150.840219,0.9243986978,320.0105357
REN100_Extreme,2030,m6,4405.772187,4161.944137,243.8280495,0,0,85.20393403,0.9499790784,305.9564019
REN100_Extreme,2030,m7,4300.968888,4073.614395,227.3544935,0,0,61.42396802,0.9546285023,298.678395
REN100_Extreme,2030,m8,4305.244172,4067.716556,237.5276152,0,0,35.29941073,0.9738878918,298.9752897
REN100_Extreme,2030,m9,4502.724145,4221.234782,281.4893622,0,0,951.5026276,0.6243741745,312.6891767
REN100_Extreme,2030,m10,4458.305929,4100.470717,357.8352123,0,0,982.9145065,0.6014173146,309.6045784
REN100_Extreme,2030,m11,4537.07342,4159.598649,293.2390794,84.23569136,0,983.5649645,0.6101201133,315.074543
REN100_Extreme,2030,m12,4652.440208,4058.155266,302.5686656,291.7162765,0,978.3979828,0.6027790166,323.0861256
REN100_Extreme,2031,m1,4626.232224,4317.400129,308.8320949,0,0,819.8171666,0.677630414,321.2661266
REN100_Extreme,2031,m2,4718.375788,4435.193949,283.1818398,0,0,798.853514,0.6928924783,327.6649853
REN100_Extreme,2031,m3,4810.31462,4810.31462,0,0,0,82.24488417,0.9646114255,334.0496264
REN100_Extreme,2031,m4,4884.575623,4884.575623,0,0,0,114.2571267,0.9456983492,339.2066405
REN100_Extreme,2031,m5,4784.385688,4784.385688,0,0,0,78.91521586,0.96681995,332.2490061
REN100_Extreme,2031,m6,4574.266366,4574.266366,0,0,0,0,1,317.6573865
REN100_Extreme,2031,m7,4465.454974,4465.454974,0,0,0,0,1,310.1010399
REN100_Extreme,2031,m8,4469.893761,4469.893761,0,0,0,0,1,310.409289
REN100_Extreme,2031,m9,4674.92615,4403.439584,271.4865661,0,0,811.0641427,0.6861640557,324.6476493
REN100_Extreme,2031,m10,4628.809207,4322.798967,306.0102396,0,0,818.7420978,0.6778787084,321.4450838
REN100_Extreme,2031,m11,4710.589078,4415.185724,295.4033536,0,0,765.0654659,0.7022004866,327.1242415
REN100_Extreme,2031,m12,4830.367949,4520.367255,310.000694,0,0,863.3974948,0.6786150653,335.4422187
REN100_Extreme,2032,m1,4809.713503,4516.846753,292.8667507,0,0,975.1606701,0.6386338394,334.0078822
REN100_Extreme,2032,m2,4905.51158,4604.989644,300.5219356,0,0,939.0438974,0.6569327655,340.6605264
REN100_Extreme,2032,m3,5001.096803,5001.096803,0,0,0,112.5555319,0.9322784722,347.2983891
REN100_Extreme,2032,m4,5078.303076,5078.303076,0,0,0,102.1753734,0.9394585553,352.6599358
REN100_Extreme,2032,m5,4974.139502,4974.139502,0,0,0,109.6000906,0.9336992997,345.4263543
REN100_Extreme,2032,m6,4755.686625,4755.686625,0,0,0,0,1,330.2560156
REN100_Extreme,2032,m7,4642.559658,4642.559658,0,0,0,0,1,322.3999762
REN100_Extreme,2032,m8,4647.174492,4647.174492,0,0,0,0,1,322.7204508
REN100_Extreme,2032,m9,4860.338683,4543.850009,316.4886738,0,0,951.0290794,0.6544333233,337.5235197
REN100_Extreme,2032,m10,4812.392693,4470.177951,342.2147414,0,0,888.6217289,0.667624028,334.193937
REN100_Extreme,2032,m11,4897.41604,4546.389872,351.0261686,0,0,863.6129036,0.680553192,340.0983361
REN100_Extreme,2032,m12,5021.945469,4633.814338,342.5222929,45.6088384,0,978.3222893,0.653341836,348.7462131
REN100_Extreme,2033,m1,5036.637582,4732.80263,303.8349522,0,0,660.3979473,0.7565539201,349.7664987
REN100_Extreme,2033,m2,5136.955447,4819.737281,317.2181658,0,0,757.2572886,0.7286994207,356.7330172
REN100_Extreme,2033,m3,5237.050416,5237.050416,0,0,0,0,1,363.6840567
REN100_Extreme,2033,m4,5317.899311,5317.899311,0,0,0,20.39666004,0.9884589822,369.2985632
REN100_Extreme,2033,m5,5208.82126,5208.82126,0,0,0,0,1,361.7236986
REN100_Extreme,2033,m6,4980.061695,4980.061695,0,0,0,0,1,345.8376177
REN100_Extreme,2033,m7,4861.597355,4861.597355,0,0,0,0,1,337.6109274
REN100_Extreme,2033,m8,4866.429919,4866.429919,0,0,0,0,1,337.9465221
REN100_Extreme,2033,m9,5089.651276,4780.745436,308.9058404,0,0,744.8993961,0.7313079267,353.4480053
REN100_Extreme,2033,m10,5039.443176,4716.738568,322.7046084,0,0,774.0170626,0.718122905,349.9613317
REN100_Extreme,2033,m11,5128.477957,4780.596166,347.8817908,0,0,739.0509272,0.7340819668,356.1443026
REN100_Extreme,2033,m12,5258.882731,4962.717334,296.1653964,0,0,855.5738917,0.7095157182,365.2001896
REN100_Extreme,2034,m1,5224.818787,4869.470243,355.3485436,0,0,717.1000885,0.7455609589,362.834638
REN100_Extreme,2034,m2,5328.884775,5023.542818,305.3419574,0,0,733.8996676,0.7480835076,370.0614427
REN100_Extreme,2034,m3,5432.719539,5432.719539,0,0,0,26.90387278,0.9859787299,377.2721902
REN100_Extreme,2034,m4,5516.589148,5516.589148,0,0,0,101.8300255,0.9589961323,383.0964686
REN100_Extreme,2034,m5,5403.435672,5403.435672,0,0,0,23.90361764,0.9866887509,375.2385884
REN100_Extreme,2034,m6,5166.129085,5166.129085,0,0,0,0,1,358.7589642
REN100_Extreme,2034,m7,5043.238625,5043.238625,0,0,0,0,1,350.2249045
REN100_Extreme,2034,m8,5048.251745,5048.251745,0,0,0,0,1,350.5730379
REN100_Extreme,2034,m9,5279.813204,4961.039483,318.7737205,0,0,772.5906331,0.7336509284,366.6536947
REN100_Extreme,2034,m10,5227.729205,4919.790476,307.9387289,0,0,607.5777731,0.7837678151,363.0367503
REN100_Extreme,2034,m11,5320.090545,4999.130263,320.9602816,0,0,836.7408422,0.7166857332,369.4507323
REN100_Extreme,2034,m12,5455.367563,5188.290558,267.0770049,0,0,871.8073407,0.7176464267,378.8449696
REN100_Extreme,2035,m1,5425.388269,5086.058148,339.3301215,0,0,890.8719994,0.7084292193,376.7630742
REN100_Extreme,2035,m2,5533.449125,5181.838396,351.6107294,0,0,786.884796,0.7400351206,384.2673004
REN100_Extreme,2035,m3,5641.269881,5641.269881,0,0,0,101.5776192,0.9604960816,391.7548529
REN100_Extreme,2035,m4,5728.359062,5728.359062,0,0,0,108.8844441,0.9560791955,397.8027127
REN100_Extreme,2035,m5,5610.86187,5610.86187,0,0,0,86.72632901,0.9680838834,389.6431854
REN100_Extreme,2035,m6,5364.445597,5364.445597,0,0,0,0,1,372.5309442
REN100_Extreme,2035,m7,5236.837638,5236.837638,0,0,0,0,1,363.6692804
REN100_Extreme,2035,m8,5242.043201,5242.043201,0,0,0,0,1,364.0307779
REN100_Extreme,2035,m9,5482.493803,5141.728544,340.7652587,0,0,876.7385855,0.7141151062,380.7287363
REN100_Extreme,2035,m10,5428.410412,5095.93426,332.4761514,0,0,944.1030857,0.6937052765,376.9729453
REN100_Extreme,2035,m11,5524.317304,5174.676999,349.6403052,0,0,777.9458155,0.7419137843,383.6331461
REN100_Extreme,2035,m12,5664.787313,5316.017294,348.7700194,0,0,919.5394163,0.712633148,393.3880079
REN100_Extreme,2036,m1,5620.215077,5294.742561,325.4725157,0,0,790.1587655,0.7441383997,390.2927137
REN100_Extreme,2036,m2,5732.156421,5413.246413,318.9100082,0,0,904.346024,0.7219515093,398.0664181
REN100_Extreme,2036,m3,5843.849043,5843.849043,0,0,0,0,1,405.8228502
REN100_Extreme,2036,m4,5934.065614,5934.065614,0,0,0,5.983972136,0.996965673,412.0878899
REN100_Extreme,2036,m5,5812.349073,5812.349073,0,0,0,0,1,403.6353523
REN100_Extreme,2036,m6,5557.083941,5557.083941,0,0,0,0,1,385.908607
REN100_Extreme,2036,m7,5424.893554,5424.893554,0,0,0,0,1,376.7287191
REN100_Extreme,2036,m8,5430.28605,5430.28605,0,0,0,0,1,377.1031979
REN100_Extreme,2036,m9,5679.371282,5378.06557,301.3057124,0,0,924.338829,0.7143641308,394.4007835
REN100_Extreme,2036,m10,5623.345746,5326.450535,296.8952106,0,0,851.3976709,0.7303318437,390.5101212
REN100_Extreme,2036,m11,5722.696674,5410.426812,312.2698613,0,0,857.1377144,0.7335683383,397.4094912
REN100_Extreme,2036,m12,5868.21099,5510.853812,357.3571782,0,0,974.8771812,0.7083956928,407.5146521
REN100_Extreme,2037,m1,5818.334673,5502.536238,315.7984354,0,0,650.0340066,0.7932930882,404.051019
REN100_Extreme,2037,m2,5934.222089,5629.367299,304.8547907,0,0,784.618567,0.7627837243,412.0987562
REN100_Extreme,2037,m3,6049.852015,6049.852015,0,0,0,0,1,420.1286122
REN100_Extreme,2037,m4,6143.248833,6143.248833,0,0,0,0,1,426.6145023
REN100_Extreme,2037,m5,6017.241633,6017.241633,0,0,0,0,1,417.8640023
REN100_Extreme,2037,m6,5752.978086,5752.978086,0,0,0,0,1,399.5123671
REN100_Extreme,2037,m7,5616.127823,5616.127823,0,0,0,0,1,390.0088766
REN100_Extreme,2037,m8,5621.710411,5621.710411,0,0,0,0,1,390.3965563
REN100_Extreme,2037,m9,5879.576208,5580.613568,298.96264,0,0,889.4731803,0.7339215125,408.3039034
REN100_Extreme,2037,m10,5821.575702,5525.04768,296.5280217,0,0,721.8396275,0.7746627142,404.2760904
REN100_Extreme,2037,m11,5924.428874,5579.188302,345.2405721,0,0,739.706348,0.7710547277,411.4186718
REN100_Extreme,2037,m12,6075.072752,5736.522964,338.5497883,0,0,812.8258739,0.7601002284,421.8800522
REN100_Extreme,2038,m1,6012.599044,5707.825594,304.7734506,0,0,684.5853205,0.7913092781,417.5416003
REN100_Extreme,2038,m2,6132.355746,5813.383235,318.9725108,0,0,856.5414045,0.7517432095,425.8580379
REN100_Extreme,2038,m3,6251.846359,6251.846359,0,0,0,0,1,434.1559972
REN100_Extreme,2038,m4,6348.36154,6348.36154,0,0,0,0,1,440.8584402
REN100_Extreme,2038,m5,6218.147171,6218.147171,0,0,0,0,1,431.8157758
REN100_Extreme,2038,m6,5945.060311,5945.060311,0,0,0,0,1,412.8514105
REN100_Extreme,2038,m7,5803.640849,5803.640849,0,0,0,0,1,403.0306145
REN100_Extreme,2038,m8,5809.40983,5809.40983,0,0,0,0,1,403.4312382
REN100_Extreme,2038,m9,6075.885331,5764.424442,311.4608885,0,0,880.8773663,0.7456286078,421.9364813
REN100_Extreme,2038,m10,6015.948285,5703.909357,312.0389285,0,0,889.7026693,0.7391206479,417.7741865
REN100_Extreme,2038,m11,6122.235551,5821.621106,300.6144454,0,0,900.2576788,0.7424749934,425.1552466
REN100_Extreme,2038,m12,6277.909174,5984.39842,293.5107539,0,0,869.7533875,0.7569943564,435.9659148
REN100_Extreme,2039,m1,6210.458485,5881.575073,328.8834119,0,0,653.0599896,0.8054832234,431.2818392
REN100_Extreme,2039,m2,6334.156076,5996.659902,337.4961748,0,0,830.315967,0.7668200144,439.8719497
REN100_Extreme,2039,m3,6457.578824,6457.578824,0,0,0,0,1,448.4429739
REN100_Extreme,2039,m4,6557.270075,6557.270075,0,0,0,0,1,455.3659774
REN100_Extreme,2039,m5,6422.770681,6422.770681,0,0,0,0,1,446.0257417
REN100_Extreme,2039,m6,6140.697222,6140.697222,0,0,0,0,1,426.4373071
REN100_Extreme,2039,m7,5994.624003,5994.624003,0,0,0,0,1,416.2933336
REN100_Extreme,2039,m8,6000.582827,6000.582827,0,0,0,0,1,416.7071408
REN100_Extreme,2039,m9,6275.827363,5984.792668,291.0346946,0,0,740.6637578,0.7867821411,435.8213446
REN100_Extreme,2039,m10,6213.917941,5872.701355,341.2165861,0,0,689.8696203,0.7953887014,431.5220792
REN100_Extreme,2039,m11,6323.702852,6008.311017,315.391835,0,0,901.5547334,0.7505253257,439.1460314
REN100_Extreme,2039,m12,6484.4993,6157.212348,327.2869524,0,0,822.908337,0.7740912183,450.3124514
REN100_Extreme,2040,m1,6411.925108,6117.497468,294.4276399,0,0,732.9108785,0.7927906637,445.272577
REN100_Extreme,2040,m2,6539.635437,6249.68766,289.9477765,0,0,770.2412021,0.7894832373,454.1413498
REN100_Extreme,2040,m3,6667.062006,6667.062006,0,0,0,0,1,462.9904171
REN100_Extreme,2040,m4,6769.987231,6769.987231,0,0,0,0,1,470.1380021
REN100_Extreme,2040,m5,6631.12469,6631.12469,0,0,0,0,1,460.4947702
REN100_Extreme,2040,m6,6339.900797,6339.900797,0,0,0,0,1,440.2708887
REN100_Extreme,2040,m7,6189.088979,6189.088979,0,0,0,0,1,429.7978458
REN100_Extreme,2040,m8,6195.241106,6195.241106,0,0,0,0,1,430.2250768
REN100_Extreme,2040,m9,6479.414546,6147.077649,332.3368973,0,0,817.7588676,0.7748414736,449.9593435
REN100_Extreme,2040,m10,6415.496789,6112.269208,303.227581,0,0,686.7740901,0.8049465447,445.5206103
REN100_Extreme,2040,m11,6528.843111,6255.892696,272.950415,0,0,910.0306422,0.7572473483,453.3918827
REN100_Extreme,2040,m12,6694.855779,6374.521659,320.3341201,0,0,861.8461486,0.7724222873,464.9205402
REN100_Extreme,2041,m1,6609.571618,6311.338282,298.2333352,0,0,693.2090694,0.8082261529,458.998029
REN100_Extreme,2041,m2,6741.218595,6442.240934,298.9776618,0,0,745.0046921,0.8008148086,468.1401802
REN100_Extreme,2041,m3,6872.573067,6872.573067,0,0,0,0,1,477.2620185
REN100_Extreme,2041,m4,6978.670944,6978.670944,0,0,0,0,1,484.6299267
REN100_Extreme,2041,m5,6835.52799,6835.52799,0,0,0,0,1,474.6894437
REN100_Extreme,2041,m6,6535.327169,6535.327169,0,0,0,0,1,453.8421645
REN100_Extreme,2041,m7,6379.866602,6379.866602,0,0,0,0,1,443.0462918
REN100_Extreme,2041,m8,6386.208368,6386.208368,0,0,0,0,1,443.4866922
REN100_Extreme,2041,m9,6679.141406,6377.762416,301.3789898,0,0,799.3466337,0.7861810092,463.8292643
REN100_Extreme,2041,m10,6613.253394,6298.224096,315.0292982,0,0,661.5674112,0.8173314704,459.2537079
REN100_Extreme,2041,m11,6730.093598,6409.011594,321.0820047,0,0,679.7796165,0.8157092227,467.367611
REN100_Extreme,2041,m12,6901.223579,6576.412855,324.5885222,0.2222017164,0,886.205783,0.7743041152,479.2516374
REN100_Extreme,2042,m1,6806.023063,6447.954704,358.0683585,0,0,626.6212166,0.8301450468,472.6404905
REN100_Extreme,2042,m2,6941.582887,6630.003076,311.5798111,0,0,763.4819965,0.8048537721,482.0543672
REN100_Extreme,2042,m3,7076.841511,7076.841511,0,0,0,0,1,491.4473272
REN100_Extreme,2042,m4,7186.092858,7186.092858,0,0,0,0,1,499.0342262
REN100_Extreme,2042,m5,7038.69537,7038.69537,0,0,0,0,1,488.7982896
REN100_Extreme,2042,m6,6729.571901,6729.571901,0,0,0,0,1,467.331382
REN100_Extreme,2042,m7,6569.490694,6569.490694,0,0,0,0,1,456.2146315
REN100_Extreme,2042,m8,6576.020951,6576.020951,0,0,0,0,1,456.6681216
REN100_Extreme,2042,m9,6877.660623,6555.620965,322.0396577,0,0,687.7253251,0.8183374251,477.615321
REN100_Extreme,2042,m10,6809.81427,6501.478992,308.3352781,0,0,673.1019184,0.8203769919,472.9037688
REN100_Extreme,2042,m11,6930.12723,6626.553105,303.5741247,0,0,680.8633024,0.8211703024,481.2588354
REN100_Extreme,2042,m12,7106.343581,6789.135686,317.2078949,0,0,767.2453381,0.8084990342,493.496082
REN100_Extreme,2043,m1,7002.784368,6668.947652,333.8367161,0,0,539.4820271,0.8574305858,486.30447
REN100_Extreme,2043,m2,7142.263211,6816.31199,325.9512213,0,0,580.5839093,0.8496932018,495.9905008
REN100_Extreme,2043,m3,7281.432145,7281.432145,0,0,0,0,1,505.6550101
REN100_Extreme,2043,m4,7393.841935,7393.841935,0,0,0,0,1,513.4612455
REN100_Extreme,2043,m5,7242.183204,7242.183204,0,0,0,0,1,502.9293892
REN100_Extreme,2043,m6,6924.123013,6924.123013,0,0,0,0,1,480.8418759
REN100_Extreme,2043,m7,6759.413877,6759.413877,0,0,0,0,1,469.4037414
REN100_Extreme,2043,m8,6766.132923,6766.132923,0,0,0,0,1,469.8703419
REN100_Extreme,2043,m9,7076.492962,6756.807054,319.6859077,0,0,584.9603256,0.847651746,491.4231223
REN100_Extreme,2043,m10,7006.685179,6701.72004,304.9651394,0,0,565.9038942,0.8509886343,486.5753597
REN100_Extreme,2043,m11,7130.476372,6864.495244,265.9811279,0,0,645.7458474,0.8362943808,495.1719703
REN100_Extreme,2043,m12,7311.787116,6993.733804,318.0533123,0,0,827.6316114,0.8016015463,507.7629942
REN100_Extreme,2044,m1,7200.343318,6889.015366,311.327952,0,0,589.6872307,0.8497891313,500.0238415
REN100_Extreme,2044,m2,7343.757066,7020.404297,323.3527684,0,0,623.3129392,0.8456167451,509.9831296
REN100_Extreme,2044,m3,7486.852163,7486.852163,0,0,0,0,1,519.9202891
REN100_Extreme,2044,m4,7602.4332,7602.4332,0,0,0,0,1,527.94675
REN100_Extreme,2044,m5,7446.49595,7446.49595,0,0,0,0,1,517.1177743
REN100_Extreme,2044,m6,7119.462809,7119.462809,0,0,0,0,1,494.4071395
REN100_Extreme,2044,m7,6950.106983,6950.106983,0,0,0,0,1,482.6463183
REN100_Extreme,2044,m8,6957.015584,6957.015584,0,0,0,0,1,483.1260822
REN100_Extreme,2044,m9,7276.13134,6970.504002,305.6273381,0,0,581.371943,0.8538593961,505.2868986
REN100_Extreme,2044,m10,7204.354177,6868.666289,335.6878873,0,0,372.0236778,0.8991682821,500.3023734
REN100_Extreme,2044,m11,7331.637703,7011.20244,320.4352627,0,0,406.5145406,0.8942652483,509.1415071
REN100_Extreme,2044,m12,7518.063492,7178.963688,339.0998048,0,0,674.4231238,0.8367423692,522.0877425
REN100_Extreme,2045,m1,7399.150115,7069.34481,329.8053042,0,0,295.1475798,0.9180117062,513.8298691
REN100_Extreme,2045,m2,7546.523622,7210.041237,336.4823848,0,0,340.9283827,0.911255244,524.0641404
REN100_Extreme,2045,m3,7693.56968,7693.56968,0,0,0,0,1,534.2756722
REN100_Extreme,2045,m4,7812.341995,7812.341995,0,0,0,0,1,542.5237497
REN100_Extreme,2045,m5,7652.099203,7652.099203,0,0,0,0,1,531.395778
REN100_Extreme,2045,m6,7316.036435,7316.036435,0,0,0,0,1,508.0580858
REN100_Extreme,2045,m7,7142.00457,7142.00457,0,0,0,0,1,495.9725396
REN100_Extreme,2045,m8,7149.103922,7149.103922,0,0,0,0,1,496.4655502
REN100_Extreme,2045,m9,7477.0307,7140.495738,336.5349625,0,0,314.8734634,0.91559374,519.2382431
REN100_Extreme,2045,m10,7403.271716,7113.466515,289.8052006,0,0,279.0723326,0.9231650584,514.1160914
REN100_Extreme,2045,m11,7534.069634,7202.620089,331.4495448,0,0,530.3151071,0.869647746,523.1992802
REN100_Extreme,2045,m12,7725.642778,7434.99023,290.652548,0,0,557.8442894,0.8676445747,536.5029707
REN100_Extreme,2046,m1,7596.690614,7282.088215,314.6023994,0,0,185.1350735,0.9424788578,527.5479593
REN100_Extreme,2046,m2,7747.998659,7480.452285,267.5463738,0,0,327.3748228,0.9167014692,538.0554624
REN100_Extreme,2046,m3,7898.970513,7898.970513,0,0,0,0,1,548.539619
REN100_Extreme,2046,m4,8020.913779,8020.913779,0,0,0,0,1,557.0079013
REN100_Extreme,2046,m5,7856.392868,7856.392868,0,0,0,0,1,545.5828381
REN100_Extreme,2046,m6,7511.357988,7511.357988,0,0,0,0,1,521.6220825
REN100_Extreme,2046,m7,7332.679868,7332.679868,0,0,0,0,1,509.2138797
REN100_Extreme,2046,m8,7339.968756,7339.968756,0,0,0,0,1,509.7200525
REN100_Extreme,2046,m9,7676.650434,7343.733316,332.9171183,0,0,252.5468413,0.9297353503,533.1007246
REN100_Extreme,2046,m10,7600.922253,7291.708714,309.2135391,0,0,461.1295681,0.8870265835,527.8418231
REN100_Extreme,2046,m11,7735.212178,7405.108799,330.1033796,0,0,420.994549,0.8966777424,537.1675124
REN100_Extreme,2046,m12,7931.89989,7604.883228,327.0166619,0,0,511.3023071,0.881627803,550.8263812
REN100_Extreme,2047,m1,7794.477275,7794.477275,0,0,0,0,1,541.2831441
REN100_Extreme,2047,m2,7949.724761,7949.724761,0,0,0,90.27046566,0.9658320633,552.0642195
REN100_Extreme,2047,m3,8104.627303,8104.627303,0,0,0,0,1,562.8213405
REN100_Extreme,2047,m4,8229.745471,8229.745471,0,0,0,0,1,571.5101022
REN100_Extreme,2047,m5,8060.941111,8060.941111,0,0,0,0,1,559.7875771
REN100_Extreme,2047,m6,7706.922938,7706.922938,0,0,0,0,1,535.2029818
REN100_Extreme,2047,m7,7523.592772,7523.592772,0,0,0,0,1,522.4717203
REN100_Extreme,2047,m8,7531.071433,7531.071433,0,0,0,0,1,522.9910718
REN100_Extreme,2047,m9,7876.518921,7876.518921,0,0,0,0,1,546.9804806
REN100_Extreme,2047,m10,7798.819088,7798.819088,0,0,0,6.781864213,0.9973833514,541.5846589
REN100_Extreme,2047,m11,7936.605373,7936.605373,0,0,0,41.66597656,0.9842030973,551.1531509
REN100_Extreme,2047,m12,8138.414025,8138.414025,0,0,0,87.06725615,0.9761593881,565.1676406
REN100_Extreme,2048,m1,7992.340512,7992.340512,0,0,0,23.82107215,0.9910316512,555.0236467
REN100_Extreme,2048,m2,8151.528964,8140.193776,11.33518776,0,0,173.2626748,0.9510568482,566.0784003
REN100_Extreme,2048,m3,8310.363715,8310.363715,0,0,0,0,1,577.1085913
REN100_Extreme,2048,m4,8438.658015,8438.658015,0,0,0,0,1,586.0179177
REN100_Extreme,2048,m5,8265.568547,8265.568547,0,0,0,0,1,573.9978158
REN100_Extreme,2048,m6,7902.563603,7902.563603,0,0,0,0,1,548.7891391
REN100_Extreme,2048,m7,7714.579591,7714.579591,0,0,0,0,1,535.7346938
REN100_Extreme,2048,m8,7722.248098,7722.248098,0,0,0,0,1,536.2672291
REN100_Extreme,2048,m9,8076.46479,8076.46479,0,0,0,71.75855581,0.9817109285,560.8656104
REN100_Extreme,2048,m10,7996.792543,7886.392254,110.4002887,0,0,175.566123,0.9488644289,555.3328155
REN100_Extreme,2048,m11,8138.076539,8114.487793,23.58874597,0,0,172.3511529,0.951366648,565.1442041
REN100_Extreme,2048,m12,8345.008116,8061.631616,283.3764998,0,0,295.4856677,0.9283661121,579.5144525
REN100_Extreme,2049,m1,8190.072097,7883.688393,306.3837041,0,0,23.91520591,0.9908721218,568.7550067
REN100_Extreme,2049,m2,8353.198892,8016.433803,336.765089,0,0,60.29011709,0.977369712,580.0832564
REN100_Extreme,2049,m3,8515.963237,8515.963237,0,0,0,0,1,591.3863359
REN100_Extreme,2049,m4,8647.431555,8647.431555,0,0,0,0,1,600.5160802
REN100_Extreme,2049,m5,8470.05983,8470.05983,0,0,0,0,1,588.1985993
REN100_Extreme,2049,m6,8098.074095,8098.074095,0,0,0,0,1,562.3662566
REN100_Extreme,2049,m7,7905.439332,7905.439332,0,0,0,0,1,548.9888425
REN100_Extreme,2049,m8,7913.29756,7913.29756,0,0,0,0,1,549.5345528
REN100_Extreme,2049,m9,8276.27762,7973.614021,302.6635989,0,0,73.1430796,0.9723978319,574.7415014
REN100_Extreme,2049,m10,8194.634271,7869.530957,325.1033136,0,0,5.225250546,0.9980020554,569.0718244
REN100_Extreme,2049,m11,8339.413653,8044.306551,295.1071013,0,0,36.08292953,0.986502966,579.1259481
REN100_Extreme,2049,m12,8551.464744,8262.355588,289.109156,0,0,239.5680879,0.9400461013,593.8517184
REN100_Extreme,2050,m1,8387.665785,7647.625558,292.2668858,447.7733412,0,0,1,582.4767906
REN100_Extreme,2050,m2,8554.728178,7959.025458,304.7025929,291.000127,0,0,1,594.0783457
REN100_Extreme,2050,m3,8721.419375,8721.419375,0,0,0,0,1,605.6541233
REN100_Extreme,2050,m4,8856.059498,8856.059498,0,0,0,0,1,615.0041318
REN100_Extreme,2050,m5,8674.408503,8674.408503,0,0,0,0,1,602.3894793
REN100_Extreme,2050,m6,8293.448239,8293.448239,0,0,0,0,1,575.9339055
REN100_Extreme,2050,m7,8096.16597,8096.16597,0,0,0,0,1,562.2337479
REN100_Extreme,2050,m8,8104.213785,8104.213785,0,0,0,0,1,562.792624
REN100_Extreme,2050,m9,8475.951103,7757.487023,311.4802474,406.9838324,0,0,1,588.6077155
REN100_Extreme,2050,m10,8392.338026,7809.706815,321.8921951,260.739016,0,0,1,582.8012518
REN100_Extreme,2050,m11,8540.610355,8065.40738,312.8443196,162.358656,0,0,1,593.0979413
REN100_Extreme,2050,m12,8757.777392,8023.889682,301.6775588,432.2101513,0,0,1,608.1789855
