Case,Year,Month,Reservoir,Volume_Hm3,Turbine_Hm3,Spill_Hm3,Generation_GWh
BAU_Normal,2025,m1,E003_Mazar,205,206.5316757,55.46832434,72.28608648
BAU_Normal,2025,m1,E004_Paute_Molino,60,263,0,408.7458333
BAU_Normal,2025,m1,E005_Pucara,25,33.37659791,266.6234021,32.70906595
BAU_Normal,2025,m1,N039_Paute_Cardenillo,4.0825,0,0,0
BAU_Normal,2025,m2,E003_Mazar,222.480623,209.1522699,35.36710714,73.20329446
BAU_Normal,2025,m2,E004_Paute_Molino,60,245.519377,0,381.5780318
BAU_Normal,2025,m2,E005_Pucara,25,31.28686942,268.7131306,30.66113203
BAU_Normal,2025,m2,N039_Paute_Cardenillo,5.0825,0,0,0
BAU_Normal,2025,m3,E003_Mazar,205,279.480623,0,97.81821804
BAU_Normal,2025,m3,E004_Paute_Molino,98.56316376,241.9174592,0,375.9800512
BAU_Normal,2025,m3,E005_Pucara,25,45.07226404,254.927736,44.17081876
BAU_Normal,2025,m3,N039_Paute_Cardenillo,6.0825,0,0,0
BAU_Normal,2025,m4,E003_Mazar,249.0320386,217.9679614,0,76.28878647
BAU_Normal,2025,m4,E004_Paute_Molino,60,257.5311251,0,400.2462903
BAU_Normal,2025,m4,E005_Pucara,25,47.19672479,252.8032752,46.25279029
BAU_Normal,2025,m4,N039_Paute_Cardenillo,7.0825,0,0,0
BAU_Normal,2025,m5,E003_Mazar,205,306.0320386,0,107.1112135
BAU_Normal,2025,m5,E004_Paute_Molino,111.2988279,255.7332107,0,397.4520317
BAU_Normal,2025,m5,E005_Pucara,25,49.2996541,250.7003459,48.31366102
BAU_Normal,2025,m5,N039_Paute_Cardenillo,8.0825,0,0,0
BAU_Normal,2025,m6,E003_Mazar,232.4048437,234.5951563,0,82.1083047
BAU_Normal,2025,m6,E004_Paute_Molino,60,286.8939842,0,445.8810671
BAU_Normal,2025,m6,E005_Pucara,25,47.43294719,252.5670528,46.48428825
BAU_Normal,2025,m6,N039_Paute_Cardenillo,9.0825,0,0,0
BAU_Normal,2025,m7,E003_Mazar,271.271861,223.1329827,0,78.09654395
BAU_Normal,2025,m7,E004_Paute_Molino,60,224.1329827,0,348.3400106
BAU_Normal,2025,m7,E005_Pucara,25,47.32989272,252.6701073,46.38329487
BAU_Normal,2025,m7,N039_Paute_Cardenillo,3.0825,0,7,0
BAU_Normal,2025,m8,E003_Mazar,232.5730857,300.6987752,0,105.2445713
BAU_Normal,2025,m8,E004_Paute_Molino,120,241.6987752,0,375.6401799
BAU_Normal,2025,m8,E005_Pucara,25,46.80329801,253.196702,45.86723205
BAU_Normal,2025,m8,N039_Paute_Cardenillo,3.0825,0,1,0
BAU_Normal,2025,m9,E003_Mazar,238.4901015,228.0429723,28.04001198,79.81504029
BAU_Normal,2025,m9,E004_Paute_Molino,120,257.0829842,0,399.5498047
BAU_Normal,2025,m9,E005_Pucara,25,33.51948959,266.4805104,32.8490998
BAU_Normal,2025,m9,N039_Paute_Cardenillo,3.0825,0,1,0
BAU_Normal,2025,m10,E003_Mazar,247.9092769,201.7808642,50.79996037,70.62330247
BAU_Normal,2025,m10,E004_Paute_Molino,60,313.5808246,0,487.3568649
BAU_Normal,2025,m10,E005_Pucara,25,30.1241327,269.8758673,29.52165004
BAU_Normal,2025,m10,N039_Paute_Cardenillo,3.0825,0,1,0
BAU_Normal,2025,m11,E003_Mazar,205,231.3881266,73.52115036,80.9858443
BAU_Normal,2025,m11,E004_Paute_Molino,64.3612209,301.548056,0,468.6559371
BAU_Normal,2025,m11,E005_Pucara,25,33.12543822,266.8745618,32.46292945
BAU_Normal,2025,m11,N039_Paute_Cardenillo,3.0825,0,1,0
BAU_Normal,2025,m12,E003_Mazar,205,221.973237,40.02676302,77.69063294
BAU_Normal,2025,m12,E004_Paute_Molino,60,267.3612209,0,415.5238975
BAU_Normal,2025,m12,E005_Pucara,25,33.00529068,266.9947093,32.34518486
BAU_Normal,2025,m12,N039_Paute_Cardenillo,4.0825,0,0,0
BAU_Normal,2026,m1,E003_Mazar,205,203.6574678,58.34253218,71.28011374
BAU_Normal,2026,m1,E004_Paute_Molino,60,263,0,408.7458333
BAU_Normal,2026,m1,E005_Pucara,25,36.43473108,263.5652689,35.70603646
BAU_Normal,2026,m1,N039_Paute_Cardenillo,4.0825,0,0,0
BAU_Normal,2026,m2,E003_Mazar,214.6436818,198.3207406,54.03557759,69.4122592
BAU_Normal,2026,m2,E004_Paute_Molino,60,253.3563182,0,393.7579445
BAU_Normal,2026,m2,E005_Pucara,25,29.50505798,270.494942,28.91495682
BAU_Normal,2026,m2,N039_Paute_Cardenillo,5.0825,0,0,0
BAU_Normal,2026,m3,E003_Mazar,232.3534115,244.2902704,0,85.50159463
BAU_Normal,2026,m3,E004_Paute_Molino,60,245.2902704,0,381.2219619
BAU_Normal,2026,m3,E005_Pucara,25,45.58064803,254.419352,44.66903507
BAU_Normal,2026,m3,N039_Paute_Cardenillo,6.0825,0,0,0
BAU_Normal,2026,m4,E003_Mazar,259.072943,235.2804684,0,82.34816395
BAU_Normal,2026,m4,E004_Paute_Molino,60,236.2804684,0,367.219228
BAU_Normal,2026,m4,E005_Pucara,25,44.56264152,255.4373585,43.67138869
BAU_Normal,2026,m4,N039_Paute_Cardenillo,7.0825,0,0,0
BAU_Normal,2026,m5,E003_Mazar,278.9984539,242.0744892,0,84.72607121
BAU_Normal,2026,m5,E004_Paute_Molino,60,243.0744892,0,377.7782686
BAU_Normal,2026,m5,E005_Pucara,25,44.11187369,255.8881263,43.22963621
BAU_Normal,2026,m5,N039_Paute_Cardenillo,8.0825,0,0,0
BAU_Normal,2026,m6,E003_Mazar,252.126491,288.8719628,0,101.105187
BAU_Normal,2026,m6,E004_Paute_Molino,120,229.8719628,0,357.2593422
BAU_Normal,2026,m6,E005_Pucara,25,46.89026337,253.1097366,45.95245811
BAU_Normal,2026,m6,N039_Paute_Cardenillo,9.0825,0,0,0
BAU_Normal,2026,m7,E003_Mazar,291.804256,222.3222351,0,77.81278227
BAU_Normal,2026,m7,E004_Paute_Molino,120,223.3222351,0,347.0799737
BAU_Normal,2026,m7,E005_Pucara,25,48.00967186,251.9903281,47.04947842
BAU_Normal,2026,m7,N039_Paute_Cardenillo,3.0825,0,7,0
BAU_Normal,2026,m8,E003_Mazar,322.0308646,231.7733914,0,81.12068699
BAU_Normal,2026,m8,E004_Paute_Molino,120,232.7733914,0,361.7686458
BAU_Normal,2026,m8,E005_Pucara,25,47.16330843,252.8366916,46.22004226
BAU_Normal,2026,m8,N039_Paute_Cardenillo,3.0825,0,1,0
BAU_Normal,2026,m9,E003_Mazar,238.192255,220.9347639,124.9038456,77.32716737
BAU_Normal,2026,m9,E004_Paute_Molino,120,346.8386095,0,539.0450057
BAU_Normal,2026,m9,E005_Pucara,25,31.24524791,268.7547521,30.62034295
BAU_Normal,2026,m9,N039_Paute_Cardenillo,3.0825,0,1,0
BAU_Normal,2026,m10,E003_Mazar,219.198151,191.738812,89.25529197,67.10858421
BAU_Normal,2026,m10,E004_Paute_Molino,120,281.994104,0,438.2658366
BAU_Normal,2026,m10,E005_Pucara,25,34.11471189,265.8852881,33.43241765
BAU_Normal,2026,m10,N039_Paute_Cardenillo,3.0825,0,1,0
BAU_Normal,2026,m11,E003_Mazar,205,203.7054139,72.49273716,71.29689485
BAU_Normal,2026,m11,E004_Paute_Molino,102.813168,294.384983,0,457.5233277
BAU_Normal,2026,m11,E005_Pucara,25,31.17457385,268.8254262,30.55108237
BAU_Normal,2026,m11,N039_Paute_Cardenillo,3.0825,0,1,0
BAU_Normal,2026,m12,E003_Mazar,205,195.9984758,66.0015242,68.59946653
BAU_Normal,2026,m12,E004_Paute_Molino,60,305.813168,0,475.284632
BAU_Normal,2026,m12,E005_Pucara,25,28.61867255,271.3813275,28.0462991
BAU_Normal,2026,m12,N039_Paute_Cardenillo,4.0825,0,0,0
BAU_Normal,2027,m1,E003_Mazar,205,229.5383863,32.46161369,80.33843521
BAU_Normal,2027,m1,E004_Paute_Molino,60,263,0,408.7458333
BAU_Normal,2027,m1,E005_Pucara,25,28.87635586,271.1236441,28.29882875
BAU_Normal,2027,m1,N039_Paute_Cardenillo,4.0825,0,0,0
BAU_Normal,2027,m2,E003_Mazar,205,232.0944058,29.90559423,81.23304202
BAU_Normal,2027,m2,E004_Paute_Molino,60,263,0,408.7458333
BAU_Normal,2027,m2,E005_Pucara,25,35.0648779,264.9351221,34.36358034
BAU_Normal,2027,m2,N039_Paute_Cardenillo,5.0825,0,0,0
BAU_Normal,2027,m3,E003_Mazar,234.479027,232.520973,0,81.38234053
BAU_Normal,2027,m3,E004_Paute_Molino,60,233.520973,0,362.9305121
BAU_Normal,2027,m3,E005_Pucara,25,47.23109908,252.7689009,46.2864771
BAU_Normal,2027,m3,N039_Paute_Cardenillo,6.0825,0,0,0
BAU_Normal,2027,m4,E003_Mazar,223.6677242,272.8113029,0,95.483956
BAU_Normal,2027,m4,E004_Paute_Molino,120,213.8113029,0,332.2983999
BAU_Normal,2027,m4,E005_Pucara,25,49.17788158,250.8221184,48.19432395
BAU_Normal,2027,m4,N039_Paute_Cardenillo,7.0825,0,0,0
BAU_Normal,2027,m5,E003_Mazar,240.2034856,245.4642386,0,85.91248351
BAU_Normal,2027,m5,E004_Paute_Molino,120,246.4642386,0,383.0465042
BAU_Normal,2027,m5,E005_Pucara,25,48.8291443,251.1708557,47.85256142
BAU_Normal,2027,m5,N039_Paute_Cardenillo,8.0825,0,0,0
BAU_Normal,2027,m6,E003_Mazar,317.2813002,184.9221854,0,64.72276489
BAU_Normal,2027,m6,E004_Paute_Molino,60,245.9221854,0,382.2040631
BAU_Normal,2027,m6,E005_Pucara,25,47.46271468,252.5372853,46.51346038
BAU_Normal,2027,m6,N039_Paute_Cardenillo,9.0825,0,0,0
BAU_Normal,2027,m7,E003_Mazar,305.3089203,273.9723799,0,95.89033297
BAU_Normal,2027,m7,E004_Paute_Molino,120,214.9723799,0,334.1029071
BAU_Normal,2027,m7,E005_Pucara,25,49.2405668,250.7594332,48.25575547
BAU_Normal,2027,m7,N039_Paute_Cardenillo,3.0825,0,7,0
BAU_Normal,2027,m8,E003_Mazar,338.051734,229.2571863,0,80.2400152
BAU_Normal,2027,m8,E004_Paute_Molino,120,230.2571863,0,357.8580437
BAU_Normal,2027,m8,E005_Pucara,25,47.61739722,252.3826028,46.66504927
BAU_Normal,2027,m8,N039_Paute_Cardenillo,3.0825,0,1,0
BAU_Normal,2027,m9,E003_Mazar,294.1282573,203.5034052,102.4200715,71.22619182
BAU_Normal,2027,m9,E004_Paute_Molino,120,306.9234767,0,477.0102367
BAU_Normal,2027,m9,E005_Pucara,25,27.37346889,272.6265311,26.82599951
BAU_Normal,2027,m9,N039_Paute_Cardenillo,3.0825,0,1,0
BAU_Normal,2027,m10,E003_Mazar,323.086247,221.8202616,11.22174865,77.63709157
BAU_Normal,2027,m10,E004_Paute_Molino,60,294.0420103,0,456.990291
BAU_Normal,2027,m10,E005_Pucara,25,30.31462596,269.685374,29.70833344
BAU_Normal,2027,m10,N039_Paute_Cardenillo,3.0825,0,1,0
BAU_Normal,2027,m11,E003_Mazar,205,191.2326345,188.8536125,66.93142206
BAU_Normal,2027,m11,E004_Paute_Molino,119.9529428,321.1333042,0,499.094677
BAU_Normal,2027,m11,E005_Pucara,25,33.33768346,266.6623165,32.67092979
BAU_Normal,2027,m11,N039_Paute_Cardenillo,3.0825,0,1,0
BAU_Normal,2027,m12,E003_Mazar,205,213.6832382,48.31676175,74.78913339
BAU_Normal,2027,m12,E004_Paute_Molino,60,322.9529428,0,501.9226985
BAU_Normal,2027,m12,E005_Pucara,25,32.6033601,267.3966399,31.9512929
BAU_Normal,2027,m12,N039_Paute_Cardenillo,4.0825,0,0,0
BAU_Normal,2028,m1,E003_Mazar,205,209.540458,52.45954196,73.33916031
BAU_Normal,2028,m1,E004_Paute_Molino,60,263,0,408.7458333
BAU_Normal,2028,m1,E005_Pucara,25,31.35972775,268.6402723,30.73253319
BAU_Normal,2028,m1,N039_Paute_Cardenillo,4.0825,0,0,0
BAU_Normal,2028,m2,E003_Mazar,205,204.9432404,57.05675959,71.73013414
BAU_Normal,2028,m2,E004_Paute_Molino,60,263,0,408.7458333
BAU_Normal,2028,m2,E005_Pucara,25,34.40286573,265.5971343,33.71480841
BAU_Normal,2028,m2,N039_Paute_Cardenillo,5.0825,0,0,0
BAU_Normal,2028,m3,E003_Mazar,205,0,262,0
BAU_Normal,2028,m3,E004_Paute_Molino,62.39343571,260.6065643,0,405.0260353
BAU_Normal,2028,m3,E005_Pucara,25,49.34616377,250.6538362,48.3592405
BAU_Normal,2028,m3,N039_Paute_Cardenillo,6.0825,0,0,0
BAU_Normal,2028,m4,E003_Mazar,210.2419455,0,256.7580545,0
BAU_Normal,2028,m4,E004_Paute_Molino,60,260.1514902,0,404.3187743
BAU_Normal,2028,m4,E005_Pucara,25,49.00574643,250.9942536,48.0256315
BAU_Normal,2028,m4,N039_Paute_Cardenillo,7.0825,0,0,0
BAU_Normal,2028,m5,E003_Mazar,234.1775776,0,238.0643679,0
BAU_Normal,2028,m5,E004_Paute_Molino,60,239.0643679,0,371.5458719
BAU_Normal,2028,m5,E005_Pucara,25,46.24908719,253.7509128,45.32410545
BAU_Normal,2028,m5,N039_Paute_Cardenillo,8.0825,0,0,0
BAU_Normal,2028,m6,E003_Mazar,243.2795634,0,252.8980141,0
BAU_Normal,2028,m6,E004_Paute_Molino,120,193.8980141,0,301.3498303
BAU_Normal,2028,m6,E005_Pucara,25,44.46655112,255.5334489,43.5772201
BAU_Normal,2028,m6,N039_Paute_Cardenillo,9.0825,0,0,0
BAU_Normal,2028,m7,E003_Mazar,272.6712965,0,232.6082669,0
BAU_Normal,2028,m7,E004_Paute_Molino,120,233.6082669,0,363.0661815
BAU_Normal,2028,m7,E005_Pucara,25,47.09753743,252.9024626,46.15558668
BAU_Normal,2028,m7,N039_Paute_Cardenillo,3.0825,0,7,0
BAU_Normal,2028,m8,E003_Mazar,306.1936027,0,228.4776937,0
BAU_Normal,2028,m8,E004_Paute_Molino,120,229.4776937,0,356.6465824
BAU_Normal,2028,m8,E005_Pucara,25,46.61727143,253.3827286,45.68492601
BAU_Normal,2028,m8,N039_Paute_Cardenillo,3.0825,0,1,0
BAU_Normal,2028,m9,E003_Mazar,280.547464,199.630581,88.01555773,69.87070335
BAU_Normal,2028,m9,E004_Paute_Molino,120,288.6461387,0,448.6042073
BAU_Normal,2028,m9,E005_Pucara,25,32.36195776,267.6380422,31.71471861
BAU_Normal,2028,m9,N039_Paute_Cardenillo,3.0825,0,1,0
BAU_Normal,2028,m10,E003_Mazar,206.5675572,178.0425668,157.93734,62.3148984
BAU_Normal,2028,m10,E004_Paute_Molino,120,336.9799068,0,523.7229385
BAU_Normal,2028,m10,E005_Pucara,25,30.01474961,269.9852504,29.41445461
BAU_Normal,2028,m10,N039_Paute_Cardenillo,3.0825,0,1,0
BAU_Normal,2028,m11,E003_Mazar,205,208.6015103,54.96604694,73.01052859
BAU_Normal,2028,m11,E004_Paute_Molino,89.63986572,294.9276915,0,458.3667872
BAU_Normal,2028,m11,E005_Pucara,25,32.43129535,267.5687046,31.78266945
BAU_Normal,2028,m11,N039_Paute_Cardenillo,3.0825,0,1,0
BAU_Normal,2028,m12,E003_Mazar,205,188.4591909,73.54080909,65.96071682
BAU_Normal,2028,m12,E004_Paute_Molino,60,292.6398657,0,454.8111246
BAU_Normal,2028,m12,E005_Pucara,25,35.15168542,264.8483146,34.44865171
BAU_Normal,2028,m12,N039_Paute_Cardenillo,4.0825,0,0,0
BAU_Normal,2029,m1,E003_Mazar,206.2068044,212.9695678,47.82362781,74.53934873
BAU_Normal,2029,m1,E004_Paute_Molino,60,261.7931956,0,406.8702582
BAU_Normal,2029,m1,E005_Pucara,25,33.34290877,266.6570912,32.6760506
BAU_Normal,2029,m1,N039_Paute_Cardenillo,4.0825,0,0,0
BAU_Normal,2029,m2,E003_Mazar,205,210.6826788,52.52412555,73.73893759
BAU_Normal,2029,m2,E004_Paute_Molino,60,264.2068044,0,410.6214085
BAU_Normal,2029,m2,E005_Pucara,25,31.54483426,268.4551657,30.91393757
BAU_Normal,2029,m2,N039_Paute_Cardenillo,5.0825,0,0,0
BAU_Normal,2029,m3,E003_Mazar,205,0,262,0
BAU_Normal,2029,m3,E004_Paute_Molino,60,263,0,408.7458333
BAU_Normal,2029,m3,E005_Pucara,25,45.22505276,254.7749472,44.32055171
BAU_Normal,2029,m3,N039_Paute_Cardenillo,6.0825,0,0,0
BAU_Normal,2029,m4,E003_Mazar,211.875417,0,255.124583,0
BAU_Normal,2029,m4,E004_Paute_Molino,60,256.124583,0,398.0602895
BAU_Normal,2029,m4,E005_Pucara,25,42.89682481,257.1031752,42.03888831
BAU_Normal,2029,m4,N039_Paute_Cardenillo,7.0825,0,0,0
BAU_Normal,2029,m5,E003_Mazar,205,0,268.875417,0
BAU_Normal,2029,m5,E004_Paute_Molino,60,269.875417,0,419.4313772
BAU_Normal,2029,m5,E005_Pucara,25,48.71164893,251.2883511,47.73741595
BAU_Normal,2029,m5,N039_Paute_Cardenillo,8.0825,0,0,0
BAU_Normal,2029,m6,E003_Mazar,212.8203098,0,254.1796902,0
BAU_Normal,2029,m6,E004_Paute_Molino,60,255.1796902,0,396.5917685
BAU_Normal,2029,m6,E005_Pucara,25,44.48811375,255.5118862,43.59835148
BAU_Normal,2029,m6,N039_Paute_Cardenillo,9.0825,0,0,0
BAU_Normal,2029,m7,E003_Mazar,205,0,269.8203098,0
BAU_Normal,2029,m7,E004_Paute_Molino,89.15231211,241.6679977,0,375.5923464
BAU_Normal,2029,m7,E005_Pucara,25,46.41878523,253.5812148,45.49040952
BAU_Normal,2029,m7,N039_Paute_Cardenillo,3.0825,0,7,0
BAU_Normal,2029,m8,E003_Mazar,208.8500963,0,258.1499037,0
BAU_Normal,2029,m8,E004_Paute_Molino,120,228.3022158,0,354.8196937
BAU_Normal,2029,m8,E005_Pucara,25,48.61079915,251.3892009,47.63858316
BAU_Normal,2029,m8,N039_Paute_Cardenillo,3.0825,0,1,0
BAU_Normal,2029,m9,E003_Mazar,205,172.1749816,93.67511477,60.26124355
BAU_Normal,2029,m9,E004_Paute_Molino,108.9668858,277.8832105,0,431.876823
BAU_Normal,2029,m9,E005_Pucara,25,27.87993699,272.120063,27.32233825
BAU_Normal,2029,m9,N039_Paute_Cardenillo,3.0825,0,1,0
BAU_Normal,2029,m10,E003_Mazar,205,182.4779371,79.5220629,63.86727799
BAU_Normal,2029,m10,E004_Paute_Molino,80.83329906,291.1335868,0,452.4701161
BAU_Normal,2029,m10,E005_Pucara,25,28.73434672,271.2656533,28.15965979
BAU_Normal,2029,m10,N039_Paute_Cardenillo,3.0825,0,1,0
BAU_Normal,2029,m11,E003_Mazar,205,181.3143948,80.68560521,63.46003818
BAU_Normal,2029,m11,E004_Paute_Molino,75.21040368,268.6228954,0,417.4847499
BAU_Normal,2029,m11,E005_Pucara,25,31.96614498,268.033855,31.32682208
BAU_Normal,2029,m11,N039_Paute_Cardenillo,3.0825,0,1,0
BAU_Normal,2029,m12,E003_Mazar,206.2068044,199.8355088,60.95768684,69.94242807
BAU_Normal,2029,m12,E004_Paute_Molino,60,277.0035993,0,430.5097606
BAU_Normal,2029,m12,E005_Pucara,25,29.32806452,270.6719355,28.74150323
BAU_Normal,2029,m12,N039_Paute_Cardenillo,4.0825,0,0,0
BAU_Normal,2030,m1,E003_Mazar,205,216.7454775,45.25452254,75.86091711
BAU_Normal,2030,m1,E004_Paute_Molino,60,263,0,408.7458333
BAU_Normal,2030,m1,E005_Pucara,25,34.79680014,265.2031999,34.10086414
BAU_Normal,2030,m1,N039_Paute_Cardenillo,4.0825,0,0,0
BAU_Normal,2030,m2,E003_Mazar,205,219.1412097,42.85879031,76.69942339
BAU_Normal,2030,m2,E004_Paute_Molino,60,263,0,408.7458333
BAU_Normal,2030,m2,E005_Pucara,25,28.72852036,271.2714796,28.15394996
BAU_Normal,2030,m2,N039_Paute_Cardenillo,5.0825,0,0,0
BAU_Normal,2030,m3,E003_Mazar,274.7329812,0,192.2670188,0
BAU_Normal,2030,m3,E004_Paute_Molino,60,193.2670188,0,300.3691584
BAU_Normal,2030,m3,E005_Pucara,25,48.68266405,251.317336,47.70901077
BAU_Normal,2030,m3,N039_Paute_Cardenillo,6.0825,0,0,0
BAU_Normal,2030,m4,E003_Mazar,230.8195402,0,305.913441,0
BAU_Normal,2030,m4,E004_Paute_Molino,60,306.913441,0,476.9946395
BAU_Normal,2030,m4,E005_Pucara,25,46.44446149,253.5555385,45.51557226
BAU_Normal,2030,m4,N039_Paute_Cardenillo,7.0825,0,0,0
BAU_Normal,2030,m5,E003_Mazar,205,0,287.8195402,0
BAU_Normal,2030,m5,E004_Paute_Molino,120,228.8195402,0,355.6237021
BAU_Normal,2030,m5,E005_Pucara,25,44.87889241,255.1211076,43.98131457
BAU_Normal,2030,m5,N039_Paute_Cardenillo,8.0825,0,0,0
BAU_Normal,2030,m6,E003_Mazar,313.571593,0,153.428407,0
BAU_Normal,2030,m6,E004_Paute_Molino,60,214.428407,0,333.2574825
BAU_Normal,2030,m6,E005_Pucara,25,46.06552822,253.9344718,45.14421766
BAU_Normal,2030,m6,N039_Paute_Cardenillo,9.0825,0,0,0
BAU_Normal,2030,m7,E003_Mazar,407.55046,0,168.021133,0
BAU_Normal,2030,m7,E004_Paute_Molino,60,169.021133,0,262.6870108
BAU_Normal,2030,m7,E005_Pucara,25,48.35305183,251.6469482,47.38599079
BAU_Normal,2030,m7,N039_Paute_Cardenillo,3.0825,0,7,0
BAU_Normal,2030,m8,E003_Mazar,330.0333981,0,339.5170619,0
BAU_Normal,2030,m8,E004_Paute_Molino,120,280.5170619,0,435.970267
BAU_Normal,2030,m8,E005_Pucara,25,45.78738192,254.2126181,44.87163428
BAU_Normal,2030,m8,N039_Paute_Cardenillo,3.0825,0,1,0
BAU_Normal,2030,m9,E003_Mazar,266.0908215,197.0816854,128.8608912,68.97858989
BAU_Normal,2030,m9,E004_Paute_Molino,120,326.9425766,0,508.1232545
BAU_Normal,2030,m9,E005_Pucara,25,36.84600764,263.1539924,36.10908749
BAU_Normal,2030,m9,N039_Paute_Cardenillo,3.0825,0,1,0
BAU_Normal,2030,m10,E003_Mazar,205,164.0105565,159.080265,57.40369478
BAU_Normal,2030,m10,E004_Paute_Molino,113.0693942,331.0214273,0,514.4624682
BAU_Normal,2030,m10,E005_Pucara,25,32.81132016,267.1886798,32.15509376
BAU_Normal,2030,m10,N039_Paute_Cardenillo,3.0825,0,1,0
BAU_Normal,2030,m11,E003_Mazar,205,177.973175,84.02682497,62.29061126
BAU_Normal,2030,m11,E004_Paute_Molino,60,316.0693942,0,491.2245169
BAU_Normal,2030,m11,E005_Pucara,25,26.80161037,273.1983896,26.26557816
BAU_Normal,2030,m11,N039_Paute_Cardenillo,3.0825,0,1,0
BAU_Normal,2030,m12,E003_Mazar,205,201.280485,60.719515,70.44816975
BAU_Normal,2030,m12,E004_Paute_Molino,60,263,0,408.7458333
BAU_Normal,2030,m12,E005_Pucara,25,29.94436017,270.0556398,29.34547297
BAU_Normal,2030,m12,N039_Paute_Cardenillo,4.0825,0,0,0
BAU_Normal,2031,m1,E003_Mazar,212.7394451,249.6734103,4.587144621,87.38569361
BAU_Normal,2031,m1,E004_Paute_Molino,60,255.2605549,0,396.7174458
BAU_Normal,2031,m1,E005_Pucara,25,35.60010595,264.3998941,34.88810383
BAU_Normal,2031,m1,N039_Paute_Cardenillo,4.0825,0,0,0
BAU_Normal,2031,m2,E003_Mazar,205,205.7804925,63.95895261,72.02317236
BAU_Normal,2031,m2,E004_Paute_Molino,60,270.7394451,0,420.7742209
BAU_Normal,2031,m2,E005_Pucara,25,34.26841031,265.7315897,33.5830421
BAU_Normal,2031,m2,N039_Paute_Cardenillo,5.0825,0,0,0
BAU_Normal,2031,m3,E003_Mazar,205,262,0,91.7
BAU_Normal,2031,m3,E004_Paute_Molino,60,263,0,408.7458333
BAU_Normal,2031,m3,E005_Pucara,25,45.37785675,254.6221432,44.47029962
BAU_Normal,2031,m3,N039_Paute_Cardenillo,6.0825,0,0,0
BAU_Normal,2031,m4,E003_Mazar,210.8026823,256.1973177,0,89.66906119
BAU_Normal,2031,m4,E004_Paute_Molino,120,197.1973177,0,306.4774979
BAU_Normal,2031,m4,E005_Pucara,25,45.35489699,254.645103,44.44779905
BAU_Normal,2031,m4,N039_Paute_Cardenillo,7.0825,0,0,0
BAU_Normal,2031,m5,E003_Mazar,205,267.8026823,0,93.73093881
BAU_Normal,2031,m5,E004_Paute_Molino,60,328.8026823,0,511.0141687
BAU_Normal,2031,m5,E005_Pucara,25,45.02592792,254.9740721,44.12540936
BAU_Normal,2031,m5,N039_Paute_Cardenillo,8.0825,0,0,0
BAU_Normal,2031,m6,E003_Mazar,205,139.0438702,122.9561298,48.66535459
BAU_Normal,2031,m6,E004_Paute_Molino,60,263,0,408.7458333
BAU_Normal,2031,m6,E005_Pucara,25,45.08399751,254.9160025,44.18231756
BAU_Normal,2031,m6,N039_Paute_Cardenillo,9.0825,0,0,0
BAU_Normal,2031,m7,E003_Mazar,323.8498639,0,143.1501361,0
BAU_Normal,2031,m7,E004_Paute_Molino,60,144.1501361,0,224.0333365
BAU_Normal,2031,m7,E005_Pucara,25,47.27409966,252.7259003,46.32861767
BAU_Normal,2031,m7,N039_Paute_Cardenillo,3.0825,0,7,0
BAU_Normal,2031,m8,E003_Mazar,284.610615,0,301.239249,0
BAU_Normal,2031,m8,E004_Paute_Molino,120,242.239249,0,376.4801661
BAU_Normal,2031,m8,E005_Pucara,25,48.66406922,251.3359308,47.69078784
BAU_Normal,2031,m8,N039_Paute_Cardenillo,3.0825,0,1,0
BAU_Normal,2031,m9,E003_Mazar,270.1913129,190.5399509,85.87935114,66.68898283
BAU_Normal,2031,m9,E004_Paute_Molino,120,277.4193021,0,431.155832
BAU_Normal,2031,m9,E005_Pucara,25,27.77071116,272.2292888,27.21529694
BAU_Normal,2031,m9,N039_Paute_Cardenillo,3.0825,0,1,0
BAU_Normal,2031,m10,E003_Mazar,240.5754294,172.2756505,119.3402329,60.29647768
BAU_Normal,2031,m10,E004_Paute_Molino,120,292.6158835,0,454.7738522
BAU_Normal,2031,m10,E005_Pucara,25,35.99876478,264.0012352,35.27878948
BAU_Normal,2031,m10,N039_Paute_Cardenillo,3.0825,0,1,0
BAU_Normal,2031,m11,E003_Mazar,205,178.1257255,119.4497039,62.34400391
BAU_Normal,2031,m11,E004_Paute_Molino,90.01427522,328.5611542,0,510.6387938
BAU_Normal,2031,m11,E005_Pucara,25,35.38378956,264.6162104,34.67611377
BAU_Normal,2031,m11,N039_Paute_Cardenillo,3.0825,0,1,0
BAU_Normal,2031,m12,E003_Mazar,212.7394451,190.4917058,63.76884915,66.67209702
BAU_Normal,2031,m12,E004_Paute_Molino,60,285.2748301,0,443.3646319
BAU_Normal,2031,m12,E005_Pucara,25,33.16221809,266.8377819,32.49897372
BAU_Normal,2031,m12,N039_Paute_Cardenillo,4.0825,0,0,0
BAU_Normal,2032,m1,E003_Mazar,205,224.3224518,37.67754822,78.51285812
BAU_Normal,2032,m1,E004_Paute_Molino,60,263,0,408.7458333
BAU_Normal,2032,m1,E005_Pucara,25,31.56031205,268.4396879,30.92910581
BAU_Normal,2032,m1,N039_Paute_Cardenillo,4.0825,0,0,0
BAU_Normal,2032,m2,E003_Mazar,215.6944098,229.6089976,21.69659261,80.36314915
BAU_Normal,2032,m2,E004_Paute_Molino,60,252.3055902,0,392.1249381
BAU_Normal,2032,m2,E005_Pucara,25,35.93035588,264.0696441,35.21174877
BAU_Normal,2032,m2,N039_Paute_Cardenillo,5.0825,0,0,0
BAU_Normal,2032,m3,E003_Mazar,205,272.6944098,0,95.44304344
BAU_Normal,2032,m3,E004_Paute_Molino,120,213.6944098,0,332.1167286
BAU_Normal,2032,m3,E005_Pucara,25,47.6203514,252.3796486,46.66794437
BAU_Normal,2032,m3,N039_Paute_Cardenillo,6.0825,0,0,0
BAU_Normal,2032,m4,E003_Mazar,205,262,0,91.7
BAU_Normal,2032,m4,E004_Paute_Molino,60,323,0,501.9958333
BAU_Normal,2032,m4,E005_Pucara,25,44.81663753,255.1833625,43.92030478
BAU_Normal,2032,m4,N039_Paute_Cardenillo,7.0825,0,0,0
BAU_Normal,2032,m5,E003_Mazar,205,262,0,91.7
BAU_Normal,2032,m5,E004_Paute_Molino,60,263,0,408.7458333
BAU_Normal,2032,m5,E005_Pucara,25,48.30171401,251.698286,47.33567973
BAU_Normal,2032,m5,N039_Paute_Cardenillo,8.0825,0,0,0
BAU_Normal,2032,m6,E003_Mazar,205,262,0,91.7
BAU_Normal,2032,m6,E004_Paute_Molino,60,263,0,408.7458333
BAU_Normal,2032,m6,E005_Pucara,25,48.99949536,251.0005046,48.01950545
BAU_Normal,2032,m6,N039_Paute_Cardenillo,9.0825,0,0,0
BAU_Normal,2032,m7,E003_Mazar,205,262,0,91.7
BAU_Normal,2032,m7,E004_Paute_Molino,61.77966657,261.2203334,0,405.9799349
BAU_Normal,2032,m7,E005_Pucara,25,47.95064528,252.0493547,46.99163238
BAU_Normal,2032,m7,N039_Paute_Cardenillo,3.0825,0,7,0
BAU_Normal,2032,m8,E003_Mazar,205,262,0,91.7
BAU_Normal,2032,m8,E004_Paute_Molino,97.3709936,227.408673,0,353.4309792
BAU_Normal,2032,m8,E005_Pucara,25,49.8285684,250.1714316,48.83199703
BAU_Normal,2032,m8,N039_Paute_Cardenillo,3.0825,0,1,0
BAU_Normal,2032,m9,E003_Mazar,205,184.8604504,77.13954958,64.70115765
BAU_Normal,2032,m9,E004_Paute_Molino,87.82000243,272.5509912,0,423.5896654
BAU_Normal,2032,m9,E005_Pucara,25,31.79733444,268.2026656,31.16138775
BAU_Normal,2032,m9,N039_Paute_Cardenillo,3.0825,0,1,0
BAU_Normal,2032,m10,E003_Mazar,205,195.6994062,66.30059383,68.49479216
BAU_Normal,2032,m10,E004_Paute_Molino,100.3255343,250.4944681,0,389.3101525
BAU_Normal,2032,m10,E005_Pucara,25,28.50274825,271.4972517,27.93269329
BAU_Normal,2032,m10,N039_Paute_Cardenillo,3.0825,0,1,0
BAU_Normal,2032,m11,E003_Mazar,205,152.0650032,109.9349968,53.22275112
BAU_Normal,2032,m11,E004_Paute_Molino,81.6626504,281.6628839,0,437.7510654
BAU_Normal,2032,m11,E005_Pucara,25,29.05388207,270.9461179,28.47280443
BAU_Normal,2032,m11,N039_Paute_Cardenillo,3.0825,0,1,0
BAU_Normal,2032,m12,E003_Mazar,205,207.3177199,54.68228012,72.56120196
BAU_Normal,2032,m12,E004_Paute_Molino,60,284.6626504,0,442.4132025
BAU_Normal,2032,m12,E005_Pucara,25,32.53586574,267.4641343,31.88514843
BAU_Normal,2032,m12,N039_Paute_Cardenillo,4.0825,0,0,0
BAU_Normal,2033,m1,E003_Mazar,205,183.1681153,78.83188475,64.10884034
BAU_Normal,2033,m1,E004_Paute_Molino,60,263,0,408.7458333
BAU_Normal,2033,m1,E005_Pucara,25,31.89097464,268.1090254,31.25315515
BAU_Normal,2033,m1,N039_Paute_Cardenillo,4.0825,0,0,0
BAU_Normal,2033,m2,E003_Mazar,237.5779294,229.4220706,0,80.29772471
BAU_Normal,2033,m2,E004_Paute_Molino,67.44135839,222.9807122,0,346.5491902
BAU_Normal,2033,m2,E005_Pucara,25,32.61469309,267.3853069,31.96239923
BAU_Normal,2033,m2,N039_Paute_Cardenillo,5.0825,0,0,0
BAU_Normal,2033,m3,E003_Mazar,205,294.5779294,0,103.1022753
BAU_Normal,2033,m3,E004_Paute_Molino,118.0378937,244.9813941,0,380.7419167
BAU_Normal,2033,m3,E005_Pucara,25,48.41773909,251.5822609,47.44938431
BAU_Normal,2033,m3,N039_Paute_Cardenillo,6.0825,0,0,0
BAU_Normal,2033,m4,E003_Mazar,205,262,0,91.7
BAU_Normal,2033,m4,E004_Paute_Molino,101.6754572,279.3624365,0,434.1757867
BAU_Normal,2033,m4,E005_Pucara,25,43.76610559,256.2338944,42.89078348
BAU_Normal,2033,m4,N039_Paute_Cardenillo,7.0825,0,0,0
BAU_Normal,2033,m5,E003_Mazar,205,262,0,91.7
BAU_Normal,2033,m5,E004_Paute_Molino,60,304.6754572,0,473.5164397
BAU_Normal,2033,m5,E005_Pucara,25,45.18573923,254.8142608,44.28202444
BAU_Normal,2033,m5,N039_Paute_Cardenillo,8.0825,0,0,0
BAU_Normal,2033,m6,E003_Mazar,205,262,0,91.7
BAU_Normal,2033,m6,E004_Paute_Molino,60,263,0,408.7458333
BAU_Normal,2033,m6,E005_Pucara,25,47.34682557,252.6531744,46.39988906
BAU_Normal,2033,m6,N039_Paute_Cardenillo,9.0825,0,0,0
BAU_Normal,2033,m7,E003_Mazar,205,0,262,0
BAU_Normal,2033,m7,E004_Paute_Molino,119.0956333,203.9043667,0,316.9013699
BAU_Normal,2033,m7,E005_Pucara,25,46.66267892,253.3373211,45.72942534
BAU_Normal,2033,m7,N039_Paute_Cardenillo,3.0825,0,7,0
BAU_Normal,2033,m8,E003_Mazar,254.0606584,0,212.9393416,0
BAU_Normal,2033,m8,E004_Paute_Molino,60,273.0349749,0,424.3418568
BAU_Normal,2033,m8,E005_Pucara,25,49.84043021,250.1595698,48.84362161
BAU_Normal,2033,m8,N039_Paute_Cardenillo,3.0825,0,1,0
BAU_Normal,2033,m9,E003_Mazar,205,175.1832478,135.8774107,61.31413671
BAU_Normal,2033,m9,E004_Paute_Molino,88.51824397,283.5424144,0,440.6721691
BAU_Normal,2033,m9,E005_Pucara,25,30.3462615,269.6537385,29.73933627
BAU_Normal,2033,m9,N039_Paute_Cardenillo,3.0825,0,1,0
BAU_Normal,2033,m10,E003_Mazar,205,168.0778547,93.92214533,58.82724914
BAU_Normal,2033,m10,E004_Paute_Molino,63.02743541,288.4908086,0,448.3627983
BAU_Normal,2033,m10,E005_Pucara,25,33.27289295,266.727107,32.60743509
BAU_Normal,2033,m10,N039_Paute_Cardenillo,3.0825,0,1,0
BAU_Normal,2033,m11,E003_Mazar,205,168.1499878,93.85001219,58.85249573
BAU_Normal,2033,m11,E004_Paute_Molino,63.79142112,262.2360143,0,407.5584722
BAU_Normal,2033,m11,E005_Pucara,25,35.30400515,264.6959948,34.59792505
BAU_Normal,2033,m11,N039_Paute_Cardenillo,3.0825,0,1,0
BAU_Normal,2033,m12,E003_Mazar,205,178.6933179,83.30668205,62.54266128
BAU_Normal,2033,m12,E004_Paute_Molino,60,266.7914211,0,414.6383337
BAU_Normal,2033,m12,E005_Pucara,25,29.3186594,270.6813406,28.73228622
BAU_Normal,2033,m12,N039_Paute_Cardenillo,4.0825,0,0,0
BAU_Normal,2034,m1,E003_Mazar,205,213.0482676,48.95173242,74.56689365
BAU_Normal,2034,m1,E004_Paute_Molino,76.02129813,246.9787019,0,383.8460658
BAU_Normal,2034,m1,E005_Pucara,25,33.72555253,266.2744475,33.05104148
BAU_Normal,2034,m1,N039_Paute_Cardenillo,4.0825,0,0,0
BAU_Normal,2034,m2,E003_Mazar,217.3204208,163.014438,86.66514128,57.05505329
BAU_Normal,2034,m2,E004_Paute_Molino,60,266.7008774,0,414.4976136
BAU_Normal,2034,m2,E005_Pucara,25,34.66991062,265.3300894,33.97651241
BAU_Normal,2034,m2,N039_Paute_Cardenillo,5.0825,0,0,0
BAU_Normal,2034,m3,E003_Mazar,221.2146853,258.1057355,0,90.33700742
BAU_Normal,2034,m3,E004_Paute_Molino,60,259.1057355,0,402.6934972
BAU_Normal,2034,m3,E005_Pucara,25,49.18965299,250.810347,48.20585993
BAU_Normal,2034,m3,N039_Paute_Cardenillo,6.0825,0,0,0
BAU_Normal,2034,m4,E003_Mazar,209.5314205,273.6832647,0,95.78914266
BAU_Normal,2034,m4,E004_Paute_Molino,70.22444523,264.4588195,0,411.013082
BAU_Normal,2034,m4,E005_Pucara,25,47.01078252,252.9892175,46.07056687
BAU_Normal,2034,m4,N039_Paute_Cardenillo,7.0825,0,0,0
BAU_Normal,2034,m5,E003_Mazar,205,266.5314205,0,93.28599719
BAU_Normal,2034,m5,E004_Paute_Molino,60,277.7558658,0,431.6789081
BAU_Normal,2034,m5,E005_Pucara,25,48.82273708,251.1772629,47.84628233
BAU_Normal,2034,m5,N039_Paute_Cardenillo,8.0825,0,0,0
BAU_Normal,2034,m6,E003_Mazar,205,60.4439495,201.5560505,21.15538232
BAU_Normal,2034,m6,E004_Paute_Molino,60,263,0,408.7458333
BAU_Normal,2034,m6,E005_Pucara,25,46.15493092,253.8450691,45.2318323
BAU_Normal,2034,m6,N039_Paute_Cardenillo,9.0825,0,0,0
BAU_Normal,2034,m7,E003_Mazar,205,0,262,0
BAU_Normal,2034,m7,E004_Paute_Molino,60,263,0,408.7458333
BAU_Normal,2034,m7,E005_Pucara,25,43.93720554,256.0627945,43.05846143
BAU_Normal,2034,m7,N039_Paute_Cardenillo,3.0825,0,7,0
BAU_Normal,2034,m8,E003_Mazar,205,0,262,0
BAU_Normal,2034,m8,E004_Paute_Molino,108.5426465,214.4573535,0,333.3024703
BAU_Normal,2034,m8,E005_Pucara,25,46.37296301,253.627037,45.44550375
BAU_Normal,2034,m8,N039_Paute_Cardenillo,3.0825,0,1,0
BAU_Normal,2034,m9,E003_Mazar,205,184.3429238,77.65707617,64.52002334
BAU_Normal,2034,m9,E004_Paute_Molino,112.0040436,259.5386029,0,403.3662453
BAU_Normal,2034,m9,E005_Pucara,25,30.10966591,269.8903341,29.5074726
BAU_Normal,2034,m9,N039_Paute_Cardenillo,3.0825,0,1,0
BAU_Normal,2034,m10,E003_Mazar,205,191.4738443,70.5261557,67.01584551
BAU_Normal,2034,m10,E004_Paute_Molino,60,315.0040436,0,489.5687844
BAU_Normal,2034,m10,E005_Pucara,25,30.60062858,269.3993714,29.98861601
BAU_Normal,2034,m10,N039_Paute_Cardenillo,3.0825,0,1,0
BAU_Normal,2034,m11,E003_Mazar,205,202.064042,59.935958,70.7224147
BAU_Normal,2034,m11,E004_Paute_Molino,60,263,0,408.7458333
BAU_Normal,2034,m11,E005_Pucara,25,33.07007381,266.9299262,32.40867233
BAU_Normal,2034,m11,N039_Paute_Cardenillo,3.0825,0,1,0
BAU_Normal,2034,m12,E003_Mazar,205,198.6309696,63.36903041,69.52083936
BAU_Normal,2034,m12,E004_Paute_Molino,76.02129813,246.9787019,0,383.8460658
BAU_Normal,2034,m12,E005_Pucara,25,30.83710207,269.1628979,30.22036003
BAU_Normal,2034,m12,N039_Paute_Cardenillo,4.0825,0,0,0
BAU_Normal,2035,m1,E003_Mazar,205,183.8980443,78.10195574,64.36431549
BAU_Normal,2035,m1,E004_Paute_Molino,105.3405632,217.6594368,0,338.2790413
BAU_Normal,2035,m1,E005_Pucara,25,36.87823021,263.1217698,36.1406656
BAU_Normal,2035,m1,N039_Paute_Cardenillo,4.0825,0,0,0
BAU_Normal,2035,m2,E003_Mazar,249.0170013,185.2743325,32.70866617,64.84601638
BAU_Normal,2035,m2,E004_Paute_Molino,60,264.3235619,0,410.8028691
BAU_Normal,2035,m2,E005_Pucara,25,32.96616504,267.033835,32.30684174
BAU_Normal,2035,m2,N039_Paute_Cardenillo,5.0825,0,0,0
BAU_Normal,2035,m3,E003_Mazar,228.5053053,282.511696,0,98.8790936
BAU_Normal,2035,m3,E004_Paute_Molino,60,283.511696,0,440.6244275
BAU_Normal,2035,m3,E005_Pucara,25,44.65736882,255.3426312,43.76422145
BAU_Normal,2035,m3,N039_Paute_Cardenillo,6.0825,0,0,0
BAU_Normal,2035,m4,E003_Mazar,218.2612756,272.2440298,0,95.28541042
BAU_Normal,2035,m4,E004_Paute_Molino,61.19443178,272.049598,0,422.8104169
BAU_Normal,2035,m4,E005_Pucara,25,44.81158173,255.1884183,43.91535009
BAU_Normal,2035,m4,N039_Paute_Cardenillo,7.0825,0,0,0
BAU_Normal,2035,m5,E003_Mazar,205,275.2612756,0,96.34144645
BAU_Normal,2035,m5,E004_Paute_Molino,60,277.4557073,0,431.2124118
BAU_Normal,2035,m5,E005_Pucara,25,46.27636378,253.7236362,45.35083651
BAU_Normal,2035,m5,N039_Paute_Cardenillo,8.0825,0,0,0
BAU_Normal,2035,m6,E003_Mazar,205,62.68423157,199.3157684,21.93948105
BAU_Normal,2035,m6,E004_Paute_Molino,60,263,0,408.7458333
BAU_Normal,2035,m6,E005_Pucara,25,47.27251501,252.727485,46.32706471
BAU_Normal,2035,m6,N039_Paute_Cardenillo,9.0825,0,0,0
BAU_Normal,2035,m7,E003_Mazar,205,0,262,0
BAU_Normal,2035,m7,E004_Paute_Molino,62.64347268,260.3565273,0,404.6374362
BAU_Normal,2035,m7,E005_Pucara,25,44.77594876,255.2240512,43.88042978
BAU_Normal,2035,m7,N039_Paute_Cardenillo,3.0825,0,7,0
BAU_Normal,2035,m8,E003_Mazar,205,0,262,0
BAU_Normal,2035,m8,E004_Paute_Molino,65.81299674,259.8304759,0,403.8198647
BAU_Normal,2035,m8,E005_Pucara,25,44.94704541,255.0529546,44.0481045
BAU_Normal,2035,m8,N039_Paute_Cardenillo,3.0825,0,1,0
BAU_Normal,2035,m9,E003_Mazar,205,151.843918,110.156082,53.14537131
BAU_Normal,2035,m9,E004_Paute_Molino,76.0384481,252.7745486,0,392.8537777
BAU_Normal,2035,m9,E005_Pucara,25,30.706324,269.293676,30.09219752
BAU_Normal,2035,m9,N039_Paute_Cardenillo,3.0825,0,1,0
BAU_Normal,2035,m10,E003_Mazar,205,199.5058378,62.49416222,69.82704322
BAU_Normal,2035,m10,E004_Paute_Molino,87.11115337,251.9272947,0,391.5370039
BAU_Normal,2035,m10,E005_Pucara,25,33.74139402,266.258606,33.06656614
BAU_Normal,2035,m10,N039_Paute_Cardenillo,3.0825,0,1,0
BAU_Normal,2035,m11,E003_Mazar,205,193.8621435,68.13785647,67.85175024
BAU_Normal,2035,m11,E004_Paute_Molino,66.89232563,283.2188277,0,440.1692614
BAU_Normal,2035,m11,E005_Pucara,25,33.12098951,266.8790105,32.45856972
BAU_Normal,2035,m11,N039_Paute_Cardenillo,3.0825,0,1,0
BAU_Normal,2035,m12,E003_Mazar,205,196.3285355,65.67146451,68.71498742
BAU_Normal,2035,m12,E004_Paute_Molino,105.3405632,224.5517624,0,348.9908641
BAU_Normal,2035,m12,E005_Pucara,25,31.43049438,268.5695056,30.80188449
BAU_Normal,2035,m12,N039_Paute_Cardenillo,4.0825,0,0,0
BAU_Normal,2036,m1,E003_Mazar,220.5990651,180.3037563,66.09717857,63.10631471
BAU_Normal,2036,m1,E004_Paute_Molino,60,247.4009349,0,384.5022863
BAU_Normal,2036,m1,E005_Pucara,25,29.57876579,270.4212342,28.98719048
BAU_Normal,2036,m1,N039_Paute_Cardenillo,4.0825,0,0,0
BAU_Normal,2036,m2,E003_Mazar,221.9600774,188.8162996,71.82268812,66.08570487
BAU_Normal,2036,m2,E004_Paute_Molino,70.83287559,250.8061122,0,389.7944993
BAU_Normal,2036,m2,E005_Pucara,25,34.50339583,265.4966042,33.81332792
BAU_Normal,2036,m2,N039_Paute_Cardenillo,5.0825,0,0,0
BAU_Normal,2036,m3,E003_Mazar,220.2063119,263.7537655,0,92.31381793
BAU_Normal,2036,m3,E004_Paute_Molino,65.88386379,269.7027773,0,419.1630664
BAU_Normal,2036,m3,E005_Pucara,25,49.09198282,250.9080172,48.11014316
BAU_Normal,2036,m3,N039_Paute_Cardenillo,6.0825,0,0,0
BAU_Normal,2036,m4,E003_Mazar,217.2488923,264.9574196,0,92.73509685
BAU_Normal,2036,m4,E004_Paute_Molino,60,271.8412834,0,422.4866612
BAU_Normal,2036,m4,E005_Pucara,25,49.01696243,250.9830376,48.03662319
BAU_Normal,2036,m4,N039_Paute_Cardenillo,7.0825,0,0,0
BAU_Normal,2036,m5,E003_Mazar,205,274.2488923,0,95.98711231
BAU_Normal,2036,m5,E004_Paute_Molino,60,275.2488923,0,427.7826535
BAU_Normal,2036,m5,E005_Pucara,25,49.32691674,250.6730833,48.34037841
BAU_Normal,2036,m5,N039_Paute_Cardenillo,8.0825,0,0,0
BAU_Normal,2036,m6,E003_Mazar,205,0,262,0
BAU_Normal,2036,m6,E004_Paute_Molino,70.13911255,252.8608875,0,392.9879626
BAU_Normal,2036,m6,E005_Pucara,25,45.69130973,254.3086903,44.77748353
BAU_Normal,2036,m6,N039_Paute_Cardenillo,9.0825,0,0,0
BAU_Normal,2036,m7,E003_Mazar,205,0,262,0
BAU_Normal,2036,m7,E004_Paute_Molino,60,273.1391125,0,424.5037041
BAU_Normal,2036,m7,E005_Pucara,25,46.54747444,253.4525256,45.61652495
BAU_Normal,2036,m7,N039_Paute_Cardenillo,3.0825,0,7,0
BAU_Normal,2036,m8,E003_Mazar,216.6026386,0,250.3973614,0
BAU_Normal,2036,m8,E004_Paute_Molino,60,251.3973614,0,390.7133992
BAU_Normal,2036,m8,E005_Pucara,25,49.00686389,250.9931361,48.02672661
BAU_Normal,2036,m8,N039_Paute_Cardenillo,3.0825,0,1,0
BAU_Normal,2036,m9,E003_Mazar,205,190.8580549,82.74458362,66.80031923
BAU_Normal,2036,m9,E004_Paute_Molino,90.46889805,244.1337405,0,379.4245217
BAU_Normal,2036,m9,E005_Pucara,25,27.35243925,272.6475608,26.80539046
BAU_Normal,2036,m9,N039_Paute_Cardenillo,3.0825,0,1,0
BAU_Normal,2036,m10,E003_Mazar,205,154.9686389,107.0313611,54.2390236
BAU_Normal,2036,m10,E004_Paute_Molino,102.2514903,251.2174077,0,390.4337212
BAU_Normal,2036,m10,E005_Pucara,25,35.09548914,264.9045109,34.39357936
BAU_Normal,2036,m10,N039_Paute_Cardenillo,3.0825,0,1,0
BAU_Normal,2036,m11,E003_Mazar,205,176.7237747,85.27622533,61.85332113
BAU_Normal,2036,m11,E004_Paute_Molino,81.36311669,283.8883736,0,441.2098474
BAU_Normal,2036,m11,E005_Pucara,25,31.14256139,268.8574386,30.51971016
BAU_Normal,2036,m11,N039_Paute_Cardenillo,3.0825,0,1,0
BAU_Normal,2036,m12,E003_Mazar,220.5990651,198.3187287,48.0822062,69.41155503
BAU_Normal,2036,m12,E004_Paute_Molino,60,268.7640516,0,417.7041301
BAU_Normal,2036,m12,E005_Pucara,25,36.14616737,263.8538326,35.42324402
BAU_Normal,2036,m12,N039_Paute_Cardenillo,4.0825,0,0,0
BAU_Normal,2037,m1,E003_Mazar,205,180.8900369,81.10996306,63.31151293
BAU_Normal,2037,m1,E004_Paute_Molino,64.1046157,258.8953843,0,402.3665764
BAU_Normal,2037,m1,E005_Pucara,25,0,300,0
BAU_Normal,2037,m1,N039_Paute_Cardenillo,4.0825,0,0,0
BAU_Normal,2037,m2,E003_Mazar,205,150.572591,111.427409,52.70040683
BAU_Normal,2037,m2,E004_Paute_Molino,60,267.1046157,0,415.1250902
BAU_Normal,2037,m2,E005_Pucara,25,0,300,0
BAU_Normal,2037,m2,N039_Paute_Cardenillo,5.0825,0,0,0
BAU_Normal,2037,m3,E003_Mazar,205,262,0,91.7
BAU_Normal,2037,m3,E004_Paute_Molino,60.60260213,262.3973979,0,407.8092892
BAU_Normal,2037,m3,E005_Pucara,25,0,300,0
BAU_Normal,2037,m3,N039_Paute_Cardenillo,6.0825,0,0,0
BAU_Normal,2037,m4,E003_Mazar,212.1127107,147.9556723,106.931617,51.7844853
BAU_Normal,2037,m4,E004_Paute_Molino,60,256.4898914,0,398.6280396
BAU_Normal,2037,m4,E005_Pucara,25,0,300,0
BAU_Normal,2037,m4,N039_Paute_Cardenillo,7.0825,0,0,0
BAU_Normal,2037,m5,E003_Mazar,205,269.1127107,0,94.18944875
BAU_Normal,2037,m5,E004_Paute_Molino,67.30884031,262.8038704,0,408.4410153
BAU_Normal,2037,m5,E005_Pucara,25,0,300,0
BAU_Normal,2037,m5,N039_Paute_Cardenillo,8.0825,0,0,0
BAU_Normal,2037,m6,E003_Mazar,205,257.8955167,4.104483339,90.26343083
BAU_Normal,2037,m6,E004_Paute_Molino,60,270.3088403,0,420.1049893
BAU_Normal,2037,m6,E005_Pucara,25,0,300,0
BAU_Normal,2037,m6,N039_Paute_Cardenillo,9.0825,0,0,0
BAU_Normal,2037,m7,E003_Mazar,205,0,262,0
BAU_Normal,2037,m7,E004_Paute_Molino,75.3961261,247.6038739,0,384.8176874
BAU_Normal,2037,m7,E005_Pucara,25,0,300,0
BAU_Normal,2037,m7,N039_Paute_Cardenillo,3.0825,0,7,0
BAU_Normal,2037,m8,E003_Mazar,226.4587966,0,240.5412034,0
BAU_Normal,2037,m8,E004_Paute_Molino,60,256.9373295,0,399.323433
BAU_Normal,2037,m8,E005_Pucara,25,0,300,0
BAU_Normal,2037,m8,N039_Paute_Cardenillo,3.0825,0,1,0
BAU_Normal,2037,m9,E003_Mazar,205,158.8580185,124.6007781,55.60030646
BAU_Normal,2037,m9,E004_Paute_Molino,60,284.4587966,0,442.0963796
BAU_Normal,2037,m9,E005_Pucara,25,0,300,0
BAU_Normal,2037,m9,N039_Paute_Cardenillo,3.0825,0,1,0
BAU_Normal,2037,m10,E003_Mazar,205,142.0778191,119.9221809,49.7272367
BAU_Normal,2037,m10,E004_Paute_Molino,105.2236216,217.7763784,0,338.4607881
BAU_Normal,2037,m10,E005_Pucara,25,0,300,0
BAU_Normal,2037,m10,N039_Paute_Cardenillo,3.0825,0,1,0
BAU_Normal,2037,m11,E003_Mazar,205,179.4993012,82.50069881,62.82475542
BAU_Normal,2037,m11,E004_Paute_Molino,103.3219912,264.9016304,0,411.7012839
BAU_Normal,2037,m11,E005_Pucara,25,0,300,0
BAU_Normal,2037,m11,N039_Paute_Cardenillo,3.0825,0,1,0
BAU_Normal,2037,m12,E003_Mazar,205,193.8281429,68.17185706,67.83985003
BAU_Normal,2037,m12,E004_Paute_Molino,64.1046157,302.2173755,0,469.6961711
BAU_Normal,2037,m12,E005_Pucara,25,0,300,0
BAU_Normal,2037,m12,N039_Paute_Cardenillo,4.0825,0,0,0
BAU_Normal,2038,m1,E003_Mazar,205,177.8891312,84.11086883,62.26119591
BAU_Normal,2038,m1,E004_Paute_Molino,60,263,0,408.7458333
BAU_Normal,2038,m1,E005_Pucara,25,0,300,0
BAU_Normal,2038,m1,N039_Paute_Cardenillo,4.0825,0,0,0
BAU_Normal,2038,m2,E003_Mazar,231.7612742,162.2319021,73.0068236,56.78116575
BAU_Normal,2038,m2,E004_Paute_Molino,60,236.2387258,0,367.1543529
BAU_Normal,2038,m2,E005_Pucara,25,0,300,0
BAU_Normal,2038,m2,N039_Paute_Cardenillo,5.0825,0,0,0
BAU_Normal,2038,m3,E003_Mazar,208.6299375,285.1313367,0,99.79596785
BAU_Normal,2038,m3,E004_Paute_Molino,62.89157735,283.2397594,0,440.2017927
BAU_Normal,2038,m3,E005_Pucara,25,0,300,0
BAU_Normal,2038,m3,N039_Paute_Cardenillo,6.0825,0,0,0
BAU_Normal,2038,m4,E003_Mazar,205,265.6299375,0,92.97047814
BAU_Normal,2038,m4,E004_Paute_Molino,60,269.5215149,0,418.8813544
BAU_Normal,2038,m4,E005_Pucara,25,0,300,0
BAU_Normal,2038,m4,N039_Paute_Cardenillo,7.0825,0,0,0
BAU_Normal,2038,m5,E003_Mazar,205,239.184767,22.81523296,83.71466846
BAU_Normal,2038,m5,E004_Paute_Molino,60,263,0,408.7458333
BAU_Normal,2038,m5,E005_Pucara,25,0,300,0
BAU_Normal,2038,m5,N039_Paute_Cardenillo,8.0825,0,0,0
BAU_Normal,2038,m6,E003_Mazar,205,0,262,0
BAU_Normal,2038,m6,E004_Paute_Molino,60,263,0,408.7458333
BAU_Normal,2038,m6,E005_Pucara,25,0,300,0
BAU_Normal,2038,m6,N039_Paute_Cardenillo,9.0825,0,0,0
BAU_Normal,2038,m7,E003_Mazar,205,0,262,0
BAU_Normal,2038,m7,E004_Paute_Molino,97.181115,225.818885,0,350.9601838
BAU_Normal,2038,m7,E005_Pucara,25,0,300,0
BAU_Normal,2038,m7,N039_Paute_Cardenillo,3.0825,0,7,0
BAU_Normal,2038,m8,E003_Mazar,250.8209443,0,216.1790557,0
BAU_Normal,2038,m8,E004_Paute_Molino,60,254.3601707,0,395.3180986
BAU_Normal,2038,m8,E005_Pucara,25,0,300,0
BAU_Normal,2038,m8,N039_Paute_Cardenillo,3.0825,0,1,0
BAU_Normal,2038,m9,E003_Mazar,205,151.1944858,156.6264585,52.91807003
BAU_Normal,2038,m9,E004_Paute_Molino,117.4717635,251.3491808,0,390.6385186
BAU_Normal,2038,m9,E005_Pucara,25,0,300,0
BAU_Normal,2038,m9,N039_Paute_Cardenillo,3.0825,0,1,0
BAU_Normal,2038,m10,E003_Mazar,217.3392702,170.8220942,78.83863567,59.78773296
BAU_Normal,2038,m10,E004_Paute_Molino,120,248.1324933,0,385.63925
BAU_Normal,2038,m10,E005_Pucara,25,0,300,0
BAU_Normal,2038,m10,N039_Paute_Cardenillo,3.0825,0,1,0
BAU_Normal,2038,m11,E003_Mazar,205,191.7708227,82.56844744,67.11978796
BAU_Normal,2038,m11,E004_Paute_Molino,67.88458049,327.4546897,0,508.9191635
BAU_Normal,2038,m11,E005_Pucara,25,0,300,0
BAU_Normal,2038,m11,N039_Paute_Cardenillo,3.0825,0,1,0
BAU_Normal,2038,m12,E003_Mazar,205,160.9454249,101.0545751,56.33089872
BAU_Normal,2038,m12,E004_Paute_Molino,60,270.8845805,0,420.9997855
BAU_Normal,2038,m12,E005_Pucara,25,0,300,0
BAU_Normal,2038,m12,N039_Paute_Cardenillo,4.0825,0,0,0
BAU_Normal,2039,m1,E003_Mazar,205,173.8996174,88.10038262,60.86486608
BAU_Normal,2039,m1,E004_Paute_Molino,60,263,0,408.7458333
BAU_Normal,2039,m1,E005_Pucara,25,0,300,0
BAU_Normal,2039,m1,N039_Paute_Cardenillo,4.0825,0,0,0
BAU_Normal,2039,m2,E003_Mazar,222.6584518,162.8616387,81.47990949,57.00157355
BAU_Normal,2039,m2,E004_Paute_Molino,60,245.3415482,0,381.3016562
BAU_Normal,2039,m2,E005_Pucara,25,0,300,0
BAU_Normal,2039,m2,N039_Paute_Cardenillo,5.0825,0,0,0
BAU_Normal,2039,m3,E003_Mazar,205,239.0547937,40.60365813,83.66917778
BAU_Normal,2039,m3,E004_Paute_Molino,60,280.6584518,0,436.1900105
BAU_Normal,2039,m3,E005_Pucara,25,0,300,0
BAU_Normal,2039,m3,N039_Paute_Cardenillo,6.0825,0,0,0
BAU_Normal,2039,m4,E003_Mazar,205,50.82680925,211.1731907,17.78938324
BAU_Normal,2039,m4,E004_Paute_Molino,60,263,0,408.7458333
BAU_Normal,2039,m4,E005_Pucara,25,0,300,0
BAU_Normal,2039,m4,N039_Paute_Cardenillo,7.0825,0,0,0
BAU_Normal,2039,m5,E003_Mazar,210.5820017,213.9168049,42.50119349,74.8708817
BAU_Normal,2039,m5,E004_Paute_Molino,60,257.4179983,0,400.0704724
BAU_Normal,2039,m5,E005_Pucara,25,0,300,0
BAU_Normal,2039,m5,N039_Paute_Cardenillo,8.0825,0,0,0
BAU_Normal,2039,m6,E003_Mazar,205,0,267.5820017,0
BAU_Normal,2039,m6,E004_Paute_Molino,60,268.5820017,0,417.4211942
BAU_Normal,2039,m6,E005_Pucara,25,0,300,0
BAU_Normal,2039,m6,N039_Paute_Cardenillo,9.0825,0,0,0
BAU_Normal,2039,m7,E003_Mazar,205,0,262,0
BAU_Normal,2039,m7,E004_Paute_Molino,83.98531864,239.0146814,0,371.4686506
BAU_Normal,2039,m7,E005_Pucara,25,0,300,0
BAU_Normal,2039,m7,N039_Paute_Cardenillo,3.0825,0,7,0
BAU_Normal,2039,m8,E003_Mazar,216.4017584,0,250.5982416,0
BAU_Normal,2039,m8,E004_Paute_Molino,60,275.5835602,0,428.3027832
BAU_Normal,2039,m8,E005_Pucara,25,0,300,0
BAU_Normal,2039,m8,N039_Paute_Cardenillo,3.0825,0,1,0
BAU_Normal,2039,m9,E003_Mazar,205,154.3173314,119.084427,54.01106598
BAU_Normal,2039,m9,E004_Paute_Molino,60,274.4017584,0,426.4660662
BAU_Normal,2039,m9,E005_Pucara,25,0,300,0
BAU_Normal,2039,m9,N039_Paute_Cardenillo,3.0825,0,1,0
BAU_Normal,2039,m10,E003_Mazar,205,183.846419,78.15358098,64.34624666
BAU_Normal,2039,m10,E004_Paute_Molino,73.99151099,249.008489,0,387.0006933
BAU_Normal,2039,m10,E005_Pucara,25,0,300,0
BAU_Normal,2039,m10,N039_Paute_Cardenillo,3.0825,0,1,0
BAU_Normal,2039,m11,E003_Mazar,205,160.7706372,101.2293628,56.26972302
BAU_Normal,2039,m11,E004_Paute_Molino,67.83357761,269.1579334,0,418.3162881
BAU_Normal,2039,m11,E005_Pucara,25,0,300,0
BAU_Normal,2039,m11,N039_Paute_Cardenillo,3.0825,0,1,0
BAU_Normal,2039,m12,E003_Mazar,205,178.749618,83.25038196,62.56236631
BAU_Normal,2039,m12,E004_Paute_Molino,60,270.8335776,0,420.9205185
BAU_Normal,2039,m12,E005_Pucara,25,0,300,0
BAU_Normal,2039,m12,N039_Paute_Cardenillo,4.0825,0,0,0
BAU_Normal,2040,m1,E003_Mazar,205,155.3685992,106.6314008,54.37900972
BAU_Normal,2040,m1,E004_Paute_Molino,60,263,0,408.7458333
BAU_Normal,2040,m1,E005_Pucara,25,0,300,0
BAU_Normal,2040,m1,N039_Paute_Cardenillo,4.0825,0,0,0
BAU_Normal,2040,m2,E003_Mazar,205,191.9813435,70.01865648,67.19347023
BAU_Normal,2040,m2,E004_Paute_Molino,60.86602043,262.1339796,0,407.3998932
BAU_Normal,2040,m2,E005_Pucara,25,0,300,0
BAU_Normal,2040,m2,N039_Paute_Cardenillo,5.0825,0,0,0
BAU_Normal,2040,m3,E003_Mazar,215.9955756,0,251.0044244,0
BAU_Normal,2040,m3,E004_Paute_Molino,120,192.8704448,0,299.7528164
BAU_Normal,2040,m3,E005_Pucara,25,0,300,0
BAU_Normal,2040,m3,N039_Paute_Cardenillo,6.0825,0,0,0
BAU_Normal,2040,m4,E003_Mazar,230.274127,0,247.7214486,0
BAU_Normal,2040,m4,E004_Paute_Molino,60,308.7214486,0,479.8045846
BAU_Normal,2040,m4,E005_Pucara,25,0,300,0
BAU_Normal,2040,m4,N039_Paute_Cardenillo,7.0825,0,0,0
BAU_Normal,2040,m5,E003_Mazar,205,0,287.274127,0
BAU_Normal,2040,m5,E004_Paute_Molino,60,288.274127,0,448.0260391
BAU_Normal,2040,m5,E005_Pucara,25,0,300,0
BAU_Normal,2040,m5,N039_Paute_Cardenillo,8.0825,0,0,0
BAU_Normal,2040,m6,E003_Mazar,205,0,262,0
BAU_Normal,2040,m6,E004_Paute_Molino,120,203,0,315.4958333
BAU_Normal,2040,m6,E005_Pucara,25,0,300,0
BAU_Normal,2040,m6,N039_Paute_Cardenillo,9.0825,0,0,0
BAU_Normal,2040,m7,E003_Mazar,205,0,262,0
BAU_Normal,2040,m7,E004_Paute_Molino,60,323,0,501.9958333
BAU_Normal,2040,m7,E005_Pucara,25,0,300,0
BAU_Normal,2040,m7,N039_Paute_Cardenillo,3.0825,0,7,0
BAU_Normal,2040,m8,E003_Mazar,205,0,262,0
BAU_Normal,2040,m8,E004_Paute_Molino,111.8405568,211.1594432,0,328.176968
BAU_Normal,2040,m8,E005_Pucara,25,0,300,0
BAU_Normal,2040,m8,N039_Paute_Cardenillo,3.0825,0,1,0
BAU_Normal,2040,m9,E003_Mazar,205,171.5990885,90.40091147,60.05968099
BAU_Normal,2040,m9,E004_Paute_Molino,112.4830153,262.3575415,0,407.7473457
BAU_Normal,2040,m9,E005_Pucara,25,0,300,0
BAU_Normal,2040,m9,N039_Paute_Cardenillo,3.0825,0,1,0
BAU_Normal,2040,m10,E003_Mazar,205,155.4817502,106.5182498,54.41861255
BAU_Normal,2040,m10,E004_Paute_Molino,70.80383844,304.6791769,0,473.5222207
BAU_Normal,2040,m10,E005_Pucara,25,0,300,0
BAU_Normal,2040,m10,N039_Paute_Cardenillo,3.0825,0,1,0
BAU_Normal,2040,m11,E003_Mazar,205,195.7357687,66.26423128,68.50751905
BAU_Normal,2040,m11,E004_Paute_Molino,60,273.8038384,0,425.5367989
BAU_Normal,2040,m11,E005_Pucara,25,0,300,0
BAU_Normal,2040,m11,N039_Paute_Cardenillo,3.0825,0,1,0
BAU_Normal,2040,m12,E003_Mazar,205,201.6732447,60.32675528,70.58563565
BAU_Normal,2040,m12,E004_Paute_Molino,60,263,0,408.7458333
BAU_Normal,2040,m12,E005_Pucara,25,0,300,0
BAU_Normal,2040,m12,N039_Paute_Cardenillo,4.0825,0,0,0
BAU_Normal,2041,m1,E003_Mazar,205,190.4343328,71.56566718,66.65201649
BAU_Normal,2041,m1,E004_Paute_Molino,60,263,0,408.7458333
BAU_Normal,2041,m1,E005_Pucara,25,0,300,0
BAU_Normal,2041,m1,N039_Paute_Cardenillo,4.0825,0,0,0
BAU_Normal,2041,m2,E003_Mazar,205,152.383639,109.616361,53.33427364
BAU_Normal,2041,m2,E004_Paute_Molino,66.42250542,256.5774946,0,398.7641895
BAU_Normal,2041,m2,E005_Pucara,25,0,300,0
BAU_Normal,2041,m2,N039_Paute_Cardenillo,5.0825,0,0,0
BAU_Normal,2041,m3,E003_Mazar,230.796602,0,236.203398,0
BAU_Normal,2041,m3,E004_Paute_Molino,120,183.6259035,0,285.3852583
BAU_Normal,2041,m3,E005_Pucara,25,0,300,0
BAU_Normal,2041,m3,N039_Paute_Cardenillo,6.0825,0,0,0
BAU_Normal,2041,m4,E003_Mazar,205,0,287.796602,0
BAU_Normal,2041,m4,E004_Paute_Molino,120,288.796602,0,448.8380522
BAU_Normal,2041,m4,E005_Pucara,25,0,300,0
BAU_Normal,2041,m4,N039_Paute_Cardenillo,7.0825,0,0,0
BAU_Normal,2041,m5,E003_Mazar,205,0,262,0
BAU_Normal,2041,m5,E004_Paute_Molino,60,323,0,501.9958333
BAU_Normal,2041,m5,E005_Pucara,25,0,300,0
BAU_Normal,2041,m5,N039_Paute_Cardenillo,8.0825,0,0,0
BAU_Normal,2041,m6,E003_Mazar,334.4231383,0,132.5768617,0
BAU_Normal,2041,m6,E004_Paute_Molino,120,73.57686165,0,114.3507058
BAU_Normal,2041,m6,E005_Pucara,25,0,300,0
BAU_Normal,2041,m6,N039_Paute_Cardenillo,9.0825,0,0,0
BAU_Normal,2041,m7,E003_Mazar,205,0,391.4231383,0
BAU_Normal,2041,m7,E004_Paute_Molino,60,452.4231383,0,703.1409608
BAU_Normal,2041,m7,E005_Pucara,25,0,300,0
BAU_Normal,2041,m7,N039_Paute_Cardenillo,3.0825,0,7,0
BAU_Normal,2041,m8,E003_Mazar,223.1061406,0,243.8938594,0
BAU_Normal,2041,m8,E004_Paute_Molino,120,184.8938594,0,287.3558731
BAU_Normal,2041,m8,E005_Pucara,25,0,300,0
BAU_Normal,2041,m8,N039_Paute_Cardenillo,3.0825,0,1,0
BAU_Normal,2041,m9,E003_Mazar,205,160.013903,120.0922376,56.00486605
BAU_Normal,2041,m9,E004_Paute_Molino,120,281.1061406,0,436.8857935
BAU_Normal,2041,m9,E005_Pucara,25,0,300,0
BAU_Normal,2041,m9,N039_Paute_Cardenillo,3.0825,0,1,0
BAU_Normal,2041,m10,E003_Mazar,255.022314,211.977686,0,74.19219008
BAU_Normal,2041,m10,E004_Paute_Molino,60,272.977686,0,424.2528203
BAU_Normal,2041,m10,E005_Pucara,25,0,300,0
BAU_Normal,2041,m10,N039_Paute_Cardenillo,3.0825,0,1,0
BAU_Normal,2041,m11,E003_Mazar,205,187.8147805,124.2075335,65.73517317
BAU_Normal,2041,m11,E004_Paute_Molino,63.07496371,309.9473503,0,481.7098403
BAU_Normal,2041,m11,E005_Pucara,25,0,300,0
BAU_Normal,2041,m11,N039_Paute_Cardenillo,3.0825,0,1,0
BAU_Normal,2041,m12,E003_Mazar,205,147.6402988,114.3597012,51.67410459
BAU_Normal,2041,m12,E004_Paute_Molino,60,266.0749637,0,413.5248394
BAU_Normal,2041,m12,E005_Pucara,25,0,300,0
BAU_Normal,2041,m12,N039_Paute_Cardenillo,4.0825,0,0,0
BAU_Normal,2042,m1,E003_Mazar,205,166.4472526,95.55274738,58.25653842
BAU_Normal,2042,m1,E004_Paute_Molino,60,263,0,408.7458333
BAU_Normal,2042,m1,E005_Pucara,25,0,300,0
BAU_Normal,2042,m1,N039_Paute_Cardenillo,4.0825,0,0,0
BAU_Normal,2042,m2,E003_Mazar,205,178.0520194,83.94798057,62.3182068
BAU_Normal,2042,m2,E004_Paute_Molino,69.81574327,253.1842567,0,393.4905323
BAU_Normal,2042,m2,E005_Pucara,25,0,300,0
BAU_Normal,2042,m2,N039_Paute_Cardenillo,5.0825,0,0,0
BAU_Normal,2042,m3,E003_Mazar,213.3687744,0,253.6312256,0
BAU_Normal,2042,m3,E004_Paute_Molino,60,264.4469689,0,410.9946641
BAU_Normal,2042,m3,E005_Pucara,25,0,300,0
BAU_Normal,2042,m3,N039_Paute_Cardenillo,6.0825,0,0,0
BAU_Normal,2042,m4,E003_Mazar,205,0,270.3687744,0
BAU_Normal,2042,m4,E004_Paute_Molino,60,271.3687744,0,421.7523035
BAU_Normal,2042,m4,E005_Pucara,25,0,300,0
BAU_Normal,2042,m4,N039_Paute_Cardenillo,7.0825,0,0,0
BAU_Normal,2042,m5,E003_Mazar,205,0,262,0
BAU_Normal,2042,m5,E004_Paute_Molino,60,263,0,408.7458333
BAU_Normal,2042,m5,E005_Pucara,25,0,300,0
BAU_Normal,2042,m5,N039_Paute_Cardenillo,8.0825,0,0,0
BAU_Normal,2042,m6,E003_Mazar,205,0,262,0
BAU_Normal,2042,m6,E004_Paute_Molino,60,263,0,408.7458333
BAU_Normal,2042,m6,E005_Pucara,25,0,300,0
BAU_Normal,2042,m6,N039_Paute_Cardenillo,9.0825,0,0,0
BAU_Normal,2042,m7,E003_Mazar,205,0,262,0
BAU_Normal,2042,m7,E004_Paute_Molino,60,263,0,408.7458333
BAU_Normal,2042,m7,E005_Pucara,25,0,300,0
BAU_Normal,2042,m7,N039_Paute_Cardenillo,3.0825,0,7,0
BAU_Normal,2042,m8,E003_Mazar,246.5070904,0,220.4929096,0
BAU_Normal,2042,m8,E004_Paute_Molino,120,161.4929096,0,250.9868971
BAU_Normal,2042,m8,E005_Pucara,25,0,300,0
BAU_Normal,2042,m8,N039_Paute_Cardenillo,3.0825,0,1,0
BAU_Normal,2042,m9,E003_Mazar,214.9387401,183.8933142,109.6750361,64.36265997
BAU_Normal,2042,m9,E004_Paute_Molino,120,294.5683503,0,457.808311
BAU_Normal,2042,m9,E005_Pucara,25,0,300,0
BAU_Normal,2042,m9,N039_Paute_Cardenillo,3.0825,0,1,0
BAU_Normal,2042,m10,E003_Mazar,258.3432567,189.3356455,29.25983793,66.26747591
BAU_Normal,2042,m10,E004_Paute_Molino,60,279.5954834,0,434.5379804
BAU_Normal,2042,m10,E005_Pucara,25,0,300,0
BAU_Normal,2042,m10,N039_Paute_Cardenillo,3.0825,0,1,0
BAU_Normal,2042,m11,E003_Mazar,205,194.3911143,120.9521424,68.03689001
BAU_Normal,2042,m11,E004_Paute_Molino,69.27520478,307.0680519,0,477.2349307
BAU_Normal,2042,m11,E005_Pucara,25,0,300,0
BAU_Normal,2042,m11,N039_Paute_Cardenillo,3.0825,0,1,0
BAU_Normal,2042,m12,E003_Mazar,205,170.0128117,91.98718832,59.50448409
BAU_Normal,2042,m12,E004_Paute_Molino,60,272.2752048,0,423.1610474
BAU_Normal,2042,m12,E005_Pucara,25,0,300,0
BAU_Normal,2042,m12,N039_Paute_Cardenillo,4.0825,0,0,0
BAU_Normal,2043,m1,E003_Mazar,205,177.5812758,84.41872421,62.15344653
BAU_Normal,2043,m1,E004_Paute_Molino,60,263,0,408.7458333
BAU_Normal,2043,m1,E005_Pucara,25,0,300,0
BAU_Normal,2043,m1,N039_Paute_Cardenillo,4.0825,0,0,0
BAU_Normal,2043,m2,E003_Mazar,205,176.8426985,85.15730154,61.89494446
BAU_Normal,2043,m2,E004_Paute_Molino,76.87133566,246.1286643,0,382.5249658
BAU_Normal,2043,m2,E005_Pucara,25,0,300,0
BAU_Normal,2043,m2,N039_Paute_Cardenillo,5.0825,0,0,0
BAU_Normal,2043,m3,E003_Mazar,410,0,57,0
BAU_Normal,2043,m3,E004_Paute_Molino,60,74.87133566,0,116.3625342
BAU_Normal,2043,m3,E005_Pucara,25,0,300,0
BAU_Normal,2043,m3,N039_Paute_Cardenillo,6.0825,0,0,0
BAU_Normal,2043,m4,E003_Mazar,205,0,467,0
BAU_Normal,2043,m4,E004_Paute_Molino,105.8118099,422.1881901,0,656.1508121
BAU_Normal,2043,m4,E005_Pucara,25,0,300,0
BAU_Normal,2043,m4,N039_Paute_Cardenillo,7.0825,0,0,0
BAU_Normal,2043,m5,E003_Mazar,205,0,262,0
BAU_Normal,2043,m5,E004_Paute_Molino,60,308.8118099,0,479.9450213
BAU_Normal,2043,m5,E005_Pucara,25,0,300,0
BAU_Normal,2043,m5,N039_Paute_Cardenillo,8.0825,0,0,0
BAU_Normal,2043,m6,E003_Mazar,205,0,262,0
BAU_Normal,2043,m6,E004_Paute_Molino,60,263,0,408.7458333
BAU_Normal,2043,m6,E005_Pucara,25,0,300,0
BAU_Normal,2043,m6,N039_Paute_Cardenillo,9.0825,0,0,0
BAU_Normal,2043,m7,E003_Mazar,308.985974,0,158.014026,0
BAU_Normal,2043,m7,E004_Paute_Molino,60,159.014026,0,247.1342987
BAU_Normal,2043,m7,E005_Pucara,25,0,300,0
BAU_Normal,2043,m7,N039_Paute_Cardenillo,3.0825,0,7,0
BAU_Normal,2043,m8,E003_Mazar,229.4522364,0,341.5337376,0
BAU_Normal,2043,m8,E004_Paute_Molino,120,282.5337376,0,439.1045172
BAU_Normal,2043,m8,E005_Pucara,25,0,300,0
BAU_Normal,2043,m8,N039_Paute_Cardenillo,3.0825,0,1,0
BAU_Normal,2043,m9,E003_Mazar,225.8652529,191.1895248,74.39745868,66.91633368
BAU_Normal,2043,m9,E004_Paute_Molino,120,266.5869835,0,414.3206035
BAU_Normal,2043,m9,E005_Pucara,25,0,300,0
BAU_Normal,2043,m9,N039_Paute_Cardenillo,3.0825,0,1,0
BAU_Normal,2043,m10,E003_Mazar,236.5191327,178.1013772,73.24474302,62.33548201
BAU_Normal,2043,m10,E004_Paute_Molino,60,312.3461202,0,485.4379284
BAU_Normal,2043,m10,E005_Pucara,25,0,300,0
BAU_Normal,2043,m10,N039_Paute_Cardenillo,3.0825,0,1,0
BAU_Normal,2043,m11,E003_Mazar,205,187.1843719,106.3347609,65.51453016
BAU_Normal,2043,m11,E004_Paute_Molino,73.53918949,280.9799433,0,436.6896618
BAU_Normal,2043,m11,E005_Pucara,25,0,300,0
BAU_Normal,2043,m11,N039_Paute_Cardenillo,3.0825,0,1,0
BAU_Normal,2043,m12,E003_Mazar,205,169.8287018,92.17129817,59.44004564
BAU_Normal,2043,m12,E004_Paute_Molino,60,276.5391895,0,429.7879903
BAU_Normal,2043,m12,E005_Pucara,25,0,300,0
BAU_Normal,2043,m12,N039_Paute_Cardenillo,4.0825,0,0,0
BAU_Normal,2044,m1,E003_Mazar,205,176.7506496,85.24935036,61.86272738
BAU_Normal,2044,m1,E004_Paute_Molino,60,263,0,408.7458333
BAU_Normal,2044,m1,E005_Pucara,25,0,300,0
BAU_Normal,2044,m1,N039_Paute_Cardenillo,4.0825,0,0,0
BAU_Normal,2044,m2,E003_Mazar,247.928313,185.2271572,33.84452987,64.82950501
BAU_Normal,2044,m2,E004_Paute_Molino,60,220.071687,0,342.0280803
BAU_Normal,2044,m2,E005_Pucara,25,0,300,0
BAU_Normal,2044,m2,N039_Paute_Cardenillo,5.0825,0,0,0
BAU_Normal,2044,m3,E003_Mazar,407.3960121,0,102.5323008,0
BAU_Normal,2044,m3,E004_Paute_Molino,60,103.5323008,0,160.9064508
BAU_Normal,2044,m3,E005_Pucara,25,0,300,0
BAU_Normal,2044,m3,N039_Paute_Cardenillo,6.0825,0,0,0
BAU_Normal,2044,m4,E003_Mazar,205,0,464.3960121,0
BAU_Normal,2044,m4,E004_Paute_Molino,120,405.3960121,0,630.0529689
BAU_Normal,2044,m4,E005_Pucara,25,0,300,0
BAU_Normal,2044,m4,N039_Paute_Cardenillo,7.0825,0,0,0
BAU_Normal,2044,m5,E003_Mazar,205,0,262,0
BAU_Normal,2044,m5,E004_Paute_Molino,60,323,0,501.9958333
BAU_Normal,2044,m5,E005_Pucara,25,0,300,0
BAU_Normal,2044,m5,N039_Paute_Cardenillo,8.0825,0,0,0
BAU_Normal,2044,m6,E003_Mazar,205,0,262,0
BAU_Normal,2044,m6,E004_Paute_Molino,114.498214,208.501786,0,324.0465257
BAU_Normal,2044,m6,E005_Pucara,25,0,300,0
BAU_Normal,2044,m6,N039_Paute_Cardenillo,9.0825,0,0,0
BAU_Normal,2044,m7,E003_Mazar,350.1280414,0,116.8719586,0
BAU_Normal,2044,m7,E004_Paute_Molino,60,172.3701727,0,267.8919767
BAU_Normal,2044,m7,E005_Pucara,25,0,300,0
BAU_Normal,2044,m7,N039_Paute_Cardenillo,3.0825,0,7,0
BAU_Normal,2044,m8,E003_Mazar,319.9882471,0,292.1397943,0
BAU_Normal,2044,m8,E004_Paute_Molino,60,293.1397943,0,455.588097
BAU_Normal,2044,m8,E005_Pucara,25,0,300,0
BAU_Normal,2044,m8,N039_Paute_Cardenillo,3.0825,0,1,0
BAU_Normal,2044,m9,E003_Mazar,232.6956876,181.5520833,167.7404761,63.54322917
BAU_Normal,2044,m9,E004_Paute_Molino,120,290.2925594,0,451.1630194
BAU_Normal,2044,m9,E005_Pucara,25,0,300,0
BAU_Normal,2044,m9,N039_Paute_Cardenillo,3.0825,0,1,0
BAU_Normal,2044,m10,E003_Mazar,263.5727277,191.4793791,39.64358087,67.01778267
BAU_Normal,2044,m10,E004_Paute_Molino,60,292.1229599,0,454.0077669
BAU_Normal,2044,m10,E005_Pucara,25,0,300,0
BAU_Normal,2044,m10,N039_Paute_Cardenillo,3.0825,0,1,0
BAU_Normal,2044,m11,E003_Mazar,205,178.4815924,142.0911353,62.46855734
BAU_Normal,2044,m11,E004_Paute_Molino,86.93120344,294.6415243,0,457.9220356
BAU_Normal,2044,m11,E005_Pucara,25,0,300,0
BAU_Normal,2044,m11,N039_Paute_Cardenillo,3.0825,0,1,0
BAU_Normal,2044,m12,E003_Mazar,205,168.160315,93.83968503,58.85611024
BAU_Normal,2044,m12,E004_Paute_Molino,60,289.9312034,0,450.601412
BAU_Normal,2044,m12,E005_Pucara,25,0,300,0
BAU_Normal,2044,m12,N039_Paute_Cardenillo,4.0825,0,0,0
BAU_Normal,2045,m1,E003_Mazar,205,167.8810534,94.11894658,58.7583687
BAU_Normal,2045,m1,E004_Paute_Molino,67.31069786,255.6893021,0,397.3837904
BAU_Normal,2045,m1,E005_Pucara,25,0,300,0
BAU_Normal,2045,m1,N039_Paute_Cardenillo,4.0825,0,0,0
BAU_Normal,2045,m2,E003_Mazar,205,187.7154083,74.28459175,65.70039289
BAU_Normal,2045,m2,E004_Paute_Molino,60,270.3106979,0,420.1078763
BAU_Normal,2045,m2,E005_Pucara,25,0,300,0
BAU_Normal,2045,m2,N039_Paute_Cardenillo,5.0825,0,0,0
BAU_Normal,2045,m3,E003_Mazar,287.750111,0,179.249889,0
BAU_Normal,2045,m3,E004_Paute_Molino,120,120.249889,0,186.8883691
BAU_Normal,2045,m3,E005_Pucara,25,0,300,0
BAU_Normal,2045,m3,N039_Paute_Cardenillo,6.0825,0,0,0
BAU_Normal,2045,m4,E003_Mazar,205,0,344.750111,0
BAU_Normal,2045,m4,E004_Paute_Molino,60,405.750111,0,630.6032976
BAU_Normal,2045,m4,E005_Pucara,25,0,300,0
BAU_Normal,2045,m4,N039_Paute_Cardenillo,7.0825,0,0,0
BAU_Normal,2045,m5,E003_Mazar,205,0,262,0
BAU_Normal,2045,m5,E004_Paute_Molino,60,263,0,408.7458333
BAU_Normal,2045,m5,E005_Pucara,25,0,300,0
BAU_Normal,2045,m5,N039_Paute_Cardenillo,8.0825,0,0,0
BAU_Normal,2045,m6,E003_Mazar,205,0,262,0
BAU_Normal,2045,m6,E004_Paute_Molino,60,263,0,408.7458333
BAU_Normal,2045,m6,E005_Pucara,25,0,300,0
BAU_Normal,2045,m6,N039_Paute_Cardenillo,9.0825,0,0,0
BAU_Normal,2045,m7,E003_Mazar,206.9466698,0,260.0533302,0
BAU_Normal,2045,m7,E004_Paute_Molino,120,201.0533302,0,312.4703841
BAU_Normal,2045,m7,E005_Pucara,25,0,300,0
BAU_Normal,2045,m7,N039_Paute_Cardenillo,3.0825,0,7,0
BAU_Normal,2045,m8,E003_Mazar,252.5479104,0,216.3987594,0
BAU_Normal,2045,m8,E004_Paute_Molino,120,217.3987594,0,337.8739052
BAU_Normal,2045,m8,E005_Pucara,25,0,300,0
BAU_Normal,2045,m8,N039_Paute_Cardenillo,3.0825,0,1,0
BAU_Normal,2045,m9,E003_Mazar,219.8222522,201.5533621,93.17229605,70.54367675
BAU_Normal,2045,m9,E004_Paute_Molino,120,295.7256582,0,459.6069604
BAU_Normal,2045,m9,E005_Pucara,25,0,300,0
BAU_Normal,2045,m9,N039_Paute_Cardenillo,3.0825,0,1,0
BAU_Normal,2045,m10,E003_Mazar,273.9259393,181.0700191,26.82629381,63.37450669
BAU_Normal,2045,m10,E004_Paute_Molino,60,268.8963129,0,417.9096863
BAU_Normal,2045,m10,E005_Pucara,25,0,300,0
BAU_Normal,2045,m10,N039_Paute_Cardenillo,3.0825,0,1,0
BAU_Normal,2045,m11,E003_Mazar,278.7351621,175.4353352,81.75544199,61.40236731
BAU_Normal,2045,m11,E004_Paute_Molino,60,258.1907772,0,401.2714995
BAU_Normal,2045,m11,E005_Pucara,25,0,300,0
BAU_Normal,2045,m11,N039_Paute_Cardenillo,3.0825,0,1,0
BAU_Normal,2045,m12,E003_Mazar,205,173.7567273,161.9784348,60.81485455
BAU_Normal,2045,m12,E004_Paute_Molino,67.31069786,329.4244643,0,511.9805215
BAU_Normal,2045,m12,E005_Pucara,25,0,300,0
BAU_Normal,2045,m12,N039_Paute_Cardenillo,4.0825,0,0,0
BAU_Normal,2046,m1,E003_Mazar,205,169.1976431,92.80235686,59.2191751
BAU_Normal,2046,m1,E004_Paute_Molino,60.03606472,262.9639353,0,408.6897828
BAU_Normal,2046,m1,E005_Pucara,25,0,300,0
BAU_Normal,2046,m1,N039_Paute_Cardenillo,4.0825,0,0,0
BAU_Normal,2046,m2,E003_Mazar,213.7854709,153.4415047,99.77302445,53.70452664
BAU_Normal,2046,m2,E004_Paute_Molino,60,254.2505938,0,395.1477979
BAU_Normal,2046,m2,E005_Pucara,25,0,300,0
BAU_Normal,2046,m2,N039_Paute_Cardenillo,5.0825,0,0,0
BAU_Normal,2046,m3,E003_Mazar,410,0,65.78547087,0
BAU_Normal,2046,m3,E004_Paute_Molino,63.26053774,63.52493313,0,98.72833357
BAU_Normal,2046,m3,E005_Pucara,25,0,300,0
BAU_Normal,2046,m3,N039_Paute_Cardenillo,6.0825,0,0,0
BAU_Normal,2046,m4,E003_Mazar,205,0,467,0
BAU_Normal,2046,m4,E004_Paute_Molino,60,471.2605377,0,732.4174191
BAU_Normal,2046,m4,E005_Pucara,25,0,300,0
BAU_Normal,2046,m4,N039_Paute_Cardenillo,7.0825,0,0,0
BAU_Normal,2046,m5,E003_Mazar,205,0,262,0
BAU_Normal,2046,m5,E004_Paute_Molino,60,263,0,408.7458333
BAU_Normal,2046,m5,E005_Pucara,25,0,300,0
BAU_Normal,2046,m5,N039_Paute_Cardenillo,8.0825,0,0,0
BAU_Normal,2046,m6,E003_Mazar,205,0,262,0
BAU_Normal,2046,m6,E004_Paute_Molino,110.7801971,212.2198029,0,329.8249437
BAU_Normal,2046,m6,E005_Pucara,25,0,300,0
BAU_Normal,2046,m6,N039_Paute_Cardenillo,9.0825,0,0,0
BAU_Normal,2046,m7,E003_Mazar,205,0,262,0
BAU_Normal,2046,m7,E004_Paute_Molino,102.0036739,271.7765232,0,422.3860131
BAU_Normal,2046,m7,E005_Pucara,25,0,300,0
BAU_Normal,2046,m7,N039_Paute_Cardenillo,3.0825,0,7,0
BAU_Normal,2046,m8,E003_Mazar,205,0,262,0
BAU_Normal,2046,m8,E004_Paute_Molino,60,305.0036739,0,474.0265431
BAU_Normal,2046,m8,E005_Pucara,25,0,300,0
BAU_Normal,2046,m8,N039_Paute_Cardenillo,3.0825,0,1,0
BAU_Normal,2046,m9,E003_Mazar,205,182.8368096,79.16319038,63.99288337
BAU_Normal,2046,m9,E004_Paute_Molino,82.86044147,240.1395585,0,373.2168972
BAU_Normal,2046,m9,E005_Pucara,25,0,300,0
BAU_Normal,2046,m9,N039_Paute_Cardenillo,3.0825,0,1,0
BAU_Normal,2046,m10,E003_Mazar,205,170.8603386,91.13966138,59.80111852
BAU_Normal,2046,m10,E004_Paute_Molino,90.51505853,255.3453829,0,396.8492826
BAU_Normal,2046,m10,E005_Pucara,25,0,300,0
BAU_Normal,2046,m10,N039_Paute_Cardenillo,3.0825,0,1,0
BAU_Normal,2046,m11,E003_Mazar,205,194.3812978,67.61870218,68.03345424
BAU_Normal,2046,m11,E004_Paute_Molino,91.64605538,261.8690032,0,406.9880757
BAU_Normal,2046,m11,E005_Pucara,25,0,300,0
BAU_Normal,2046,m11,N039_Paute_Cardenillo,3.0825,0,1,0
BAU_Normal,2046,m12,E003_Mazar,205,195.1206427,66.87935732,68.29222494
BAU_Normal,2046,m12,E004_Paute_Molino,60.03606472,294.6099907,0,457.8730272
BAU_Normal,2046,m12,E005_Pucara,25,0,300,0
BAU_Normal,2046,m12,N039_Paute_Cardenillo,4.0825,0,0,0
BAU_Normal,2047,m1,E003_Mazar,205,195.5717407,66.42825925,68.45010926
BAU_Normal,2047,m1,E004_Paute_Molino,60,263,0,408.7458333
BAU_Normal,2047,m1,E005_Pucara,25,0,300,0
BAU_Normal,2047,m1,N039_Paute_Cardenillo,4.0825,0,0,0
BAU_Normal,2047,m2,E003_Mazar,230.3214028,203.7263769,32.95222028,71.30423191
BAU_Normal,2047,m2,E004_Paute_Molino,60,237.6785972,0,369.3921531
BAU_Normal,2047,m2,E005_Pucara,25,0,300,0
BAU_Normal,2047,m2,N039_Paute_Cardenillo,5.0825,0,0,0
BAU_Normal,2047,m3,E003_Mazar,332.881766,0,159.4396369,0
BAU_Normal,2047,m3,E004_Paute_Molino,120,100.4396369,0,156.0999356
BAU_Normal,2047,m3,E005_Pucara,25,0,300,0
BAU_Normal,2047,m3,N039_Paute_Cardenillo,6.0825,0,0,0
BAU_Normal,2047,m4,E003_Mazar,205,0,389.881766,0
BAU_Normal,2047,m4,E004_Paute_Molino,120,390.881766,0,607.4954113
BAU_Normal,2047,m4,E005_Pucara,25,0,300,0
BAU_Normal,2047,m4,N039_Paute_Cardenillo,7.0825,0,0,0
BAU_Normal,2047,m5,E003_Mazar,205,0,262,0
BAU_Normal,2047,m5,E004_Paute_Molino,60,323,0,501.9958333
BAU_Normal,2047,m5,E005_Pucara,25,0,300,0
BAU_Normal,2047,m5,N039_Paute_Cardenillo,8.0825,0,0,0
BAU_Normal,2047,m6,E003_Mazar,205,0,262,0
BAU_Normal,2047,m6,E004_Paute_Molino,60,263,0,408.7458333
BAU_Normal,2047,m6,E005_Pucara,25,0,300,0
BAU_Normal,2047,m6,N039_Paute_Cardenillo,9.0825,0,0,0
BAU_Normal,2047,m7,E003_Mazar,298.9668877,0,168.0331123,0
BAU_Normal,2047,m7,E004_Paute_Molino,60,169.0331123,0,262.7056287
BAU_Normal,2047,m7,E005_Pucara,25,0,300,0
BAU_Normal,2047,m7,N039_Paute_Cardenillo,3.0825,0,7,0
BAU_Normal,2047,m8,E003_Mazar,330.5677954,0,230.3990923,0
BAU_Normal,2047,m8,E004_Paute_Molino,60,231.3990923,0,359.632756
BAU_Normal,2047,m8,E005_Pucara,25,0,300,0
BAU_Normal,2047,m8,N039_Paute_Cardenillo,3.0825,0,1,0
BAU_Normal,2047,m9,E003_Mazar,301.4320432,189.5686544,101.5670978,66.34902903
BAU_Normal,2047,m9,E004_Paute_Molino,60,292.1357522,0,454.0276481
BAU_Normal,2047,m9,E005_Pucara,25,0,300,0
BAU_Normal,2047,m9,N039_Paute_Cardenillo,3.0825,0,1,0
BAU_Normal,2047,m10,E003_Mazar,217.2514358,191.1561858,155.0244216,66.90466504
BAU_Normal,2047,m10,E004_Paute_Molino,120,287.1806074,0,446.3265273
BAU_Normal,2047,m10,E005_Pucara,25,0,300,0
BAU_Normal,2047,m10,N039_Paute_Cardenillo,3.0825,0,1,0
BAU_Normal,2047,m11,E003_Mazar,205,177.2400228,97.01141305,62.03400797
BAU_Normal,2047,m11,E004_Paute_Molino,94.58495649,300.6664793,0,467.28582
BAU_Normal,2047,m11,E005_Pucara,25,0,300,0
BAU_Normal,2047,m11,N039_Paute_Cardenillo,3.0825,0,1,0
BAU_Normal,2047,m12,E003_Mazar,205,169.2829426,92.71705737,59.24902992
BAU_Normal,2047,m12,E004_Paute_Molino,60,297.5849565,0,462.4966199
BAU_Normal,2047,m12,E005_Pucara,25,0,300,0
BAU_Normal,2047,m12,N039_Paute_Cardenillo,4.0825,0,0,0
BAU_Normal,2048,m1,E003_Mazar,205,189.3159149,72.68408507,66.26057022
BAU_Normal,2048,m1,E004_Paute_Molino,60,263,0,408.7458333
BAU_Normal,2048,m1,E005_Pucara,25,0,300,0
BAU_Normal,2048,m1,N039_Paute_Cardenillo,4.0825,0,0,0
BAU_Normal,2048,m2,E003_Mazar,205,176.1615443,85.83845571,61.6565405
BAU_Normal,2048,m2,E004_Paute_Molino,108.4971992,214.5028008,0,333.3731029
BAU_Normal,2048,m2,E005_Pucara,25,0,300,0
BAU_Normal,2048,m2,N039_Paute_Cardenillo,5.0825,0,0,0
BAU_Normal,2048,m3,E003_Mazar,410,0,57,0
BAU_Normal,2048,m3,E004_Paute_Molino,120,46.49719923,0,72.26439713
BAU_Normal,2048,m3,E005_Pucara,25,0,300,0
BAU_Normal,2048,m3,N039_Paute_Cardenillo,6.0825,0,0,0
BAU_Normal,2048,m4,E003_Mazar,410,0,262,0
BAU_Normal,2048,m4,E004_Paute_Molino,120,263,0,408.7458333
BAU_Normal,2048,m4,E005_Pucara,25,0,300,0
BAU_Normal,2048,m4,N039_Paute_Cardenillo,7.0825,0,0,0
BAU_Normal,2048,m5,E003_Mazar,332.8185496,0,339.1814504,0
BAU_Normal,2048,m5,E004_Paute_Molino,120,340.1814504,0,528.6986709
BAU_Normal,2048,m5,E005_Pucara,25,0,300,0
BAU_Normal,2048,m5,N039_Paute_Cardenillo,8.0825,0,0,0
BAU_Normal,2048,m6,E003_Mazar,205,0,389.8185496,0
BAU_Normal,2048,m6,E004_Paute_Molino,60,450.8185496,0,700.6471624
BAU_Normal,2048,m6,E005_Pucara,25,0,300,0
BAU_Normal,2048,m6,N039_Paute_Cardenillo,9.0825,0,0,0
BAU_Normal,2048,m7,E003_Mazar,205,0,262,0
BAU_Normal,2048,m7,E004_Paute_Molino,105.8866302,217.1133698,0,337.4303622
BAU_Normal,2048,m7,E005_Pucara,25,0,300,0
BAU_Normal,2048,m7,N039_Paute_Cardenillo,3.0825,0,7,0
BAU_Normal,2048,m8,E003_Mazar,205,0,262,0
BAU_Normal,2048,m8,E004_Paute_Molino,74.66509197,294.2215383,0,457.2693074
BAU_Normal,2048,m8,E005_Pucara,25,0,300,0
BAU_Normal,2048,m8,N039_Paute_Cardenillo,3.0825,0,1,0
BAU_Normal,2048,m9,E003_Mazar,205,208.8369601,53.16303991,73.09293603
BAU_Normal,2048,m9,E004_Paute_Molino,70.49509636,267.1699956,0,415.2267015
BAU_Normal,2048,m9,E005_Pucara,25,0,300,0
BAU_Normal,2048,m9,N039_Paute_Cardenillo,3.0825,0,1,0
BAU_Normal,2048,m10,E003_Mazar,205,178.2496259,83.75037408,62.38736907
BAU_Normal,2048,m10,E004_Paute_Molino,65.42351832,268.071578,0,416.6279109
BAU_Normal,2048,m10,E005_Pucara,25,0,300,0
BAU_Normal,2048,m10,N039_Paute_Cardenillo,3.0825,0,1,0
BAU_Normal,2048,m11,E003_Mazar,205,172.4673491,89.53265088,60.36357219
BAU_Normal,2048,m11,E004_Paute_Molino,70.53340365,257.8901147,0,400.8042199
BAU_Normal,2048,m11,E005_Pucara,25,0,300,0
BAU_Normal,2048,m11,N039_Paute_Cardenillo,3.0825,0,1,0
BAU_Normal,2048,m12,E003_Mazar,205,187.0002186,74.99978143,65.4500765
BAU_Normal,2048,m12,E004_Paute_Molino,60,273.5334036,0,425.1164982
BAU_Normal,2048,m12,E005_Pucara,25,0,300,0
BAU_Normal,2048,m12,N039_Paute_Cardenillo,4.0825,0,0,0
BAU_Normal,2049,m1,E003_Mazar,205,176.9916365,85.00836355,61.94707276
BAU_Normal,2049,m1,E004_Paute_Molino,66.57081506,256.4291849,0,398.5336916
BAU_Normal,2049,m1,E005_Pucara,25,0,300,0
BAU_Normal,2049,m1,N039_Paute_Cardenillo,4.0825,0,0,0
BAU_Normal,2049,m2,E003_Mazar,205,190.969135,71.03086496,66.83919726
BAU_Normal,2049,m2,E004_Paute_Molino,60.06366491,269.5071501,0,418.8590292
BAU_Normal,2049,m2,E005_Pucara,25,0,300,0
BAU_Normal,2049,m2,N039_Paute_Cardenillo,5.0825,0,0,0
BAU_Normal,2049,m3,E003_Mazar,389.82425,0,77.17575004,0
BAU_Normal,2049,m3,E004_Paute_Molino,60,78.23941495,0,121.5970907
BAU_Normal,2049,m3,E005_Pucara,25,0,300,0
BAU_Normal,2049,m3,N039_Paute_Cardenillo,6.0825,0,0,0
BAU_Normal,2049,m4,E003_Mazar,406.3261402,0,245.4981097,0
BAU_Normal,2049,m4,E004_Paute_Molino,60,246.4981097,0,383.0991456
BAU_Normal,2049,m4,E005_Pucara,25,0,300,0
BAU_Normal,2049,m4,N039_Paute_Cardenillo,7.0825,0,0,0
BAU_Normal,2049,m5,E003_Mazar,205,0,463.3261402,0
BAU_Normal,2049,m5,E004_Paute_Molino,120,404.3261402,0,628.3902096
BAU_Normal,2049,m5,E005_Pucara,25,0,300,0
BAU_Normal,2049,m5,N039_Paute_Cardenillo,8.0825,0,0,0
BAU_Normal,2049,m6,E003_Mazar,205,0,262,0
BAU_Normal,2049,m6,E004_Paute_Molino,60,323,0,501.9958333
BAU_Normal,2049,m6,E005_Pucara,25,0,300,0
BAU_Normal,2049,m6,N039_Paute_Cardenillo,9.0825,0,0,0
BAU_Normal,2049,m7,E003_Mazar,208.795567,0,258.204433,0
BAU_Normal,2049,m7,E004_Paute_Molino,120,199.204433,0,309.5968895
BAU_Normal,2049,m7,E005_Pucara,25,0,300,0
BAU_Normal,2049,m7,N039_Paute_Cardenillo,3.0825,0,7,0
BAU_Normal,2049,m8,E003_Mazar,218.7151203,0,252.0804467,0
BAU_Normal,2049,m8,E004_Paute_Molino,60,313.0804467,0,486.5791943
BAU_Normal,2049,m8,E005_Pucara,25,0,300,0
BAU_Normal,2049,m8,N039_Paute_Cardenillo,3.0825,0,1,0
BAU_Normal,2049,m9,E003_Mazar,205,158.2855794,117.4295409,55.3999528
BAU_Normal,2049,m9,E004_Paute_Molino,96.08163455,240.6334858,0,373.9845425
BAU_Normal,2049,m9,E005_Pucara,25,0,300,0
BAU_Normal,2049,m9,N039_Paute_Cardenillo,3.0825,0,1,0
BAU_Normal,2049,m10,E003_Mazar,205,196.2330511,65.7669489,68.68156789
BAU_Normal,2049,m10,E004_Paute_Molino,60,299.0816346,0,464.822707
BAU_Normal,2049,m10,E005_Pucara,25,0,300,0
BAU_Normal,2049,m10,N039_Paute_Cardenillo,3.0825,0,1,0
BAU_Normal,2049,m11,E003_Mazar,205,196.2570836,65.74291645,68.68997924
BAU_Normal,2049,m11,E004_Paute_Molino,70.8269155,252.1730845,0,391.9190022
BAU_Normal,2049,m11,E005_Pucara,25,0,300,0
BAU_Normal,2049,m11,N039_Paute_Cardenillo,3.0825,0,1,0
BAU_Normal,2049,m12,E003_Mazar,205,179.559617,82.44038301,62.84586595
BAU_Normal,2049,m12,E004_Paute_Molino,66.57081506,267.2561004,0,415.3605228
BAU_Normal,2049,m12,E005_Pucara,25,0,300,0
BAU_Normal,2049,m12,N039_Paute_Cardenillo,4.0825,0,0,0
BAU_Normal,2050,m1,E003_Mazar,205,175.0997559,86.90024407,61.28491458
BAU_Normal,2050,m1,E004_Paute_Molino,60,263,0,408.7458333
BAU_Normal,2050,m1,E005_Pucara,25,0,300,0
BAU_Normal,2050,m1,N039_Paute_Cardenillo,4.0825,0,0,0
BAU_Normal,2050,m2,E003_Mazar,205,171.826874,90.17312604,60.13940588
BAU_Normal,2050,m2,E004_Paute_Molino,79.42340005,243.5766,0,378.5586324
BAU_Normal,2050,m2,E005_Pucara,25,0,300,0
BAU_Normal,2050,m2,N039_Paute_Cardenillo,5.0825,0,0,0
BAU_Normal,2050,m3,E003_Mazar,205,0,262,0
BAU_Normal,2050,m3,E004_Paute_Molino,120,222.4234,0,345.6830342
BAU_Normal,2050,m3,E005_Pucara,25,0,300,0
BAU_Normal,2050,m3,N039_Paute_Cardenillo,6.0825,0,0,0
BAU_Normal,2050,m4,E003_Mazar,289.0346099,0,177.9653901,0
BAU_Normal,2050,m4,E004_Paute_Molino,120,178.9653901,0,278.1420437
BAU_Normal,2050,m4,E005_Pucara,25,0,300,0
BAU_Normal,2050,m4,N039_Paute_Cardenillo,7.0825,0,0,0
BAU_Normal,2050,m5,E003_Mazar,205,0,346.0346099,0
BAU_Normal,2050,m5,E004_Paute_Molino,60,407.0346099,0,632.5996229
BAU_Normal,2050,m5,E005_Pucara,25,0,300,0
BAU_Normal,2050,m5,N039_Paute_Cardenillo,8.0825,0,0,0
BAU_Normal,2050,m6,E003_Mazar,205,0,262,0
BAU_Normal,2050,m6,E004_Paute_Molino,60,263,0,408.7458333
BAU_Normal,2050,m6,E005_Pucara,25,0,300,0
BAU_Normal,2050,m6,N039_Paute_Cardenillo,9.0825,0,0,0
BAU_Normal,2050,m7,E003_Mazar,205,0,262,0
BAU_Normal,2050,m7,E004_Paute_Molino,120,203,0,315.4958333
BAU_Normal,2050,m7,E005_Pucara,25,0,300,0
BAU_Normal,2050,m7,N039_Paute_Cardenillo,3.0825,0,7,0
BAU_Normal,2050,m8,E003_Mazar,205,0,262,0
BAU_Normal,2050,m8,E004_Paute_Molino,60,323,0,501.9958333
BAU_Normal,2050,m8,E005_Pucara,25,0,300,0
BAU_Normal,2050,m8,N039_Paute_Cardenillo,3.0825,0,1,0
BAU_Normal,2050,m9,E003_Mazar,205,179.277535,82.72246499,62.74713725
BAU_Normal,2050,m9,E004_Paute_Molino,60,263,0,408.7458333
BAU_Normal,2050,m9,E005_Pucara,25,0,300,0
BAU_Normal,2050,m9,N039_Paute_Cardenillo,3.0825,0,1,0
BAU_Normal,2050,m10,E003_Mazar,205,168.1268566,93.87314339,58.84439981
BAU_Normal,2050,m10,E004_Paute_Molino,60,263,0,408.7458333
BAU_Normal,2050,m10,E005_Pucara,25,0,300,0
BAU_Normal,2050,m10,N039_Paute_Cardenillo,3.0825,0,1,0
BAU_Normal,2050,m11,E003_Mazar,205,207.3003412,54.69965876,72.55511943
BAU_Normal,2050,m11,E004_Paute_Molino,60,263,0,408.7458333
BAU_Normal,2050,m11,E005_Pucara,25,0,300,0
BAU_Normal,2050,m11,N039_Paute_Cardenillo,3.0825,0,1,0
BAU_Normal,2050,m12,E003_Mazar,205,200.1468006,61.85319935,70.05138023
BAU_Normal,2050,m12,E004_Paute_Molino,60,259.1456932,3.854306792,402.7555982
BAU_Normal,2050,m12,E005_Pucara,25,0,300,0
BAU_Normal,2050,m12,N039_Paute_Cardenillo,4.0825,0,0,0
BAU_Extreme,2025,m1,E003_Mazar,205,167.1945539,94.80544612,58.51809386
BAU_Extreme,2025,m1,E004_Paute_Molino,60,263,0,408.7458333
BAU_Extreme,2025,m1,E005_Pucara,25,28.36616224,271.6338378,27.79883899
BAU_Extreme,2025,m1,N039_Paute_Cardenillo,4.0825,0,0,0
BAU_Extreme,2025,m2,E003_Mazar,257.6518577,170.9006338,38.44750856,59.81522182
BAU_Extreme,2025,m2,E004_Paute_Molino,60,210.3481423,0,326.9160712
BAU_Extreme,2025,m2,E005_Pucara,25,25.71690924,274.2830908,25.20257105
BAU_Extreme,2025,m2,N039_Paute_Cardenillo,5.0825,0,0,0
BAU_Extreme,2025,m3,E003_Mazar,212.5838998,307.0679578,0,107.4737852
BAU_Extreme,2025,m3,E004_Paute_Molino,120,248.0679578,0,385.5389512
BAU_Extreme,2025,m3,E005_Pucara,25,45.07226404,254.927736,44.17081876
BAU_Extreme,2025,m3,N039_Paute_Cardenillo,6.0825,0,0,0
BAU_Extreme,2025,m4,E003_Mazar,256.3223837,218.2615161,0,76.39153064
BAU_Extreme,2025,m4,E004_Paute_Molino,61.02947716,278.232039,0,432.4189605
BAU_Extreme,2025,m4,E005_Pucara,25,47.19672479,252.8032752,46.25279029
BAU_Extreme,2025,m4,N039_Paute_Cardenillo,7.0825,0,0,0
BAU_Extreme,2025,m5,E003_Mazar,205,313.3223837,0,109.6628343
BAU_Extreme,2025,m5,E004_Paute_Molino,110.3950484,264.9568124,0,411.787046
BAU_Extreme,2025,m5,E005_Pucara,25,49.2996541,250.7003459,48.31366102
BAU_Extreme,2025,m5,N039_Paute_Cardenillo,8.0825,0,0,0
BAU_Extreme,2025,m6,E003_Mazar,205,130.8522954,131.1477046,45.79830339
BAU_Extreme,2025,m6,E004_Paute_Molino,60,313.3950484,0,487.0681378
BAU_Extreme,2025,m6,E005_Pucara,25,47.43294719,252.5670528,46.48428825
BAU_Extreme,2025,m6,N039_Paute_Cardenillo,9.0825,0,0,0
BAU_Extreme,2025,m7,E003_Mazar,216.2576222,201.5746776,49.16770016,70.55113717
BAU_Extreme,2025,m7,E004_Paute_Molino,60,251.7423778,0,391.2496122
BAU_Extreme,2025,m7,E005_Pucara,25,47.32989272,252.6701073,46.38329487
BAU_Extreme,2025,m7,N039_Paute_Cardenillo,3.0825,0,7,0
BAU_Extreme,2025,m8,E003_Mazar,205,273.2576222,0,95.64016777
BAU_Extreme,2025,m8,E004_Paute_Molino,82.13016706,252.1274551,0,391.8480865
BAU_Extreme,2025,m8,E005_Pucara,25,46.80329801,253.196702,45.86723205
BAU_Extreme,2025,m8,N039_Paute_Cardenillo,3.0825,0,1,0
BAU_Extreme,2025,m9,E003_Mazar,205,195.0591992,66.9408008,68.27071972
BAU_Extreme,2025,m9,E004_Paute_Molino,118.8647449,226.2654222,0,351.654177
BAU_Extreme,2025,m9,E005_Pucara,25,28.54690751,271.4530925,27.97596936
BAU_Extreme,2025,m9,N039_Paute_Cardenillo,3.0825,0,1,0
BAU_Extreme,2025,m10,E003_Mazar,227.4950689,160.4758919,79.0290392,56.16656216
BAU_Extreme,2025,m10,E004_Paute_Molino,60,299.3696759,0,465.2703714
BAU_Extreme,2025,m10,E005_Pucara,25,24.07904691,275.9209531,23.59746598
BAU_Extreme,2025,m10,N039_Paute_Cardenillo,3.0825,0,1,0
BAU_Extreme,2025,m11,E003_Mazar,205,199.2905219,85.20454704,69.75168266
BAU_Extreme,2025,m11,E004_Paute_Molino,60,285.4950689,0,443.7069196
BAU_Extreme,2025,m11,E005_Pucara,25,28.04846756,271.9515324,27.48749821
BAU_Extreme,2025,m11,N039_Paute_Cardenillo,3.0825,0,1,0
BAU_Extreme,2025,m12,E003_Mazar,205,169.3373219,92.66267808,59.26806267
BAU_Extreme,2025,m12,E004_Paute_Molino,60,246.4248808,16.57511917,382.9853356
BAU_Extreme,2025,m12,E005_Pucara,25,27.89649161,272.1035084,27.33856178
BAU_Extreme,2025,m12,N039_Paute_Cardenillo,4.0825,0,0,0
BAU_Extreme,2026,m1,E003_Mazar,205,163.1298102,98.87018984,57.09543356
BAU_Extreme,2026,m1,E004_Paute_Molino,60,263,0,408.7458333
BAU_Extreme,2026,m1,E005_Pucara,25,32.23442871,267.7655713,31.58974014
BAU_Extreme,2026,m1,N039_Paute_Cardenillo,4.0825,0,0,0
BAU_Extreme,2026,m2,E003_Mazar,272.2132282,155.5825381,39.20423367,54.45388833
BAU_Extreme,2026,m2,E004_Paute_Molino,60,195.7867718,0,304.2852744
BAU_Extreme,2026,m2,E005_Pucara,25,23.20354306,276.7964569,22.7394722
BAU_Extreme,2026,m2,N039_Paute_Cardenillo,5.0825,0,0,0
BAU_Extreme,2026,m3,E003_Mazar,230.2819419,303.9312864,0,106.3759502
BAU_Extreme,2026,m3,E004_Paute_Molino,106.2173767,258.7139097,0,402.0845346
BAU_Extreme,2026,m3,E005_Pucara,25,45.58064803,254.419352,44.66903507
BAU_Extreme,2026,m3,N039_Paute_Cardenillo,6.0825,0,0,0
BAU_Extreme,2026,m4,E003_Mazar,212.9607181,53.84024533,225.4809784,18.84408586
BAU_Extreme,2026,m4,E004_Paute_Molino,60,326.5386005,0,507.4954082
BAU_Extreme,2026,m4,E005_Pucara,25,44.56264152,255.4373585,43.67138869
BAU_Extreme,2026,m4,N039_Paute_Cardenillo,7.0825,0,0,0
BAU_Extreme,2026,m5,E003_Mazar,207.5011241,267.459594,0,93.61085791
BAU_Extreme,2026,m5,E004_Paute_Molino,60,268.459594,0,417.2309524
BAU_Extreme,2026,m5,E005_Pucara,25,44.11187369,255.8881263,43.22963621
BAU_Extreme,2026,m5,N039_Paute_Cardenillo,8.0825,0,0,0
BAU_Extreme,2026,m6,E003_Mazar,214.0481833,255.4529407,0,89.40852925
BAU_Extreme,2026,m6,E004_Paute_Molino,60,256.4529407,0,398.570612
BAU_Extreme,2026,m6,E005_Pucara,25,46.89026337,253.1097366,45.95245811
BAU_Extreme,2026,m6,N039_Paute_Cardenillo,9.0825,0,0,0
BAU_Extreme,2026,m7,E003_Mazar,237.1396031,238.9085802,0,83.61800309
BAU_Extreme,2026,m7,E004_Paute_Molino,60,239.9085802,0,372.8579185
BAU_Extreme,2026,m7,E005_Pucara,25,48.00967186,251.9903281,47.04947842
BAU_Extreme,2026,m7,N039_Paute_Cardenillo,3.0825,0,7,0
BAU_Extreme,2026,m8,E003_Mazar,205,294.1396031,0,102.9488611
BAU_Extreme,2026,m8,E004_Paute_Molino,116.5087297,238.6308734,0,370.872149
BAU_Extreme,2026,m8,E005_Pucara,25,47.16330843,252.8366916,46.22004226
BAU_Extreme,2026,m8,N039_Paute_Cardenillo,3.0825,0,1,0
BAU_Extreme,2026,m9,E003_Mazar,205,186.0679478,75.9320522,65.12378173
BAU_Extreme,2026,m9,E004_Paute_Molino,60,319.5087297,0,496.5698175
BAU_Extreme,2026,m9,E005_Pucara,25,25.66087999,274.33912,25.14766239
BAU_Extreme,2026,m9,N039_Paute_Cardenillo,3.0825,0,1,0
BAU_Extreme,2026,m10,E003_Mazar,205,146.1825785,115.8174215,51.16390249
BAU_Extreme,2026,m10,E004_Paute_Molino,63.2270673,235.3730006,24.39993212,365.8088717
BAU_Extreme,2026,m10,E005_Pucara,25,29.29981077,270.7001892,28.71381456
BAU_Extreme,2026,m10,N039_Paute_Cardenillo,3.0825,0,1,0
BAU_Extreme,2026,m11,E003_Mazar,205,153.9600608,108.0399392,53.88602127
BAU_Extreme,2026,m11,E004_Paute_Molino,70.74926409,255.4778032,0,397.0550858
BAU_Extreme,2026,m11,E005_Pucara,25,25.56391419,274.4360858,25.05263591
BAU_Extreme,2026,m11,N039_Paute_Cardenillo,3.0825,0,1,0
BAU_Extreme,2026,m12,E003_Mazar,205,129.6653395,132.3346605,45.38286882
BAU_Extreme,2026,m12,E004_Paute_Molino,60,273.7492641,0,425.4519813
BAU_Extreme,2026,m12,E005_Pucara,25,21.95000475,278.0499952,21.51100466
BAU_Extreme,2026,m12,N039_Paute_Cardenillo,4.0825,0,0,0
BAU_Extreme,2027,m1,E003_Mazar,205,170.2858825,91.71411754,59.60005886
BAU_Extreme,2027,m1,E004_Paute_Molino,89.62142017,221.271094,12.10748586,343.8921585
BAU_Extreme,2027,m1,E005_Pucara,25,22.31442399,277.685576,21.86813551
BAU_Extreme,2027,m1,N039_Paute_Cardenillo,4.0825,0,0,0
BAU_Extreme,2027,m2,E003_Mazar,273.4080465,193.5919535,0,67.75718373
BAU_Extreme,2027,m2,E004_Paute_Molino,60,224.2133737,0,348.4649516
BAU_Extreme,2027,m2,E005_Pucara,25,30.50168628,269.4983137,29.89165255
BAU_Extreme,2027,m2,N039_Paute_Cardenillo,5.0825,0,0,0
BAU_Extreme,2027,m3,E003_Mazar,205,0,330.4080465,0
BAU_Extreme,2027,m3,E004_Paute_Molino,107.4957843,283.9122622,0,441.2469742
BAU_Extreme,2027,m3,E005_Pucara,25,47.23109908,252.7689009,46.2864771
BAU_Extreme,2027,m3,N039_Paute_Cardenillo,6.0825,0,0,0
BAU_Extreme,2027,m4,E003_Mazar,205,0,262,0
BAU_Extreme,2027,m4,E004_Paute_Molino,88.57374743,281.9220368,0,438.1538322
BAU_Extreme,2027,m4,E005_Pucara,25,49.17788158,250.8221184,48.19432395
BAU_Extreme,2027,m4,N039_Paute_Cardenillo,7.0825,0,0,0
BAU_Extreme,2027,m5,E003_Mazar,205,0,262,0
BAU_Extreme,2027,m5,E004_Paute_Molino,65.2808268,286.2929206,0,444.9469141
BAU_Extreme,2027,m5,E005_Pucara,25,48.8291443,251.1708557,47.85256142
BAU_Extreme,2027,m5,N039_Paute_Cardenillo,8.0825,0,0,0
BAU_Extreme,2027,m6,E003_Mazar,205,262,0,91.7
BAU_Extreme,2027,m6,E004_Paute_Molino,116.2471199,212.0337069,0,329.5357195
BAU_Extreme,2027,m6,E005_Pucara,25,47.46271468,252.5372853,46.51346038
BAU_Extreme,2027,m6,N039_Paute_Cardenillo,9.0825,0,0,0
BAU_Extreme,2027,m7,E003_Mazar,205,0,262,0
BAU_Extreme,2027,m7,E004_Paute_Molino,118.4682847,260.7788352,0,405.293773
BAU_Extreme,2027,m7,E005_Pucara,25,49.2405668,250.7594332,48.25575547
BAU_Extreme,2027,m7,N039_Paute_Cardenillo,3.0825,0,7,0
BAU_Extreme,2027,m8,E003_Mazar,233.6158044,138.1356999,95.24849569,48.34749496
BAU_Extreme,2027,m8,E004_Paute_Molino,120,232.8524803,0,361.8915631
BAU_Extreme,2027,m8,E005_Pucara,25,47.61739722,252.3826028,46.66504927
BAU_Extreme,2027,m8,N039_Paute_Cardenillo,3.0825,0,1,0
BAU_Extreme,2027,m9,E003_Mazar,224.6126393,162.9119327,108.0912324,57.01917645
BAU_Extreme,2027,m9,E004_Paute_Molino,120,272.0031652,0,422.7382525
BAU_Extreme,2027,m9,E005_Pucara,25,20.18902085,279.8109792,19.78524043
BAU_Extreme,2027,m9,N039_Paute_Cardenillo,3.0825,0,1,0
BAU_Extreme,2027,m10,E003_Mazar,232.229606,187.1880237,67.19500962,65.51580828
BAU_Extreme,2027,m10,E004_Paute_Molino,120,255.3830333,0,396.9077976
BAU_Extreme,2027,m10,E005_Pucara,25,24.34844507,275.6515549,23.86147616
BAU_Extreme,2027,m10,N039_Paute_Cardenillo,3.0825,0,1,0
BAU_Extreme,2027,m11,E003_Mazar,205,145.5584423,143.6711637,50.94545481
BAU_Extreme,2027,m11,E004_Paute_Molino,120,290.229606,0,451.0651793
BAU_Extreme,2027,m11,E005_Pucara,25,28.31693891,271.6830611,27.75060014
BAU_Extreme,2027,m11,N039_Paute_Cardenillo,3.0825,0,1,0
BAU_Extreme,2027,m12,E003_Mazar,205,176.8954128,85.10458724,61.91339447
BAU_Extreme,2027,m12,E004_Paute_Molino,89.62142017,293.3785798,0,455.9592095
BAU_Extreme,2027,m12,E005_Pucara,25,27.38808517,272.6119148,26.84032347
BAU_Extreme,2027,m12,N039_Paute_Cardenillo,4.0825,0,0,0
BAU_Extreme,2028,m1,E003_Mazar,208.7851085,171.4496147,86.76527678,60.00736515
BAU_Extreme,2028,m1,E004_Paute_Molino,85.36884176,233.8460497,0,363.4357356
BAU_Extreme,2028,m1,E005_Pucara,25,25.81313051,274.1868695,25.2968679
BAU_Extreme,2028,m1,N039_Paute_Cardenillo,4.0825,0,0,0
BAU_Extreme,2028,m2,E003_Mazar,305.8369413,164.9481672,0,57.73185852
BAU_Extreme,2028,m2,E004_Paute_Molino,60,191.317009,0,297.3385181
BAU_Extreme,2028,m2,E005_Pucara,25,29.66429975,270.3357002,29.07101376
BAU_Extreme,2028,m2,N039_Paute_Cardenillo,5.0825,0,0,0
BAU_Extreme,2028,m3,E003_Mazar,275.3699904,292.4669509,0,102.3634328
BAU_Extreme,2028,m3,E004_Paute_Molino,60,293.4669509,0,456.0965529
BAU_Extreme,2028,m3,E005_Pucara,25,49.34616377,250.6538362,48.3592405
BAU_Extreme,2028,m3,N039_Paute_Cardenillo,6.0825,0,0,0
BAU_Extreme,2028,m4,E003_Mazar,248.4873039,288.8826865,0,101.1089403
BAU_Extreme,2028,m4,E004_Paute_Molino,60,289.8826865,0,450.5260086
BAU_Extreme,2028,m4,E005_Pucara,25,49.00574643,250.9942536,48.0256315
BAU_Extreme,2028,m4,N039_Paute_Cardenillo,7.0825,0,0,0
BAU_Extreme,2028,m5,E003_Mazar,234.3450681,276.1422357,0,96.64978251
BAU_Extreme,2028,m5,E004_Paute_Molino,60,277.1422357,0,430.7252247
BAU_Extreme,2028,m5,E005_Pucara,25,46.24908719,253.7509128,45.32410545
BAU_Extreme,2028,m5,N039_Paute_Cardenillo,8.0825,0,0,0
BAU_Extreme,2028,m6,E003_Mazar,250.8404339,245.5046343,0,85.92662199
BAU_Extreme,2028,m6,E004_Paute_Molino,60,246.5046343,0,383.1092858
BAU_Extreme,2028,m6,E005_Pucara,25,44.46655112,255.5334489,43.5772201
BAU_Extreme,2028,m6,N039_Paute_Cardenillo,9.0825,0,0,0
BAU_Extreme,2028,m7,E003_Mazar,205,307.8404339,0,107.7441519
BAU_Extreme,2028,m7,E004_Paute_Molino,93.22656757,275.6138663,0,428.3498839
BAU_Extreme,2028,m7,E005_Pucara,25,47.09753743,252.9024626,46.15558668
BAU_Extreme,2028,m7,N039_Paute_Cardenillo,3.0825,0,7,0
BAU_Extreme,2028,m8,E003_Mazar,205,262,0,91.7
BAU_Extreme,2028,m8,E004_Paute_Molino,75.63958093,280.5869866,0,436.0789417
BAU_Extreme,2028,m8,E005_Pucara,25,46.61727143,253.3827286,45.68492601
BAU_Extreme,2028,m8,N039_Paute_Cardenillo,3.0825,0,1,0
BAU_Extreme,2028,m9,E003_Mazar,205,157.4349322,104.5650678,55.10222627
BAU_Extreme,2028,m9,E004_Paute_Molino,96.92161931,241.7179616,0,375.6699987
BAU_Extreme,2028,m9,E005_Pucara,25,27.08273269,272.9172673,26.54107803
BAU_Extreme,2028,m9,N039_Paute_Cardenillo,3.0825,0,1,0
BAU_Extreme,2028,m10,E003_Mazar,205,144.8455938,117.1544062,50.69595785
BAU_Extreme,2028,m10,E004_Paute_Molino,60,299.9216193,0,466.1281833
BAU_Extreme,2028,m10,E005_Pucara,25,23.92435586,276.0756441,23.44586874
BAU_Extreme,2028,m10,N039_Paute_Cardenillo,3.0825,0,1,0
BAU_Extreme,2028,m11,E003_Mazar,205,168.4149365,93.58506346,58.94522779
BAU_Extreme,2028,m11,E004_Paute_Molino,69.80071231,253.1992877,0,393.5138929
BAU_Extreme,2028,m11,E005_Pucara,25,27.17043857,272.8295614,26.6270298
BAU_Extreme,2028,m11,N039_Paute_Cardenillo,3.0825,0,1,0
BAU_Extreme,2028,m12,E003_Mazar,208.7851085,172.6926485,85.52224304,60.44242696
BAU_Extreme,2028,m12,E004_Paute_Molino,85.36884176,243.646762,0,378.667676
BAU_Extreme,2028,m12,E005_Pucara,25,30.61149007,269.3885099,29.99926026
BAU_Extreme,2028,m12,N039_Paute_Cardenillo,4.0825,0,0,0
BAU_Extreme,2029,m1,E003_Mazar,231.0259918,175.9926831,59.98132505,61.59743909
BAU_Extreme,2029,m1,E004_Paute_Molino,60,236.9740082,0,368.2971044
BAU_Extreme,2029,m1,E005_Pucara,25,28.32354847,271.6764515,27.7570775
BAU_Extreme,2029,m1,N039_Paute_Cardenillo,4.0825,0,0,0
BAU_Extreme,2029,m2,E003_Mazar,205,173.0390349,114.9869569,60.56366222
BAU_Extreme,2029,m2,E004_Paute_Molino,86.56373349,262.4622583,0,407.9100932
BAU_Extreme,2029,m2,E005_Pucara,25,26.04914412,273.9508559,25.52816124
BAU_Extreme,2029,m2,N039_Paute_Cardenillo,5.0825,0,0,0
BAU_Extreme,2029,m3,E003_Mazar,214.0664039,0,252.9335961,0
BAU_Extreme,2029,m3,E004_Paute_Molino,60,280.4973296,0,435.9395997
BAU_Extreme,2029,m3,E005_Pucara,25,45.22505276,254.7749472,44.32055171
BAU_Extreme,2029,m3,N039_Paute_Cardenillo,6.0825,0,0,0
BAU_Extreme,2029,m4,E003_Mazar,214.1250384,17.05515235,244.8862131,5.969303322
BAU_Extreme,2029,m4,E004_Paute_Molino,60,262.9413655,0,408.6547055
BAU_Extreme,2029,m4,E005_Pucara,25,42.89682481,257.1031752,42.03888831
BAU_Extreme,2029,m4,N039_Paute_Cardenillo,7.0825,0,0,0
BAU_Extreme,2029,m5,E003_Mazar,210.4645302,0,265.6605082,0
BAU_Extreme,2029,m5,E004_Paute_Molino,60,266.6605082,0,414.4348732
BAU_Extreme,2029,m5,E005_Pucara,25,48.71164893,251.2883511,47.73741595
BAU_Extreme,2029,m5,N039_Paute_Cardenillo,8.0825,0,0,0
BAU_Extreme,2029,m6,E003_Mazar,205,0,267.4645302,0
BAU_Extreme,2029,m6,E004_Paute_Molino,60,268.4645302,0,417.238624
BAU_Extreme,2029,m6,E005_Pucara,25,44.48811375,255.5118862,43.59835148
BAU_Extreme,2029,m6,N039_Paute_Cardenillo,9.0825,0,0,0
BAU_Extreme,2029,m7,E003_Mazar,205,0,262,0
BAU_Extreme,2029,m7,E004_Paute_Molino,60,263,0,408.7458333
BAU_Extreme,2029,m7,E005_Pucara,25,46.41878523,253.5812148,45.49040952
BAU_Extreme,2029,m7,N039_Paute_Cardenillo,3.0825,0,7,0
BAU_Extreme,2029,m8,E003_Mazar,205,0,262,0
BAU_Extreme,2029,m8,E004_Paute_Molino,60,263,0,408.7458333
BAU_Extreme,2029,m8,E005_Pucara,25,48.61079915,251.3892009,47.63858316
BAU_Extreme,2029,m8,N039_Paute_Cardenillo,3.0825,0,1,0
BAU_Extreme,2029,m9,E003_Mazar,205,168.0639197,93.93608028,58.8223719
BAU_Extreme,2029,m9,E004_Paute_Molino,106.2215986,216.7784014,0,336.9097654
BAU_Extreme,2029,m9,E005_Pucara,25,20.9052749,279.0947251,20.4871694
BAU_Extreme,2029,m9,N039_Paute_Cardenillo,3.0825,0,1,0
BAU_Extreme,2029,m10,E003_Mazar,280.6434271,181.659229,4.697343837,63.58073016
BAU_Extreme,2029,m10,E004_Paute_Molino,60,233.5781715,0,363.0194082
BAU_Extreme,2029,m10,E005_Pucara,25,22.11359274,277.8864073,21.67132088
BAU_Extreme,2029,m10,N039_Paute_Cardenillo,3.0825,0,1,0
BAU_Extreme,2029,m11,E003_Mazar,205,180.1874515,157.4559757,63.06560802
BAU_Extreme,2029,m11,E004_Paute_Molino,60,205.1818669,133.4615603,318.8868181
BAU_Extreme,2029,m11,E005_Pucara,25,26.58206472,273.4179353,26.05042343
BAU_Extreme,2029,m11,N039_Paute_Cardenillo,3.0825,0,1,0
BAU_Extreme,2029,m12,E003_Mazar,231.0259918,188.3765415,47.59746667,65.93178953
BAU_Extreme,2029,m12,E004_Paute_Molino,60,222.0703467,14.90366148,345.1343305
BAU_Extreme,2029,m12,E005_Pucara,25,22.9532365,277.0467635,22.49417177
BAU_Extreme,2029,m12,N039_Paute_Cardenillo,4.0825,0,0,0
BAU_Extreme,2030,m1,E003_Mazar,205,180.768873,81.23112698,63.26910556
BAU_Extreme,2030,m1,E004_Paute_Molino,65.98750818,257.0124918,0,399.4402477
BAU_Extreme,2030,m1,E005_Pucara,25,30.16259175,269.8374082,29.55933992
BAU_Extreme,2030,m1,N039_Paute_Cardenillo,4.0825,0,0,0
BAU_Extreme,2030,m2,E003_Mazar,229.6221946,183.7992612,53.57854419,64.32974143
BAU_Extreme,2030,m2,E004_Paute_Molino,60,244.3653136,0,379.7844249
BAU_Extreme,2030,m2,E005_Pucara,25,22.10535302,277.894647,21.66324596
BAU_Extreme,2030,m2,N039_Paute_Cardenillo,5.0825,0,0,0
BAU_Extreme,2030,m3,E003_Mazar,219.2736475,272.348547,0,95.32199147
BAU_Extreme,2030,m3,E004_Paute_Molino,106.3084669,227.0400802,0,352.8581246
BAU_Extreme,2030,m3,E005_Pucara,25,48.68266405,251.317336,47.70901077
BAU_Extreme,2030,m3,N039_Paute_Cardenillo,6.0825,0,0,0
BAU_Extreme,2030,m4,E003_Mazar,214.858594,266.4150535,0,93.24526874
BAU_Extreme,2030,m4,E004_Paute_Molino,120,253.7235204,0,394.328638
BAU_Extreme,2030,m4,E005_Pucara,25,46.44446149,253.5555385,45.51557226
BAU_Extreme,2030,m4,N039_Paute_Cardenillo,7.0825,0,0,0
BAU_Extreme,2030,m5,E003_Mazar,218.3819547,258.4766393,0,90.46682376
BAU_Extreme,2030,m5,E004_Paute_Molino,120,259.4766393,0,403.2699436
BAU_Extreme,2030,m5,E005_Pucara,25,44.87889241,255.1211076,43.98131457
BAU_Extreme,2030,m5,N039_Paute_Cardenillo,8.0825,0,0,0
BAU_Extreme,2030,m6,E003_Mazar,257.358105,0,223.0238497,0
BAU_Extreme,2030,m6,E004_Paute_Molino,60,284.0238497,0,441.4203998
BAU_Extreme,2030,m6,E005_Pucara,25,46.06552822,253.9344718,45.14421766
BAU_Extreme,2030,m6,N039_Paute_Cardenillo,9.0825,0,0,0
BAU_Extreme,2030,m7,E003_Mazar,243.202291,276.155814,0,96.65453491
BAU_Extreme,2030,m7,E004_Paute_Molino,120,217.155814,0,337.4963276
BAU_Extreme,2030,m7,E005_Pucara,25,48.35305183,251.6469482,47.38599079
BAU_Extreme,2030,m7,N039_Paute_Cardenillo,3.0825,0,7,0
BAU_Extreme,2030,m8,E003_Mazar,278.6351888,42.61705827,183.9500439,14.9159704
BAU_Extreme,2030,m8,E004_Paute_Molino,60,287.5671022,0,446.9272046
BAU_Extreme,2030,m8,E005_Pucara,25,45.78738192,254.2126181,44.87163428
BAU_Extreme,2030,m8,N039_Paute_Cardenillo,3.0825,0,1,0
BAU_Extreme,2030,m9,E003_Mazar,205,200.1316718,135.503517,70.04608514
BAU_Extreme,2030,m9,E004_Paute_Molino,106.0888016,290.5463872,0,451.5575101
BAU_Extreme,2030,m9,E005_Pucara,25,32.75465699,267.245343,32.09956385
BAU_Extreme,2030,m9,N039_Paute_Cardenillo,3.0825,0,1,0
BAU_Extreme,2030,m10,E003_Mazar,205,156.5176791,105.4823209,54.78118767
BAU_Extreme,2030,m10,E004_Paute_Molino,75.19059441,293.8982072,0,456.766797
BAU_Extreme,2030,m10,E005_Pucara,25,27.65113616,272.3488638,27.09811344
BAU_Extreme,2030,m10,N039_Paute_Cardenillo,3.0825,0,1,0
BAU_Extreme,2030,m11,E003_Mazar,205,175.9611056,86.03889437,61.58638697
BAU_Extreme,2030,m11,E004_Paute_Molino,60,278.1905944,0,432.3545488
BAU_Extreme,2030,m11,E005_Pucara,25,19.38029077,280.6197092,18.99268496
BAU_Extreme,2030,m11,N039_Paute_Cardenillo,3.0825,0,1,0
BAU_Extreme,2030,m12,E003_Mazar,205,205.4427799,56.55722011,71.90497296
BAU_Extreme,2030,m12,E004_Paute_Molino,65.98750818,200.3556839,56.65680787,311.3861255
BAU_Extreme,2030,m12,E005_Pucara,25,23.82481017,276.1751898,23.34831396
BAU_Extreme,2030,m12,N039_Paute_Cardenillo,4.0825,0,0,0
BAU_Extreme,2031,m1,E003_Mazar,216.9251661,222.4197796,27.65505428,77.84692286
BAU_Extreme,2031,m1,E004_Paute_Molino,60,251.0748339,0,390.2121377
BAU_Extreme,2031,m1,E005_Pucara,25,31.17870215,268.8212978,30.55512811
BAU_Extreme,2031,m1,N039_Paute_Cardenillo,4.0825,0,0,0
BAU_Extreme,2031,m2,E003_Mazar,205,166.1322204,107.7929457,58.14627714
BAU_Extreme,2031,m2,E004_Paute_Molino,60,274.9251661,0,427.279529
BAU_Extreme,2031,m2,E005_Pucara,25,29.49422561,270.5057744,28.90434109
BAU_Extreme,2031,m2,N039_Paute_Cardenillo,5.0825,0,0,0
BAU_Extreme,2031,m3,E003_Mazar,205,262,0,91.7
BAU_Extreme,2031,m3,E004_Paute_Molino,60,263,0,408.7458333
BAU_Extreme,2031,m3,E005_Pucara,25,45.37785675,254.6221432,44.47029962
BAU_Extreme,2031,m3,N039_Paute_Cardenillo,6.0825,0,0,0
BAU_Extreme,2031,m4,E003_Mazar,214.9149781,252.0850219,0,88.22975767
BAU_Extreme,2031,m4,E004_Paute_Molino,60,253.0850219,0,393.3363049
BAU_Extreme,2031,m4,E005_Pucara,25,45.35489699,254.645103,44.44779905
BAU_Extreme,2031,m4,N039_Paute_Cardenillo,7.0825,0,0,0
BAU_Extreme,2031,m5,E003_Mazar,205,271.9149781,0,95.17024233
BAU_Extreme,2031,m5,E004_Paute_Molino,60,272.9149781,0,424.1553618
BAU_Extreme,2031,m5,E005_Pucara,25,45.02592792,254.9740721,44.12540936
BAU_Extreme,2031,m5,N039_Paute_Cardenillo,8.0825,0,0,0
BAU_Extreme,2031,m6,E003_Mazar,205,262,0,91.7
BAU_Extreme,2031,m6,E004_Paute_Molino,72.2724132,250.7275868,0,389.6724578
BAU_Extreme,2031,m6,E005_Pucara,25,45.08399751,254.9160025,44.18231756
BAU_Extreme,2031,m6,N039_Paute_Cardenillo,9.0825,0,0,0
BAU_Extreme,2031,m7,E003_Mazar,226.9482281,129.7256258,110.3261461,45.40396901
BAU_Extreme,2031,m7,E004_Paute_Molino,60,253.3241851,0,393.7080043
BAU_Extreme,2031,m7,E005_Pucara,25,47.27409966,252.7259003,46.32861767
BAU_Extreme,2031,m7,N039_Paute_Cardenillo,3.0825,0,7,0
BAU_Extreme,2031,m8,E003_Mazar,205,283.9482281,0,99.38187985
BAU_Extreme,2031,m8,E004_Paute_Molino,93.22881738,251.7194107,0,391.2139175
BAU_Extreme,2031,m8,E005_Pucara,25,48.66406922,251.3359308,47.69078784
BAU_Extreme,2031,m8,N039_Paute_Cardenillo,3.0825,0,1,0
BAU_Extreme,2031,m9,E003_Mazar,205,191.8569595,70.14304048,67.14993583
BAU_Extreme,2031,m9,E004_Paute_Molino,105.7241868,250.5046306,0,389.3259468
BAU_Extreme,2031,m9,E005_Pucara,25,20.75080626,279.2491937,20.33579013
BAU_Extreme,2031,m9,N039_Paute_Cardenillo,3.0825,0,1,0
BAU_Extreme,2031,m10,E003_Mazar,245.6451831,168.2062871,53.14852975,58.87220048
BAU_Extreme,2031,m10,E004_Paute_Molino,60,268.0790036,0,416.6394514
BAU_Extreme,2031,m10,E005_Pucara,25,31.68297012,268.3170299,31.04931072
BAU_Extreme,2031,m10,N039_Paute_Cardenillo,3.0825,0,1,0
BAU_Extreme,2031,m11,E003_Mazar,205,176.1540684,126.4911148,61.65392393
BAU_Extreme,2031,m11,E004_Paute_Molino,62.59254426,301.0526389,0,467.8859763
BAU_Extreme,2031,m11,E005_Pucara,25,30.90508116,269.0949188,30.28697954
BAU_Extreme,2031,m11,N039_Paute_Cardenillo,3.0825,0,1,0
BAU_Extreme,2031,m12,E003_Mazar,216.9251661,191.7959337,58.27890021,67.12857679
BAU_Extreme,2031,m12,E004_Paute_Molino,60,253.6673781,0,394.2413835
BAU_Extreme,2031,m12,E005_Pucara,25,28.09499083,271.9050092,27.53309101
BAU_Extreme,2031,m12,N039_Paute_Cardenillo,4.0825,0,0,0
BAU_Extreme,2032,m1,E003_Mazar,205,190.3530717,71.64692832,66.62357509
BAU_Extreme,2032,m1,E004_Paute_Molino,60,263,0,408.7458333
BAU_Extreme,2032,m1,E005_Pucara,25,26.06872216,273.9312778,25.54734772
BAU_Extreme,2032,m1,N039_Paute_Cardenillo,4.0825,0,0,0
BAU_Extreme,2032,m2,E003_Mazar,221.0988425,188.1871134,57.71404417,65.86548968
BAU_Extreme,2032,m2,E004_Paute_Molino,60,246.9011575,0,383.725549
BAU_Extreme,2032,m2,E005_Pucara,25,31.59643895,268.403561,30.96451017
BAU_Extreme,2032,m2,N039_Paute_Cardenillo,5.0825,0,0,0
BAU_Extreme,2032,m3,E003_Mazar,205,0,278.0988425,0
BAU_Extreme,2032,m3,E004_Paute_Molino,86.02134412,253.0774983,0,393.324612
BAU_Extreme,2032,m3,E005_Pucara,25,47.6203514,252.3796486,46.66794437
BAU_Extreme,2032,m3,N039_Paute_Cardenillo,6.0825,0,0,0
BAU_Extreme,2032,m4,E003_Mazar,227.6701578,0,239.3298422,0
BAU_Extreme,2032,m4,E004_Paute_Molino,60,266.3511864,0,413.9541355
BAU_Extreme,2032,m4,E005_Pucara,25,44.81663753,255.1833625,43.92030478
BAU_Extreme,2032,m4,N039_Paute_Cardenillo,7.0825,0,0,0
BAU_Extreme,2032,m5,E003_Mazar,235.173242,0,254.4969157,0
BAU_Extreme,2032,m5,E004_Paute_Molino,120,195.4969157,0,303.8347899
BAU_Extreme,2032,m5,E005_Pucara,25,48.30171401,251.698286,47.33567973
BAU_Extreme,2032,m5,N039_Paute_Cardenillo,8.0825,0,0,0
BAU_Extreme,2032,m6,E003_Mazar,224.9754696,0,272.1977724,0
BAU_Extreme,2032,m6,E004_Paute_Molino,60,333.1977724,0,517.8448713
BAU_Extreme,2032,m6,E005_Pucara,25,48.99949536,251.0005046,48.01950545
BAU_Extreme,2032,m6,N039_Paute_Cardenillo,9.0825,0,0,0
BAU_Extreme,2032,m7,E003_Mazar,205,0,281.9754696,0
BAU_Extreme,2032,m7,E004_Paute_Molino,60,282.9754696,0,439.7910424
BAU_Extreme,2032,m7,E005_Pucara,25,47.95064528,252.0493547,46.99163238
BAU_Extreme,2032,m7,N039_Paute_Cardenillo,3.0825,0,7,0
BAU_Extreme,2032,m8,E003_Mazar,205,0,262,0
BAU_Extreme,2032,m8,E004_Paute_Molino,60,263,0,408.7458333
BAU_Extreme,2032,m8,E005_Pucara,25,49.8285684,250.1714316,48.83199703
BAU_Extreme,2032,m8,N039_Paute_Cardenillo,3.0825,0,1,0
BAU_Extreme,2032,m9,E003_Mazar,205,182.2731989,79.72680112,63.79561961
BAU_Extreme,2032,m9,E004_Paute_Molino,70.97671212,252.0232879,0,391.6861932
BAU_Extreme,2032,m9,E005_Pucara,25,26.3685344,273.6314656,25.84116371
BAU_Extreme,2032,m9,N039_Paute_Cardenillo,3.0825,0,1,0
BAU_Extreme,2032,m10,E003_Mazar,253.6733079,171.9285223,41.39816979,60.1749828
BAU_Extreme,2032,m10,E004_Paute_Molino,60,225.3034042,0,350.1590407
BAU_Extreme,2032,m10,E005_Pucara,25,21.78606304,278.213937,21.35034178
BAU_Extreme,2032,m10,N039_Paute_Cardenillo,3.0825,0,1,0
BAU_Extreme,2032,m11,E003_Mazar,205,131.9276527,178.7456553,46.17467844
BAU_Extreme,2032,m11,E004_Paute_Molino,71.01723276,265.1551707,35.50090444,412.0953279
BAU_Extreme,2032,m11,E005_Pucara,25,22.56548396,277.434516,22.11417428
BAU_Extreme,2032,m11,N039_Paute_Cardenillo,3.0825,0,1,0
BAU_Extreme,2032,m12,E003_Mazar,205,187.5929638,74.40703619,65.65753733
BAU_Extreme,2032,m12,E004_Paute_Molino,60,274.0172328,0,425.8684493
BAU_Extreme,2032,m12,E005_Pucara,25,27.30271081,272.6972892,26.7566566
BAU_Extreme,2032,m12,N039_Paute_Cardenillo,4.0825,0,0,0
BAU_Extreme,2033,m1,E003_Mazar,205,134.1534899,127.8465101,46.95372146
BAU_Extreme,2033,m1,E004_Paute_Molino,60,263,0,408.7458333
BAU_Extreme,2033,m1,E005_Pucara,25,26.48698093,273.5130191,25.95724131
BAU_Extreme,2033,m1,N039_Paute_Cardenillo,4.0825,0,0,0
BAU_Extreme,2033,m2,E003_Mazar,262.5704826,166.3052667,38.12425071,58.20684334
BAU_Extreme,2033,m2,E004_Paute_Molino,60,205.4295174,0,319.2717083
BAU_Extreme,2033,m2,E005_Pucara,25,27.4024204,272.5975796,26.85437199
BAU_Extreme,2033,m2,N039_Paute_Cardenillo,5.0825,0,0,0
BAU_Extreme,2033,m3,E003_Mazar,205,0,319.5704826,0
BAU_Extreme,2033,m3,E004_Paute_Molino,120,260.5704826,0,404.9699584
BAU_Extreme,2033,m3,E005_Pucara,25,48.41773909,251.5822609,47.44938431
BAU_Extreme,2033,m3,N039_Paute_Cardenillo,6.0825,0,0,0
BAU_Extreme,2033,m4,E003_Mazar,205,0,262,0
BAU_Extreme,2033,m4,E004_Paute_Molino,120,263,0,408.7458333
BAU_Extreme,2033,m4,E005_Pucara,25,43.76610559,256.2338944,42.89078348
BAU_Extreme,2033,m4,N039_Paute_Cardenillo,7.0825,0,0,0
BAU_Extreme,2033,m5,E003_Mazar,250.6370729,0,216.3629271,0
BAU_Extreme,2033,m5,E004_Paute_Molino,60,277.3629271,0,431.0682158
BAU_Extreme,2033,m5,E005_Pucara,25,45.18573923,254.8142608,44.28202444
BAU_Extreme,2033,m5,N039_Paute_Cardenillo,8.0825,0,0,0
BAU_Extreme,2033,m6,E003_Mazar,205,0,307.6370729,0
BAU_Extreme,2033,m6,E004_Paute_Molino,60,308.6370729,0,479.6734509
BAU_Extreme,2033,m6,E005_Pucara,25,47.34682557,252.6531744,46.39988906
BAU_Extreme,2033,m6,N039_Paute_Cardenillo,9.0825,0,0,0
BAU_Extreme,2033,m7,E003_Mazar,210.8988549,0,256.1011451,0
BAU_Extreme,2033,m7,E004_Paute_Molino,120,197.1011451,0,306.3280297
BAU_Extreme,2033,m7,E005_Pucara,25,46.66267892,253.3373211,45.72942534
BAU_Extreme,2033,m7,N039_Paute_Cardenillo,3.0825,0,7,0
BAU_Extreme,2033,m8,E003_Mazar,205,0,267.8988549,0
BAU_Extreme,2033,m8,E004_Paute_Molino,60,328.8988549,0,511.163637
BAU_Extreme,2033,m8,E005_Pucara,25,49.84043021,250.1595698,48.84362161
BAU_Extreme,2033,m8,N039_Paute_Cardenillo,3.0825,0,1,0
BAU_Extreme,2033,m9,E003_Mazar,205,137.3429872,124.6570128,48.07004551
BAU_Extreme,2033,m9,E004_Paute_Molino,63.46643409,259.5335659,0,403.358417
BAU_Extreme,2033,m9,E005_Pucara,25,24.39318448,275.6068155,23.90532079
BAU_Extreme,2033,m9,N039_Paute_Cardenillo,3.0825,0,1,0
BAU_Extreme,2033,m10,E003_Mazar,207.7167677,134.2836536,124.9995787,46.99927875
BAU_Extreme,2033,m10,E004_Paute_Molino,60,263.7496664,0,409.9109399
BAU_Extreme,2033,m10,E005_Pucara,25,28.23498469,271.7650153,27.67028499
BAU_Extreme,2033,m10,N039_Paute_Cardenillo,3.0825,0,1,0
BAU_Extreme,2033,m11,E003_Mazar,205,127.4002904,137.3164773,44.59010163
BAU_Extreme,2033,m11,E004_Paute_Molino,60,231.9783384,33.73842928,360.5330009
BAU_Extreme,2033,m11,E005_Pucara,25,30.80416098,269.195839,30.18807776
BAU_Extreme,2033,m11,N039_Paute_Cardenillo,3.0825,0,1,0
BAU_Extreme,2033,m12,E003_Mazar,205,141.9005938,120.0994062,49.66520783
BAU_Extreme,2033,m12,E004_Paute_Molino,60,244.3537461,18.64625395,379.766447
BAU_Extreme,2033,m12,E005_Pucara,25,22.93993566,277.0600643,22.48113694
BAU_Extreme,2033,m12,N039_Paute_Cardenillo,4.0825,0,0,0
BAU_Extreme,2034,m1,E003_Mazar,228.6322002,157.9762824,80.39151743,55.29169884
BAU_Extreme,2034,m1,E004_Paute_Molino,60,239.3677998,0,372.0174556
BAU_Extreme,2034,m1,E005_Pucara,25,28.8075588,271.1924412,28.23140762
BAU_Extreme,2034,m1,N039_Paute_Cardenillo,4.0825,0,0,0
BAU_Extreme,2034,m2,E003_Mazar,225.913182,110.5499613,154.1690569,38.69248645
BAU_Extreme,2034,m2,E004_Paute_Molino,60,265.7190182,0,412.9716407
BAU_Extreme,2034,m2,E005_Pucara,25,30.00208779,269.9979122,29.40204604
BAU_Extreme,2034,m2,N039_Paute_Cardenillo,5.0825,0,0,0
BAU_Extreme,2034,m3,E003_Mazar,205,0,282.913182,0
BAU_Extreme,2034,m3,E004_Paute_Molino,102.3456991,241.5674829,0,375.4361296
BAU_Extreme,2034,m3,E005_Pucara,25,49.18965299,250.810347,48.20585993
BAU_Extreme,2034,m3,N039_Paute_Cardenillo,6.0825,0,0,0
BAU_Extreme,2034,m4,E003_Mazar,205,0,262,0
BAU_Extreme,2034,m4,E004_Paute_Molino,95.916586,269.4291131,0,418.7377467
BAU_Extreme,2034,m4,E005_Pucara,25,47.01078252,252.9892175,46.07056687
BAU_Extreme,2034,m4,N039_Paute_Cardenillo,7.0825,0,0,0
BAU_Extreme,2034,m5,E003_Mazar,205,0,262,0
BAU_Extreme,2034,m5,E004_Paute_Molino,102.5979596,256.3186264,0,398.3618652
BAU_Extreme,2034,m5,E005_Pucara,25,48.82273708,251.1772629,47.84628233
BAU_Extreme,2034,m5,N039_Paute_Cardenillo,8.0825,0,0,0
BAU_Extreme,2034,m6,E003_Mazar,232.3836391,0,234.6163609,0
BAU_Extreme,2034,m6,E004_Paute_Molino,60,278.2143205,0,432.3914231
BAU_Extreme,2034,m6,E005_Pucara,25,46.15493092,253.8450691,45.2318323
BAU_Extreme,2034,m6,N039_Paute_Cardenillo,9.0825,0,0,0
BAU_Extreme,2034,m7,E003_Mazar,205,0,289.3836391,0
BAU_Extreme,2034,m7,E004_Paute_Molino,98.65201416,251.7316249,0,391.2329004
BAU_Extreme,2034,m7,E005_Pucara,25,43.93720554,256.0627945,43.05846143
BAU_Extreme,2034,m7,N039_Paute_Cardenillo,3.0825,0,7,0
BAU_Extreme,2034,m8,E003_Mazar,205,0,262,0
BAU_Extreme,2034,m8,E004_Paute_Molino,73.99769419,287.65432,0,447.0627556
BAU_Extreme,2034,m8,E005_Pucara,25,46.37296301,253.627037,45.44550375
BAU_Extreme,2034,m8,N039_Paute_Cardenillo,3.0825,0,1,0
BAU_Extreme,2034,m9,E003_Mazar,246.9486981,149.0468428,71.00445909,52.16639498
BAU_Extreme,2034,m9,E004_Paute_Molino,60,235.0489961,0,365.3053147
BAU_Extreme,2034,m9,E005_Pucara,25,24.05858779,275.9414122,23.57741604
BAU_Extreme,2034,m9,N039_Paute_Cardenillo,3.0825,0,1,0
BAU_Extreme,2034,m10,E003_Mazar,205,158.066823,145.8818751,55.32338805
BAU_Extreme,2034,m10,E004_Paute_Molino,60,304.9486981,0,473.9411016
BAU_Extreme,2034,m10,E005_Pucara,25,24.75291385,275.2470862,24.25785557
BAU_Extreme,2034,m10,N039_Paute_Cardenillo,3.0825,0,1,0
BAU_Extreme,2034,m11,E003_Mazar,205,171.4624812,90.53751877,60.01186843
BAU_Extreme,2034,m11,E004_Paute_Molino,60,204.7444782,58.2555218,318.2070432
BAU_Extreme,2034,m11,E005_Pucara,25,27.97843651,272.0215635,27.41886778
BAU_Extreme,2034,m11,N039_Paute_Cardenillo,3.0825,0,1,0
BAU_Extreme,2034,m12,E003_Mazar,228.6322002,167.11995,71.24784988,58.49198249
BAU_Extreme,2034,m12,E004_Paute_Molino,60,189.9346731,49.43312671,295.1901378
BAU_Extreme,2034,m12,E005_Pucara,25,25.08733788,274.9126621,24.58559112
BAU_Extreme,2034,m12,N039_Paute_Cardenillo,4.0825,0,0,0
BAU_Extreme,2035,m1,E003_Mazar,210.0959025,148.4841097,108.4199878,51.96943839
BAU_Extreme,2035,m1,E004_Paute_Molino,120,197.9040975,0,307.5759515
BAU_Extreme,2035,m1,E005_Pucara,25,32.79541567,267.2045843,32.13950736
BAU_Extreme,2035,m1,N039_Paute_Cardenillo,4.0825,0,0,0
BAU_Extreme,2035,m2,E003_Mazar,272.1955049,150.2249919,49.6754057,52.57874717
BAU_Extreme,2035,m2,E004_Paute_Molino,60,260.9003976,0,405.4827013
BAU_Extreme,2035,m2,E005_Pucara,25,27.84700116,272.1529988,27.29006114
BAU_Extreme,2035,m2,N039_Paute_Cardenillo,5.0825,0,0,0
BAU_Extreme,2035,m3,E003_Mazar,205,0,329.1955049,0
BAU_Extreme,2035,m3,E004_Paute_Molino,87.78292698,302.4125779,0,469.9995481
BAU_Extreme,2035,m3,E005_Pucara,25,44.65736882,255.3426312,43.76422145
BAU_Extreme,2035,m3,N039_Paute_Cardenillo,6.0825,0,0,0
BAU_Extreme,2035,m4,E003_Mazar,205,0,262,0
BAU_Extreme,2035,m4,E004_Paute_Molino,82.00372241,268.7792046,0,417.7276804
BAU_Extreme,2035,m4,E005_Pucara,25,44.81158173,255.1884183,43.91535009
BAU_Extreme,2035,m4,N039_Paute_Cardenillo,7.0825,0,0,0
BAU_Extreme,2035,m5,E003_Mazar,205,0,262,0
BAU_Extreme,2035,m5,E004_Paute_Molino,60,285.0037224,0,442.9432853
BAU_Extreme,2035,m5,E005_Pucara,25,46.27636378,253.7236362,45.35083651
BAU_Extreme,2035,m5,N039_Paute_Cardenillo,8.0825,0,0,0
BAU_Extreme,2035,m6,E003_Mazar,205,0,262,0
BAU_Extreme,2035,m6,E004_Paute_Molino,60,263,0,408.7458333
BAU_Extreme,2035,m6,E005_Pucara,25,47.27251501,252.727485,46.32706471
BAU_Extreme,2035,m6,N039_Paute_Cardenillo,9.0825,0,0,0
BAU_Extreme,2035,m7,E003_Mazar,205,0,262,0
BAU_Extreme,2035,m7,E004_Paute_Molino,60,263,0,408.7458333
BAU_Extreme,2035,m7,E005_Pucara,25,44.77594876,255.2240512,43.88042978
BAU_Extreme,2035,m7,N039_Paute_Cardenillo,3.0825,0,7,0
BAU_Extreme,2035,m8,E003_Mazar,205,0,262,0
BAU_Extreme,2035,m8,E004_Paute_Molino,60,263,0,408.7458333
BAU_Extreme,2035,m8,E005_Pucara,25,44.94704541,255.0529546,44.0481045
BAU_Extreme,2035,m8,N039_Paute_Cardenillo,3.0825,0,1,0
BAU_Extreme,2035,m9,E003_Mazar,205,104.3400253,157.6599747,36.51900887
BAU_Extreme,2035,m9,E004_Paute_Molino,88.2953632,234.7046368,0,364.770123
BAU_Extreme,2035,m9,E005_Pucara,25,24.90238974,275.0976103,24.40434195
BAU_Extreme,2035,m9,N039_Paute_Cardenillo,3.0825,0,1,0
BAU_Extreme,2035,m10,E003_Mazar,265.2495828,168.2265804,33.52383681,58.87930314
BAU_Extreme,2035,m10,E004_Paute_Molino,60,231.0457804,0,359.0836504
BAU_Extreme,2035,m10,E005_Pucara,25,28.82759687,271.1724031,28.25104493
BAU_Extreme,2035,m10,N039_Paute_Cardenillo,3.0825,0,1,0
BAU_Extreme,2035,m11,E003_Mazar,205,161.0878091,161.1617737,56.38073319
BAU_Extreme,2035,m11,E004_Paute_Molino,65.1813889,276.8126393,41.25555457,430.2129769
BAU_Extreme,2035,m11,E005_Pucara,25,28.04284034,271.9571597,27.48198353
BAU_Extreme,2035,m11,N039_Paute_Cardenillo,3.0825,0,1,0
BAU_Extreme,2035,m12,E003_Mazar,210.0959025,164.2075756,92.69652191,57.47265146
BAU_Extreme,2035,m12,E004_Paute_Molino,120,203.0854864,0,315.6286934
BAU_Extreme,2035,m12,E005_Pucara,25,25.90439683,274.0956032,25.38630889
BAU_Extreme,2035,m12,N039_Paute_Cardenillo,4.0825,0,0,0
BAU_Extreme,2036,m1,E003_Mazar,228.0350725,143.9376551,95.02727239,50.37817928
BAU_Extreme,2036,m1,E004_Paute_Molino,60,239.9649275,0,372.9454915
BAU_Extreme,2036,m1,E005_Pucara,25,23.30778164,276.6922184,22.841626
BAU_Extreme,2036,m1,N039_Paute_Cardenillo,4.0825,0,0,0
BAU_Extreme,2036,m2,E003_Mazar,246.2544971,154.7052653,89.07531005,54.14684286
BAU_Extreme,2036,m2,E004_Paute_Molino,60,244.7805754,0,380.4298109
BAU_Extreme,2036,m2,E005_Pucara,25,29.7914614,270.2085386,29.19563217
BAU_Extreme,2036,m2,N039_Paute_Cardenillo,5.0825,0,0,0
BAU_Extreme,2036,m3,E003_Mazar,205,0,303.2544971,0
BAU_Extreme,2036,m3,E004_Paute_Molino,60,304.2544971,0,472.8621976
BAU_Extreme,2036,m3,E005_Pucara,25,49.09198282,250.9080172,48.11014316
BAU_Extreme,2036,m3,N039_Paute_Cardenillo,6.0825,0,0,0
BAU_Extreme,2036,m4,E003_Mazar,205,0,262,0
BAU_Extreme,2036,m4,E004_Paute_Molino,60,263,0,408.7458333
BAU_Extreme,2036,m4,E005_Pucara,25,49.01696243,250.9830376,48.03662319
BAU_Extreme,2036,m4,N039_Paute_Cardenillo,7.0825,0,0,0
BAU_Extreme,2036,m5,E003_Mazar,224.8682712,0,242.1317288,0
BAU_Extreme,2036,m5,E004_Paute_Molino,60,243.1317288,0,377.8672286
BAU_Extreme,2036,m5,E005_Pucara,25,49.32691674,250.6730833,48.34037841
BAU_Extreme,2036,m5,N039_Paute_Cardenillo,8.0825,0,0,0
BAU_Extreme,2036,m6,E003_Mazar,205,0,281.8682712,0
BAU_Extreme,2036,m6,E004_Paute_Molino,60,282.8682712,0,439.6244381
BAU_Extreme,2036,m6,E005_Pucara,25,45.69130973,254.3086903,44.77748353
BAU_Extreme,2036,m6,N039_Paute_Cardenillo,9.0825,0,0,0
BAU_Extreme,2036,m7,E003_Mazar,205,0,262,0
BAU_Extreme,2036,m7,E004_Paute_Molino,75.19391283,247.8060872,0,385.1319605
BAU_Extreme,2036,m7,E005_Pucara,25,46.54747444,253.4525256,45.61652495
BAU_Extreme,2036,m7,N039_Paute_Cardenillo,3.0825,0,7,0
BAU_Extreme,2036,m8,E003_Mazar,205,0,262,0
BAU_Extreme,2036,m8,E004_Paute_Molino,60,278.1939128,0,432.3597062
BAU_Extreme,2036,m8,E005_Pucara,25,49.00686389,250.9931361,48.02672661
BAU_Extreme,2036,m8,N039_Paute_Cardenillo,3.0825,0,1,0
BAU_Extreme,2036,m9,E003_Mazar,205,157.2879042,104.7120958,55.05076648
BAU_Extreme,2036,m9,E004_Paute_Molino,95.7699288,227.2300712,0,353.1534023
BAU_Extreme,2036,m9,E005_Pucara,25,20.15928044,279.8407196,19.75609483
BAU_Extreme,2036,m9,N039_Paute_Cardenillo,3.0825,0,1,0
BAU_Extreme,2036,m10,E003_Mazar,269.0710605,108.7590479,89.16989156,38.06566677
BAU_Extreme,2036,m10,E004_Paute_Molino,60,234.6988683,0,364.7611578
BAU_Extreme,2036,m10,E005_Pucara,25,30.54040677,269.4595932,29.92959864
BAU_Extreme,2036,m10,N039_Paute_Cardenillo,3.0825,0,1,0
BAU_Extreme,2036,m11,E003_Mazar,205,139.40493,186.6661305,48.79172551
BAU_Extreme,2036,m11,E004_Paute_Molino,88.36382254,256.5415989,42.16563909,398.7084016
BAU_Extreme,2036,m11,E005_Pucara,25,25.51921553,274.4807845,25.00883122
BAU_Extreme,2036,m11,N039_Paute_Cardenillo,3.0825,0,1,0
BAU_Extreme,2036,m12,E003_Mazar,228.0350725,166.724993,72.23993452,58.35374754
BAU_Extreme,2036,m12,E004_Paute_Molino,60,268.32875,0,417.027599
BAU_Extreme,2036,m12,E005_Pucara,25,31.86942129,268.1305787,31.23203286
BAU_Extreme,2036,m12,N039_Paute_Cardenillo,4.0825,0,0,0
BAU_Extreme,2037,m1,E003_Mazar,241.105371,144.679248,81.21538102,50.63773678
BAU_Extreme,2037,m1,E004_Paute_Molino,60,226.894629,0,352.6320692
BAU_Extreme,2037,m1,E005_Pucara,25,0,300,0
BAU_Extreme,2037,m1,N039_Paute_Cardenillo,4.0825,0,0,0
BAU_Extreme,2037,m2,E003_Mazar,260.2112208,102.5420973,140.3520528,35.88973407
BAU_Extreme,2037,m2,E004_Paute_Molino,60,243.8941502,0,379.0521584
BAU_Extreme,2037,m2,E005_Pucara,25,0,300,0
BAU_Extreme,2037,m2,N039_Paute_Cardenillo,5.0825,0,0,0
BAU_Extreme,2037,m3,E003_Mazar,255.0901583,0,267.1210625,0
BAU_Extreme,2037,m3,E004_Paute_Molino,120,208.1210625,0,323.454818
BAU_Extreme,2037,m3,E005_Pucara,25,0,300,0
BAU_Extreme,2037,m3,N039_Paute_Cardenillo,6.0825,0,0,0
BAU_Extreme,2037,m4,E003_Mazar,365.7248679,0,151.3652904,0
BAU_Extreme,2037,m4,E004_Paute_Molino,60,212.3652904,0,330.0510555
BAU_Extreme,2037,m4,E005_Pucara,25,0,300,0
BAU_Extreme,2037,m4,N039_Paute_Cardenillo,7.0825,0,0,0
BAU_Extreme,2037,m5,E003_Mazar,302.5803972,0,325.1444707,0
BAU_Extreme,2037,m5,E004_Paute_Molino,120,266.1444707,0,413.6328648
BAU_Extreme,2037,m5,E005_Pucara,25,0,300,0
BAU_Extreme,2037,m5,N039_Paute_Cardenillo,8.0825,0,0,0
BAU_Extreme,2037,m6,E003_Mazar,324.4466613,0,240.1337359,0
BAU_Extreme,2037,m6,E004_Paute_Molino,120,241.1337359,0,374.7620146
BAU_Extreme,2037,m6,E005_Pucara,25,0,300,0
BAU_Extreme,2037,m6,N039_Paute_Cardenillo,9.0825,0,0,0
BAU_Extreme,2037,m7,E003_Mazar,395.3403041,0,191.1063572,0
BAU_Extreme,2037,m7,E004_Paute_Molino,60,252.1063572,0,391.8152968
BAU_Extreme,2037,m7,E005_Pucara,25,0,300,0
BAU_Extreme,2037,m7,N039_Paute_Cardenillo,3.0825,0,7,0
BAU_Extreme,2037,m8,E003_Mazar,205,0,452.3403041,0
BAU_Extreme,2037,m8,E004_Paute_Molino,85.18120662,428.1590975,0,665.4305974
BAU_Extreme,2037,m8,E005_Pucara,25,0,300,0
BAU_Extreme,2037,m8,N039_Paute_Cardenillo,3.0825,0,1,0
BAU_Extreme,2037,m9,E003_Mazar,205,114.2594613,147.7405387,39.99081145
BAU_Extreme,2037,m9,E004_Paute_Molino,60,288.1812066,0,447.8816253
BAU_Extreme,2037,m9,E005_Pucara,25,0,300,0
BAU_Extreme,2037,m9,N039_Paute_Cardenillo,3.0825,0,1,0
BAU_Extreme,2037,m10,E003_Mazar,269.9305221,90.52867584,106.5408021,31.68503655
BAU_Extreme,2037,m10,E004_Paute_Molino,60,198.0694779,0,307.8329803
BAU_Extreme,2037,m10,E005_Pucara,25,0,300,0
BAU_Extreme,2037,m10,N039_Paute_Cardenillo,3.0825,0,1,0
BAU_Extreme,2037,m11,E003_Mazar,205,142.9200909,184.0104312,50.02203182
BAU_Extreme,2037,m11,E004_Paute_Molino,78.5244325,240.4714623,68.9346273,373.732731
BAU_Extreme,2037,m11,E005_Pucara,25,0,300,0
BAU_Extreme,2037,m11,N039_Paute_Cardenillo,3.0825,0,1,0
BAU_Extreme,2037,m12,E003_Mazar,241.105371,161.0448014,64.84982759,56.36568049
BAU_Extreme,2037,m12,E004_Paute_Molino,60,245.4190615,0,381.4221247
BAU_Extreme,2037,m12,E005_Pucara,25,0,300,0
BAU_Extreme,2037,m12,N039_Paute_Cardenillo,4.0825,0,0,0
BAU_Extreme,2038,m1,E003_Mazar,205,175.8547976,86.14520238,61.54917917
BAU_Extreme,2038,m1,E004_Paute_Molino,60,263,0,408.7458333
BAU_Extreme,2038,m1,E005_Pucara,25,0,300,0
BAU_Extreme,2038,m1,N039_Paute_Cardenillo,4.0825,0,0,0
BAU_Extreme,2038,m2,E003_Mazar,272.8642092,119.0308534,75.10493745,41.66079868
BAU_Extreme,2038,m2,E004_Paute_Molino,60,195.1357908,0,303.2735416
BAU_Extreme,2038,m2,E005_Pucara,25,0,300,0
BAU_Extreme,2038,m2,N039_Paute_Cardenillo,5.0825,0,0,0
BAU_Extreme,2038,m3,E003_Mazar,257.8199606,0,277.0442485,0
BAU_Extreme,2038,m3,E004_Paute_Molino,120,218.0442485,0,338.8771029
BAU_Extreme,2038,m3,E005_Pucara,25,0,300,0
BAU_Extreme,2038,m3,N039_Paute_Cardenillo,6.0825,0,0,0
BAU_Extreme,2038,m4,E003_Mazar,205,0,314.8199606,0
BAU_Extreme,2038,m4,E004_Paute_Molino,120,315.8199606,0,490.8368555
BAU_Extreme,2038,m4,E005_Pucara,25,0,300,0
BAU_Extreme,2038,m4,N039_Paute_Cardenillo,7.0825,0,0,0
BAU_Extreme,2038,m5,E003_Mazar,277.16758,0,189.83242,0
BAU_Extreme,2038,m5,E004_Paute_Molino,60,250.83242,0,389.835386
BAU_Extreme,2038,m5,E005_Pucara,25,0,300,0
BAU_Extreme,2038,m5,N039_Paute_Cardenillo,8.0825,0,0,0
BAU_Extreme,2038,m6,E003_Mazar,205.7488016,0,333.4187784,0
BAU_Extreme,2038,m6,E004_Paute_Molino,60,334.4187784,0,519.7425182
BAU_Extreme,2038,m6,E005_Pucara,25,0,300,0
BAU_Extreme,2038,m6,N039_Paute_Cardenillo,9.0825,0,0,0
BAU_Extreme,2038,m7,E003_Mazar,340.9590251,0,126.7897765,0
BAU_Extreme,2038,m7,E004_Paute_Molino,120,67.78977649,0,105.356611
BAU_Extreme,2038,m7,E005_Pucara,25,0,300,0
BAU_Extreme,2038,m7,N039_Paute_Cardenillo,3.0825,0,7,0
BAU_Extreme,2038,m8,E003_Mazar,205,0,397.9590251,0
BAU_Extreme,2038,m8,E004_Paute_Molino,60,458.9590251,0,713.2988182
BAU_Extreme,2038,m8,E005_Pucara,25,0,300,0
BAU_Extreme,2038,m8,N039_Paute_Cardenillo,3.0825,0,1,0
BAU_Extreme,2038,m9,E003_Mazar,205,103.4215895,158.5784105,36.19755632
BAU_Extreme,2038,m9,E004_Paute_Molino,77.83401396,245.165986,0,381.0288033
BAU_Extreme,2038,m9,E005_Pucara,25,0,300,0
BAU_Extreme,2038,m9,N039_Paute_Cardenillo,3.0825,0,1,0
BAU_Extreme,2038,m10,E003_Mazar,244.8345066,131.1792194,90.98627395,45.9127268
BAU_Extreme,2038,m10,E004_Paute_Molino,60,240.9995073,0,374.553401
BAU_Extreme,2038,m10,E005_Pucara,25,0,300,0
BAU_Extreme,2038,m10,N039_Paute_Cardenillo,3.0825,0,1,0
BAU_Extreme,2038,m11,E003_Mazar,205,158.4424743,143.3920323,55.454866
BAU_Extreme,2038,m11,E004_Paute_Molino,68.01103053,278.8748047,15.94867136,433.4179257
BAU_Extreme,2038,m11,E005_Pucara,25,0,300,0
BAU_Extreme,2038,m11,N039_Paute_Cardenillo,3.0825,0,1,0
BAU_Extreme,2038,m12,E003_Mazar,205,117.2114998,144.7885002,41.02402494
BAU_Extreme,2038,m12,E004_Paute_Molino,60,271.0110305,0,421.19631
BAU_Extreme,2038,m12,E005_Pucara,25,0,300,0
BAU_Extreme,2038,m12,N039_Paute_Cardenillo,4.0825,0,0,0
BAU_Extreme,2039,m1,E003_Mazar,205,135.5314945,126.4685055,47.43602307
BAU_Extreme,2039,m1,E004_Paute_Molino,60,263,0,408.7458333
BAU_Extreme,2039,m1,E005_Pucara,25,0,300,0
BAU_Extreme,2039,m1,N039_Paute_Cardenillo,4.0825,0,0,0
BAU_Extreme,2039,m2,E003_Mazar,205,119.9214354,142.0785646,41.97250238
BAU_Extreme,2039,m2,E004_Paute_Molino,85.94748508,237.0525149,0,368.4191169
BAU_Extreme,2039,m2,E005_Pucara,25,0,300,0
BAU_Extreme,2039,m2,N039_Paute_Cardenillo,5.0825,0,0,0
BAU_Extreme,2039,m3,E003_Mazar,241.100445,0,225.899555,0
BAU_Extreme,2039,m3,E004_Paute_Molino,60,252.84704,0,392.9664414
BAU_Extreme,2039,m3,E005_Pucara,25,0,300,0
BAU_Extreme,2039,m3,N039_Paute_Cardenillo,6.0825,0,0,0
BAU_Extreme,2039,m4,E003_Mazar,205,0,298.100445,0
BAU_Extreme,2039,m4,E004_Paute_Molino,60,299.100445,0,464.8519417
BAU_Extreme,2039,m4,E005_Pucara,25,0,300,0
BAU_Extreme,2039,m4,N039_Paute_Cardenillo,7.0825,0,0,0
BAU_Extreme,2039,m5,E003_Mazar,205,0,262,0
BAU_Extreme,2039,m5,E004_Paute_Molino,120,203,0,315.4958333
BAU_Extreme,2039,m5,E005_Pucara,25,0,300,0
BAU_Extreme,2039,m5,N039_Paute_Cardenillo,8.0825,0,0,0
BAU_Extreme,2039,m6,E003_Mazar,410,0,57,0
BAU_Extreme,2039,m6,E004_Paute_Molino,113.6814627,64.31853732,0,99.96172675
BAU_Extreme,2039,m6,E005_Pucara,25,0,300,0
BAU_Extreme,2039,m6,N039_Paute_Cardenillo,9.0825,0,0,0
BAU_Extreme,2039,m7,E003_Mazar,352.0754812,0,319.9245188,0
BAU_Extreme,2039,m7,E004_Paute_Molino,120,314.6059815,0,488.9501295
BAU_Extreme,2039,m7,E005_Pucara,25,0,300,0
BAU_Extreme,2039,m7,N039_Paute_Cardenillo,3.0825,0,7,0
BAU_Extreme,2039,m8,E003_Mazar,205,0,409.0754812,0
BAU_Extreme,2039,m8,E004_Paute_Molino,72.45994779,457.6155334,0,711.2108082
BAU_Extreme,2039,m8,E005_Pucara,25,0,300,0
BAU_Extreme,2039,m8,N039_Paute_Cardenillo,3.0825,0,1,0
BAU_Extreme,2039,m9,E003_Mazar,205,107.83796,154.16204,37.74328601
BAU_Extreme,2039,m9,E004_Paute_Molino,60,275.4599478,0,428.1106689
BAU_Extreme,2039,m9,E005_Pucara,25,0,300,0
BAU_Extreme,2039,m9,N039_Paute_Cardenillo,3.0825,0,1,0
BAU_Extreme,2039,m10,E003_Mazar,225.7616477,148.4188084,92.81954398,51.94658293
BAU_Extreme,2039,m10,E004_Paute_Molino,60,242.2383523,0,376.4787726
BAU_Extreme,2039,m10,E005_Pucara,25,0,300,0
BAU_Extreme,2039,m10,N039_Paute_Cardenillo,3.0825,0,1,0
BAU_Extreme,2039,m11,E003_Mazar,205,116.9643127,165.797335,40.93750943
BAU_Extreme,2039,m11,E004_Paute_Molino,67.94651642,214.3677041,61.44742715,333.1631401
BAU_Extreme,2039,m11,E005_Pucara,25,0,300,0
BAU_Extreme,2039,m11,N039_Paute_Cardenillo,3.0825,0,1,0
BAU_Extreme,2039,m12,E003_Mazar,205,141.9718084,120.0281916,49.69013294
BAU_Extreme,2039,m12,E004_Paute_Molino,60,270.9465164,0,421.0960443
BAU_Extreme,2039,m12,E005_Pucara,25,0,300,0
BAU_Extreme,2039,m12,N039_Paute_Cardenillo,4.0825,0,0,0
BAU_Extreme,2040,m1,E003_Mazar,205,109.3246773,152.6753227,38.26363704
BAU_Extreme,2040,m1,E004_Paute_Molino,60,263,0,408.7458333
BAU_Extreme,2040,m1,E005_Pucara,25,0,300,0
BAU_Extreme,2040,m1,N039_Paute_Cardenillo,4.0825,0,0,0
BAU_Extreme,2040,m2,E003_Mazar,208.0577014,158.7087644,100.2335342,55.54806753
BAU_Extreme,2040,m2,E004_Paute_Molino,60,259.9422986,0,403.9936558
BAU_Extreme,2040,m2,E005_Pucara,25,0,300,0
BAU_Extreme,2040,m2,N039_Paute_Cardenillo,5.0825,0,0,0
BAU_Extreme,2040,m3,E003_Mazar,229.1701577,0,240.8875437,0
BAU_Extreme,2040,m3,E004_Paute_Molino,120,181.8875437,0,282.6835575
BAU_Extreme,2040,m3,E005_Pucara,25,0,300,0
BAU_Extreme,2040,m3,N039_Paute_Cardenillo,6.0825,0,0,0
BAU_Extreme,2040,m4,E003_Mazar,279.0601349,0,212.1100228,0
BAU_Extreme,2040,m4,E004_Paute_Molino,120,213.1100228,0,331.2084938
BAU_Extreme,2040,m4,E005_Pucara,25,0,300,0
BAU_Extreme,2040,m4,N039_Paute_Cardenillo,7.0825,0,0,0
BAU_Extreme,2040,m5,E003_Mazar,205,0,336.0601349,0
BAU_Extreme,2040,m5,E004_Paute_Molino,60,397.0601349,0,617.0976263
BAU_Extreme,2040,m5,E005_Pucara,25,0,300,0
BAU_Extreme,2040,m5,N039_Paute_Cardenillo,8.0825,0,0,0
BAU_Extreme,2040,m6,E003_Mazar,205,0,262,0
BAU_Extreme,2040,m6,E004_Paute_Molino,120,203,0,315.4958333
BAU_Extreme,2040,m6,E005_Pucara,25,0,300,0
BAU_Extreme,2040,m6,N039_Paute_Cardenillo,9.0825,0,0,0
BAU_Extreme,2040,m7,E003_Mazar,338.1173978,0,128.8826022,0
BAU_Extreme,2040,m7,E004_Paute_Molino,120,129.8826022,0,201.8592109
BAU_Extreme,2040,m7,E005_Pucara,25,0,300,0
BAU_Extreme,2040,m7,N039_Paute_Cardenillo,3.0825,0,7,0
BAU_Extreme,2040,m8,E003_Mazar,205,0,395.1173978,0
BAU_Extreme,2040,m8,E004_Paute_Molino,60,456.1173978,0,708.8824557
BAU_Extreme,2040,m8,E005_Pucara,25,0,300,0
BAU_Extreme,2040,m8,N039_Paute_Cardenillo,3.0825,0,1,0
BAU_Extreme,2040,m9,E003_Mazar,205,132.2780554,129.7219446,46.29731939
BAU_Extreme,2040,m9,E004_Paute_Molino,116.8427386,206.1572614,0,320.4027437
BAU_Extreme,2040,m9,E005_Pucara,25,0,300,0
BAU_Extreme,2040,m9,N039_Paute_Cardenillo,3.0825,0,1,0
BAU_Extreme,2040,m10,E003_Mazar,262.8429036,109.4846969,94.67239951,38.31964391
BAU_Extreme,2040,m10,E004_Paute_Molino,60,261.999835,0,407.1914103
BAU_Extreme,2040,m10,E005_Pucara,25,0,300,0
BAU_Extreme,2040,m10,N039_Paute_Cardenillo,3.0825,0,1,0
BAU_Extreme,2040,m11,E003_Mazar,205,163.4577783,156.3851253,57.21022242
BAU_Extreme,2040,m11,E004_Paute_Molino,60,224.5936453,96.24925835,349.055957
BAU_Extreme,2040,m11,E005_Pucara,25,0,300,0
BAU_Extreme,2040,m11,N039_Paute_Cardenillo,3.0825,0,1,0
BAU_Extreme,2040,m12,E003_Mazar,205,170.9681574,91.03184257,59.8388551
BAU_Extreme,2040,m12,E004_Paute_Molino,60,206.7579052,56.2420948,321.3362443
BAU_Extreme,2040,m12,E005_Pucara,25,0,300,0
BAU_Extreme,2040,m12,N039_Paute_Cardenillo,4.0825,0,0,0
BAU_Extreme,2041,m1,E003_Mazar,205,156.7519334,105.2480666,54.8631767
BAU_Extreme,2041,m1,E004_Paute_Molino,108.8598992,214.1401008,0,332.8094067
BAU_Extreme,2041,m1,E005_Pucara,25,0,300,0
BAU_Extreme,2041,m1,N039_Paute_Cardenillo,4.0825,0,0,0
BAU_Extreme,2041,m2,E003_Mazar,263.993739,105.103306,97.90295498,36.78615711
BAU_Extreme,2041,m2,E004_Paute_Molino,60,252.8661602,0,392.9961573
BAU_Extreme,2041,m2,E005_Pucara,25,0,300,0
BAU_Extreme,2041,m2,N039_Paute_Cardenillo,5.0825,0,0,0
BAU_Extreme,2041,m3,E003_Mazar,410,0,115.993739,0
BAU_Extreme,2041,m3,E004_Paute_Molino,120,56.993739,0,88.57776936
BAU_Extreme,2041,m3,E005_Pucara,25,0,300,0
BAU_Extreme,2041,m3,N039_Paute_Cardenillo,6.0825,0,0,0
BAU_Extreme,2041,m4,E003_Mazar,206.8113264,0,465.1886736,0
BAU_Extreme,2041,m4,E004_Paute_Molino,120,466.1886736,0,724.5348969
BAU_Extreme,2041,m4,E005_Pucara,25,0,300,0
BAU_Extreme,2041,m4,N039_Paute_Cardenillo,7.0825,0,0,0
BAU_Extreme,2041,m5,E003_Mazar,205,0,263.8113264,0
BAU_Extreme,2041,m5,E004_Paute_Molino,60,324.8113264,0,504.8109364
BAU_Extreme,2041,m5,E005_Pucara,25,0,300,0
BAU_Extreme,2041,m5,N039_Paute_Cardenillo,8.0825,0,0,0
BAU_Extreme,2041,m6,E003_Mazar,349.3452833,0,117.6547167,0
BAU_Extreme,2041,m6,E004_Paute_Molino,60,118.6547167,0,184.4092055
BAU_Extreme,2041,m6,E005_Pucara,25,0,300,0
BAU_Extreme,2041,m6,N039_Paute_Cardenillo,9.0825,0,0,0
BAU_Extreme,2041,m7,E003_Mazar,205,0,406.3452833,0
BAU_Extreme,2041,m7,E004_Paute_Molino,60,407.3452833,0,633.0824612
BAU_Extreme,2041,m7,E005_Pucara,25,0,300,0
BAU_Extreme,2041,m7,N039_Paute_Cardenillo,3.0825,0,7,0
BAU_Extreme,2041,m8,E003_Mazar,205,0,262,0
BAU_Extreme,2041,m8,E004_Paute_Molino,81.82994888,241.1700511,0,374.8184544
BAU_Extreme,2041,m8,E005_Pucara,25,0,300,0
BAU_Extreme,2041,m8,N039_Paute_Cardenillo,3.0825,0,1,0
BAU_Extreme,2041,m9,E003_Mazar,205,115.8941289,146.1058711,40.56294511
BAU_Extreme,2041,m9,E004_Paute_Molino,103.0710941,241.7588548,0,375.7335535
BAU_Extreme,2041,m9,E005_Pucara,25,0,300,0
BAU_Extreme,2041,m9,N039_Paute_Cardenillo,3.0825,0,1,0
BAU_Extreme,2041,m10,E003_Mazar,262.0555828,184.0023592,20.942058,64.4008257
BAU_Extreme,2041,m10,E004_Paute_Molino,60,249.0155112,0,387.0116071
BAU_Extreme,2041,m10,E005_Pucara,25,0,300,0
BAU_Extreme,2041,m10,N039_Paute_Cardenillo,3.0825,0,1,0
BAU_Extreme,2041,m11,E003_Mazar,205,153.4384327,165.6171501,53.70345145
BAU_Extreme,2041,m11,E004_Paute_Molino,76.46564054,303.5899423,0,471.8293687
BAU_Extreme,2041,m11,E005_Pucara,25,0,300,0
BAU_Extreme,2041,m11,N039_Paute_Cardenillo,3.0825,0,1,0
BAU_Extreme,2041,m12,E003_Mazar,205,98.39521008,163.6047899,34.43832353
BAU_Extreme,2041,m12,E004_Paute_Molino,108.8598992,230.6057414,0,358.3997564
BAU_Extreme,2041,m12,E005_Pucara,25,0,300,0
BAU_Extreme,2041,m12,N039_Paute_Cardenillo,4.0825,0,0,0
BAU_Extreme,2042,m1,E003_Mazar,205,124.9922592,137.0077408,43.74729071
BAU_Extreme,2042,m1,E004_Paute_Molino,76.62750604,246.372494,0,382.9039177
BAU_Extreme,2042,m1,E005_Pucara,25,0,300,0
BAU_Extreme,2042,m1,N039_Paute_Cardenillo,4.0825,0,0,0
BAU_Extreme,2042,m2,E003_Mazar,236.4837264,141.0894082,89.42686544,49.38129287
BAU_Extreme,2042,m2,E004_Paute_Molino,60,248.1437797,0,385.6567909
BAU_Extreme,2042,m2,E005_Pucara,25,0,300,0
BAU_Extreme,2042,m2,N039_Paute_Cardenillo,5.0825,0,0,0
BAU_Extreme,2042,m3,E003_Mazar,332.9235527,0,165.5601737,0
BAU_Extreme,2042,m3,E004_Paute_Molino,120,106.5601737,0,165.61227
BAU_Extreme,2042,m3,E005_Pucara,25,0,300,0
BAU_Extreme,2042,m3,N039_Paute_Cardenillo,6.0825,0,0,0
BAU_Extreme,2042,m4,E003_Mazar,205,0,389.9235527,0
BAU_Extreme,2042,m4,E004_Paute_Molino,60,450.9235527,0,700.8103548
BAU_Extreme,2042,m4,E005_Pucara,25,0,300,0
BAU_Extreme,2042,m4,N039_Paute_Cardenillo,7.0825,0,0,0
BAU_Extreme,2042,m5,E003_Mazar,205,0,262,0
BAU_Extreme,2042,m5,E004_Paute_Molino,120,203,0,315.4958333
BAU_Extreme,2042,m5,E005_Pucara,25,0,300,0
BAU_Extreme,2042,m5,N039_Paute_Cardenillo,8.0825,0,0,0
BAU_Extreme,2042,m6,E003_Mazar,205,0,262,0
BAU_Extreme,2042,m6,E004_Paute_Molino,60,323,0,501.9958333
BAU_Extreme,2042,m6,E005_Pucara,25,0,300,0
BAU_Extreme,2042,m6,N039_Paute_Cardenillo,9.0825,0,0,0
BAU_Extreme,2042,m7,E003_Mazar,205,0,262,0
BAU_Extreme,2042,m7,E004_Paute_Molino,100.8891773,222.1108227,0,345.1972369
BAU_Extreme,2042,m7,E005_Pucara,25,0,300,0
BAU_Extreme,2042,m7,N039_Paute_Cardenillo,3.0825,0,7,0
BAU_Extreme,2042,m8,E003_Mazar,205,0,262,0
BAU_Extreme,2042,m8,E004_Paute_Molino,107.5877669,256.3014105,0,398.3351088
BAU_Extreme,2042,m8,E005_Pucara,25,0,300,0
BAU_Extreme,2042,m8,N039_Paute_Cardenillo,3.0825,0,1,0
BAU_Extreme,2042,m9,E003_Mazar,205,148.4781266,113.5218734,51.96734431
BAU_Extreme,2042,m9,E004_Paute_Molino,94.91673345,275.6710334,0,428.4387311
BAU_Extreme,2042,m9,E005_Pucara,25,0,300,0
BAU_Extreme,2042,m9,N039_Paute_Cardenillo,3.0825,0,1,0
BAU_Extreme,2042,m10,E003_Mazar,205,155.3621916,106.6378084,54.37676706
BAU_Extreme,2042,m10,E004_Paute_Molino,103.9550693,253.9616642,0,394.6987531
BAU_Extreme,2042,m10,E005_Pucara,25,0,300,0
BAU_Extreme,2042,m10,N039_Paute_Cardenillo,3.0825,0,1,0
BAU_Extreme,2042,m11,E003_Mazar,205,161.7569101,100.2430899,56.61491854
BAU_Extreme,2042,m11,E004_Paute_Molino,70.40576077,296.5493085,0,460.8870503
BAU_Extreme,2042,m11,E005_Pucara,25,0,300,0
BAU_Extreme,2042,m11,N039_Paute_Cardenillo,3.0825,0,1,0
BAU_Extreme,2042,m12,E003_Mazar,205,130.0347212,131.9652788,45.51215241
BAU_Extreme,2042,m12,E004_Paute_Molino,76.62750604,256.7782547,0,399.0762042
BAU_Extreme,2042,m12,E005_Pucara,25,0,300,0
BAU_Extreme,2042,m12,N039_Paute_Cardenillo,4.0825,0,0,0
BAU_Extreme,2043,m1,E003_Mazar,205,140.4939594,121.5060406,49.17288578
BAU_Extreme,2043,m1,E004_Paute_Molino,65.83905698,257.160943,0,399.6709656
BAU_Extreme,2043,m1,E005_Pucara,25,0,300,0
BAU_Extreme,2043,m1,N039_Paute_Cardenillo,4.0825,0,0,0
BAU_Extreme,2043,m2,E003_Mazar,235.6733917,139.5576862,91.76892206,48.84519017
BAU_Extreme,2043,m2,E004_Paute_Molino,60,238.1656652,0,370.1491381
BAU_Extreme,2043,m2,E005_Pucara,25,0,300,0
BAU_Extreme,2043,m2,N039_Paute_Cardenillo,5.0825,0,0,0
BAU_Extreme,2043,m3,E003_Mazar,410,0,87.67339174,0
BAU_Extreme,2043,m3,E004_Paute_Molino,60,88.67339174,0,137.8132297
BAU_Extreme,2043,m3,E005_Pucara,25,0,300,0
BAU_Extreme,2043,m3,N039_Paute_Cardenillo,6.0825,0,0,0
BAU_Extreme,2043,m4,E003_Mazar,214.9696023,0,457.0303977,0
BAU_Extreme,2043,m4,E004_Paute_Molino,120,398.0303977,0,618.6055764
BAU_Extreme,2043,m4,E005_Pucara,25,0,300,0
BAU_Extreme,2043,m4,N039_Paute_Cardenillo,7.0825,0,0,0
BAU_Extreme,2043,m5,E003_Mazar,205,0,271.9696023,0
BAU_Extreme,2043,m5,E004_Paute_Molino,120,272.9696023,0,424.240257
BAU_Extreme,2043,m5,E005_Pucara,25,0,300,0
BAU_Extreme,2043,m5,N039_Paute_Cardenillo,8.0825,0,0,0
BAU_Extreme,2043,m6,E003_Mazar,205,0,262,0
BAU_Extreme,2043,m6,E004_Paute_Molino,60,323,0,501.9958333
BAU_Extreme,2043,m6,E005_Pucara,25,0,300,0
BAU_Extreme,2043,m6,N039_Paute_Cardenillo,9.0825,0,0,0
BAU_Extreme,2043,m7,E003_Mazar,205,0,262,0
BAU_Extreme,2043,m7,E004_Paute_Molino,64.33355669,258.6664433,0,402.010764
BAU_Extreme,2043,m7,E005_Pucara,25,0,300,0
BAU_Extreme,2043,m7,N039_Paute_Cardenillo,3.0825,0,7,0
BAU_Extreme,2043,m8,E003_Mazar,218.8313553,0,248.1686447,0
BAU_Extreme,2043,m8,E004_Paute_Molino,60,253.5022014,0,393.9846713
BAU_Extreme,2043,m8,E005_Pucara,25,0,300,0
BAU_Extreme,2043,m8,N039_Paute_Cardenillo,3.0825,0,1,0
BAU_Extreme,2043,m9,E003_Mazar,205,157.7071841,118.1241712,55.19751444
BAU_Extreme,2043,m9,E004_Paute_Molino,89.43585222,247.3955031,0,384.4938444
BAU_Extreme,2043,m9,E005_Pucara,25,0,300,0
BAU_Extreme,2043,m9,N039_Paute_Cardenillo,3.0825,0,1,0
BAU_Extreme,2043,m10,E003_Mazar,205,141.1518413,120.8481587,49.40314447
BAU_Extreme,2043,m10,E004_Paute_Molino,60,292.4358522,0,454.4940537
BAU_Extreme,2043,m10,E005_Pucara,25,0,300,0
BAU_Extreme,2043,m10,N039_Paute_Cardenillo,3.0825,0,1,0
BAU_Extreme,2043,m11,E003_Mazar,205,152.6410219,109.3589781,53.42435765
BAU_Extreme,2043,m11,E004_Paute_Molino,60,252.7070493,10.29295072,392.7488724
BAU_Extreme,2043,m11,E005_Pucara,25,0,300,0
BAU_Extreme,2043,m11,N039_Paute_Cardenillo,3.0825,0,1,0
BAU_Extreme,2043,m12,E003_Mazar,205,129.7743505,132.2256495,45.42102268
BAU_Extreme,2043,m12,E004_Paute_Molino,65.83905698,254.5229337,2.638009364,395.5710594
BAU_Extreme,2043,m12,E005_Pucara,25,0,300,0
BAU_Extreme,2043,m12,N039_Paute_Cardenillo,4.0825,0,0,0
BAU_Extreme,2044,m1,E003_Mazar,205,139.4395279,122.5604721,48.80383477
BAU_Extreme,2044,m1,E004_Paute_Molino,103.0583846,219.9416154,0,341.8259273
BAU_Extreme,2044,m1,E005_Pucara,25,0,300,0
BAU_Extreme,2044,m1,N039_Paute_Cardenillo,4.0825,0,0,0
BAU_Extreme,2044,m2,E003_Mazar,249.7428501,150.1653193,67.09183062,52.55786177
BAU_Extreme,2044,m2,E004_Paute_Molino,120,201.3155346,0,312.8778933
BAU_Extreme,2044,m2,E005_Pucara,25,0,300,0
BAU_Extreme,2044,m2,N039_Paute_Cardenillo,5.0825,0,0,0
BAU_Extreme,2044,m3,E003_Mazar,205,0,306.7428501,0
BAU_Extreme,2044,m3,E004_Paute_Molino,120,307.7428501,0,478.2836795
BAU_Extreme,2044,m3,E005_Pucara,25,0,300,0
BAU_Extreme,2044,m3,N039_Paute_Cardenillo,6.0825,0,0,0
BAU_Extreme,2044,m4,E003_Mazar,205,0,262,0
BAU_Extreme,2044,m4,E004_Paute_Molino,97.32346809,285.6765319,0,443.9889433
BAU_Extreme,2044,m4,E005_Pucara,25,0,300,0
BAU_Extreme,2044,m4,N039_Paute_Cardenillo,7.0825,0,0,0
BAU_Extreme,2044,m5,E003_Mazar,205,0,262,0
BAU_Extreme,2044,m5,E004_Paute_Molino,60,300.3234681,0,466.7527233
BAU_Extreme,2044,m5,E005_Pucara,25,0,300,0
BAU_Extreme,2044,m5,N039_Paute_Cardenillo,8.0825,0,0,0
BAU_Extreme,2044,m6,E003_Mazar,205,0,262,0
BAU_Extreme,2044,m6,E004_Paute_Molino,92.80915479,230.1908452,0,357.7549386
BAU_Extreme,2044,m6,E005_Pucara,25,0,300,0
BAU_Extreme,2044,m6,N039_Paute_Cardenillo,9.0825,0,0,0
BAU_Extreme,2044,m7,E003_Mazar,345.4914741,0,121.5085259,0
BAU_Extreme,2044,m7,E004_Paute_Molino,60,155.3176807,0,241.389562
BAU_Extreme,2044,m7,E005_Pucara,25,0,300,0
BAU_Extreme,2044,m7,N039_Paute_Cardenillo,3.0825,0,7,0
BAU_Extreme,2044,m8,E003_Mazar,301.4303585,0,306.0611157,0
BAU_Extreme,2044,m8,E004_Paute_Molino,120,247.0611157,0,383.9741506
BAU_Extreme,2044,m8,E005_Pucara,25,0,300,0
BAU_Extreme,2044,m8,N039_Paute_Cardenillo,3.0825,0,1,0
BAU_Extreme,2044,m9,E003_Mazar,277.9523772,145.5166778,139.9613035,50.93083722
BAU_Extreme,2044,m9,E004_Paute_Molino,120,286.4779812,0,445.2345292
BAU_Extreme,2044,m9,E005_Pucara,25,0,300,0
BAU_Extreme,2044,m9,N039_Paute_Cardenillo,3.0825,0,1,0
BAU_Extreme,2044,m10,E003_Mazar,315.0800156,158.073824,66.79853763,55.32583839
BAU_Extreme,2044,m10,E004_Paute_Molino,60,285.8723616,0,444.2932953
BAU_Extreme,2044,m10,E005_Pucara,25,0,300,0
BAU_Extreme,2044,m10,N039_Paute_Cardenillo,3.0825,0,1,0
BAU_Extreme,2044,m11,E003_Mazar,217.0185641,141.6327798,218.4286717,49.57147293
BAU_Extreme,2044,m11,E004_Paute_Molino,120,301.0614516,0,467.8996726
BAU_Extreme,2044,m11,E005_Pucara,25,0,300,0
BAU_Extreme,2044,m11,N039_Paute_Cardenillo,3.0825,0,1,0
BAU_Extreme,2044,m12,E003_Mazar,205,127.4148952,146.6036689,44.59521331
BAU_Extreme,2044,m12,E004_Paute_Molino,103.0583846,291.9601794,0,453.7547789
BAU_Extreme,2044,m12,E005_Pucara,25,0,300,0
BAU_Extreme,2044,m12,N039_Paute_Cardenillo,4.0825,0,0,0
BAU_Extreme,2045,m1,E003_Mazar,205,127.0199597,134.9800403,44.4569859
BAU_Extreme,2045,m1,E004_Paute_Molino,117.6779098,205.3220902,0,319.1047486
BAU_Extreme,2045,m1,E005_Pucara,25,0,300,0
BAU_Extreme,2045,m1,N039_Paute_Cardenillo,4.0825,0,0,0
BAU_Extreme,2045,m2,E003_Mazar,272.2373803,153.3127356,41.44988409,53.65945748
BAU_Extreme,2045,m2,E004_Paute_Molino,60,253.4405295,0,393.888823
BAU_Extreme,2045,m2,E005_Pucara,25,0,300,0
BAU_Extreme,2045,m2,N039_Paute_Cardenillo,5.0825,0,0,0
BAU_Extreme,2045,m3,E003_Mazar,205,0,329.2373803,0
BAU_Extreme,2045,m3,E004_Paute_Molino,120,270.2373803,0,419.9939285
BAU_Extreme,2045,m3,E005_Pucara,25,0,300,0
BAU_Extreme,2045,m3,N039_Paute_Cardenillo,6.0825,0,0,0
BAU_Extreme,2045,m4,E003_Mazar,205,0,262,0
BAU_Extreme,2045,m4,E004_Paute_Molino,60,323,0,501.9958333
BAU_Extreme,2045,m4,E005_Pucara,25,0,300,0
BAU_Extreme,2045,m4,N039_Paute_Cardenillo,7.0825,0,0,0
BAU_Extreme,2045,m5,E003_Mazar,205,0,262,0
BAU_Extreme,2045,m5,E004_Paute_Molino,60,263,0,408.7458333
BAU_Extreme,2045,m5,E005_Pucara,25,0,300,0
BAU_Extreme,2045,m5,N039_Paute_Cardenillo,8.0825,0,0,0
BAU_Extreme,2045,m6,E003_Mazar,205,0,262,0
BAU_Extreme,2045,m6,E004_Paute_Molino,60,263,0,408.7458333
BAU_Extreme,2045,m6,E005_Pucara,25,0,300,0
BAU_Extreme,2045,m6,N039_Paute_Cardenillo,9.0825,0,0,0
BAU_Extreme,2045,m7,E003_Mazar,205,0,262,0
BAU_Extreme,2045,m7,E004_Paute_Molino,96.73885912,226.2611409,0,351.6475231
BAU_Extreme,2045,m7,E005_Pucara,25,0,300,0
BAU_Extreme,2045,m7,N039_Paute_Cardenillo,3.0825,0,7,0
BAU_Extreme,2045,m8,E003_Mazar,205,0,262,0
BAU_Extreme,2045,m8,E004_Paute_Molino,106.511551,253.2273081,0,393.5574414
BAU_Extreme,2045,m8,E005_Pucara,25,0,300,0
BAU_Extreme,2045,m8,N039_Paute_Cardenillo,3.0825,0,1,0
BAU_Extreme,2045,m9,E003_Mazar,205,170.8165166,91.18348338,59.78578082
BAU_Extreme,2045,m9,E004_Paute_Molino,112.5261555,256.9853955,0,399.3981354
BAU_Extreme,2045,m9,E005_Pucara,25,0,300,0
BAU_Extreme,2045,m9,N039_Paute_Cardenillo,3.0825,0,1,0
BAU_Extreme,2045,m10,E003_Mazar,272.4298208,144.9069094,49.66326979,50.71741829
BAU_Extreme,2045,m10,E004_Paute_Molino,60,248.0963347,0,385.5830536
BAU_Extreme,2045,m10,E005_Pucara,25,0,300,0
BAU_Extreme,2045,m10,N039_Paute_Cardenillo,3.0825,0,1,0
BAU_Extreme,2045,m11,E003_Mazar,309.4063649,137.6913568,87.33209912,48.19197486
BAU_Extreme,2045,m11,E004_Paute_Molino,60,226.0234559,0,351.278121
BAU_Extreme,2045,m11,E005_Pucara,25,0,300,0
BAU_Extreme,2045,m11,N039_Paute_Cardenillo,3.0825,0,1,0
BAU_Extreme,2045,m12,E003_Mazar,205,135.3294174,231.0769476,47.36529609
BAU_Extreme,2045,m12,E004_Paute_Molino,117.6779098,309.7284552,0,481.3696407
BAU_Extreme,2045,m12,E005_Pucara,25,0,300,0
BAU_Extreme,2045,m12,N039_Paute_Cardenillo,4.0825,0,0,0
BAU_Extreme,2046,m1,E003_Mazar,205,128.8818988,133.1181012,45.10866456
BAU_Extreme,2046,m1,E004_Paute_Molino,62.00788122,260.9921188,0,405.6252513
BAU_Extreme,2046,m1,E005_Pucara,25,0,300,0
BAU_Extreme,2046,m1,N039_Paute_Cardenillo,4.0825,0,0,0
BAU_Extreme,2046,m2,E003_Mazar,220.3560731,106.5993541,140.0445728,37.30977392
BAU_Extreme,2046,m2,E004_Paute_Molino,60,249.6518081,0,388.0005184
BAU_Extreme,2046,m2,E005_Pucara,25,0,300,0
BAU_Extreme,2046,m2,N039_Paute_Cardenillo,5.0825,0,0,0
BAU_Extreme,2046,m3,E003_Mazar,205,0,277.3560731,0
BAU_Extreme,2046,m3,E004_Paute_Molino,112.0610761,226.294997,0,351.7001412
BAU_Extreme,2046,m3,E005_Pucara,25,0,300,0
BAU_Extreme,2046,m3,N039_Paute_Cardenillo,6.0825,0,0,0
BAU_Extreme,2046,m4,E003_Mazar,205,0,262,0
BAU_Extreme,2046,m4,E004_Paute_Molino,60,315.0610761,0,489.6574224
BAU_Extreme,2046,m4,E005_Pucara,25,0,300,0
BAU_Extreme,2046,m4,N039_Paute_Cardenillo,7.0825,0,0,0
BAU_Extreme,2046,m5,E003_Mazar,205,0,262,0
BAU_Extreme,2046,m5,E004_Paute_Molino,60,263,0,408.7458333
BAU_Extreme,2046,m5,E005_Pucara,25,0,300,0
BAU_Extreme,2046,m5,N039_Paute_Cardenillo,8.0825,0,0,0
BAU_Extreme,2046,m6,E003_Mazar,205,0,262,0
BAU_Extreme,2046,m6,E004_Paute_Molino,60,263,0,408.7458333
BAU_Extreme,2046,m6,E005_Pucara,25,0,300,0
BAU_Extreme,2046,m6,N039_Paute_Cardenillo,9.0825,0,0,0
BAU_Extreme,2046,m7,E003_Mazar,205,0,262,0
BAU_Extreme,2046,m7,E004_Paute_Molino,67.8361864,255.1638136,0,396.5670936
BAU_Extreme,2046,m7,E005_Pucara,25,0,300,0
BAU_Extreme,2046,m7,N039_Paute_Cardenillo,3.0825,0,7,0
BAU_Extreme,2046,m8,E003_Mazar,205,0,262,0
BAU_Extreme,2046,m8,E004_Paute_Molino,60,270.8361864,0,420.924573
BAU_Extreme,2046,m8,E005_Pucara,25,0,300,0
BAU_Extreme,2046,m8,N039_Paute_Cardenillo,3.0825,0,1,0
BAU_Extreme,2046,m9,E003_Mazar,213.4745535,147.1417423,106.3837042,51.49960979
BAU_Extreme,2046,m9,E004_Paute_Molino,120,194.5254465,0,302.3249648
BAU_Extreme,2046,m9,E005_Pucara,25,0,300,0
BAU_Extreme,2046,m9,N039_Paute_Cardenillo,3.0825,0,1,0
BAU_Extreme,2046,m10,E003_Mazar,339.9886364,131.2333053,4.25261188,45.93165684
BAU_Extreme,2046,m10,E004_Paute_Molino,60,196.4859171,0,305.3718629
BAU_Extreme,2046,m10,E005_Pucara,25,0,300,0
BAU_Extreme,2046,m10,N039_Paute_Cardenillo,3.0825,0,1,0
BAU_Extreme,2046,m11,E003_Mazar,397.8555199,161.7444931,42.38862338,56.61057259
BAU_Extreme,2046,m11,E004_Paute_Molino,60,205.1331165,0,318.8110519
BAU_Extreme,2046,m11,E005_Pucara,25,0,300,0
BAU_Extreme,2046,m11,N039_Paute_Cardenillo,3.0825,0,1,0
BAU_Extreme,2046,m12,E003_Mazar,205,162.6796986,292.1758212,56.93789451
BAU_Extreme,2046,m12,E004_Paute_Molino,62.00788122,284.2192363,169.6284023,441.7240631
BAU_Extreme,2046,m12,E005_Pucara,25,0,300,0
BAU_Extreme,2046,m12,N039_Paute_Cardenillo,4.0825,0,0,0
BAU_Extreme,2047,m1,E003_Mazar,205,116.7234367,145.2765633,40.85320285
BAU_Extreme,2047,m1,E004_Paute_Molino,60,263,0,408.7458333
BAU_Extreme,2047,m1,E005_Pucara,25,0,300,0
BAU_Extreme,2047,m1,N039_Paute_Cardenillo,4.0825,0,0,0
BAU_Extreme,2047,m2,E003_Mazar,245.3495047,173.565187,48.0853083,60.74781546
BAU_Extreme,2047,m2,E004_Paute_Molino,60,222.6504953,0,346.0359782
BAU_Extreme,2047,m2,E005_Pucara,25,0,300,0
BAU_Extreme,2047,m2,N039_Paute_Cardenillo,5.0825,0,0,0
BAU_Extreme,2047,m3,E003_Mazar,283.8158849,0,223.5336197,0
BAU_Extreme,2047,m3,E004_Paute_Molino,60,224.5336197,0,348.9626674
BAU_Extreme,2047,m3,E005_Pucara,25,0,300,0
BAU_Extreme,2047,m3,N039_Paute_Cardenillo,6.0825,0,0,0
BAU_Extreme,2047,m4,E003_Mazar,213.0312665,0,332.7846185,0
BAU_Extreme,2047,m4,E004_Paute_Molino,120,273.7846185,0,425.5069278
BAU_Extreme,2047,m4,E005_Pucara,25,0,300,0
BAU_Extreme,2047,m4,N039_Paute_Cardenillo,7.0825,0,0,0
BAU_Extreme,2047,m5,E003_Mazar,205,0,270.0312665,0
BAU_Extreme,2047,m5,E004_Paute_Molino,60,331.0312665,0,514.47776
BAU_Extreme,2047,m5,E005_Pucara,25,0,300,0
BAU_Extreme,2047,m5,N039_Paute_Cardenillo,8.0825,0,0,0
BAU_Extreme,2047,m6,E003_Mazar,205,0,262,0
BAU_Extreme,2047,m6,E004_Paute_Molino,60,263,0,408.7458333
BAU_Extreme,2047,m6,E005_Pucara,25,0,300,0
BAU_Extreme,2047,m6,N039_Paute_Cardenillo,9.0825,0,0,0
BAU_Extreme,2047,m7,E003_Mazar,205,0,262,0
BAU_Extreme,2047,m7,E004_Paute_Molino,120,203,0,315.4958333
BAU_Extreme,2047,m7,E005_Pucara,25,0,300,0
BAU_Extreme,2047,m7,N039_Paute_Cardenillo,3.0825,0,7,0
BAU_Extreme,2047,m8,E003_Mazar,209.1610124,0,257.8389876,0
BAU_Extreme,2047,m8,E004_Paute_Molino,120,258.8389876,0,402.2789265
BAU_Extreme,2047,m8,E005_Pucara,25,0,300,0
BAU_Extreme,2047,m8,N039_Paute_Cardenillo,3.0825,0,1,0
BAU_Extreme,2047,m9,E003_Mazar,205,155.6569272,110.5040853,54.4799245
BAU_Extreme,2047,m9,E004_Paute_Molino,104.8248576,282.3361548,0,438.7974406
BAU_Extreme,2047,m9,E005_Pucara,25,0,300,0
BAU_Extreme,2047,m9,N039_Paute_Cardenillo,3.0825,0,1,0
BAU_Extreme,2047,m10,E003_Mazar,255.5894683,157.6650133,53.7455184,55.18275465
BAU_Extreme,2047,m10,E004_Paute_Molino,60,257.2353893,0,399.7866675
BAU_Extreme,2047,m10,E005_Pucara,25,0,300,0
BAU_Extreme,2047,m10,N039_Paute_Cardenillo,3.0825,0,1,0
BAU_Extreme,2047,m11,E003_Mazar,205,140.0623047,172.5271637,49.02180663
BAU_Extreme,2047,m11,E004_Paute_Molino,65.39070902,308.1987593,0,478.9922384
BAU_Extreme,2047,m11,E005_Pucara,25,0,300,0
BAU_Extreme,2047,m11,N039_Paute_Cardenillo,3.0825,0,1,0
BAU_Extreme,2047,m12,E003_Mazar,205,129.0025304,132.9974696,45.15088565
BAU_Extreme,2047,m12,E004_Paute_Molino,60,268.390709,0,417.1238936
BAU_Extreme,2047,m12,E005_Pucara,25,0,300,0
BAU_Extreme,2047,m12,N039_Paute_Cardenillo,4.0825,0,0,0
BAU_Extreme,2048,m1,E003_Mazar,205,155.3372342,106.6627658,54.36803199
BAU_Extreme,2048,m1,E004_Paute_Molino,63.44963983,259.5503602,0,403.3845181
BAU_Extreme,2048,m1,E005_Pucara,25,0,300,0
BAU_Extreme,2048,m1,N039_Paute_Cardenillo,4.0825,0,0,0
BAU_Extreme,2048,m2,E003_Mazar,278.0096998,138.670609,50.3196912,48.53471316
BAU_Extreme,2048,m2,E004_Paute_Molino,60,193.4399401,0,300.6379068
BAU_Extreme,2048,m2,E005_Pucara,25,0,300,0
BAU_Extreme,2048,m2,N039_Paute_Cardenillo,5.0825,0,0,0
BAU_Extreme,2048,m3,E003_Mazar,368.978835,0,171.0308648,0
BAU_Extreme,2048,m3,E004_Paute_Molino,60,172.0308648,0,267.3646357
BAU_Extreme,2048,m3,E005_Pucara,25,0,300,0
BAU_Extreme,2048,m3,N039_Paute_Cardenillo,6.0825,0,0,0
BAU_Extreme,2048,m4,E003_Mazar,284.0439819,0,346.9348531,0
BAU_Extreme,2048,m4,E004_Paute_Molino,120,287.9348531,0,447.4987509
BAU_Extreme,2048,m4,E005_Pucara,25,0,300,0
BAU_Extreme,2048,m4,N039_Paute_Cardenillo,7.0825,0,0,0
BAU_Extreme,2048,m5,E003_Mazar,205,0,341.0439819,0
BAU_Extreme,2048,m5,E004_Paute_Molino,60,402.0439819,0,624.8433552
BAU_Extreme,2048,m5,E005_Pucara,25,0,300,0
BAU_Extreme,2048,m5,N039_Paute_Cardenillo,8.0825,0,0,0
BAU_Extreme,2048,m6,E003_Mazar,205,0,262,0
BAU_Extreme,2048,m6,E004_Paute_Molino,60,263,0,408.7458333
BAU_Extreme,2048,m6,E005_Pucara,25,0,300,0
BAU_Extreme,2048,m6,N039_Paute_Cardenillo,9.0825,0,0,0
BAU_Extreme,2048,m7,E003_Mazar,205,0,262,0
BAU_Extreme,2048,m7,E004_Paute_Molino,99.04015762,223.9598424,0,348.0709217
BAU_Extreme,2048,m7,E005_Pucara,25,0,300,0
BAU_Extreme,2048,m7,N039_Paute_Cardenillo,3.0825,0,7,0
BAU_Extreme,2048,m8,E003_Mazar,205,0,262,0
BAU_Extreme,2048,m8,E004_Paute_Molino,63.31241102,298.7277466,0,464.2727062
BAU_Extreme,2048,m8,E005_Pucara,25,0,300,0
BAU_Extreme,2048,m8,N039_Paute_Cardenillo,3.0825,0,1,0
BAU_Extreme,2048,m9,E003_Mazar,205,180.0296203,81.97037974,63.01036709
BAU_Extreme,2048,m9,E004_Paute_Molino,60,266.312411,0,413.8938721
BAU_Extreme,2048,m9,E005_Pucara,25,0,300,0
BAU_Extreme,2048,m9,N039_Paute_Cardenillo,3.0825,0,1,0
BAU_Extreme,2048,m10,E003_Mazar,205,141.3393628,120.6606372,49.468777
BAU_Extreme,2048,m10,E004_Paute_Molino,75.93289401,247.067106,0,383.9834606
BAU_Extreme,2048,m10,E005_Pucara,25,0,300,0
BAU_Extreme,2048,m10,N039_Paute_Cardenillo,3.0825,0,1,0
BAU_Extreme,2048,m11,E003_Mazar,205,133.5059613,128.4940387,46.72708646
BAU_Extreme,2048,m11,E004_Paute_Molino,84.35936978,254.5735242,0,395.6496856
BAU_Extreme,2048,m11,E005_Pucara,25,0,300,0
BAU_Extreme,2048,m11,N039_Paute_Cardenillo,3.0825,0,1,0
BAU_Extreme,2048,m12,E003_Mazar,205,152.4080843,109.5919157,53.34282951
BAU_Extreme,2048,m12,E004_Paute_Molino,63.44963983,266.3802674,17.52946258,413.9993322
BAU_Extreme,2048,m12,E005_Pucara,25,0,300,0
BAU_Extreme,2048,m12,N039_Paute_Cardenillo,4.0825,0,0,0
BAU_Extreme,2049,m1,E003_Mazar,205,139.7477562,122.2522438,48.91171466
BAU_Extreme,2049,m1,E004_Paute_Molino,101.3859831,221.6140169,0,344.4251179
BAU_Extreme,2049,m1,E005_Pucara,25,0,300,0
BAU_Extreme,2049,m1,N039_Paute_Cardenillo,4.0825,0,0,0
BAU_Extreme,2049,m2,E003_Mazar,265.2084647,157.4284107,44.36312467,55.09994373
BAU_Extreme,2049,m2,E004_Paute_Molino,60,244.1775184,0,379.4925599
BAU_Extreme,2049,m2,E005_Pucara,25,0,300,0
BAU_Extreme,2049,m2,N039_Paute_Cardenillo,5.0825,0,0,0
BAU_Extreme,2049,m3,E003_Mazar,205,0,322.2084647,0
BAU_Extreme,2049,m3,E004_Paute_Molino,120,263.2084647,0,409.0698222
BAU_Extreme,2049,m3,E005_Pucara,25,0,300,0
BAU_Extreme,2049,m3,N039_Paute_Cardenillo,6.0825,0,0,0
BAU_Extreme,2049,m4,E003_Mazar,205,0,262,0
BAU_Extreme,2049,m4,E004_Paute_Molino,120,263,0,408.7458333
BAU_Extreme,2049,m4,E005_Pucara,25,0,300,0
BAU_Extreme,2049,m4,N039_Paute_Cardenillo,7.0825,0,0,0
BAU_Extreme,2049,m5,E003_Mazar,205,0,262,0
BAU_Extreme,2049,m5,E004_Paute_Molino,60,323,0,501.9958333
BAU_Extreme,2049,m5,E005_Pucara,25,0,300,0
BAU_Extreme,2049,m5,N039_Paute_Cardenillo,8.0825,0,0,0
BAU_Extreme,2049,m6,E003_Mazar,205,0,262,0
BAU_Extreme,2049,m6,E004_Paute_Molino,60,263,0,408.7458333
BAU_Extreme,2049,m6,E005_Pucara,25,0,300,0
BAU_Extreme,2049,m6,N039_Paute_Cardenillo,9.0825,0,0,0
BAU_Extreme,2049,m7,E003_Mazar,205,0,262,0
BAU_Extreme,2049,m7,E004_Paute_Molino,60,263,0,408.7458333
BAU_Extreme,2049,m7,E005_Pucara,25,0,300,0
BAU_Extreme,2049,m7,N039_Paute_Cardenillo,3.0825,0,7,0
BAU_Extreme,2049,m8,E003_Mazar,205,0,262,0
BAU_Extreme,2049,m8,E004_Paute_Molino,60,263,0,408.7458333
BAU_Extreme,2049,m8,E005_Pucara,25,0,300,0
BAU_Extreme,2049,m8,N039_Paute_Cardenillo,3.0825,0,1,0
BAU_Extreme,2049,m9,E003_Mazar,205,113.4499103,148.5500897,39.70746859
BAU_Extreme,2049,m9,E004_Paute_Molino,120,200.0351927,2.964807279,310.8880287
BAU_Extreme,2049,m9,E005_Pucara,25,0,300,0
BAU_Extreme,2049,m9,N039_Paute_Cardenillo,3.0825,0,1,0
BAU_Extreme,2049,m10,E003_Mazar,239.1711002,164.0867963,63.74210346,57.43037871
BAU_Extreme,2049,m10,E004_Paute_Molino,60,288.8288998,0,448.8882484
BAU_Extreme,2049,m10,E005_Pucara,25,0,300,0
BAU_Extreme,2049,m10,N039_Paute_Cardenillo,3.0825,0,1,0
BAU_Extreme,2049,m11,E003_Mazar,205,164.1171952,132.053905,57.44101833
BAU_Extreme,2049,m11,E004_Paute_Molino,60,184.4515492,112.719551,286.6684494
BAU_Extreme,2049,m11,E005_Pucara,25,0,300,0
BAU_Extreme,2049,m11,N039_Paute_Cardenillo,3.0825,0,1,0
BAU_Extreme,2049,m12,E003_Mazar,205,142.996385,119.003615,50.04873477
BAU_Extreme,2049,m12,E004_Paute_Molino,101.3859831,206.4038166,15.21020029,320.7859316
BAU_Extreme,2049,m12,E005_Pucara,25,0,300,0
BAU_Extreme,2049,m12,N039_Paute_Cardenillo,4.0825,0,0,0
BAU_Extreme,2050,m1,E003_Mazar,265.0397868,137.2266192,64.733594,48.02931671
BAU_Extreme,2050,m1,E004_Paute_Molino,60,202.9602132,0,315.433998
BAU_Extreme,2050,m1,E005_Pucara,25,0,300,0
BAU_Extreme,2050,m1,N039_Paute_Cardenillo,4.0825,0,0,0
BAU_Extreme,2050,m2,E003_Mazar,325.8985741,132.6001926,68.54102015,46.41006742
BAU_Extreme,2050,m2,E004_Paute_Molino,60,202.1412128,0,314.1611349
BAU_Extreme,2050,m2,E005_Pucara,25,0,300,0
BAU_Extreme,2050,m2,N039_Paute_Cardenillo,5.0825,0,0,0
BAU_Extreme,2050,m3,E003_Mazar,205,0,382.8985741,0
BAU_Extreme,2050,m3,E004_Paute_Molino,120,323.8985741,0,503.3923672
BAU_Extreme,2050,m3,E005_Pucara,25,0,300,0
BAU_Extreme,2050,m3,N039_Paute_Cardenillo,6.0825,0,0,0
BAU_Extreme,2050,m4,E003_Mazar,205,0,262,0
BAU_Extreme,2050,m4,E004_Paute_Molino,60,323,0,501.9958333
BAU_Extreme,2050,m4,E005_Pucara,25,0,300,0
BAU_Extreme,2050,m4,N039_Paute_Cardenillo,7.0825,0,0,0
BAU_Extreme,2050,m5,E003_Mazar,205,0,262,0
BAU_Extreme,2050,m5,E004_Paute_Molino,60,263,0,408.7458333
BAU_Extreme,2050,m5,E005_Pucara,25,0,300,0
BAU_Extreme,2050,m5,N039_Paute_Cardenillo,8.0825,0,0,0
BAU_Extreme,2050,m6,E003_Mazar,205,0,262,0
BAU_Extreme,2050,m6,E004_Paute_Molino,120,203,0,315.4958333
BAU_Extreme,2050,m6,E005_Pucara,25,0,300,0
BAU_Extreme,2050,m6,N039_Paute_Cardenillo,9.0825,0,0,0
BAU_Extreme,2050,m7,E003_Mazar,205,0,262,0
BAU_Extreme,2050,m7,E004_Paute_Molino,60,323,0,501.9958333
BAU_Extreme,2050,m7,E005_Pucara,25,0,300,0
BAU_Extreme,2050,m7,N039_Paute_Cardenillo,3.0825,0,7,0
BAU_Extreme,2050,m8,E003_Mazar,205,0,262,0
BAU_Extreme,2050,m8,E004_Paute_Molino,60,263,0,408.7458333
BAU_Extreme,2050,m8,E005_Pucara,25,0,300,0
BAU_Extreme,2050,m8,N039_Paute_Cardenillo,3.0825,0,1,0
BAU_Extreme,2050,m9,E003_Mazar,205,142.6395764,119.3604236,49.92385175
BAU_Extreme,2050,m9,E004_Paute_Molino,60,228.8198245,34.18017546,355.624144
BAU_Extreme,2050,m9,E005_Pucara,25,0,300,0
BAU_Extreme,2050,m9,N039_Paute_Cardenillo,3.0825,0,1,0
BAU_Extreme,2050,m10,E003_Mazar,224.6067657,127.3675779,115.0256564,44.57865227
BAU_Extreme,2050,m10,E004_Paute_Molino,60,243.3932343,0,378.2736516
BAU_Extreme,2050,m10,E005_Pucara,25,0,300,0
BAU_Extreme,2050,m10,N039_Paute_Cardenillo,3.0825,0,1,0
BAU_Extreme,2050,m11,E003_Mazar,205,178.0859341,103.5208316,62.33007692
BAU_Extreme,2050,m11,E004_Paute_Molino,60,235.8199333,46.78683239,366.5034797
BAU_Extreme,2050,m11,E005_Pucara,25,0,300,0
BAU_Extreme,2050,m11,N039_Paute_Cardenillo,3.0825,0,1,0
BAU_Extreme,2050,m12,E003_Mazar,265.0397868,169.0373414,32.92287173,59.1630695
BAU_Extreme,2050,m12,E004_Paute_Molino,60,193.6039845,9.35622864,300.8928593
BAU_Extreme,2050,m12,E005_Pucara,25,0,300,0
BAU_Extreme,2050,m12,N039_Paute_Cardenillo,4.0825,0,0,0
REN100_Normal,2025,m1,E003_Mazar,205,206.5316757,55.46832434,72.28608648
REN100_Normal,2025,m1,E004_Paute_Molino,60,263,0,408.7458333
REN100_Normal,2025,m1,E005_Pucara,25,33.37659791,266.6234021,32.70906595
REN100_Normal,2025,m1,N039_Paute_Cardenillo,4.0825,0,0,0
REN100_Normal,2025,m2,E003_Mazar,222.480623,209.1522699,35.36710714,73.20329446
REN100_Normal,2025,m2,E004_Paute_Molino,60,245.519377,0,381.5780318
REN100_Normal,2025,m2,E005_Pucara,25,31.28686942,268.7131306,30.66113203
REN100_Normal,2025,m2,N039_Paute_Cardenillo,5.0825,0,0,0
REN100_Normal,2025,m3,E003_Mazar,236.4749674,248.0056556,0,86.80197947
REN100_Normal,2025,m3,E004_Paute_Molino,60,249.0056556,0,386.9962898
REN100_Normal,2025,m3,E005_Pucara,25,45.07226404,254.927736,44.17081876
REN100_Normal,2025,m3,N039_Paute_Cardenillo,6.0825,0,0,0
REN100_Normal,2025,m4,E003_Mazar,205,293.4749674,0,102.7162386
REN100_Normal,2025,m4,E004_Paute_Molino,113.948101,240.5268664,0,373.8188382
REN100_Normal,2025,m4,E005_Pucara,25,47.19672479,252.8032752,46.25279029
REN100_Normal,2025,m4,N039_Paute_Cardenillo,7.0825,0,0,0
REN100_Normal,2025,m5,E003_Mazar,205,262,0,91.7
REN100_Normal,2025,m5,E004_Paute_Molino,111.2988279,265.649273,0,412.8632452
REN100_Normal,2025,m5,E005_Pucara,25,49.2996541,250.7003459,48.31366102
REN100_Normal,2025,m5,N039_Paute_Cardenillo,8.0825,0,0,0
REN100_Normal,2025,m6,E003_Mazar,232.4048437,234.5951563,0,82.1083047
REN100_Normal,2025,m6,E004_Paute_Molino,60,286.8939842,0,445.8810671
REN100_Normal,2025,m6,E005_Pucara,25,47.43294719,252.5670528,46.48428825
REN100_Normal,2025,m6,N039_Paute_Cardenillo,9.0825,0,0,0
REN100_Normal,2025,m7,E003_Mazar,224.7702405,269.6346032,0,94.37211111
REN100_Normal,2025,m7,E004_Paute_Molino,120,210.6346032,0,327.3612791
REN100_Normal,2025,m7,E005_Pucara,25,47.32989272,252.6701073,46.38329487
REN100_Normal,2025,m7,N039_Paute_Cardenillo,3.0825,0,7,0
REN100_Normal,2025,m8,E003_Mazar,235.0430189,251.7272216,0,88.10452757
REN100_Normal,2025,m8,E004_Paute_Molino,120,252.7272216,0,392.7802236
REN100_Normal,2025,m8,E005_Pucara,25,46.80329801,253.196702,45.86723205
REN100_Normal,2025,m8,N039_Paute_Cardenillo,3.0825,0,1,0
REN100_Normal,2025,m9,E003_Mazar,240.9600346,228.0429723,28.04001198,79.81504029
REN100_Normal,2025,m9,E004_Paute_Molino,120,257.0829842,0,399.5498047
REN100_Normal,2025,m9,E005_Pucara,25,33.51948959,266.4805104,32.8490998
REN100_Normal,2025,m9,N039_Paute_Cardenillo,3.0825,0,1,0
REN100_Normal,2025,m10,E003_Mazar,250.3792101,201.7808642,50.79996037,70.62330247
REN100_Normal,2025,m10,E004_Paute_Molino,60,313.5808246,0,487.3568649
REN100_Normal,2025,m10,E005_Pucara,25,30.1241327,269.8758673,29.52165004
REN100_Normal,2025,m10,N039_Paute_Cardenillo,3.0825,0,1,0
REN100_Normal,2025,m11,E003_Mazar,205,231.3881266,75.99108351,80.9858443
REN100_Normal,2025,m11,E004_Paute_Molino,66.83115406,301.548056,0,468.6559371
REN100_Normal,2025,m11,E005_Pucara,25,33.12543822,266.8745618,32.46292945
REN100_Normal,2025,m11,N039_Paute_Cardenillo,3.0825,0,1,0
REN100_Normal,2025,m12,E003_Mazar,205,221.973237,40.02676302,77.69063294
REN100_Normal,2025,m12,E004_Paute_Molino,60,269.8311541,0,419.3625853
REN100_Normal,2025,m12,E005_Pucara,25,33.00529068,266.9947093,32.34518486
REN100_Normal,2025,m12,N039_Paute_Cardenillo,4.0825,0,0,0
REN100_Normal,2026,m1,E003_Mazar,205,203.6574678,58.34253218,71.28011374
REN100_Normal,2026,m1,E004_Paute_Molino,60,263,0,408.7458333
REN100_Normal,2026,m1,E005_Pucara,25,36.43473108,263.5652689,35.70603646
REN100_Normal,2026,m1,N039_Paute_Cardenillo,4.0825,0,0,0
REN100_Normal,2026,m2,E003_Mazar,219.3319821,198.3207406,49.34727733,69.4122592
REN100_Normal,2026,m2,E004_Paute_Molino,60,248.6680179,0,386.4715445
REN100_Normal,2026,m2,E005_Pucara,25,29.50505798,270.494942,28.91495682
REN100_Normal,2026,m2,N039_Paute_Cardenillo,5.0825,0,0,0
REN100_Normal,2026,m3,E003_Mazar,242.3440064,238.9879757,0,83.64579151
REN100_Normal,2026,m3,E004_Paute_Molino,60,239.9879757,0,372.9813123
REN100_Normal,2026,m3,E005_Pucara,25,45.58064803,254.419352,44.66903507
REN100_Normal,2026,m3,N039_Paute_Cardenillo,6.0825,0,0,0
REN100_Normal,2026,m4,E003_Mazar,216.7272179,287.6167885,0,100.665876
REN100_Normal,2026,m4,E004_Paute_Molino,120,228.6167885,0,355.3085921
REN100_Normal,2026,m4,E005_Pucara,25,44.56264152,255.4373585,43.67138869
REN100_Normal,2026,m4,N039_Paute_Cardenillo,7.0825,0,0,0
REN100_Normal,2026,m5,E003_Mazar,233.2561018,245.4711161,0,85.91489064
REN100_Normal,2026,m5,E004_Paute_Molino,120,246.4711161,0,383.057193
REN100_Normal,2026,m5,E005_Pucara,25,44.11187369,255.8881263,43.22963621
REN100_Normal,2026,m5,N039_Paute_Cardenillo,8.0825,0,0,0
REN100_Normal,2026,m6,E003_Mazar,248.5028678,246.753234,0,86.36363191
REN100_Normal,2026,m6,E004_Paute_Molino,120,247.753234,0,385.0498179
REN100_Normal,2026,m6,E005_Pucara,25,46.89026337,253.1097366,45.95245811
REN100_Normal,2026,m6,N039_Paute_Cardenillo,9.0825,0,0,0
REN100_Normal,2026,m7,E003_Mazar,280.5671246,229.9357432,0,80.47751012
REN100_Normal,2026,m7,E004_Paute_Molino,120,230.9357432,0,358.9126342
REN100_Normal,2026,m7,E005_Pucara,25,48.00967186,251.9903281,47.04947842
REN100_Normal,2026,m7,N039_Paute_Cardenillo,3.0825,0,7,0
REN100_Normal,2026,m8,E003_Mazar,303.3445042,239.2226204,0,83.72791715
REN100_Normal,2026,m8,E004_Paute_Molino,120,240.2226204,0,373.3459892
REN100_Normal,2026,m8,E005_Pucara,25,47.16330843,252.8366916,46.22004226
REN100_Normal,2026,m8,N039_Paute_Cardenillo,3.0825,0,1,0
REN100_Normal,2026,m9,E003_Mazar,224.1941949,220.9347639,120.2155454,77.32716737
REN100_Normal,2026,m9,E004_Paute_Molino,120,342.1503093,0,531.7586057
REN100_Normal,2026,m9,E005_Pucara,25,31.24524791,268.7547521,30.62034295
REN100_Normal,2026,m9,N039_Paute_Cardenillo,3.0825,0,1,0
REN100_Normal,2026,m10,E003_Mazar,209.8883912,191.738812,84.5669917,67.10858421
REN100_Normal,2026,m10,E004_Paute_Molino,120,277.3058037,0,430.9794366
REN100_Normal,2026,m10,E005_Pucara,25,34.11471189,265.8852881,33.43241765
REN100_Normal,2026,m10,N039_Paute_Cardenillo,3.0825,0,1,0
REN100_Normal,2026,m11,E003_Mazar,205,203.7054139,63.18297731,71.29689485
REN100_Normal,2026,m11,E004_Paute_Molino,98.12486778,289.7635234,0,450.3408093
REN100_Normal,2026,m11,E005_Pucara,25,31.17457385,268.8254262,30.55108237
REN100_Normal,2026,m11,N039_Paute_Cardenillo,3.0825,0,1,0
REN100_Normal,2026,m12,E003_Mazar,205,195.9984758,66.0015242,68.59946653
REN100_Normal,2026,m12,E004_Paute_Molino,60,301.1248678,0,467.998232
REN100_Normal,2026,m12,E005_Pucara,25,28.61867255,271.3813275,28.0462991
REN100_Normal,2026,m12,N039_Paute_Cardenillo,4.0825,0,0,0
REN100_Normal,2027,m1,E003_Mazar,205,229.5383863,32.46161369,80.33843521
REN100_Normal,2027,m1,E004_Paute_Molino,60,263,0,408.7458333
REN100_Normal,2027,m1,E005_Pucara,25,28.87635586,271.1236441,28.29882875
REN100_Normal,2027,m1,N039_Paute_Cardenillo,4.0825,0,0,0
REN100_Normal,2027,m2,E003_Mazar,205,232.0944058,29.90559423,81.23304202
REN100_Normal,2027,m2,E004_Paute_Molino,60,263,0,408.7458333
REN100_Normal,2027,m2,E005_Pucara,25,35.0648779,264.9351221,34.36358034
REN100_Normal,2027,m2,N039_Paute_Cardenillo,5.0825,0,0,0
REN100_Normal,2027,m3,E003_Mazar,234.3246385,232.6753615,0,81.43637653
REN100_Normal,2027,m3,E004_Paute_Molino,62.10026892,231.5750926,0,359.9062897
REN100_Normal,2027,m3,E005_Pucara,25,47.23109908,252.7689009,46.2864771
REN100_Normal,2027,m3,N039_Paute_Cardenillo,6.0825,0,0,0
REN100_Normal,2027,m4,E003_Mazar,217.5155216,278.8091169,0,97.58319091
REN100_Normal,2027,m4,E004_Paute_Molino,120,221.9093858,0,344.8841704
REN100_Normal,2027,m4,E005_Pucara,25,49.17788158,250.8221184,48.19432395
REN100_Normal,2027,m4,N039_Paute_Cardenillo,7.0825,0,0,0
REN100_Normal,2027,m5,E003_Mazar,288.8226672,190.6928544,0,66.74249903
REN100_Normal,2027,m5,E004_Paute_Molino,60,251.6928544,0,391.1726445
REN100_Normal,2027,m5,E005_Pucara,25,48.8291443,251.1708557,47.85256142
REN100_Normal,2027,m5,N039_Paute_Cardenillo,8.0825,0,0,0
REN100_Normal,2027,m6,E003_Mazar,309.8682922,240.954375,0,84.33403126
REN100_Normal,2027,m6,E004_Paute_Molino,60,241.954375,0,376.0374245
REN100_Normal,2027,m6,E005_Pucara,25,47.46271468,252.5372853,46.51346038
REN100_Normal,2027,m6,N039_Paute_Cardenillo,9.0825,0,0,0
REN100_Normal,2027,m7,E003_Mazar,290.3407929,281.5274993,0,98.53462476
REN100_Normal,2027,m7,E004_Paute_Molino,120,222.5274993,0,345.8448218
REN100_Normal,2027,m7,E005_Pucara,25,49.2405668,250.7594332,48.25575547
REN100_Normal,2027,m7,N039_Paute_Cardenillo,3.0825,0,7,0
REN100_Normal,2027,m8,E003_Mazar,315.9364432,236.4043497,0,82.74152239
REN100_Normal,2027,m8,E004_Paute_Molino,120,237.4043497,0,368.9659268
REN100_Normal,2027,m8,E005_Pucara,25,47.61739722,252.3826028,46.66504927
REN100_Normal,2027,m8,N039_Paute_Cardenillo,3.0825,0,1,0
REN100_Normal,2027,m9,E003_Mazar,275.0044396,203.5034052,99.42859844,71.22619182
REN100_Normal,2027,m9,E004_Paute_Molino,120,303.9320036,0,472.360989
REN100_Normal,2027,m9,E005_Pucara,25,27.37346889,272.6265311,26.82599951
REN100_Normal,2027,m9,N039_Paute_Cardenillo,3.0825,0,1,0
REN100_Normal,2027,m10,E003_Mazar,310.3370352,221.8202616,4.847142751,77.63709157
REN100_Normal,2027,m10,E004_Paute_Molino,60,287.6674044,0,447.083091
REN100_Normal,2027,m10,E005_Pucara,25,30.31462596,269.685374,29.70833344
REN100_Normal,2027,m10,N039_Paute_Cardenillo,3.0825,0,1,0
REN100_Normal,2027,m11,E003_Mazar,258.5783369,191.2326345,122.5260639,66.93142206
REN100_Normal,2027,m11,E004_Paute_Molino,60,314.7586983,0,489.187477
REN100_Normal,2027,m11,E005_Pucara,25,33.33768346,266.6623165,32.67092979
REN100_Normal,2027,m11,N039_Paute_Cardenillo,3.0825,0,1,0
REN100_Normal,2027,m12,E003_Mazar,205,213.6832382,101.8950986,74.78913339
REN100_Normal,2027,m12,E004_Paute_Molino,60,316.5783369,0,492.0154985
REN100_Normal,2027,m12,E005_Pucara,25,32.6033601,267.3966399,31.9512929
REN100_Normal,2027,m12,N039_Paute_Cardenillo,4.0825,0,0,0
REN100_Normal,2028,m1,E003_Mazar,205,209.540458,52.45954196,73.33916031
REN100_Normal,2028,m1,E004_Paute_Molino,60,263,0,408.7458333
REN100_Normal,2028,m1,E005_Pucara,25,31.35972775,268.6402723,30.73253319
REN100_Normal,2028,m1,N039_Paute_Cardenillo,4.0825,0,0,0
REN100_Normal,2028,m2,E003_Mazar,205,204.9432404,57.05675959,71.73013414
REN100_Normal,2028,m2,E004_Paute_Molino,60,263,0,408.7458333
REN100_Normal,2028,m2,E005_Pucara,25,34.40286573,265.5971343,33.71480841
REN100_Normal,2028,m2,N039_Paute_Cardenillo,5.0825,0,0,0
REN100_Normal,2028,m3,E003_Mazar,213.4857911,253.5142089,0,88.72997312
REN100_Normal,2028,m3,E004_Paute_Molino,62.71729091,251.796918,0,391.3343768
REN100_Normal,2028,m3,E005_Pucara,25,49.34616377,250.6538362,48.3592405
REN100_Normal,2028,m3,N039_Paute_Cardenillo,6.0825,0,0,0
REN100_Normal,2028,m4,E003_Mazar,205,270.4857911,0,94.67002688
REN100_Normal,2028,m4,E004_Paute_Molino,82.60108214,251.6019998,0,391.0314414
REN100_Normal,2028,m4,E005_Pucara,25,49.00574643,250.9942536,48.0256315
REN100_Normal,2028,m4,N039_Paute_Cardenillo,7.0825,0,0,0
REN100_Normal,2028,m5,E003_Mazar,209.3558125,257.6441875,0,90.17546563
REN100_Normal,2028,m5,E004_Paute_Molino,120,221.2452697,0,343.8520233
REN100_Normal,2028,m5,E005_Pucara,25,46.24908719,253.7509128,45.32410545
REN100_Normal,2028,m5,N039_Paute_Cardenillo,8.0825,0,0,0
REN100_Normal,2028,m6,E003_Mazar,284.991404,0,186.3644085,0
REN100_Normal,2028,m6,E004_Paute_Molino,60,247.3644085,0,384.4455182
REN100_Normal,2028,m6,E005_Pucara,25,44.46655112,255.5334489,43.5772201
REN100_Normal,2028,m6,N039_Paute_Cardenillo,9.0825,0,0,0
REN100_Normal,2028,m7,E003_Mazar,273.6329674,273.3584365,0,95.67545279
REN100_Normal,2028,m7,E004_Paute_Molino,120,214.3584365,0,333.1487368
REN100_Normal,2028,m7,E005_Pucara,25,47.09753743,252.9024626,46.15558668
REN100_Normal,2028,m7,N039_Paute_Cardenillo,3.0825,0,7,0
REN100_Normal,2028,m8,E003_Mazar,303.3367002,172.6374317,59.65883551,60.4231011
REN100_Normal,2028,m8,E004_Paute_Molino,120,233.2962672,0,362.581282
REN100_Normal,2028,m8,E005_Pucara,25,46.61727143,253.3827286,45.68492601
REN100_Normal,2028,m8,N039_Paute_Cardenillo,3.0825,0,1,0
REN100_Normal,2028,m9,E003_Mazar,277.6905615,199.630581,88.01555773,69.87070335
REN100_Normal,2028,m9,E004_Paute_Molino,120,288.6461387,0,448.6042073
REN100_Normal,2028,m9,E005_Pucara,25,32.36195776,267.6380422,31.71471861
REN100_Normal,2028,m9,N039_Paute_Cardenillo,3.0825,0,1,0
REN100_Normal,2028,m10,E003_Mazar,206.5675572,190.7285745,142.3944298,66.75500107
REN100_Normal,2028,m10,E004_Paute_Molino,120,334.1230043,0,519.2828358
REN100_Normal,2028,m10,E005_Pucara,25,30.01474961,269.9852504,29.41445461
REN100_Normal,2028,m10,N039_Paute_Cardenillo,3.0825,0,1,0
REN100_Normal,2028,m11,E003_Mazar,226.7642625,173.6300817,68.17321301,60.77052859
REN100_Normal,2028,m11,E004_Paute_Molino,60,302.8032947,0,470.6067872
REN100_Normal,2028,m11,E005_Pucara,25,32.43129535,267.5687046,31.78266945
REN100_Normal,2028,m11,N039_Paute_Cardenillo,3.0825,0,1,0
REN100_Normal,2028,m12,E003_Mazar,205,223.4306195,60.33364302,78.20071682
REN100_Normal,2028,m12,E004_Paute_Molino,60,284.7642625,0,442.5711246
REN100_Normal,2028,m12,E005_Pucara,25,35.15168542,264.8483146,34.44865171
REN100_Normal,2028,m12,N039_Paute_Cardenillo,4.0825,0,0,0
REN100_Normal,2029,m1,E003_Mazar,222.7139645,212.9695678,31.31646774,74.53934873
REN100_Normal,2029,m1,E004_Paute_Molino,60,245.2860355,0,381.2153802
REN100_Normal,2029,m1,E005_Pucara,25,33.34290877,266.6570912,32.6760506
REN100_Normal,2029,m1,N039_Paute_Cardenillo,4.0825,0,0,0
REN100_Normal,2029,m2,E003_Mazar,221.5071601,210.6826788,52.52412555,73.73893759
REN100_Normal,2029,m2,E004_Paute_Molino,60,264.2068044,0,410.6214085
REN100_Normal,2029,m2,E005_Pucara,25,31.54483426,268.4551657,30.91393757
REN100_Normal,2029,m2,N039_Paute_Cardenillo,5.0825,0,0,0
REN100_Normal,2029,m3,E003_Mazar,220.952423,262.5547371,0,91.89415798
REN100_Normal,2029,m3,E004_Paute_Molino,60,263.5547371,0,409.6079872
REN100_Normal,2029,m3,E005_Pucara,25,45.22505276,254.7749472,44.32055171
REN100_Normal,2029,m3,N039_Paute_Cardenillo,6.0825,0,0,0
REN100_Normal,2029,m4,E003_Mazar,205,277.952423,0,97.28334805
REN100_Normal,2029,m4,E004_Paute_Molino,60,278.952423,0,433.5385574
REN100_Normal,2029,m4,E005_Pucara,25,42.89682481,257.1031752,42.03888831
REN100_Normal,2029,m4,N039_Paute_Cardenillo,7.0825,0,0,0
REN100_Normal,2029,m5,E003_Mazar,205,262,0,91.7
REN100_Normal,2029,m5,E004_Paute_Molino,60,263,0,408.7458333
REN100_Normal,2029,m5,E005_Pucara,25,48.71164893,251.2883511,47.73741595
REN100_Normal,2029,m5,N039_Paute_Cardenillo,8.0825,0,0,0
REN100_Normal,2029,m6,E003_Mazar,205,262,0,91.7
REN100_Normal,2029,m6,E004_Paute_Molino,60,263,0,408.7458333
REN100_Normal,2029,m6,E005_Pucara,25,44.48811375,255.5118862,43.59835148
REN100_Normal,2029,m6,N039_Paute_Cardenillo,9.0825,0,0,0
REN100_Normal,2029,m7,E003_Mazar,205,262,0,91.7
REN100_Normal,2029,m7,E004_Paute_Molino,60,263,0,408.7458333
REN100_Normal,2029,m7,E005_Pucara,25,46.41878523,253.5812148,45.49040952
REN100_Normal,2029,m7,N039_Paute_Cardenillo,3.0825,0,7,0
REN100_Normal,2029,m8,E003_Mazar,205,262,0,91.7
REN100_Normal,2029,m8,E004_Paute_Molino,60,263,0,408.7458333
REN100_Normal,2029,m8,E005_Pucara,25,48.61079915,251.3892009,47.63858316
REN100_Normal,2029,m8,N039_Paute_Cardenillo,3.0825,0,1,0
REN100_Normal,2029,m9,E003_Mazar,205,207.1464101,54.85358986,72.50124355
REN100_Normal,2029,m9,E004_Paute_Molino,66.50831763,256.4916824,0,398.630823
REN100_Normal,2029,m9,E005_Pucara,25,27.87993699,272.120063,27.32233825
REN100_Normal,2029,m9,N039_Paute_Cardenillo,3.0825,0,1,0
REN100_Normal,2029,m10,E003_Mazar,205,217.4493657,44.55063433,76.10727799
REN100_Normal,2029,m10,E004_Paute_Molino,60,269.5083176,0,418.8608436
REN100_Normal,2029,m10,E005_Pucara,25,28.73434672,271.2656533,28.15965979
REN100_Normal,2029,m10,N039_Paute_Cardenillo,3.0825,0,1,0
REN100_Normal,2029,m11,E003_Mazar,205,216.2858234,45.71417664,75.70003818
REN100_Normal,2029,m11,E004_Paute_Molino,75.48001508,247.5199849,0,384.6873099
REN100_Normal,2029,m11,E005_Pucara,25,31.96614498,268.033855,31.32682208
REN100_Normal,2029,m11,N039_Paute_Cardenillo,3.0825,0,1,0
REN100_Normal,2029,m12,E003_Mazar,222.7139645,213.2024142,31.08362137,74.62084496
REN100_Normal,2029,m12,E004_Paute_Molino,60,260.7660506,0,405.2739037
REN100_Normal,2029,m12,E005_Pucara,25,29.32806452,270.6719355,28.74150323
REN100_Normal,2029,m12,N039_Paute_Cardenillo,4.0825,0,0,0
REN100_Normal,2030,m1,E003_Mazar,205,216.7454775,45.25452254,75.86091711
REN100_Normal,2030,m1,E004_Paute_Molino,63.18223607,259.8177639,0,403.8001081
REN100_Normal,2030,m1,E005_Pucara,25,34.79680014,265.2031999,34.10086414
REN100_Normal,2030,m1,N039_Paute_Cardenillo,4.0825,0,0,0
REN100_Normal,2030,m2,E003_Mazar,220.6697583,219.1412097,27.18903197,76.69942339
REN100_Normal,2030,m2,E004_Paute_Molino,60,250.5124777,0,389.3381425
REN100_Normal,2030,m2,E005_Pucara,25,28.72852036,271.2714796,28.15394996
REN100_Normal,2030,m2,N039_Paute_Cardenillo,5.0825,0,0,0
REN100_Normal,2030,m3,E003_Mazar,221.0255439,261.6442144,0,91.57547505
REN100_Normal,2030,m3,E004_Paute_Molino,120,202.6442144,0,314.9428833
REN100_Normal,2030,m3,E005_Pucara,25,48.68266405,251.317336,47.70901077
REN100_Normal,2030,m3,N039_Paute_Cardenillo,6.0825,0,0,0
REN100_Normal,2030,m4,E003_Mazar,216.6104904,266.4150535,0,93.24526874
REN100_Normal,2030,m4,E004_Paute_Molino,94.61495129,292.8001023,0,455.0601589
REN100_Normal,2030,m4,E005_Pucara,25,46.44446149,253.5555385,45.51557226
REN100_Normal,2030,m4,N039_Paute_Cardenillo,7.0825,0,0,0
REN100_Normal,2030,m5,E003_Mazar,205,273.6104904,0,95.76367162
REN100_Normal,2030,m5,E004_Paute_Molino,60,309.2254416,0,480.5878739
REN100_Normal,2030,m5,E005_Pucara,25,44.87889241,255.1211076,43.98131457
REN100_Normal,2030,m5,N039_Paute_Cardenillo,8.0825,0,0,0
REN100_Normal,2030,m6,E003_Mazar,205,262,0,91.7
REN100_Normal,2030,m6,E004_Paute_Molino,60,263,0,408.7458333
REN100_Normal,2030,m6,E005_Pucara,25,46.06552822,253.9344718,45.14421766
REN100_Normal,2030,m6,N039_Paute_Cardenillo,9.0825,0,0,0
REN100_Normal,2030,m7,E003_Mazar,219.9488389,247.0511611,0,86.46790637
REN100_Normal,2030,m7,E004_Paute_Molino,60,248.0511611,0,385.5128461
REN100_Normal,2030,m7,E005_Pucara,25,48.35305183,251.6469482,47.38599079
REN100_Normal,2030,m7,N039_Paute_Cardenillo,3.0825,0,7,0
REN100_Normal,2030,m8,E003_Mazar,207.8676424,274.0811965,0,95.92841877
REN100_Normal,2030,m8,E004_Paute_Molino,120,215.0811965,0,334.2720262
REN100_Normal,2030,m8,E005_Pucara,25,45.78738192,254.2126181,44.87163428
REN100_Normal,2030,m8,N039_Paute_Cardenillo,3.0825,0,1,0
REN100_Normal,2030,m9,E003_Mazar,205,232.053114,32.81452846,81.21858989
REN100_Normal,2030,m9,E004_Paute_Molino,99.53900648,286.328636,0,445.0024217
REN100_Normal,2030,m9,E005_Pucara,25,36.84600764,263.1539924,36.10908749
REN100_Normal,2030,m9,N039_Paute_Cardenillo,3.0825,0,1,0
REN100_Normal,2030,m10,E003_Mazar,205,198.9819851,63.01801493,69.64369478
REN100_Normal,2030,m10,E004_Paute_Molino,73.5605241,288.9784824,0,449.1207247
REN100_Normal,2030,m10,E005_Pucara,25,32.81132016,267.1886798,32.15509376
REN100_Normal,2030,m10,N039_Paute_Cardenillo,3.0825,0,1,0
REN100_Normal,2030,m11,E003_Mazar,205,212.9446036,49.0553964,74.53061126
REN100_Normal,2030,m11,E004_Paute_Molino,60,276.5605241,0,429.8211479
REN100_Normal,2030,m11,E005_Pucara,25,26.80161037,273.1983896,26.26557816
REN100_Normal,2030,m11,N039_Paute_Cardenillo,3.0825,0,1,0
REN100_Normal,2030,m12,E003_Mazar,205,201.280485,60.719515,70.44816975
REN100_Normal,2030,m12,E004_Paute_Molino,63.18223607,259.8177639,0,403.8001081
REN100_Normal,2030,m12,E005_Pucara,25,29.94436017,270.0556398,29.34547297
REN100_Normal,2030,m12,N039_Paute_Cardenillo,4.0825,0,0,0
REN100_Normal,2031,m1,E003_Mazar,212.7394451,249.6734103,4.587144621,87.38569361
REN100_Normal,2031,m1,E004_Paute_Molino,60,255.2605549,0,396.7174458
REN100_Normal,2031,m1,E005_Pucara,25,35.60010595,264.3998941,34.88810383
REN100_Normal,2031,m1,N039_Paute_Cardenillo,4.0825,0,0,0
REN100_Normal,2031,m2,E003_Mazar,205,205.7804925,63.95895261,72.02317236
REN100_Normal,2031,m2,E004_Paute_Molino,60,270.7394451,0,420.7742209
REN100_Normal,2031,m2,E005_Pucara,25,34.26841031,265.7315897,33.5830421
REN100_Normal,2031,m2,N039_Paute_Cardenillo,5.0825,0,0,0
REN100_Normal,2031,m3,E003_Mazar,205,119.3636835,142.6363165,41.77728923
REN100_Normal,2031,m3,E004_Paute_Molino,60,263,0,408.7458333
REN100_Normal,2031,m3,E005_Pucara,25,45.37785675,254.6221432,44.47029962
REN100_Normal,2031,m3,N039_Paute_Cardenillo,6.0825,0,0,0
REN100_Normal,2031,m4,E003_Mazar,205,0,262,0
REN100_Normal,2031,m4,E004_Paute_Molino,95.65391021,227.3460898,0,353.3337145
REN100_Normal,2031,m4,E005_Pucara,25,45.35489699,254.645103,44.44779905
REN100_Normal,2031,m4,N039_Paute_Cardenillo,7.0825,0,0,0
REN100_Normal,2031,m5,E003_Mazar,205,0,262,0
REN100_Normal,2031,m5,E004_Paute_Molino,62.32290016,296.3310101,0,460.5477781
REN100_Normal,2031,m5,E005_Pucara,25,45.02592792,254.9740721,44.12540936
REN100_Normal,2031,m5,N039_Paute_Cardenillo,8.0825,0,0,0
REN100_Normal,2031,m6,E003_Mazar,205,128.7290874,133.2709126,45.05518059
REN100_Normal,2031,m6,E004_Paute_Molino,60,265.3229002,0,412.3560073
REN100_Normal,2031,m6,E005_Pucara,25,45.08399751,254.9160025,44.18231756
REN100_Normal,2031,m6,N039_Paute_Cardenillo,9.0825,0,0,0
REN100_Normal,2031,m7,E003_Mazar,323.8498639,0,143.1501361,0
REN100_Normal,2031,m7,E004_Paute_Molino,60,144.1501361,0,224.0333365
REN100_Normal,2031,m7,E005_Pucara,25,47.27409966,252.7259003,46.32861767
REN100_Normal,2031,m7,N039_Paute_Cardenillo,3.0825,0,7,0
REN100_Normal,2031,m8,E003_Mazar,284.610615,0,301.239249,0
REN100_Normal,2031,m8,E004_Paute_Molino,120,242.239249,0,376.4801661
REN100_Normal,2031,m8,E005_Pucara,25,48.66406922,251.3359308,47.69078784
REN100_Normal,2031,m8,N039_Paute_Cardenillo,3.0825,0,1,0
REN100_Normal,2031,m9,E003_Mazar,270.1913129,190.5399509,85.87935114,66.68898283
REN100_Normal,2031,m9,E004_Paute_Molino,120,277.4193021,0,431.155832
REN100_Normal,2031,m9,E005_Pucara,25,27.77071116,272.2292888,27.21529694
REN100_Normal,2031,m9,N039_Paute_Cardenillo,3.0825,0,1,0
REN100_Normal,2031,m10,E003_Mazar,288.0671184,172.2756505,71.84854394,60.29647768
REN100_Normal,2031,m10,E004_Paute_Molino,60,305.1241945,0,474.2138522
REN100_Normal,2031,m10,E005_Pucara,25,35.99876478,264.0012352,35.27878948
REN100_Normal,2031,m10,N039_Paute_Cardenillo,3.0825,0,1,0
REN100_Normal,2031,m11,E003_Mazar,205,178.1257255,166.941393,62.34400391
REN100_Normal,2031,m11,E004_Paute_Molino,79.49052531,326.5765931,0,507.5544551
REN100_Normal,2031,m11,E005_Pucara,25,35.38378956,264.6162104,34.67611377
REN100_Normal,2031,m11,N039_Paute_Cardenillo,3.0825,0,1,0
REN100_Normal,2031,m12,E003_Mazar,212.7394451,190.4917058,63.76884915,66.67209702
REN100_Normal,2031,m12,E004_Paute_Molino,60,274.7510802,0,427.0089705
REN100_Normal,2031,m12,E005_Pucara,25,33.16221809,266.8377819,32.49897372
REN100_Normal,2031,m12,N039_Paute_Cardenillo,4.0825,0,0,0
REN100_Normal,2032,m1,E003_Mazar,205,224.3224518,37.67754822,78.51285812
REN100_Normal,2032,m1,E004_Paute_Molino,60,263,0,408.7458333
REN100_Normal,2032,m1,E005_Pucara,25,31.56031205,268.4396879,30.92910581
REN100_Normal,2032,m1,N039_Paute_Cardenillo,4.0825,0,0,0
REN100_Normal,2032,m2,E003_Mazar,215.6944098,229.6089976,21.69659261,80.36314915
REN100_Normal,2032,m2,E004_Paute_Molino,60,252.3055902,0,392.1249381
REN100_Normal,2032,m2,E005_Pucara,25,35.93035588,264.0696441,35.21174877
REN100_Normal,2032,m2,N039_Paute_Cardenillo,5.0825,0,0,0
REN100_Normal,2032,m3,E003_Mazar,207.8370824,269.8573274,0,94.45006458
REN100_Normal,2032,m3,E004_Paute_Molino,120,210.8573274,0,327.7074296
REN100_Normal,2032,m3,E005_Pucara,25,47.6203514,252.3796486,46.66794437
REN100_Normal,2032,m3,N039_Paute_Cardenillo,6.0825,0,0,0
REN100_Normal,2032,m4,E003_Mazar,205,264.8370824,0,92.69297885
REN100_Normal,2032,m4,E004_Paute_Molino,60,325.8370824,0,506.4051323
REN100_Normal,2032,m4,E005_Pucara,25,44.81663753,255.1833625,43.92030478
REN100_Normal,2032,m4,N039_Paute_Cardenillo,7.0825,0,0,0
REN100_Normal,2032,m5,E003_Mazar,205,262,0,91.7
REN100_Normal,2032,m5,E004_Paute_Molino,60,263,0,408.7458333
REN100_Normal,2032,m5,E005_Pucara,25,48.30171401,251.698286,47.33567973
REN100_Normal,2032,m5,N039_Paute_Cardenillo,8.0825,0,0,0
REN100_Normal,2032,m6,E003_Mazar,205,262,0,91.7
REN100_Normal,2032,m6,E004_Paute_Molino,60,263,0,408.7458333
REN100_Normal,2032,m6,E005_Pucara,25,48.99949536,251.0005046,48.01950545
REN100_Normal,2032,m6,N039_Paute_Cardenillo,9.0825,0,0,0
REN100_Normal,2032,m7,E003_Mazar,205,262,0,91.7
REN100_Normal,2032,m7,E004_Paute_Molino,61.77966657,261.2203334,0,405.9799349
REN100_Normal,2032,m7,E005_Pucara,25,47.95064528,252.0493547,46.99163238
REN100_Normal,2032,m7,N039_Paute_Cardenillo,3.0825,0,7,0
REN100_Normal,2032,m8,E003_Mazar,231.302094,212.848815,22.84909097,74.49708525
REN100_Normal,2032,m8,E004_Paute_Molino,60,238.4775725,0,370.633894
REN100_Normal,2032,m8,E005_Pucara,25,49.8285684,250.1714316,48.83199703
REN100_Normal,2032,m8,N039_Paute_Cardenillo,3.0825,0,1,0
REN100_Normal,2032,m9,E003_Mazar,205,184.8604504,103.4416436,64.70115765
REN100_Normal,2032,m9,E004_Paute_Molino,76.75110286,272.5509912,0,423.5896654
REN100_Normal,2032,m9,E005_Pucara,25,31.79733444,268.2026656,31.16138775
REN100_Normal,2032,m9,N039_Paute_Cardenillo,3.0825,0,1,0
REN100_Normal,2032,m10,E003_Mazar,205,209.8791626,52.12083741,73.45770691
REN100_Normal,2032,m10,E004_Paute_Molino,92.4499311,247.3011718,0,384.3472378
REN100_Normal,2032,m10,E005_Pucara,25,28.50274825,271.4972517,27.93269329
REN100_Normal,2032,m10,N039_Paute_Cardenillo,3.0825,0,1,0
REN100_Normal,2032,m11,E003_Mazar,205,187.0364318,74.96356822,65.46275112
REN100_Normal,2032,m11,E004_Paute_Molino,81.6626504,273.7872807,0,425.5110654
REN100_Normal,2032,m11,E005_Pucara,25,29.05388207,270.9461179,28.47280443
REN100_Normal,2032,m11,N039_Paute_Cardenillo,3.0825,0,1,0
REN100_Normal,2032,m12,E003_Mazar,205,207.3177199,54.68228012,72.56120196
REN100_Normal,2032,m12,E004_Paute_Molino,60,284.6626504,0,442.4132025
REN100_Normal,2032,m12,E005_Pucara,25,32.53586574,267.4641343,31.88514843
REN100_Normal,2032,m12,N039_Paute_Cardenillo,4.0825,0,0,0
REN100_Normal,2033,m1,E003_Mazar,205,183.1681153,78.83188475,64.10884034
REN100_Normal,2033,m1,E004_Paute_Molino,60,263,0,408.7458333
REN100_Normal,2033,m1,E005_Pucara,25,31.89097464,268.1090254,31.25315515
REN100_Normal,2033,m1,N039_Paute_Cardenillo,4.0825,0,0,0
REN100_Normal,2033,m2,E003_Mazar,245.0192878,221.9807122,0,77.69324927
REN100_Normal,2033,m2,E004_Paute_Molino,60,222.9807122,0,346.5491902
REN100_Normal,2033,m2,E005_Pucara,25,32.61469309,267.3853069,31.96239923
REN100_Normal,2033,m2,N039_Paute_Cardenillo,5.0825,0,0,0
REN100_Normal,2033,m3,E003_Mazar,250.5415165,256.4777713,0,89.76721997
REN100_Normal,2033,m3,E004_Paute_Molino,81.51367616,235.9640952,0,366.7275313
REN100_Normal,2033,m3,E005_Pucara,25,48.41773909,251.5822609,47.44938431
REN100_Normal,2033,m3,N039_Paute_Cardenillo,6.0825,0,0,0
REN100_Normal,2033,m4,E003_Mazar,242.5061286,270.0353879,0,94.51238575
REN100_Normal,2033,m4,E004_Paute_Molino,93.80113179,258.7479322,0,402.1374114
REN100_Normal,2033,m4,E005_Pucara,25,43.76610559,256.2338944,42.89078348
REN100_Normal,2033,m4,N039_Paute_Cardenillo,7.0825,0,0,0
REN100_Normal,2033,m5,E003_Mazar,205,299.5061286,0,104.827145
REN100_Normal,2033,m5,E004_Paute_Molino,60,334.3072604,0,519.5692005
REN100_Normal,2033,m5,E005_Pucara,25,45.18573923,254.8142608,44.28202444
REN100_Normal,2033,m5,N039_Paute_Cardenillo,8.0825,0,0,0
REN100_Normal,2033,m6,E003_Mazar,205,198.0575254,63.94247465,69.32013387
REN100_Normal,2033,m6,E004_Paute_Molino,60,263,0,408.7458333
REN100_Normal,2033,m6,E005_Pucara,25,47.34682557,252.6531744,46.39988906
REN100_Normal,2033,m6,N039_Paute_Cardenillo,9.0825,0,0,0
REN100_Normal,2033,m7,E003_Mazar,205,0,262,0
REN100_Normal,2033,m7,E004_Paute_Molino,68.52012119,254.4798788,0,395.504145
REN100_Normal,2033,m7,E005_Pucara,25,46.66267892,253.3373211,45.72942534
REN100_Normal,2033,m7,N039_Paute_Cardenillo,3.0825,0,7,0
REN100_Normal,2033,m8,E003_Mazar,205,0,262,0
REN100_Normal,2033,m8,E004_Paute_Molino,81.01660102,250.5035202,0,389.3242209
REN100_Normal,2033,m8,E005_Pucara,25,49.84043021,250.1595698,48.84362161
REN100_Normal,2033,m8,N039_Paute_Cardenillo,3.0825,0,1,0
REN100_Normal,2033,m9,E003_Mazar,205,175.1832478,86.81675225,61.31413671
REN100_Normal,2033,m9,E004_Paute_Molino,72.98249757,271.0341034,0,421.2321691
REN100_Normal,2033,m9,E005_Pucara,25,30.3462615,269.6537385,29.73933627
REN100_Normal,2033,m9,N039_Paute_Cardenillo,3.0825,0,1,0
REN100_Normal,2033,m10,E003_Mazar,205,168.0778547,93.92214533,58.82724914
REN100_Normal,2033,m10,E004_Paute_Molino,60,275.9824976,0,428.9227983
REN100_Normal,2033,m10,E005_Pucara,25,33.27289295,266.727107,32.60743509
REN100_Normal,2033,m10,N039_Paute_Cardenillo,3.0825,0,1,0
REN100_Normal,2033,m11,E003_Mazar,205,168.1499878,93.85001219,58.85249573
REN100_Normal,2033,m11,E004_Paute_Molino,63.79142112,259.2085789,0,402.853333
REN100_Normal,2033,m11,E005_Pucara,25,35.30400515,264.6959948,34.59792505
REN100_Normal,2033,m11,N039_Paute_Cardenillo,3.0825,0,1,0
REN100_Normal,2033,m12,E003_Mazar,205,178.6933179,83.30668205,62.54266128
REN100_Normal,2033,m12,E004_Paute_Molino,60,266.7914211,0,414.6383337
REN100_Normal,2033,m12,E005_Pucara,25,29.3186594,270.6813406,28.73228622
REN100_Normal,2033,m12,N039_Paute_Cardenillo,4.0825,0,0,0
REN100_Normal,2034,m1,E003_Mazar,205,213.0482676,48.95173242,74.56689365
REN100_Normal,2034,m1,E004_Paute_Molino,76.02129813,246.9787019,0,383.8460658
REN100_Normal,2034,m1,E005_Pucara,25,33.72555253,266.2744475,33.05104148
REN100_Normal,2034,m1,N039_Paute_Cardenillo,4.0825,0,0,0
REN100_Normal,2034,m2,E003_Mazar,217.3204208,163.014438,86.66514128,57.05505329
REN100_Normal,2034,m2,E004_Paute_Molino,60,266.7008774,0,414.4976136
REN100_Normal,2034,m2,E005_Pucara,25,34.66991062,265.3300894,33.97651241
REN100_Normal,2034,m2,N039_Paute_Cardenillo,5.0825,0,0,0
REN100_Normal,2034,m3,E003_Mazar,227.7135016,251.6069192,0,88.06242172
REN100_Normal,2034,m3,E004_Paute_Molino,75.99413393,236.6127853,0,367.7357038
REN100_Normal,2034,m3,E005_Pucara,25,49.18965299,250.810347,48.20585993
REN100_Normal,2034,m3,N039_Paute_Cardenillo,6.0825,0,0,0
REN100_Normal,2034,m4,E003_Mazar,205,284.7135016,0,99.64972554
REN100_Normal,2034,m4,E004_Paute_Molino,60,301.7076355,0,468.9039501
REN100_Normal,2034,m4,E005_Pucara,25,47.01078252,252.9892175,46.07056687
REN100_Normal,2034,m4,N039_Paute_Cardenillo,7.0825,0,0,0
REN100_Normal,2034,m5,E003_Mazar,205,262,0,91.7
REN100_Normal,2034,m5,E004_Paute_Molino,60,263,0,408.7458333
REN100_Normal,2034,m5,E005_Pucara,25,48.82273708,251.1772629,47.84628233
REN100_Normal,2034,m5,N039_Paute_Cardenillo,8.0825,0,0,0
REN100_Normal,2034,m6,E003_Mazar,205,163.6613712,98.3386288,57.28147992
REN100_Normal,2034,m6,E004_Paute_Molino,60,263,0,408.7458333
REN100_Normal,2034,m6,E005_Pucara,25,46.15493092,253.8450691,45.2318323
REN100_Normal,2034,m6,N039_Paute_Cardenillo,9.0825,0,0,0
REN100_Normal,2034,m7,E003_Mazar,205,0,262,0
REN100_Normal,2034,m7,E004_Paute_Molino,60,263,0,408.7458333
REN100_Normal,2034,m7,E005_Pucara,25,43.93720554,256.0627945,43.05846143
REN100_Normal,2034,m7,N039_Paute_Cardenillo,3.0825,0,7,0
REN100_Normal,2034,m8,E003_Mazar,205,0,262,0
REN100_Normal,2034,m8,E004_Paute_Molino,96.03433548,226.9656645,0,352.7424703
REN100_Normal,2034,m8,E005_Pucara,25,46.37296301,253.627037,45.44550375
REN100_Normal,2034,m8,N039_Paute_Cardenillo,3.0825,0,1,0
REN100_Normal,2034,m9,E003_Mazar,205,184.3429238,77.65707617,64.52002334
REN100_Normal,2034,m9,E004_Paute_Molino,112.0040436,247.0302919,0,383.9262453
REN100_Normal,2034,m9,E005_Pucara,25,30.10966591,269.8903341,29.5074726
REN100_Normal,2034,m9,N039_Paute_Cardenillo,3.0825,0,1,0
REN100_Normal,2034,m10,E003_Mazar,205,191.4738443,70.5261557,67.01584551
REN100_Normal,2034,m10,E004_Paute_Molino,60,315.0040436,0,489.5687844
REN100_Normal,2034,m10,E005_Pucara,25,30.60062858,269.3993714,29.98861601
REN100_Normal,2034,m10,N039_Paute_Cardenillo,3.0825,0,1,0
REN100_Normal,2034,m11,E003_Mazar,205,202.064042,59.935958,70.7224147
REN100_Normal,2034,m11,E004_Paute_Molino,76.00528641,246.9947136,0,383.8709507
REN100_Normal,2034,m11,E005_Pucara,25,33.07007381,266.9299262,32.40867233
REN100_Normal,2034,m11,N039_Paute_Cardenillo,3.0825,0,1,0
REN100_Normal,2034,m12,E003_Mazar,205,198.6309696,63.36903041,69.52083936
REN100_Normal,2034,m12,E004_Paute_Molino,76.02129813,262.9839883,0,408.7209485
REN100_Normal,2034,m12,E005_Pucara,25,30.83710207,269.1628979,30.22036003
REN100_Normal,2034,m12,N039_Paute_Cardenillo,4.0825,0,0,0
REN100_Normal,2035,m1,E003_Mazar,205,183.8980443,78.10195574,64.36431549
REN100_Normal,2035,m1,E004_Paute_Molino,105.3405632,217.6594368,0,338.2790413
REN100_Normal,2035,m1,E005_Pucara,25,36.87823021,263.1217698,36.1406656
REN100_Normal,2035,m1,N039_Paute_Cardenillo,4.0825,0,0,0
REN100_Normal,2035,m2,E003_Mazar,249.0170013,185.2743325,32.70866617,64.84601638
REN100_Normal,2035,m2,E004_Paute_Molino,60,264.3235619,0,410.8028691
REN100_Normal,2035,m2,E005_Pucara,25,32.96616504,267.033835,32.30684174
REN100_Normal,2035,m2,N039_Paute_Cardenillo,5.0825,0,0,0
REN100_Normal,2035,m3,E003_Mazar,227.4579645,283.5590368,0,99.24566289
REN100_Normal,2035,m3,E004_Paute_Molino,73.05158712,271.5074497,0,421.9678281
REN100_Normal,2035,m3,E005_Pucara,25,44.65736882,255.3426312,43.76422145
REN100_Normal,2035,m3,N039_Paute_Cardenillo,6.0825,0,0,0
REN100_Normal,2035,m4,E003_Mazar,217.2139347,272.2440298,0,95.28541042
REN100_Normal,2035,m4,E004_Paute_Molino,60,286.2956169,0,444.9511046
REN100_Normal,2035,m4,E005_Pucara,25,44.81158173,255.1884183,43.91535009
REN100_Normal,2035,m4,N039_Paute_Cardenillo,7.0825,0,0,0
REN100_Normal,2035,m5,E003_Mazar,205,274.2139347,0,95.97487716
REN100_Normal,2035,m5,E004_Paute_Molino,60,275.2139347,0,427.7283236
REN100_Normal,2035,m5,E005_Pucara,25,46.27636378,253.7236362,45.35083651
REN100_Normal,2035,m5,N039_Paute_Cardenillo,8.0825,0,0,0
REN100_Normal,2035,m6,E003_Mazar,205,243.6876351,18.31236489,85.29067229
REN100_Normal,2035,m6,E004_Paute_Molino,60,263,0,408.7458333
REN100_Normal,2035,m6,E005_Pucara,25,47.27251501,252.727485,46.32706471
REN100_Normal,2035,m6,N039_Paute_Cardenillo,9.0825,0,0,0
REN100_Normal,2035,m7,E003_Mazar,205,113.2832885,148.7167115,39.64915099
REN100_Normal,2035,m7,E004_Paute_Molino,60,263,0,408.7458333
REN100_Normal,2035,m7,E005_Pucara,25,44.77594876,255.2240512,43.88042978
REN100_Normal,2035,m7,N039_Paute_Cardenillo,3.0825,0,7,0
REN100_Normal,2035,m8,E003_Mazar,205,0,262,0
REN100_Normal,2035,m8,E004_Paute_Molino,65.81299674,257.1870033,0,399.7114676
REN100_Normal,2035,m8,E005_Pucara,25,44.94704541,255.0529546,44.0481045
REN100_Normal,2035,m8,N039_Paute_Cardenillo,3.0825,0,1,0
REN100_Normal,2035,m9,E003_Mazar,205,151.843918,110.156082,53.14537131
REN100_Normal,2035,m9,E004_Paute_Molino,76.0384481,252.7745486,0,392.8537777
REN100_Normal,2035,m9,E005_Pucara,25,30.706324,269.293676,30.09219752
REN100_Normal,2035,m9,N039_Paute_Cardenillo,3.0825,0,1,0
REN100_Normal,2035,m10,E003_Mazar,205,199.5058378,62.49416222,69.82704322
REN100_Normal,2035,m10,E004_Paute_Molino,87.11115337,251.9272947,0,391.5370039
REN100_Normal,2035,m10,E005_Pucara,25,33.74139402,266.258606,33.06656614
REN100_Normal,2035,m10,N039_Paute_Cardenillo,3.0825,0,1,0
REN100_Normal,2035,m11,E003_Mazar,205,193.8621435,68.13785647,67.85175024
REN100_Normal,2035,m11,E004_Paute_Molino,66.89232563,283.2188277,0,440.1692614
REN100_Normal,2035,m11,E005_Pucara,25,33.12098951,266.8790105,32.45856972
REN100_Normal,2035,m11,N039_Paute_Cardenillo,3.0825,0,1,0
REN100_Normal,2035,m12,E003_Mazar,205,196.3285355,65.67146451,68.71498742
REN100_Normal,2035,m12,E004_Paute_Molino,105.3405632,224.5517624,0,348.9908641
REN100_Normal,2035,m12,E005_Pucara,25,31.43049438,268.5695056,30.80188449
REN100_Normal,2035,m12,N039_Paute_Cardenillo,4.0825,0,0,0
REN100_Normal,2036,m1,E003_Mazar,220.5990651,180.3037563,66.09717857,63.10631471
REN100_Normal,2036,m1,E004_Paute_Molino,60,247.4009349,0,384.5022863
REN100_Normal,2036,m1,E005_Pucara,25,29.57876579,270.4212342,28.98719048
REN100_Normal,2036,m1,N039_Paute_Cardenillo,4.0825,0,0,0
REN100_Normal,2036,m2,E003_Mazar,232.792953,188.8162996,60.98981253,66.08570487
REN100_Normal,2036,m2,E004_Paute_Molino,60,250.8061122,0,389.7944993
REN100_Normal,2036,m2,E005_Pucara,25,34.50339583,265.4966042,33.81332792
REN100_Normal,2036,m2,N039_Paute_Cardenillo,5.0825,0,0,0
REN100_Normal,2036,m3,E003_Mazar,231.0391875,263.7537655,0,92.31381793
REN100_Normal,2036,m3,E004_Paute_Molino,66.60588117,258.1478843,0,401.2048369
REN100_Normal,2036,m3,E005_Pucara,25,49.09198282,250.9080172,48.11014316
REN100_Normal,2036,m3,N039_Paute_Cardenillo,6.0825,0,0,0
REN100_Normal,2036,m4,E003_Mazar,217.2488923,264.9574196,10.83287559,92.73509685
REN100_Normal,2036,m4,E004_Paute_Molino,60,283.3961763,0,440.4448907
REN100_Normal,2036,m4,E005_Pucara,25,49.01696243,250.9830376,48.03662319
REN100_Normal,2036,m4,N039_Paute_Cardenillo,7.0825,0,0,0
REN100_Normal,2036,m5,E003_Mazar,205,274.2488923,0,95.98711231
REN100_Normal,2036,m5,E004_Paute_Molino,60,275.2488923,0,427.7826535
REN100_Normal,2036,m5,E005_Pucara,25,49.32691674,250.6730833,48.34037841
REN100_Normal,2036,m5,N039_Paute_Cardenillo,8.0825,0,0,0
REN100_Normal,2036,m6,E003_Mazar,205,232.3921756,29.60782435,81.33726148
REN100_Normal,2036,m6,E004_Paute_Molino,60,263,0,408.7458333
REN100_Normal,2036,m6,E005_Pucara,25,45.69130973,254.3086903,44.77748353
REN100_Normal,2036,m6,N039_Paute_Cardenillo,9.0825,0,0,0
REN100_Normal,2036,m7,E003_Mazar,205,0,262,0
REN100_Normal,2036,m7,E004_Paute_Molino,60,263,0,408.7458333
REN100_Normal,2036,m7,E005_Pucara,25,46.54747444,253.4525256,45.61652495
REN100_Normal,2036,m7,N039_Paute_Cardenillo,3.0825,0,7,0
REN100_Normal,2036,m8,E003_Mazar,205,0,262,0
REN100_Normal,2036,m8,E004_Paute_Molino,60,263,0,408.7458333
REN100_Normal,2036,m8,E005_Pucara,25,49.00686389,250.9931361,48.02672661
REN100_Normal,2036,m8,N039_Paute_Cardenillo,3.0825,0,1,0
REN100_Normal,2036,m9,E003_Mazar,205,190.8580549,71.14194505,66.80031923
REN100_Normal,2036,m9,E004_Paute_Molino,78.86625948,244.1337405,0,379.4245217
REN100_Normal,2036,m9,E005_Pucara,25,27.35243925,272.6475608,26.80539046
REN100_Normal,2036,m9,N039_Paute_Cardenillo,3.0825,0,1,0
REN100_Normal,2036,m10,E003_Mazar,205,154.9686389,107.0313611,54.2390236
REN100_Normal,2036,m10,E004_Paute_Molino,90.64885176,251.2174077,0,390.4337212
REN100_Normal,2036,m10,E005_Pucara,25,35.09548914,264.9045109,34.39357936
REN100_Normal,2036,m10,N039_Paute_Cardenillo,3.0825,0,1,0
REN100_Normal,2036,m11,E003_Mazar,205,176.7237747,85.27622533,61.85332113
REN100_Normal,2036,m11,E004_Paute_Molino,89.85949888,263.7893529,0,409.9726193
REN100_Normal,2036,m11,E005_Pucara,25,31.14256139,268.8574386,30.51971016
REN100_Normal,2036,m11,N039_Paute_Cardenillo,3.0825,0,1,0
REN100_Normal,2036,m12,E003_Mazar,220.5990651,198.3187287,48.0822062,69.41155503
REN100_Normal,2036,m12,E004_Paute_Molino,60,277.2604337,0,430.9089241
REN100_Normal,2036,m12,E005_Pucara,25,36.14616737,263.8538326,35.42324402
REN100_Normal,2036,m12,N039_Paute_Cardenillo,4.0825,0,0,0
REN100_Normal,2037,m1,E003_Mazar,216.6838283,180.8900369,69.4261348,63.31151293
REN100_Normal,2037,m1,E004_Paute_Molino,60,251.3161717,0,390.5872169
REN100_Normal,2037,m1,E005_Pucara,25,0,300,0
REN100_Normal,2037,m1,N039_Paute_Cardenillo,4.0825,0,0,0
REN100_Normal,2037,m2,E003_Mazar,212.5792126,150.572591,115.5320247,52.70040683
REN100_Normal,2037,m2,E004_Paute_Molino,60,267.1046157,0,415.1250902
REN100_Normal,2037,m2,E005_Pucara,25,0,300,0
REN100_Normal,2037,m2,N039_Paute_Cardenillo,5.0825,0,0,0
REN100_Normal,2037,m3,E003_Mazar,212.7315664,261.8476462,0,91.64667616
REN100_Normal,2037,m3,E004_Paute_Molino,70.01638839,252.8312578,0,392.9419131
REN100_Normal,2037,m3,E005_Pucara,25,0,300,0
REN100_Normal,2037,m3,N039_Paute_Cardenillo,6.0825,0,0,0
REN100_Normal,2037,m4,E003_Mazar,205,269.7315664,0,94.40604824
REN100_Normal,2037,m4,E004_Paute_Molino,60,280.7479548,0,436.3291131
REN100_Normal,2037,m4,E005_Pucara,25,0,300,0
REN100_Normal,2037,m4,N039_Paute_Cardenillo,7.0825,0,0,0
REN100_Normal,2037,m5,E003_Mazar,205,262,0,91.7
REN100_Normal,2037,m5,E004_Paute_Molino,66.33351744,256.6664826,0,398.9024917
REN100_Normal,2037,m5,E005_Pucara,25,0,300,0
REN100_Normal,2037,m5,N039_Paute_Cardenillo,8.0825,0,0,0
REN100_Normal,2037,m6,E003_Mazar,205,257.8955167,4.104483339,90.26343083
REN100_Normal,2037,m6,E004_Paute_Molino,60,269.3335174,0,418.589175
REN100_Normal,2037,m6,E005_Pucara,25,0,300,0
REN100_Normal,2037,m6,N039_Paute_Cardenillo,9.0825,0,0,0
REN100_Normal,2037,m7,E003_Mazar,215.4268418,0,251.5731582,0
REN100_Normal,2037,m7,E004_Paute_Molino,60,252.5731582,0,392.5407834
REN100_Normal,2037,m7,E005_Pucara,25,0,300,0
REN100_Normal,2037,m7,N039_Paute_Cardenillo,3.0825,0,7,0
REN100_Normal,2037,m8,E003_Mazar,226.4587966,0,250.9680452,0
REN100_Normal,2037,m8,E004_Paute_Molino,60,251.9680452,0,391.600337
REN100_Normal,2037,m8,E005_Pucara,25,0,300,0
REN100_Normal,2037,m8,N039_Paute_Cardenillo,3.0825,0,1,0
REN100_Normal,2037,m9,E003_Mazar,205,158.8580185,124.6007781,55.60030646
REN100_Normal,2037,m9,E004_Paute_Molino,60,284.4587966,0,442.0963796
REN100_Normal,2037,m9,E005_Pucara,25,0,300,0
REN100_Normal,2037,m9,N039_Paute_Cardenillo,3.0825,0,1,0
REN100_Normal,2037,m10,E003_Mazar,250.2236216,142.0778191,74.69855924,49.7272367
REN100_Normal,2037,m10,E004_Paute_Molino,60,217.7763784,0,338.4607881
REN100_Normal,2037,m10,E005_Pucara,25,0,300,0
REN100_Normal,2037,m10,N039_Paute_Cardenillo,3.0825,0,1,0
REN100_Normal,2037,m11,E003_Mazar,205,179.4993012,127.7243204,62.82475542
REN100_Normal,2037,m11,E004_Paute_Molino,99.87811472,268.3455069,0,417.053642
REN100_Normal,2037,m11,E005_Pucara,25,0,300,0
REN100_Normal,2037,m11,N039_Paute_Cardenillo,3.0825,0,1,0
REN100_Normal,2037,m12,E003_Mazar,216.6838283,193.8281429,56.48802879,67.83985003
REN100_Normal,2037,m12,E004_Paute_Molino,60,291.1942865,0,452.5644535
REN100_Normal,2037,m12,E005_Pucara,25,0,300,0
REN100_Normal,2037,m12,N039_Paute_Cardenillo,4.0825,0,0,0
REN100_Normal,2038,m1,E003_Mazar,205,177.8891312,84.11086883,62.26119591
REN100_Normal,2038,m1,E004_Paute_Molino,60,263,0,408.7458333
REN100_Normal,2038,m1,E005_Pucara,25,0,300,0
REN100_Normal,2038,m1,N039_Paute_Cardenillo,4.0825,0,0,0
REN100_Normal,2038,m2,E003_Mazar,231.7612742,162.2319021,73.0068236,56.78116575
REN100_Normal,2038,m2,E004_Paute_Molino,60,236.2387258,0,367.1543529
REN100_Normal,2038,m2,E005_Pucara,25,0,300,0
REN100_Normal,2038,m2,N039_Paute_Cardenillo,5.0825,0,0,0
REN100_Normal,2038,m3,E003_Mazar,213.3136587,280.4476155,0,98.15666544
REN100_Normal,2038,m3,E004_Paute_Molino,63.92203267,277.5255829,0,431.32101
REN100_Normal,2038,m3,E005_Pucara,25,0,300,0
REN100_Normal,2038,m3,N039_Paute_Cardenillo,6.0825,0,0,0
REN100_Normal,2038,m4,E003_Mazar,205,270.3136587,0,94.60978055
REN100_Normal,2038,m4,E004_Paute_Molino,60,275.2356914,0,427.762137
REN100_Normal,2038,m4,E005_Pucara,25,0,300,0
REN100_Normal,2038,m4,N039_Paute_Cardenillo,7.0825,0,0,0
REN100_Normal,2038,m5,E003_Mazar,205,262,0,91.7
REN100_Normal,2038,m5,E004_Paute_Molino,60,263,0,408.7458333
REN100_Normal,2038,m5,E005_Pucara,25,0,300,0
REN100_Normal,2038,m5,N039_Paute_Cardenillo,8.0825,0,0,0
REN100_Normal,2038,m6,E003_Mazar,205,0,262,0
REN100_Normal,2038,m6,E004_Paute_Molino,60,263,0,408.7458333
REN100_Normal,2038,m6,E005_Pucara,25,0,300,0
REN100_Normal,2038,m6,N039_Paute_Cardenillo,9.0825,0,0,0
REN100_Normal,2038,m7,E003_Mazar,205,0,262,0
REN100_Normal,2038,m7,E004_Paute_Molino,106.4731117,216.5268883,0,336.5188723
REN100_Normal,2038,m7,E005_Pucara,25,0,300,0
REN100_Normal,2038,m7,N039_Paute_Cardenillo,3.0825,0,7,0
REN100_Normal,2038,m8,E003_Mazar,209.3101658,0,257.6898342,0
REN100_Normal,2038,m8,E004_Paute_Molino,120,245.1629458,0,381.0240783
REN100_Normal,2038,m8,E005_Pucara,25,0,300,0
REN100_Normal,2038,m8,N039_Paute_Cardenillo,3.0825,0,1,0
REN100_Normal,2038,m9,E003_Mazar,221.2315272,151.1944858,98.88415285,52.91807003
REN100_Normal,2038,m9,E004_Paute_Molino,120,251.0786387,0,390.2180509
REN100_Normal,2038,m9,E005_Pucara,25,0,300,0
REN100_Normal,2038,m9,N039_Paute_Cardenillo,3.0825,0,1,0
REN100_Normal,2038,m10,E003_Mazar,258.7942314,170.8220942,53.61520165,59.78773296
REN100_Normal,2038,m10,E004_Paute_Molino,60,285.4372958,0,443.6171306
REN100_Normal,2038,m10,E005_Pucara,25,0,300,0
REN100_Normal,2038,m10,N039_Paute_Cardenillo,3.0825,0,1,0
REN100_Normal,2038,m11,E003_Mazar,205,191.7708227,124.0234087,67.11978796
REN100_Normal,2038,m11,E004_Paute_Molino,99.69279152,277.1014399,0,430.6618211
REN100_Normal,2038,m11,E005_Pucara,25,0,300,0
REN100_Normal,2038,m11,N039_Paute_Cardenillo,3.0825,0,1,0
REN100_Normal,2038,m12,E003_Mazar,205,160.9454249,101.0545751,56.33089872
REN100_Normal,2038,m12,E004_Paute_Molino,60,302.6927915,0,470.4350468
REN100_Normal,2038,m12,E005_Pucara,25,0,300,0
REN100_Normal,2038,m12,N039_Paute_Cardenillo,4.0825,0,0,0
REN100_Normal,2039,m1,E003_Mazar,205,173.8996174,88.10038262,60.86486608
REN100_Normal,2039,m1,E004_Paute_Molino,60,263,0,408.7458333
REN100_Normal,2039,m1,E005_Pucara,25,0,300,0
REN100_Normal,2039,m1,N039_Paute_Cardenillo,4.0825,0,0,0
REN100_Normal,2039,m2,E003_Mazar,205,162.8616387,99.13836129,57.00157355
REN100_Normal,2039,m2,E004_Paute_Molino,77.6584518,245.3415482,0,381.3016562
REN100_Normal,2039,m2,E005_Pucara,25,0,300,0
REN100_Normal,2039,m2,N039_Paute_Cardenillo,5.0825,0,0,0
REN100_Normal,2039,m3,E003_Mazar,205,255.9613975,6.038602525,89.58648912
REN100_Normal,2039,m3,E004_Paute_Molino,94.27169766,246.3867541,0,382.9260804
REN100_Normal,2039,m3,E005_Pucara,25,0,300,0
REN100_Normal,2039,m3,N039_Paute_Cardenillo,6.0825,0,0,0
REN100_Normal,2039,m4,E003_Mazar,205.840022,258.0633954,3.096582586,90.32218839
REN100_Normal,2039,m4,E004_Paute_Molino,60,296.4316757,0,460.7042293
REN100_Normal,2039,m4,E005_Pucara,25,0,300,0
REN100_Normal,2039,m4,N039_Paute_Cardenillo,7.0825,0,0,0
REN100_Normal,2039,m5,E003_Mazar,205,262.840022,0,91.9940077
REN100_Normal,2039,m5,E004_Paute_Molino,60,263.840022,0,410.0513675
REN100_Normal,2039,m5,E005_Pucara,25,0,300,0
REN100_Normal,2039,m5,N039_Paute_Cardenillo,8.0825,0,0,0
REN100_Normal,2039,m6,E003_Mazar,205,0,262,0
REN100_Normal,2039,m6,E004_Paute_Molino,60,263,0,408.7458333
REN100_Normal,2039,m6,E005_Pucara,25,0,300,0
REN100_Normal,2039,m6,N039_Paute_Cardenillo,9.0825,0,0,0
REN100_Normal,2039,m7,E003_Mazar,205,0,262,0
REN100_Normal,2039,m7,E004_Paute_Molino,60,263,0,408.7458333
REN100_Normal,2039,m7,E005_Pucara,25,0,300,0
REN100_Normal,2039,m7,N039_Paute_Cardenillo,3.0825,0,7,0
REN100_Normal,2039,m8,E003_Mazar,205,0,262,0
REN100_Normal,2039,m8,E004_Paute_Molino,76.01116982,246.9888302,0,383.8618069
REN100_Normal,2039,m8,E005_Pucara,25,0,300,0
REN100_Normal,2039,m8,N039_Paute_Cardenillo,3.0825,0,1,0
REN100_Normal,2039,m9,E003_Mazar,205,154.3173314,107.6826686,54.01106598
REN100_Normal,2039,m9,E004_Paute_Molino,60,279.0111698,0,433.6298598
REN100_Normal,2039,m9,E005_Pucara,25,0,300,0
REN100_Normal,2039,m9,N039_Paute_Cardenillo,3.0825,0,1,0
REN100_Normal,2039,m10,E003_Mazar,217.8331942,183.846419,65.32038674,64.34624666
REN100_Normal,2039,m10,E004_Paute_Molino,60,250.1668058,0,388.8009106
REN100_Normal,2039,m10,E005_Pucara,25,0,300,0
REN100_Normal,2039,m10,N039_Paute_Cardenillo,3.0825,0,1,0
REN100_Normal,2039,m11,E003_Mazar,205,160.7706372,114.0625571,56.26972302
REN100_Normal,2039,m11,E004_Paute_Molino,106.5322296,229.3009646,0,356.3719159
REN100_Normal,2039,m11,E005_Pucara,25,0,300,0
REN100_Normal,2039,m11,N039_Paute_Cardenillo,3.0825,0,1,0
REN100_Normal,2039,m12,E003_Mazar,205,178.749618,83.25038196,62.56236631
REN100_Normal,2039,m12,E004_Paute_Molino,60,309.5322296,0,481.0646735
REN100_Normal,2039,m12,E005_Pucara,25,0,300,0
REN100_Normal,2039,m12,N039_Paute_Cardenillo,4.0825,0,0,0
REN100_Normal,2040,m1,E003_Mazar,205,155.3685992,106.6314008,54.37900972
REN100_Normal,2040,m1,E004_Paute_Molino,60,263,0,408.7458333
REN100_Normal,2040,m1,E005_Pucara,25,0,300,0
REN100_Normal,2040,m1,N039_Paute_Cardenillo,4.0825,0,0,0
REN100_Normal,2040,m2,E003_Mazar,205.8660204,191.9813435,69.15263605,67.19347023
REN100_Normal,2040,m2,E004_Paute_Molino,60,262.1339796,0,407.3998932
REN100_Normal,2040,m2,E005_Pucara,25,0,300,0
REN100_Normal,2040,m2,N039_Paute_Cardenillo,5.0825,0,0,0
REN100_Normal,2040,m3,E003_Mazar,205,262.8660204,0,92.00310715
REN100_Normal,2040,m3,E004_Paute_Molino,104.5788229,219.2871976,0,340.8088529
REN100_Normal,2040,m3,E005_Pucara,25,0,300,0
REN100_Normal,2040,m3,N039_Paute_Cardenillo,6.0825,0,0,0
REN100_Normal,2040,m4,E003_Mazar,205,252.7615969,9.238403149,88.4665589
REN100_Normal,2040,m4,E004_Paute_Molino,60,307.5788229,0,478.0287539
REN100_Normal,2040,m4,E005_Pucara,25,0,300,0
REN100_Normal,2040,m4,N039_Paute_Cardenillo,7.0825,0,0,0
REN100_Normal,2040,m5,E003_Mazar,205,131.2842256,130.7157744,45.94947897
REN100_Normal,2040,m5,E004_Paute_Molino,60,263,0,408.7458333
REN100_Normal,2040,m5,E005_Pucara,25,0,300,0
REN100_Normal,2040,m5,N039_Paute_Cardenillo,8.0825,0,0,0
REN100_Normal,2040,m6,E003_Mazar,338.372116,0,128.627884,0
REN100_Normal,2040,m6,E004_Paute_Molino,60,129.627884,0,201.4633363
REN100_Normal,2040,m6,E005_Pucara,25,0,300,0
REN100_Normal,2040,m6,N039_Paute_Cardenillo,9.0825,0,0,0
REN100_Normal,2040,m7,E003_Mazar,369.433308,0,230.9388081,0
REN100_Normal,2040,m7,E004_Paute_Molino,120,171.9388081,0,267.2215642
REN100_Normal,2040,m7,E005_Pucara,25,0,300,0
REN100_Normal,2040,m7,N039_Paute_Cardenillo,3.0825,0,7,0
REN100_Normal,2040,m8,E003_Mazar,205,0,426.433308,0
REN100_Normal,2040,m8,E004_Paute_Molino,98.61662996,448.816678,0,697.5359204
REN100_Normal,2040,m8,E005_Pucara,25,0,300,0
REN100_Normal,2040,m8,N039_Paute_Cardenillo,3.0825,0,1,0
REN100_Normal,2040,m9,E003_Mazar,205,171.5990885,90.40091147,60.05968099
REN100_Normal,2040,m9,E004_Paute_Molino,99.9354638,261.6811662,0,406.6961457
REN100_Normal,2040,m9,E005_Pucara,25,0,300,0
REN100_Normal,2040,m9,N039_Paute_Cardenillo,3.0825,0,1,0
REN100_Normal,2040,m10,E003_Mazar,205,155.4817502,106.5182498,54.41861255
REN100_Normal,2040,m10,E004_Paute_Molino,70.80383844,292.1316254,0,454.0212344
REN100_Normal,2040,m10,E005_Pucara,25,0,300,0
REN100_Normal,2040,m10,N039_Paute_Cardenillo,3.0825,0,1,0
REN100_Normal,2040,m11,E003_Mazar,205,195.7357687,66.26423128,68.50751905
REN100_Normal,2040,m11,E004_Paute_Molino,60,273.8038384,0,425.5367989
REN100_Normal,2040,m11,E005_Pucara,25,0,300,0
REN100_Normal,2040,m11,N039_Paute_Cardenillo,3.0825,0,1,0
REN100_Normal,2040,m12,E003_Mazar,205,201.6732447,60.32675528,70.58563565
REN100_Normal,2040,m12,E004_Paute_Molino,60,263,0,408.7458333
REN100_Normal,2040,m12,E005_Pucara,25,0,300,0
REN100_Normal,2040,m12,N039_Paute_Cardenillo,4.0825,0,0,0
REN100_Normal,2041,m1,E003_Mazar,205,190.4343328,71.56566718,66.65201649
REN100_Normal,2041,m1,E004_Paute_Molino,60,263,0,408.7458333
REN100_Normal,2041,m1,E005_Pucara,25,0,300,0
REN100_Normal,2041,m1,N039_Paute_Cardenillo,4.0825,0,0,0
REN100_Normal,2041,m2,E003_Mazar,211.4225054,152.383639,103.1938556,53.33427364
REN100_Normal,2041,m2,E004_Paute_Molino,60,256.5774946,0,398.7641895
REN100_Normal,2041,m2,E005_Pucara,25,0,300,0
REN100_Normal,2041,m2,N039_Paute_Cardenillo,5.0825,0,0,0
REN100_Normal,2041,m3,E003_Mazar,250.2398044,223.182701,0,78.11394536
REN100_Normal,2041,m3,E004_Paute_Molino,120,164.182701,0,255.1672812
REN100_Normal,2041,m3,E005_Pucara,25,0,300,0
REN100_Normal,2041,m3,N039_Paute_Cardenillo,6.0825,0,0,0
REN100_Normal,2041,m4,E003_Mazar,205,32.51537618,274.7244282,11.38038166
REN100_Normal,2041,m4,E004_Paute_Molino,60,368.2398044,0,572.3060293
REN100_Normal,2041,m4,E005_Pucara,25,0,300,0
REN100_Normal,2041,m4,N039_Paute_Cardenillo,7.0825,0,0,0
REN100_Normal,2041,m5,E003_Mazar,205,127.1183959,134.8816041,44.49143857
REN100_Normal,2041,m5,E004_Paute_Molino,60,263,0,408.7458333
REN100_Normal,2041,m5,E005_Pucara,25,0,300,0
REN100_Normal,2041,m5,N039_Paute_Cardenillo,8.0825,0,0,0
REN100_Normal,2041,m6,E003_Mazar,345.6918695,0,121.3081305,0
REN100_Normal,2041,m6,E004_Paute_Molino,60,122.3081305,0,190.0872194
REN100_Normal,2041,m6,E005_Pucara,25,0,300,0
REN100_Normal,2041,m6,N039_Paute_Cardenillo,9.0825,0,0,0
REN100_Normal,2041,m7,E003_Mazar,205,0,402.6918695,0
REN100_Normal,2041,m7,E004_Paute_Molino,60,403.6918695,0,627.4044472
REN100_Normal,2041,m7,E005_Pucara,25,0,300,0
REN100_Normal,2041,m7,N039_Paute_Cardenillo,3.0825,0,7,0
REN100_Normal,2041,m8,E003_Mazar,240.259171,0,226.740829,0
REN100_Normal,2041,m8,E004_Paute_Molino,120,167.740829,0,260.697205
REN100_Normal,2041,m8,E005_Pucara,25,0,300,0
REN100_Normal,2041,m8,N039_Paute_Cardenillo,3.0825,0,1,0
REN100_Normal,2041,m9,E003_Mazar,222.1530304,160.013903,120.0922376,56.00486605
REN100_Normal,2041,m9,E004_Paute_Molino,120,281.1061406,0,436.8857935
REN100_Normal,2041,m9,E005_Pucara,25,0,300,0
REN100_Normal,2041,m9,N039_Paute_Cardenillo,3.0825,0,1,0
REN100_Normal,2041,m10,E003_Mazar,268.6093421,211.977686,3.566002378,74.19219008
REN100_Normal,2041,m10,E004_Paute_Molino,60,276.5436883,0,429.7949823
REN100_Normal,2041,m10,E005_Pucara,25,0,300,0
REN100_Normal,2041,m10,N039_Paute_Cardenillo,3.0825,0,1,0
REN100_Normal,2041,m11,E003_Mazar,208.0749637,187.8147805,134.7195979,65.73517317
REN100_Normal,2041,m11,E004_Paute_Molino,60,323.5343784,0,502.8263464
REN100_Normal,2041,m11,E005_Pucara,25,0,300,0
REN100_Normal,2041,m11,N039_Paute_Cardenillo,3.0825,0,1,0
REN100_Normal,2041,m12,E003_Mazar,205,147.6402988,117.4346649,51.67410459
REN100_Normal,2041,m12,E004_Paute_Molino,60,266.0749637,0,413.5248394
REN100_Normal,2041,m12,E005_Pucara,25,0,300,0
REN100_Normal,2041,m12,N039_Paute_Cardenillo,4.0825,0,0,0
REN100_Normal,2042,m1,E003_Mazar,205,166.4472526,95.55274738,58.25653842
REN100_Normal,2042,m1,E004_Paute_Molino,60,263,0,408.7458333
REN100_Normal,2042,m1,E005_Pucara,25,0,300,0
REN100_Normal,2042,m1,N039_Paute_Cardenillo,4.0825,0,0,0
REN100_Normal,2042,m2,E003_Mazar,205,178.0520194,83.94798057,62.3182068
REN100_Normal,2042,m2,E004_Paute_Molino,69.81574327,253.1842567,0,393.4905323
REN100_Normal,2042,m2,E005_Pucara,25,0,300,0
REN100_Normal,2042,m2,N039_Paute_Cardenillo,5.0825,0,0,0
REN100_Normal,2042,m3,E003_Mazar,205,0,262,0
REN100_Normal,2042,m3,E004_Paute_Molino,84.70138563,248.1143576,0,385.6110642
REN100_Normal,2042,m3,E005_Pucara,25,0,300,0
REN100_Normal,2042,m3,N039_Paute_Cardenillo,6.0825,0,0,0
REN100_Normal,2042,m4,E003_Mazar,205,0,262,0
REN100_Normal,2042,m4,E004_Paute_Molino,60,287.7013856,0,447.1359035
REN100_Normal,2042,m4,E005_Pucara,25,0,300,0
REN100_Normal,2042,m4,N039_Paute_Cardenillo,7.0825,0,0,0
REN100_Normal,2042,m5,E003_Mazar,205,0,262,0
REN100_Normal,2042,m5,E004_Paute_Molino,60,263,0,408.7458333
REN100_Normal,2042,m5,E005_Pucara,25,0,300,0
REN100_Normal,2042,m5,N039_Paute_Cardenillo,8.0825,0,0,0
REN100_Normal,2042,m6,E003_Mazar,205,0,262,0
REN100_Normal,2042,m6,E004_Paute_Molino,60,263,0,408.7458333
REN100_Normal,2042,m6,E005_Pucara,25,0,300,0
REN100_Normal,2042,m6,N039_Paute_Cardenillo,9.0825,0,0,0
REN100_Normal,2042,m7,E003_Mazar,205,0,262,0
REN100_Normal,2042,m7,E004_Paute_Molino,120,203,0,315.4958333
REN100_Normal,2042,m7,E005_Pucara,25,0,300,0
REN100_Normal,2042,m7,N039_Paute_Cardenillo,3.0825,0,7,0
REN100_Normal,2042,m8,E003_Mazar,205,0,262,0
REN100_Normal,2042,m8,E004_Paute_Molino,103.3312479,279.6687521,0,434.6518522
REN100_Normal,2042,m8,E005_Pucara,25,0,300,0
REN100_Normal,2042,m8,N039_Paute_Cardenillo,3.0825,0,1,0
REN100_Normal,2042,m9,E003_Mazar,205,183.8933142,78.1066858,64.36265997
REN100_Normal,2042,m9,E004_Paute_Molino,91.76261164,274.5686363,0,426.7254222
REN100_Normal,2042,m9,E005_Pucara,25,0,300,0
REN100_Normal,2042,m9,N039_Paute_Cardenillo,3.0825,0,1,0
REN100_Normal,2042,m10,E003_Mazar,242.3495667,189.3356455,35.31478781,66.26747591
REN100_Normal,2042,m10,E004_Paute_Molino,60,257.4130449,0,400.0627739
REN100_Normal,2042,m10,E005_Pucara,25,0,300,0
REN100_Normal,2042,m10,N039_Paute_Cardenillo,3.0825,0,1,0
REN100_Normal,2042,m11,E003_Mazar,205,194.3911143,104.9584524,68.03689001
REN100_Normal,2042,m11,E004_Paute_Molino,69.27520478,291.074362,0,452.3780709
REN100_Normal,2042,m11,E005_Pucara,25,0,300,0
REN100_Normal,2042,m11,N039_Paute_Cardenillo,3.0825,0,1,0
REN100_Normal,2042,m12,E003_Mazar,205,170.0128117,91.98718832,59.50448409
REN100_Normal,2042,m12,E004_Paute_Molino,60,272.2752048,0,423.1610474
REN100_Normal,2042,m12,E005_Pucara,25,0,300,0
REN100_Normal,2042,m12,N039_Paute_Cardenillo,4.0825,0,0,0
REN100_Normal,2043,m1,E003_Mazar,205,177.5812758,84.41872421,62.15344653
REN100_Normal,2043,m1,E004_Paute_Molino,60,263,0,408.7458333
REN100_Normal,2043,m1,E005_Pucara,25,0,300,0
REN100_Normal,2043,m1,N039_Paute_Cardenillo,4.0825,0,0,0
REN100_Normal,2043,m2,E003_Mazar,221.8713357,176.8426985,68.28596588,61.89494446
REN100_Normal,2043,m2,E004_Paute_Molino,60,246.1286643,0,382.5249658
REN100_Normal,2043,m2,E005_Pucara,25,0,300,0
REN100_Normal,2043,m2,N039_Paute_Cardenillo,5.0825,0,0,0
REN100_Normal,2043,m3,E003_Mazar,318.8133839,0,165.0579517,0
REN100_Normal,2043,m3,E004_Paute_Molino,60,166.0579517,0,258.0817333
REN100_Normal,2043,m3,E005_Pucara,25,0,300,0
REN100_Normal,2043,m3,N039_Paute_Cardenillo,6.0825,0,0,0
REN100_Normal,2043,m4,E003_Mazar,270.4976308,0,310.3157531,0
REN100_Normal,2043,m4,E004_Paute_Molino,60,311.3157531,0,483.8365663
REN100_Normal,2043,m4,E005_Pucara,25,0,300,0
REN100_Normal,2043,m4,N039_Paute_Cardenillo,7.0825,0,0,0
REN100_Normal,2043,m5,E003_Mazar,313.8151562,0,218.6824746,0
REN100_Normal,2043,m5,E004_Paute_Molino,120,159.6824746,0,248.1731793
REN100_Normal,2043,m5,E005_Pucara,25,0,300,0
REN100_Normal,2043,m5,N039_Paute_Cardenillo,8.0825,0,0,0
REN100_Normal,2043,m6,E003_Mazar,213.7318087,0,362.0833476,0
REN100_Normal,2043,m6,E004_Paute_Molino,60,423.0833476,0,657.542036
REN100_Normal,2043,m6,E005_Pucara,25,0,300,0
REN100_Normal,2043,m6,N039_Paute_Cardenillo,9.0825,0,0,0
REN100_Normal,2043,m7,E003_Mazar,205,0,270.7318087,0
REN100_Normal,2043,m7,E004_Paute_Molino,120,211.7318087,0,329.0665193
REN100_Normal,2043,m7,E005_Pucara,25,0,300,0
REN100_Normal,2043,m7,N039_Paute_Cardenillo,3.0825,0,7,0
REN100_Normal,2043,m8,E003_Mazar,205,0,262,0
REN100_Normal,2043,m8,E004_Paute_Molino,107.3078625,275.6921375,0,428.4715303
REN100_Normal,2043,m8,E005_Pucara,25,0,300,0
REN100_Normal,2043,m8,N039_Paute_Cardenillo,3.0825,0,1,0
REN100_Normal,2043,m9,E003_Mazar,205,191.1895248,70.81047519,66.91633368
REN100_Normal,2043,m9,E004_Paute_Molino,105.9954913,264.3123712,0,410.7854769
REN100_Normal,2043,m9,E005_Pucara,25,0,300,0
REN100_Normal,2043,m9,N039_Paute_Cardenillo,3.0825,0,1,0
REN100_Normal,2043,m10,E003_Mazar,205,178.1013772,83.89862284,62.33548201
REN100_Normal,2043,m10,E004_Paute_Molino,65.32431215,303.6711792,0,471.9556243
REN100_Normal,2043,m10,E005_Pucara,25,0,300,0
REN100_Normal,2043,m10,N039_Paute_Cardenillo,3.0825,0,1,0
REN100_Normal,2043,m11,E003_Mazar,205,187.1843719,74.81562812,65.51453016
REN100_Normal,2043,m11,E004_Paute_Molino,60,268.3243122,0,417.0207018
REN100_Normal,2043,m11,E005_Pucara,25,0,300,0
REN100_Normal,2043,m11,N039_Paute_Cardenillo,3.0825,0,1,0
REN100_Normal,2043,m12,E003_Mazar,205,169.8287018,92.17129817,59.44004564
REN100_Normal,2043,m12,E004_Paute_Molino,60,263,0,408.7458333
REN100_Normal,2043,m12,E005_Pucara,25,0,300,0
REN100_Normal,2043,m12,N039_Paute_Cardenillo,4.0825,0,0,0
REN100_Normal,2044,m1,E003_Mazar,205,176.7506496,85.24935036,61.86272738
REN100_Normal,2044,m1,E004_Paute_Molino,60,263,0,408.7458333
REN100_Normal,2044,m1,E005_Pucara,25,0,300,0
REN100_Normal,2044,m1,N039_Paute_Cardenillo,4.0825,0,0,0
REN100_Normal,2044,m2,E003_Mazar,205,185.2271572,76.77284282,64.82950501
REN100_Normal,2044,m2,E004_Paute_Molino,102.928313,220.071687,0,342.0280803
REN100_Normal,2044,m2,E005_Pucara,25,0,300,0
REN100_Normal,2044,m2,N039_Paute_Cardenillo,5.0825,0,0,0
REN100_Normal,2044,m3,E003_Mazar,205,0,262,0
REN100_Normal,2044,m3,E004_Paute_Molino,60,305.928313,0,475.4635864
REN100_Normal,2044,m3,E005_Pucara,25,0,300,0
REN100_Normal,2044,m3,N039_Paute_Cardenillo,6.0825,0,0,0
REN100_Normal,2044,m4,E003_Mazar,275.3590334,0,191.6409666,0
REN100_Normal,2044,m4,E004_Paute_Molino,120,132.6409666,0,206.146169
REN100_Normal,2044,m4,E005_Pucara,25,0,300,0
REN100_Normal,2044,m4,N039_Paute_Cardenillo,7.0825,0,0,0
REN100_Normal,2044,m5,E003_Mazar,205,0,332.3590334,0
REN100_Normal,2044,m5,E004_Paute_Molino,60,393.3590334,0,611.3454977
REN100_Normal,2044,m5,E005_Pucara,25,0,300,0
REN100_Normal,2044,m5,N039_Paute_Cardenillo,8.0825,0,0,0
REN100_Normal,2044,m6,E003_Mazar,205,0,262,0
REN100_Normal,2044,m6,E004_Paute_Molino,68.65860107,254.3413989,0,395.2889242
REN100_Normal,2044,m6,E005_Pucara,25,0,300,0
REN100_Normal,2044,m6,N039_Paute_Cardenillo,9.0825,0,0,0
REN100_Normal,2044,m7,E003_Mazar,290.9390311,0,176.0609689,0
REN100_Normal,2044,m7,E004_Paute_Molino,60,185.71957,0,288.639165
REN100_Normal,2044,m7,E005_Pucara,25,0,300,0
REN100_Normal,2044,m7,N039_Paute_Cardenillo,3.0825,0,7,0
REN100_Normal,2044,m8,E003_Mazar,300.8336341,0,252.1053969,0
REN100_Normal,2044,m8,E004_Paute_Molino,60,253.1053969,0,393.3679711
REN100_Normal,2044,m8,E005_Pucara,25,0,300,0
REN100_Normal,2044,m8,N039_Paute_Cardenillo,3.0825,0,1,0
REN100_Normal,2044,m9,E003_Mazar,220.7213555,181.5520833,160.5601953,63.54322917
REN100_Normal,2044,m9,E004_Paute_Molino,120,283.1122787,0,440.0036664
REN100_Normal,2044,m9,E005_Pucara,25,0,300,0
REN100_Normal,2044,m9,N039_Paute_Cardenillo,3.0825,0,1,0
REN100_Normal,2044,m10,E003_Mazar,261.0878612,191.4793791,30.15411523,67.01778267
REN100_Normal,2044,m10,E004_Paute_Molino,60,282.6334943,0,439.2595557
REN100_Normal,2044,m10,E005_Pucara,25,0,300,0
REN100_Normal,2044,m10,N039_Paute_Cardenillo,3.0825,0,1,0
REN100_Normal,2044,m11,E003_Mazar,205,178.4815924,139.6062688,62.46855734
REN100_Normal,2044,m11,E004_Paute_Molino,84.44633689,294.6415243,0,457.9220356
REN100_Normal,2044,m11,E005_Pucara,25,0,300,0
REN100_Normal,2044,m11,N039_Paute_Cardenillo,3.0825,0,1,0
REN100_Normal,2044,m12,E003_Mazar,205,168.160315,93.83968503,58.85611024
REN100_Normal,2044,m12,E004_Paute_Molino,60,287.4463369,0,446.7395153
REN100_Normal,2044,m12,E005_Pucara,25,0,300,0
REN100_Normal,2044,m12,N039_Paute_Cardenillo,4.0825,0,0,0
REN100_Normal,2045,m1,E003_Mazar,212.3106979,167.8810534,86.80824872,58.7583687
REN100_Normal,2045,m1,E004_Paute_Molino,60,255.6893021,0,397.3837904
REN100_Normal,2045,m1,E005_Pucara,25,0,300,0
REN100_Normal,2045,m1,N039_Paute_Cardenillo,4.0825,0,0,0
REN100_Normal,2045,m2,E003_Mazar,205,187.7154083,81.5952896,65.70039289
REN100_Normal,2045,m2,E004_Paute_Molino,60,270.3106979,0,420.1078763
REN100_Normal,2045,m2,E005_Pucara,25,0,300,0
REN100_Normal,2045,m2,N039_Paute_Cardenillo,5.0825,0,0,0
REN100_Normal,2045,m3,E003_Mazar,205,0,262,0
REN100_Normal,2045,m3,E004_Paute_Molino,60,263,0,408.7458333
REN100_Normal,2045,m3,E005_Pucara,25,0,300,0
REN100_Normal,2045,m3,N039_Paute_Cardenillo,6.0825,0,0,0
REN100_Normal,2045,m4,E003_Mazar,206.5080009,0,260.4919991,0
REN100_Normal,2045,m4,E004_Paute_Molino,120,201.4919991,0,313.1521486
REN100_Normal,2045,m4,E005_Pucara,25,0,300,0
REN100_Normal,2045,m4,N039_Paute_Cardenillo,7.0825,0,0,0
REN100_Normal,2045,m5,E003_Mazar,205,0,263.5080009,0
REN100_Normal,2045,m5,E004_Paute_Molino,60,324.5080009,0,504.3395181
REN100_Normal,2045,m5,E005_Pucara,25,0,300,0
REN100_Normal,2045,m5,N039_Paute_Cardenillo,8.0825,0,0,0
REN100_Normal,2045,m6,E003_Mazar,286.5666064,0,180.4333936,0
REN100_Normal,2045,m6,E004_Paute_Molino,60,181.4333936,0,281.9777325
REN100_Normal,2045,m6,E005_Pucara,25,0,300,0
REN100_Normal,2045,m6,N039_Paute_Cardenillo,9.0825,0,0,0
REN100_Normal,2045,m7,E003_Mazar,295.9333675,0,252.6332389,0
REN100_Normal,2045,m7,E004_Paute_Molino,60,253.6332389,0,394.1883255
REN100_Normal,2045,m7,E005_Pucara,25,0,300,0
REN100_Normal,2045,m7,N039_Paute_Cardenillo,3.0825,0,7,0
REN100_Normal,2045,m8,E003_Mazar,265.9942421,0,291.9391254,0
REN100_Normal,2045,m8,E004_Paute_Molino,120,232.9391254,0,362.0262241
REN100_Normal,2045,m8,E005_Pucara,25,0,300,0
REN100_Normal,2045,m8,N039_Paute_Cardenillo,3.0825,0,1,0
REN100_Normal,2045,m9,E003_Mazar,255.825238,201.5533621,70.6156419,70.54367675
REN100_Normal,2045,m9,E004_Paute_Molino,120,273.169004,0,424.5501604
REN100_Normal,2045,m9,E005_Pucara,25,0,300,0
REN100_Normal,2045,m9,N039_Paute_Cardenillo,3.0825,0,1,0
REN100_Normal,2045,m10,E003_Mazar,227.372271,181.0700191,109.382948,63.37450669
REN100_Normal,2045,m10,E004_Paute_Molino,120,291.4529671,0,452.9664863
REN100_Normal,2045,m10,E005_Pucara,25,0,300,0
REN100_Normal,2045,m10,N039_Paute_Cardenillo,3.0825,0,1,0
REN100_Normal,2045,m11,E003_Mazar,278.7351621,175.4353352,35.20177366,61.40236731
REN100_Normal,2045,m11,E004_Paute_Molino,60,271.6371088,0,422.16934
REN100_Normal,2045,m11,E005_Pucara,25,0,300,0
REN100_Normal,2045,m11,N039_Paute_Cardenillo,3.0825,0,1,0
REN100_Normal,2045,m12,E003_Mazar,212.3106979,173.7567273,154.667737,60.81485455
REN100_Normal,2045,m12,E004_Paute_Molino,60,329.4244643,0,511.9805215
REN100_Normal,2045,m12,E005_Pucara,25,0,300,0
REN100_Normal,2045,m12,N039_Paute_Cardenillo,4.0825,0,0,0
REN100_Normal,2046,m1,E003_Mazar,205,169.1976431,92.80235686,59.2191751
REN100_Normal,2046,m1,E004_Paute_Molino,60,263,0,408.7458333
REN100_Normal,2046,m1,E005_Pucara,25,0,300,0
REN100_Normal,2046,m1,N039_Paute_Cardenillo,4.0825,0,0,0
REN100_Normal,2046,m2,E003_Mazar,205,153.4415047,108.5584953,53.70452664
REN100_Normal,2046,m2,E004_Paute_Molino,68.74940615,254.2505938,0,395.1477979
REN100_Normal,2046,m2,E005_Pucara,25,0,300,0
REN100_Normal,2046,m2,N039_Paute_Cardenillo,5.0825,0,0,0
REN100_Normal,2046,m3,E003_Mazar,205,0,262,0
REN100_Normal,2046,m3,E004_Paute_Molino,84.70258555,247.0468206,0,383.9519337
REN100_Normal,2046,m3,E005_Pucara,25,0,300,0
REN100_Normal,2046,m3,N039_Paute_Cardenillo,6.0825,0,0,0
REN100_Normal,2046,m4,E003_Mazar,205,0,262,0
REN100_Normal,2046,m4,E004_Paute_Molino,60,287.7025855,0,447.1377684
REN100_Normal,2046,m4,E005_Pucara,25,0,300,0
REN100_Normal,2046,m4,N039_Paute_Cardenillo,7.0825,0,0,0
REN100_Normal,2046,m5,E003_Mazar,205,0,262,0
REN100_Normal,2046,m5,E004_Paute_Molino,80.29253802,242.707462,0,377.2078472
REN100_Normal,2046,m5,E005_Pucara,25,0,300,0
REN100_Normal,2046,m5,N039_Paute_Cardenillo,8.0825,0,0,0
REN100_Normal,2046,m6,E003_Mazar,205,0,262,0
REN100_Normal,2046,m6,E004_Paute_Molino,60,283.292538,0,440.2838195
REN100_Normal,2046,m6,E005_Pucara,25,0,300,0
REN100_Normal,2046,m6,N039_Paute_Cardenillo,9.0825,0,0,0
REN100_Normal,2046,m7,E003_Mazar,205,0,262,0
REN100_Normal,2046,m7,E004_Paute_Molino,69.54917379,253.4508262,0,393.9048257
REN100_Normal,2046,m7,E005_Pucara,25,0,300,0
REN100_Normal,2046,m7,N039_Paute_Cardenillo,3.0825,0,7,0
REN100_Normal,2046,m8,E003_Mazar,205,0,262,0
REN100_Normal,2046,m8,E004_Paute_Molino,81.37502636,251.1741474,0,390.3664875
REN100_Normal,2046,m8,E005_Pucara,25,0,300,0
REN100_Normal,2046,m8,N039_Paute_Cardenillo,3.0825,0,1,0
REN100_Normal,2046,m9,E003_Mazar,205,182.8368096,79.16319038,63.99288337
REN100_Normal,2046,m9,E004_Paute_Molino,92.85220088,251.5228255,0,390.9083913
REN100_Normal,2046,m9,E005_Pucara,25,0,300,0
REN100_Normal,2046,m9,N039_Paute_Cardenillo,3.0825,0,1,0
REN100_Normal,2046,m10,E003_Mazar,205,170.8603386,91.13966138,59.80111852
REN100_Normal,2046,m10,E004_Paute_Molino,100.5068179,255.3453829,0,396.8492826
REN100_Normal,2046,m10,E005_Pucara,25,0,300,0
REN100_Normal,2046,m10,N039_Paute_Cardenillo,3.0825,0,1,0
REN100_Normal,2046,m11,E003_Mazar,205,194.3812978,67.61870218,68.03345424
REN100_Normal,2046,m11,E004_Paute_Molino,106.367261,257.1395569,0,399.6377281
REN100_Normal,2046,m11,E005_Pucara,25,0,300,0
REN100_Normal,2046,m11,N039_Paute_Cardenillo,3.0825,0,1,0
REN100_Normal,2046,m12,E003_Mazar,205,195.1206427,66.87935732,68.29222494
REN100_Normal,2046,m12,E004_Paute_Molino,60,309.367261,0,480.8082848
REN100_Normal,2046,m12,E005_Pucara,25,0,300,0
REN100_Normal,2046,m12,N039_Paute_Cardenillo,4.0825,0,0,0
REN100_Normal,2047,m1,E003_Mazar,205,160.6003122,101.3996878,56.21010926
REN100_Normal,2047,m1,E004_Paute_Molino,60,263,0,408.7458333
REN100_Normal,2047,m1,E005_Pucara,25,0,300,0
REN100_Normal,2047,m1,N039_Paute_Cardenillo,4.0825,0,0,0
REN100_Normal,2047,m2,E003_Mazar,230.3214028,203.7263769,32.95222028,71.30423191
REN100_Normal,2047,m2,E004_Paute_Molino,60,237.6785972,0,369.3921531
REN100_Normal,2047,m2,E005_Pucara,25,0,300,0
REN100_Normal,2047,m2,N039_Paute_Cardenillo,5.0825,0,0,0
REN100_Normal,2047,m3,E003_Mazar,205,0,287.3214028,0
REN100_Normal,2047,m3,E004_Paute_Molino,79.82791565,268.4934872,0,417.283628
REN100_Normal,2047,m3,E005_Pucara,25,0,300,0
REN100_Normal,2047,m3,N039_Paute_Cardenillo,6.0825,0,0,0
REN100_Normal,2047,m4,E003_Mazar,205,0,262,0
REN100_Normal,2047,m4,E004_Paute_Molino,74.41445111,268.4134645,0,417.1592595
REN100_Normal,2047,m4,E005_Pucara,25,0,300,0
REN100_Normal,2047,m4,N039_Paute_Cardenillo,7.0825,0,0,0
REN100_Normal,2047,m5,E003_Mazar,205,0,262,0
REN100_Normal,2047,m5,E004_Paute_Molino,60,277.4144511,0,431.1482928
REN100_Normal,2047,m5,E005_Pucara,25,0,300,0
REN100_Normal,2047,m5,N039_Paute_Cardenillo,8.0825,0,0,0
REN100_Normal,2047,m6,E003_Mazar,255.3786526,0,211.6213474,0
REN100_Normal,2047,m6,E004_Paute_Molino,120,152.6213474,0,237.1990107
REN100_Normal,2047,m6,E005_Pucara,25,0,300,0
REN100_Normal,2047,m6,N039_Paute_Cardenillo,9.0825,0,0,0
REN100_Normal,2047,m7,E003_Mazar,278.9378823,0,238.4407703,0
REN100_Normal,2047,m7,E004_Paute_Molino,120,239.4407703,0,372.1308639
REN100_Normal,2047,m7,E005_Pucara,25,0,300,0
REN100_Normal,2047,m7,N039_Paute_Cardenillo,3.0825,0,7,0
REN100_Normal,2047,m8,E003_Mazar,282.4484336,0,258.4894487,0
REN100_Normal,2047,m8,E004_Paute_Molino,120,259.4894487,0,403.2898515
REN100_Normal,2047,m8,E005_Pucara,25,0,300,0
REN100_Normal,2047,m8,N039_Paute_Cardenillo,3.0825,0,1,0
REN100_Normal,2047,m9,E003_Mazar,238.5552445,189.5686544,116.3245347,66.34902903
REN100_Normal,2047,m9,E004_Paute_Molino,120,306.8931891,0,476.9631647
REN100_Normal,2047,m9,E005_Pucara,25,0,300,0
REN100_Normal,2047,m9,N039_Paute_Cardenillo,3.0825,0,1,0
REN100_Normal,2047,m10,E003_Mazar,277.2514358,191.1561858,32.14762281,66.90466504
REN100_Normal,2047,m10,E004_Paute_Molino,60,284.3038086,0,441.8555026
REN100_Normal,2047,m10,E005_Pucara,25,0,300,0
REN100_Normal,2047,m10,N039_Paute_Cardenillo,3.0825,0,1,0
REN100_Normal,2047,m11,E003_Mazar,205,177.2400228,157.0114131,62.03400797
REN100_Normal,2047,m11,E004_Paute_Molino,94.58495649,300.6664793,0,467.28582
REN100_Normal,2047,m11,E005_Pucara,25,0,300,0
REN100_Normal,2047,m11,N039_Paute_Cardenillo,3.0825,0,1,0
REN100_Normal,2047,m12,E003_Mazar,205,169.2829426,92.71705737,59.24902992
REN100_Normal,2047,m12,E004_Paute_Molino,60,297.5849565,0,462.4966199
REN100_Normal,2047,m12,E005_Pucara,25,0,300,0
REN100_Normal,2047,m12,N039_Paute_Cardenillo,4.0825,0,0,0
REN100_Normal,2048,m1,E003_Mazar,205,189.3159149,72.68408507,66.26057022
REN100_Normal,2048,m1,E004_Paute_Molino,60,263,0,408.7458333
REN100_Normal,2048,m1,E005_Pucara,25,0,300,0
REN100_Normal,2048,m1,N039_Paute_Cardenillo,4.0825,0,0,0
REN100_Normal,2048,m2,E003_Mazar,205,176.1615443,85.83845571,61.6565405
REN100_Normal,2048,m2,E004_Paute_Molino,79.49292783,243.5070722,0,378.4505747
REN100_Normal,2048,m2,E005_Pucara,25,0,300,0
REN100_Normal,2048,m2,N039_Paute_Cardenillo,5.0825,0,0,0
REN100_Normal,2048,m3,E003_Mazar,284.9041237,0,182.0958763,0
REN100_Normal,2048,m3,E004_Paute_Molino,120,142.5888041,0,221.6067664
REN100_Normal,2048,m3,E005_Pucara,25,0,300,0
REN100_Normal,2048,m3,N039_Paute_Cardenillo,6.0825,0,0,0
REN100_Normal,2048,m4,E003_Mazar,205,0,341.9041237,0
REN100_Normal,2048,m4,E004_Paute_Molino,96.68491586,366.2192079,0,569.1656856
REN100_Normal,2048,m4,E005_Pucara,25,0,300,0
REN100_Normal,2048,m4,N039_Paute_Cardenillo,7.0825,0,0,0
REN100_Normal,2048,m5,E003_Mazar,205,0,262,0
REN100_Normal,2048,m5,E004_Paute_Molino,60,299.6849159,0,465.7603067
REN100_Normal,2048,m5,E005_Pucara,25,0,300,0
REN100_Normal,2048,m5,N039_Paute_Cardenillo,8.0825,0,0,0
REN100_Normal,2048,m6,E003_Mazar,205,0,262,0
REN100_Normal,2048,m6,E004_Paute_Molino,110.0770292,212.9229708,0,330.9177838
REN100_Normal,2048,m6,E005_Pucara,25,0,300,0
REN100_Normal,2048,m6,N039_Paute_Cardenillo,9.0825,0,0,0
REN100_Normal,2048,m7,E003_Mazar,205,0,262,0
REN100_Normal,2048,m7,E004_Paute_Molino,76.69437443,296.3826548,0,460.6280426
REN100_Normal,2048,m7,E005_Pucara,25,0,300,0
REN100_Normal,2048,m7,N039_Paute_Cardenillo,3.0825,0,7,0
REN100_Normal,2048,m8,E003_Mazar,371.8948492,0,95.10515084,0
REN100_Normal,2048,m8,E004_Paute_Molino,60,112.7995253,0,175.3092622
REN100_Normal,2048,m8,E005_Pucara,25,0,300,0
REN100_Normal,2048,m8,N039_Paute_Cardenillo,3.0825,0,1,0
REN100_Normal,2048,m9,E003_Mazar,292.9136155,208.8369601,132.1442736,73.09293603
REN100_Normal,2048,m9,E004_Paute_Molino,120,281.9812337,0,438.245834
REN100_Normal,2048,m9,E005_Pucara,25,0,300,0
REN100_Normal,2048,m9,N039_Paute_Cardenillo,3.0825,0,1,0
REN100_Normal,2048,m10,E003_Mazar,312.3430894,178.2496259,64.32090022,62.38736907
REN100_Normal,2048,m10,E004_Paute_Molino,60,303.5705261,0,471.7991927
REN100_Normal,2048,m10,E005_Pucara,25,0,300,0
REN100_Normal,2048,m10,N039_Paute_Cardenillo,3.0825,0,1,0
REN100_Normal,2048,m11,E003_Mazar,206.4931892,172.4673491,195.3825511,60.36357219
REN100_Normal,2048,m11,E004_Paute_Molino,120,308.8499002,0,480.0042199
REN100_Normal,2048,m11,E005_Pucara,25,0,300,0
REN100_Normal,2048,m11,N039_Paute_Cardenillo,3.0825,0,1,0
REN100_Normal,2048,m12,E003_Mazar,205,187.0002186,76.4929706,65.4500765
REN100_Normal,2048,m12,E004_Paute_Molino,60,324.4931892,0,504.3164982
REN100_Normal,2048,m12,E005_Pucara,25,0,300,0
REN100_Normal,2048,m12,N039_Paute_Cardenillo,4.0825,0,0,0
REN100_Normal,2049,m1,E003_Mazar,205,176.9916365,85.00836355,61.94707276
REN100_Normal,2049,m1,E004_Paute_Molino,60,263,0,408.7458333
REN100_Normal,2049,m1,E005_Pucara,25,0,300,0
REN100_Normal,2049,m1,N039_Paute_Cardenillo,4.0825,0,0,0
REN100_Normal,2049,m2,E003_Mazar,205,29.2663509,232.7336491,10.24322281
REN100_Normal,2049,m2,E004_Paute_Molino,60,263,0,408.7458333
REN100_Normal,2049,m2,E005_Pucara,25,0,300,0
REN100_Normal,2049,m2,N039_Paute_Cardenillo,5.0825,0,0,0
REN100_Normal,2049,m3,E003_Mazar,408,0,59,0
REN100_Normal,2049,m3,E004_Paute_Molino,120,0,0,0
REN100_Normal,2049,m3,E005_Pucara,25,0,300,0
REN100_Normal,2049,m3,N039_Paute_Cardenillo,6.0825,0,0,0
REN100_Normal,2049,m4,E003_Mazar,241.744712,0,428.255288,0
REN100_Normal,2049,m4,E004_Paute_Molino,60,489.255288,0,760.3842601
REN100_Normal,2049,m4,E005_Pucara,25,0,300,0
REN100_Normal,2049,m4,N039_Paute_Cardenillo,7.0825,0,0,0
REN100_Normal,2049,m5,E003_Mazar,205,0,298.744712,0
REN100_Normal,2049,m5,E004_Paute_Molino,60,299.744712,0,465.8532399
REN100_Normal,2049,m5,E005_Pucara,25,0,300,0
REN100_Normal,2049,m5,N039_Paute_Cardenillo,8.0825,0,0,0
REN100_Normal,2049,m6,E003_Mazar,209.1738418,0,257.8261582,0
REN100_Normal,2049,m6,E004_Paute_Molino,120,198.8261582,0,309.0089875
REN100_Normal,2049,m6,E005_Pucara,25,0,300,0
REN100_Normal,2049,m6,N039_Paute_Cardenillo,9.0825,0,0,0
REN100_Normal,2049,m7,E003_Mazar,205,0,266.1738418,0
REN100_Normal,2049,m7,E004_Paute_Molino,60,327.1738418,0,508.4826792
REN100_Normal,2049,m7,E005_Pucara,25,0,300,0
REN100_Normal,2049,m7,N039_Paute_Cardenillo,3.0825,0,7,0
REN100_Normal,2049,m8,E003_Mazar,205,0,262,0
REN100_Normal,2049,m8,E004_Paute_Molino,102.9756483,220.0243517,0,341.9545132
REN100_Normal,2049,m8,E005_Pucara,25,0,300,0
REN100_Normal,2049,m8,N039_Paute_Cardenillo,3.0825,0,1,0
REN100_Normal,2049,m9,E003_Mazar,215.7524631,82.24283073,169.0047062,28.78499076
REN100_Normal,2049,m9,E004_Paute_Molino,120,235.2231853,0,365.5760338
REN100_Normal,2049,m9,E005_Pucara,25,0,300,0
REN100_Normal,2049,m9,N039_Paute_Cardenillo,3.0825,0,1,0
REN100_Normal,2049,m10,E003_Mazar,205,70.89301794,201.8594451,24.81255628
REN100_Normal,2049,m10,E004_Paute_Molino,67.7362655,326.0161976,0,506.683507
REN100_Normal,2049,m10,E005_Pucara,25,0,300,0
REN100_Normal,2049,m10,N039_Paute_Cardenillo,3.0825,0,1,0
REN100_Normal,2049,m11,E003_Mazar,205,196.2570836,65.74291645,68.68997924
REN100_Normal,2049,m11,E004_Paute_Molino,71.62943131,259.1068342,0,402.6952048
REN100_Normal,2049,m11,E005_Pucara,25,0,300,0
REN100_Normal,2049,m11,N039_Paute_Cardenillo,3.0825,0,1,0
REN100_Normal,2049,m12,E003_Mazar,205,179.559617,82.44038301,62.84586595
REN100_Normal,2049,m12,E004_Paute_Molino,60,274.6294313,0,426.8199078
REN100_Normal,2049,m12,E005_Pucara,25,0,300,0
REN100_Normal,2049,m12,N039_Paute_Cardenillo,4.0825,0,0,0
REN100_Normal,2050,m1,E003_Mazar,205,175.0997559,86.90024407,61.28491458
REN100_Normal,2050,m1,E004_Paute_Molino,60,263,0,408.7458333
REN100_Normal,2050,m1,E005_Pucara,25,0,300,0
REN100_Normal,2050,m1,N039_Paute_Cardenillo,4.0825,0,0,0
REN100_Normal,2050,m2,E003_Mazar,224.4234,44.89203975,197.6845602,15.71221391
REN100_Normal,2050,m2,E004_Paute_Molino,60,243.5766,0,378.5586324
REN100_Normal,2050,m2,E005_Pucara,25,0,300,0
REN100_Normal,2050,m2,N039_Paute_Cardenillo,5.0825,0,0,0
REN100_Normal,2050,m3,E003_Mazar,205,0,281.4234,0
REN100_Normal,2050,m3,E004_Paute_Molino,60,282.4234,0,438.9330342
REN100_Normal,2050,m3,E005_Pucara,25,0,300,0
REN100_Normal,2050,m3,N039_Paute_Cardenillo,6.0825,0,0,0
REN100_Normal,2050,m4,E003_Mazar,410,0,57,0
REN100_Normal,2050,m4,E004_Paute_Molino,100.4847601,17.51523994,0,27.22160207
REN100_Normal,2050,m4,E005_Pucara,25,0,300,0
REN100_Normal,2050,m4,N039_Paute_Cardenillo,7.0825,0,0,0
REN100_Normal,2050,m5,E003_Mazar,205,0,467,0
REN100_Normal,2050,m5,E004_Paute_Molino,110.4903646,457.9943954,0,711.7996229
REN100_Normal,2050,m5,E005_Pucara,25,0,300,0
REN100_Normal,2050,m5,N039_Paute_Cardenillo,8.0825,0,0,0
REN100_Normal,2050,m6,E003_Mazar,205,0,262,0
REN100_Normal,2050,m6,E004_Paute_Molino,60,313.4903646,0,487.216275
REN100_Normal,2050,m6,E005_Pucara,25,0,300,0
REN100_Normal,2050,m6,N039_Paute_Cardenillo,9.0825,0,0,0
REN100_Normal,2050,m7,E003_Mazar,205,0,262,0
REN100_Normal,2050,m7,E004_Paute_Molino,85.82200777,237.1779922,0,368.6141296
REN100_Normal,2050,m7,E005_Pucara,25,0,300,0
REN100_Normal,2050,m7,N039_Paute_Cardenillo,3.0825,0,7,0
REN100_Normal,2050,m8,E003_Mazar,205,0,262,0
REN100_Normal,2050,m8,E004_Paute_Molino,105.694825,243.1271828,0,377.8601633
REN100_Normal,2050,m8,E005_Pucara,25,0,300,0
REN100_Normal,2050,m8,N039_Paute_Cardenillo,3.0825,0,1,0
REN100_Normal,2050,m9,E003_Mazar,205,179.277535,82.72246499,62.74713725
REN100_Normal,2050,m9,E004_Paute_Molino,112.9197544,255.7750706,0,397.5170889
REN100_Normal,2050,m9,E005_Pucara,25,0,300,0
REN100_Normal,2050,m9,N039_Paute_Cardenillo,3.0825,0,1,0
REN100_Normal,2050,m10,E003_Mazar,220.134855,168.1268566,78.73828839,58.84439981
REN100_Normal,2050,m10,E004_Paute_Molino,60,300.7848994,0,467.4698645
REN100_Normal,2050,m10,E005_Pucara,25,0,300,0
REN100_Normal,2050,m10,N039_Paute_Cardenillo,3.0825,0,1,0
REN100_Normal,2050,m11,E003_Mazar,205,207.3003412,69.83451377,72.55511943
REN100_Normal,2050,m11,E004_Paute_Molino,60,278.134855,0,432.2679205
REN100_Normal,2050,m11,E005_Pucara,25,0,300,0
REN100_Normal,2050,m11,N039_Paute_Cardenillo,3.0825,0,1,0
REN100_Normal,2050,m12,E003_Mazar,205,200.1468006,61.85319935,70.05138023
REN100_Normal,2050,m12,E004_Paute_Molino,60,263,0,408.7458333
REN100_Normal,2050,m12,E005_Pucara,25,0,300,0
REN100_Normal,2050,m12,N039_Paute_Cardenillo,4.0825,0,0,0
REN100_Extreme,2025,m1,E003_Mazar,205,167.1945539,94.80544612,58.51809386
REN100_Extreme,2025,m1,E004_Paute_Molino,60,263,0,408.7458333
REN100_Extreme,2025,m1,E005_Pucara,25,28.36616224,271.6338378,27.79883899
REN100_Extreme,2025,m1,N039_Paute_Cardenillo,4.0825,0,0,0
REN100_Extreme,2025,m2,E003_Mazar,257.6518577,170.9006338,38.44750856,59.81522182
REN100_Extreme,2025,m2,E004_Paute_Molino,60,210.3481423,0,326.9160712
REN100_Extreme,2025,m2,E005_Pucara,25,25.71690924,274.2830908,25.20257105
REN100_Extreme,2025,m2,N039_Paute_Cardenillo,5.0825,0,0,0
REN100_Extreme,2025,m3,E003_Mazar,212.5838998,307.0679578,0,107.4737852
REN100_Extreme,2025,m3,E004_Paute_Molino,120,248.0679578,0,385.5389512
REN100_Extreme,2025,m3,E005_Pucara,25,45.07226404,254.927736,44.17081876
REN100_Extreme,2025,m3,N039_Paute_Cardenillo,6.0825,0,0,0
REN100_Extreme,2025,m4,E003_Mazar,256.3223837,218.2615161,0,76.39153064
REN100_Extreme,2025,m4,E004_Paute_Molino,61.02947716,278.232039,0,432.4189605
REN100_Extreme,2025,m4,E005_Pucara,25,47.19672479,252.8032752,46.25279029
REN100_Extreme,2025,m4,N039_Paute_Cardenillo,7.0825,0,0,0
REN100_Extreme,2025,m5,E003_Mazar,205,313.3223837,0,109.6628343
REN100_Extreme,2025,m5,E004_Paute_Molino,110.3950484,264.9568124,0,411.787046
REN100_Extreme,2025,m5,E005_Pucara,25,49.2996541,250.7003459,48.31366102
REN100_Extreme,2025,m5,N039_Paute_Cardenillo,8.0825,0,0,0
REN100_Extreme,2025,m6,E003_Mazar,205,130.8522954,131.1477046,45.79830339
REN100_Extreme,2025,m6,E004_Paute_Molino,60,313.3950484,0,487.0681378
REN100_Extreme,2025,m6,E005_Pucara,25,47.43294719,252.5670528,46.48428825
REN100_Extreme,2025,m6,N039_Paute_Cardenillo,9.0825,0,0,0
REN100_Extreme,2025,m7,E003_Mazar,205,262,0,91.7
REN100_Extreme,2025,m7,E004_Paute_Molino,84.8654696,238.1345304,0,370.1007493
REN100_Extreme,2025,m7,E005_Pucara,25,47.32989272,252.6701073,46.38329487
REN100_Extreme,2025,m7,N039_Paute_Cardenillo,3.0825,0,7,0
REN100_Extreme,2025,m8,E003_Mazar,227.4269318,214.1500766,25.42299156,74.95252682
REN100_Extreme,2025,m8,E004_Paute_Molino,60,265.4385378,0,412.5357275
REN100_Extreme,2025,m8,E005_Pucara,25,46.80329801,253.196702,45.86723205
REN100_Extreme,2025,m8,N039_Paute_Cardenillo,3.0825,0,1,0
REN100_Extreme,2025,m9,E003_Mazar,205,193.7414224,90.6855094,67.80949784
REN100_Extreme,2025,m9,E004_Paute_Molino,118.8647449,226.5621869,0,352.1153989
REN100_Extreme,2025,m9,E005_Pucara,25,28.54690751,271.4530925,27.97596936
REN100_Extreme,2025,m9,N039_Paute_Cardenillo,3.0825,0,1,0
REN100_Extreme,2025,m10,E003_Mazar,205,160.4758919,101.5241081,56.16656216
REN100_Extreme,2025,m10,E004_Paute_Molino,82.49506892,299.3696759,0,465.2703714
REN100_Extreme,2025,m10,E005_Pucara,25,24.07904691,275.9209531,23.59746598
REN100_Extreme,2025,m10,N039_Paute_Cardenillo,3.0825,0,1,0
REN100_Extreme,2025,m11,E003_Mazar,205,199.2905219,62.70947812,69.75168266
REN100_Extreme,2025,m11,E004_Paute_Molino,60,285.4950689,0,443.7069196
REN100_Extreme,2025,m11,E005_Pucara,25,28.04846756,271.9515324,27.48749821
REN100_Extreme,2025,m11,N039_Paute_Cardenillo,3.0825,0,1,0
REN100_Extreme,2025,m12,E003_Mazar,205,169.3373219,92.66267808,59.26806267
REN100_Extreme,2025,m12,E004_Paute_Molino,60,246.4248808,16.57511917,382.9853356
REN100_Extreme,2025,m12,E005_Pucara,25,27.89649161,272.1035084,27.33856178
REN100_Extreme,2025,m12,N039_Paute_Cardenillo,4.0825,0,0,0
REN100_Extreme,2026,m1,E003_Mazar,205,163.1298102,98.87018984,57.09543356
REN100_Extreme,2026,m1,E004_Paute_Molino,60,263,0,408.7458333
REN100_Extreme,2026,m1,E005_Pucara,25,32.23442871,267.7655713,31.58974014
REN100_Extreme,2026,m1,N039_Paute_Cardenillo,4.0825,0,0,0
REN100_Extreme,2026,m2,E003_Mazar,272.2132282,155.5825381,39.20423367,54.45388833
REN100_Extreme,2026,m2,E004_Paute_Molino,60,195.7867718,0,304.2852744
REN100_Extreme,2026,m2,E005_Pucara,25,23.20354306,276.7964569,22.7394722
REN100_Extreme,2026,m2,N039_Paute_Cardenillo,5.0825,0,0,0
REN100_Extreme,2026,m3,E003_Mazar,252.431772,281.7814563,0,98.6235097
REN100_Extreme,2026,m3,E004_Paute_Molino,79.07938113,263.7020752,0,409.8369751
REN100_Extreme,2026,m3,E005_Pucara,25,45.58064803,254.419352,44.66903507
REN100_Extreme,2026,m3,N039_Paute_Cardenillo,6.0825,0,0,0
REN100_Extreme,2026,m4,E003_Mazar,205.4342459,308.9975261,0,108.1491341
REN100_Extreme,2026,m4,E004_Paute_Molino,120,269.0769072,0,418.19036
REN100_Extreme,2026,m4,E005_Pucara,25,44.56264152,255.4373585,43.67138869
REN100_Extreme,2026,m4,N039_Paute_Cardenillo,7.0825,0,0,0
REN100_Extreme,2026,m5,E003_Mazar,248.9462054,218.4880404,0,76.47081415
REN100_Extreme,2026,m5,E004_Paute_Molino,60,279.4880404,0,434.3709962
REN100_Extreme,2026,m5,E005_Pucara,25,44.11187369,255.8881263,43.22963621
REN100_Extreme,2026,m5,N039_Paute_Cardenillo,8.0825,0,0,0
REN100_Extreme,2026,m6,E003_Mazar,206.5217111,304.4244943,0,106.548573
REN100_Extreme,2026,m6,E004_Paute_Molino,120,245.4244943,0,381.4305683
REN100_Extreme,2026,m6,E005_Pucara,25,46.89026337,253.1097366,45.95245811
REN100_Extreme,2026,m6,N039_Paute_Cardenillo,9.0825,0,0,0
REN100_Extreme,2026,m7,E003_Mazar,237.1396031,5.901129567,225.4809784,2.065395349
REN100_Extreme,2026,m7,E004_Paute_Molino,60,292.382108,0,454.4105262
REN100_Extreme,2026,m7,E005_Pucara,25,48.00967186,251.9903281,47.04947842
REN100_Extreme,2026,m7,N039_Paute_Cardenillo,3.0825,0,7,0
REN100_Extreme,2026,m8,E003_Mazar,205,294.1396031,0,102.9488611
REN100_Extreme,2026,m8,E004_Paute_Molino,116.5087297,238.6308734,0,370.872149
REN100_Extreme,2026,m8,E005_Pucara,25,47.16330843,252.8366916,46.22004226
REN100_Extreme,2026,m8,N039_Paute_Cardenillo,3.0825,0,1,0
REN100_Extreme,2026,m9,E003_Mazar,205,186.0679478,75.9320522,65.12378173
REN100_Extreme,2026,m9,E004_Paute_Molino,60,319.5087297,0,496.5698175
REN100_Extreme,2026,m9,E005_Pucara,25,25.66087999,274.33912,25.14766239
REN100_Extreme,2026,m9,N039_Paute_Cardenillo,3.0825,0,1,0
REN100_Extreme,2026,m10,E003_Mazar,232.6269994,146.1825785,88.19042204,51.16390249
REN100_Extreme,2026,m10,E004_Paute_Molino,60,235.3730006,0,365.8088717
REN100_Extreme,2026,m10,E005_Pucara,25,29.29981077,270.7001892,28.71381456
REN100_Extreme,2026,m10,N039_Paute_Cardenillo,3.0825,0,1,0
REN100_Extreme,2026,m11,E003_Mazar,205,153.9600608,135.6669387,53.88602127
REN100_Extreme,2026,m11,E004_Paute_Molino,70.74926409,255.4778032,24.39993212,397.0550858
REN100_Extreme,2026,m11,E005_Pucara,25,25.56391419,274.4360858,25.05263591
REN100_Extreme,2026,m11,N039_Paute_Cardenillo,3.0825,0,1,0
REN100_Extreme,2026,m12,E003_Mazar,205,129.6653395,132.3346605,45.38286882
REN100_Extreme,2026,m12,E004_Paute_Molino,60,273.7492641,0,425.4519813
REN100_Extreme,2026,m12,E005_Pucara,25,21.95000475,278.0499952,21.51100466
REN100_Extreme,2026,m12,N039_Paute_Cardenillo,4.0825,0,0,0
REN100_Extreme,2027,m1,E003_Mazar,245.641122,170.2858825,51.07299556,59.60005886
REN100_Extreme,2027,m1,E004_Paute_Molino,60,221.271094,1.087784054,343.8921585
REN100_Extreme,2027,m1,E005_Pucara,25,22.31442399,277.685576,21.86813551
REN100_Extreme,2027,m1,N039_Paute_Cardenillo,4.0825,0,0,0
REN100_Extreme,2027,m2,E003_Mazar,285.9122622,200.1839023,21.54495751,70.06436579
REN100_Extreme,2027,m2,E004_Paute_Molino,60,222.7288598,0,346.1577696
REN100_Extreme,2027,m2,E005_Pucara,25,30.50168628,269.4983137,29.89165255
REN100_Extreme,2027,m2,N039_Paute_Cardenillo,5.0825,0,0,0
REN100_Extreme,2027,m3,E003_Mazar,205,0,342.9122622,0
REN100_Extreme,2027,m3,E004_Paute_Molino,120,283.9122622,0,441.2469742
REN100_Extreme,2027,m3,E005_Pucara,25,47.23109908,252.7689009,46.2864771
REN100_Extreme,2027,m3,N039_Paute_Cardenillo,6.0825,0,0,0
REN100_Extreme,2027,m4,E003_Mazar,246.0779632,0,220.9220368,0
REN100_Extreme,2027,m4,E004_Paute_Molino,60,281.9220368,0,438.1538322
REN100_Extreme,2027,m4,E005_Pucara,25,49.17788158,250.8221184,48.19432395
REN100_Extreme,2027,m4,N039_Paute_Cardenillo,7.0825,0,0,0
REN100_Extreme,2027,m5,E003_Mazar,226.2524503,281.8255129,0,98.63892951
REN100_Extreme,2027,m5,E004_Paute_Molino,120,222.8255129,0,346.3079846
REN100_Extreme,2027,m5,E005_Pucara,25,48.8291443,251.1708557,47.85256142
REN100_Extreme,2027,m5,N039_Paute_Cardenillo,8.0825,0,0,0
REN100_Extreme,2027,m6,E003_Mazar,267.0019391,216.632524,4.617987227,75.82138338
REN100_Extreme,2027,m6,E004_Paute_Molino,120,222.2505112,0,345.4143361
REN100_Extreme,2027,m6,E005_Pucara,25,47.46271468,252.5372853,46.51346038
REN100_Extreme,2027,m6,N039_Paute_Cardenillo,9.0825,0,0,0
REN100_Extreme,2027,m7,E003_Mazar,329.2231039,0,199.7788352,0
REN100_Extreme,2027,m7,E004_Paute_Molino,60,260.7788352,0,405.293773
REN100_Extreme,2027,m7,E005_Pucara,25,49.2405668,250.7594332,48.25575547
REN100_Extreme,2027,m7,N039_Paute_Cardenillo,3.0825,0,7,0
REN100_Extreme,2027,m8,E003_Mazar,268.2623159,0,322.960788,0
REN100_Extreme,2027,m8,E004_Paute_Molino,120,263.960788,0,410.239058
REN100_Extreme,2027,m8,E005_Pucara,25,47.61739722,252.3826028,46.66504927
REN100_Extreme,2027,m8,N039_Paute_Cardenillo,3.0825,0,1,0
REN100_Extreme,2027,m9,E003_Mazar,251.3835475,127.9405042,150.9382642,44.77917645
REN100_Extreme,2027,m9,E004_Paute_Molino,120,279.8787684,0,434.9782525
REN100_Extreme,2027,m9,E005_Pucara,25,20.18902085,279.8109792,19.78524043
REN100_Extreme,2027,m9,N039_Paute_Cardenillo,3.0825,0,1,0
REN100_Extreme,2027,m10,E003_Mazar,251.124911,152.2165951,110.0420414,53.27580828
REN100_Extreme,2027,m10,E004_Paute_Molino,120,263.2586365,0,409.1477976
REN100_Extreme,2027,m10,E005_Pucara,25,24.34844507,275.6515549,23.86147616
REN100_Extreme,2027,m10,N039_Paute_Cardenillo,3.0825,0,1,0
REN100_Extreme,2027,m11,E003_Mazar,216.0197018,110.5870137,186.5181955,38.70545481
REN100_Extreme,2027,m11,E004_Paute_Molino,120,298.1052092,0,463.3051793
REN100_Extreme,2027,m11,E005_Pucara,25,28.31693891,271.6830611,27.75060014
REN100_Extreme,2027,m11,N039_Paute_Cardenillo,3.0825,0,1,0
REN100_Extreme,2027,m12,E003_Mazar,245.641122,176.8954128,55.48316706,61.91339447
REN100_Extreme,2027,m12,E004_Paute_Molino,60,293.3785798,0,455.9592095
REN100_Extreme,2027,m12,E005_Pucara,25,27.38808517,272.6119148,26.84032347
REN100_Extreme,2027,m12,N039_Paute_Cardenillo,4.0825,0,0,0
REN100_Extreme,2028,m1,E003_Mazar,212.8925824,171.4496147,82.65780285,60.00736515
REN100_Extreme,2028,m1,E004_Paute_Molino,85.36884176,229.7385758,0,357.0520366
REN100_Extreme,2028,m1,E005_Pucara,25,25.81313051,274.1868695,25.2968679
REN100_Extreme,2028,m1,N039_Paute_Cardenillo,4.0825,0,0,0
REN100_Extreme,2028,m2,E003_Mazar,309.9444152,164.9481672,0,57.73185852
REN100_Extreme,2028,m2,E004_Paute_Molino,60,191.317009,0,297.3385181
REN100_Extreme,2028,m2,E005_Pucara,25,29.66429975,270.3357002,29.07101376
REN100_Extreme,2028,m2,N039_Paute_Cardenillo,5.0825,0,0,0
REN100_Extreme,2028,m3,E003_Mazar,270.4820014,301.4624138,0,105.5118448
REN100_Extreme,2028,m3,E004_Paute_Molino,75.19102591,287.2713879,0,446.4676154
REN100_Extreme,2028,m3,E005_Pucara,25,49.34616377,250.6538362,48.3592405
REN100_Extreme,2028,m3,N039_Paute_Cardenillo,6.0825,0,0,0
REN100_Extreme,2028,m4,E003_Mazar,227.0247818,305.4572196,0,106.9100269
REN100_Extreme,2028,m4,E004_Paute_Molino,60,321.6482456,0,499.8949816
REN100_Extreme,2028,m4,E005_Pucara,25,49.00574643,250.9942536,48.0256315
REN100_Extreme,2028,m4,N039_Paute_Cardenillo,7.0825,0,0,0
REN100_Extreme,2028,m5,E003_Mazar,205,284.0247818,0,99.40867362
REN100_Extreme,2028,m5,E004_Paute_Molino,60,285.0247818,0,442.976015
REN100_Extreme,2028,m5,E005_Pucara,25,46.24908719,253.7509128,45.32410545
REN100_Extreme,2028,m5,N039_Paute_Cardenillo,8.0825,0,0,0
REN100_Extreme,2028,m6,E003_Mazar,205,262,0,91.7
REN100_Extreme,2028,m6,E004_Paute_Molino,60,263,0,408.7458333
REN100_Extreme,2028,m6,E005_Pucara,25,44.46655112,255.5334489,43.5772201
REN100_Extreme,2028,m6,N039_Paute_Cardenillo,9.0825,0,0,0
REN100_Extreme,2028,m7,E003_Mazar,205,262,0,91.7
REN100_Extreme,2028,m7,E004_Paute_Molino,107.5507687,215.4492313,0,334.8440137
REN100_Extreme,2028,m7,E005_Pucara,25,47.09753743,252.9024626,46.15558668
REN100_Extreme,2028,m7,N039_Paute_Cardenillo,3.0825,0,7,0
REN100_Extreme,2028,m8,E003_Mazar,205,262,0,91.7
REN100_Extreme,2028,m8,E004_Paute_Molino,70.54360237,300.0071663,0,466.2611376
REN100_Extreme,2028,m8,E005_Pucara,25,46.61727143,253.3827286,45.68492601
REN100_Extreme,2028,m8,N039_Paute_Cardenillo,3.0825,0,1,0
REN100_Extreme,2028,m9,E003_Mazar,236.8256408,157.4349322,72.73942705,55.10222627
REN100_Extreme,2028,m9,E004_Paute_Molino,60,241.7179616,0,375.6699987
REN100_Extreme,2028,m9,E005_Pucara,25,27.08273269,272.9172673,26.54107803
REN100_Extreme,2028,m9,N039_Paute_Cardenillo,3.0825,0,1,0
REN100_Extreme,2028,m10,E003_Mazar,205,144.8455938,148.9800469,50.69595785
REN100_Extreme,2028,m10,E004_Paute_Molino,60,294.8256408,0,458.2081833
REN100_Extreme,2028,m10,E005_Pucara,25,23.92435586,276.0756441,23.44586874
REN100_Extreme,2028,m10,N039_Paute_Cardenillo,3.0825,0,1,0
REN100_Extreme,2028,m11,E003_Mazar,215.1850867,170.121742,81.69317122,59.54260971
REN100_Extreme,2028,m11,E004_Paute_Molino,60,252.8149133,0,392.916511
REN100_Extreme,2028,m11,E005_Pucara,25,27.17043857,272.8295614,26.6270298
REN100_Extreme,2028,m11,N039_Paute_Cardenillo,3.0825,0,1,0
REN100_Extreme,2028,m12,E003_Mazar,212.8925824,189.2249831,75.06752118,66.2287441
REN100_Extreme,2028,m12,E004_Paute_Molino,85.36884176,239.9236625,0,372.8813589
REN100_Extreme,2028,m12,E005_Pucara,25,30.61149007,269.3885099,29.99926026
REN100_Extreme,2028,m12,N039_Paute_Cardenillo,4.0825,0,0,0
REN100_Extreme,2029,m1,E003_Mazar,281.3346575,175.9926831,9.672659338,61.59743909
REN100_Extreme,2029,m1,E004_Paute_Molino,60,186.6653425,0,290.1090531
REN100_Extreme,2029,m1,E005_Pucara,25,28.32354847,271.6764515,27.7570775
REN100_Extreme,2029,m1,N039_Paute_Cardenillo,4.0825,0,0,0
REN100_Extreme,2029,m2,E003_Mazar,332.7302054,173.0390349,37.56541721,60.56366222
REN100_Extreme,2029,m2,E004_Paute_Molino,60,211.6044521,0,328.868586
REN100_Extreme,2029,m2,E005_Pucara,25,26.04914412,273.9508559,25.52816124
REN100_Extreme,2029,m2,N039_Paute_Cardenillo,5.0825,0,0,0
REN100_Extreme,2029,m3,E003_Mazar,278.8564568,315.8737486,0,110.555812
REN100_Extreme,2029,m3,E004_Paute_Molino,83.31607547,293.5576731,0,456.2375503
REN100_Extreme,2029,m3,E005_Pucara,25,45.22505276,254.7749472,44.32055171
REN100_Extreme,2029,m3,N039_Paute_Cardenillo,6.0825,0,0,0
REN100_Extreme,2029,m4,E003_Mazar,227.9326052,312.9238516,0,109.523348
REN100_Extreme,2029,m4,E004_Paute_Molino,84.69812426,312.5418028,0,485.7420518
REN100_Extreme,2029,m4,E005_Pucara,25,42.89682481,257.1031752,42.03888831
REN100_Extreme,2029,m4,N039_Paute_Cardenillo,7.0825,0,0,0
REN100_Extreme,2029,m5,E003_Mazar,205,284.9326052,0,99.72641183
REN100_Extreme,2029,m5,E004_Paute_Molino,60,310.6307295,0,482.7719254
REN100_Extreme,2029,m5,E005_Pucara,25,48.71164893,251.2883511,47.73741595
REN100_Extreme,2029,m5,N039_Paute_Cardenillo,8.0825,0,0,0
REN100_Extreme,2029,m6,E003_Mazar,205,262,0,91.7
REN100_Extreme,2029,m6,E004_Paute_Molino,60,263,0,408.7458333
REN100_Extreme,2029,m6,E005_Pucara,25,44.48811375,255.5118862,43.59835148
REN100_Extreme,2029,m6,N039_Paute_Cardenillo,9.0825,0,0,0
REN100_Extreme,2029,m7,E003_Mazar,205,262,0,91.7
REN100_Extreme,2029,m7,E004_Paute_Molino,60,263,0,408.7458333
REN100_Extreme,2029,m7,E005_Pucara,25,46.41878523,253.5812148,45.49040952
REN100_Extreme,2029,m7,N039_Paute_Cardenillo,3.0825,0,7,0
REN100_Extreme,2029,m8,E003_Mazar,205,262,0,91.7
REN100_Extreme,2029,m8,E004_Paute_Molino,60,263,0,408.7458333
REN100_Extreme,2029,m8,E005_Pucara,25,48.61079915,251.3892009,47.63858316
REN100_Extreme,2029,m8,N039_Paute_Cardenillo,3.0825,0,1,0
REN100_Extreme,2029,m9,E003_Mazar,205,168.0639197,93.93608028,58.8223719
REN100_Extreme,2029,m9,E004_Paute_Molino,90.5781715,216.7784014,15.64342715,336.9097654
REN100_Extreme,2029,m9,E005_Pucara,25,20.9052749,279.0947251,20.4871694
REN100_Extreme,2029,m9,N039_Paute_Cardenillo,3.0825,0,1,0
REN100_Extreme,2029,m10,E003_Mazar,205,181.659229,80.34077098,63.58073016
REN100_Extreme,2029,m10,E004_Paute_Molino,120,233.5781715,0,363.0194082
REN100_Extreme,2029,m10,E005_Pucara,25,22.11359274,277.8864073,21.67132088
REN100_Extreme,2029,m10,N039_Paute_Cardenillo,3.0825,0,1,0
REN100_Extreme,2029,m11,E003_Mazar,240.4050042,180.1874515,46.4075443,63.06560802
REN100_Extreme,2029,m11,E004_Paute_Molino,60,205.1818669,82.4131289,318.8868181
REN100_Extreme,2029,m11,E005_Pucara,25,26.58206472,273.4179353,26.05042343
REN100_Extreme,2029,m11,N039_Paute_Cardenillo,3.0825,0,1,0
REN100_Extreme,2029,m12,E003_Mazar,281.3346575,203.6150135,17.45533322,71.26525471
REN100_Extreme,2029,m12,E004_Paute_Molino,60,222.0703467,0,345.1343305
REN100_Extreme,2029,m12,E005_Pucara,25,22.9532365,277.0467635,22.49417177
REN100_Extreme,2029,m12,N039_Paute_Cardenillo,4.0825,0,0,0
REN100_Extreme,2030,m1,E003_Mazar,266.0171345,180.768873,20.21399251,63.26910556
REN100_Extreme,2030,m1,E004_Paute_Molino,60,201.9828655,0,313.9150368
REN100_Extreme,2030,m1,E005_Pucara,25,30.16259175,269.8374082,29.55933992
REN100_Extreme,2030,m1,N039_Paute_Cardenillo,4.0825,0,0,0
REN100_Extreme,2030,m2,E003_Mazar,335.6116064,183.7992612,8.606266845,64.32974143
REN100_Extreme,2030,m2,E004_Paute_Molino,60,193.4055281,0,300.5844249
REN100_Extreme,2030,m2,E005_Pucara,25,22.10535302,277.894647,21.66324596
REN100_Extreme,2030,m2,N039_Paute_Cardenillo,5.0825,0,0,0
REN100_Extreme,2030,m3,E003_Mazar,288.3210622,309.2905442,0,108.2516905
REN100_Extreme,2030,m3,E004_Paute_Molino,95.59589223,274.694652,0,426.9212717
REN100_Extreme,2030,m3,E005_Pucara,25,48.68266405,251.317336,47.70901077
REN100_Extreme,2030,m3,N039_Paute_Cardenillo,6.0825,0,0,0
REN100_Extreme,2030,m4,E003_Mazar,248.93458,301.3864821,0,105.4852687
REN100_Extreme,2030,m4,E004_Paute_Molino,60,337.9823743,0,525.2809401
REN100_Extreme,2030,m4,E005_Pucara,25,46.44446149,253.5555385,45.51557226
REN100_Extreme,2030,m4,N039_Paute_Cardenillo,7.0825,0,0,0
REN100_Extreme,2030,m5,E003_Mazar,205,305.93458,0,107.077103
REN100_Extreme,2030,m5,E004_Paute_Molino,60,306.93458,0,477.0274932
REN100_Extreme,2030,m5,E005_Pucara,25,44.87889241,255.1211076,43.98131457
REN100_Extreme,2030,m5,N039_Paute_Cardenillo,8.0825,0,0,0
REN100_Extreme,2030,m6,E003_Mazar,205,262,0,91.7
REN100_Extreme,2030,m6,E004_Paute_Molino,60,263,0,408.7458333
REN100_Extreme,2030,m6,E005_Pucara,25,46.06552822,253.9344718,45.14421766
REN100_Extreme,2030,m6,N039_Paute_Cardenillo,9.0825,0,0,0
REN100_Extreme,2030,m7,E003_Mazar,216.6355878,250.3644122,0,87.62754428
REN100_Extreme,2030,m7,E004_Paute_Molino,60,251.3644122,0,390.6621907
REN100_Extreme,2030,m7,E005_Pucara,25,48.35305183,251.6469482,47.38599079
REN100_Extreme,2030,m7,N039_Paute_Cardenillo,3.0825,0,7,0
REN100_Extreme,2030,m8,E003_Mazar,205,273.6355878,0,95.77245572
REN100_Extreme,2030,m8,E004_Paute_Molino,60,274.6355878,0,426.829476
REN100_Extreme,2030,m8,E005_Pucara,25,45.78738192,254.2126181,44.87163428
REN100_Extreme,2030,m8,N039_Paute_Cardenillo,3.0825,0,1,0
REN100_Extreme,2030,m9,E003_Mazar,205,200.1316718,61.86832818,70.04608514
REN100_Extreme,2030,m9,E004_Paute_Molino,60,263,0,408.7458333
REN100_Extreme,2030,m9,E005_Pucara,25,32.75465699,267.245343,32.09956385
REN100_Extreme,2030,m9,N039_Paute_Cardenillo,3.0825,0,1,0
REN100_Extreme,2030,m10,E003_Mazar,205,156.5176791,105.4823209,54.78118767
REN100_Extreme,2030,m10,E004_Paute_Molino,60,263,0,408.7458333
REN100_Extreme,2030,m10,E005_Pucara,25,27.65113616,272.3488638,27.09811344
REN100_Extreme,2030,m10,N039_Paute_Cardenillo,3.0825,0,1,0
REN100_Extreme,2030,m11,E003_Mazar,205,175.9611056,86.03889437,61.58638697
REN100_Extreme,2030,m11,E004_Paute_Molino,60,263,0,408.7458333
REN100_Extreme,2030,m11,E005_Pucara,25,19.38029077,280.6197092,18.99268496
REN100_Extreme,2030,m11,N039_Paute_Cardenillo,3.0825,0,1,0
REN100_Extreme,2030,m12,E003_Mazar,266.0171345,170.4713513,30.51151422,59.66497296
REN100_Extreme,2030,m12,E004_Paute_Molino,60,200.3556839,1.627181585,311.3861255
REN100_Extreme,2030,m12,E005_Pucara,25,23.82481017,276.1751898,23.34831396
REN100_Extreme,2030,m12,N039_Paute_Cardenillo,4.0825,0,0,0
REN100_Extreme,2031,m1,E003_Mazar,216.9251661,187.448351,62.62648286,65.60692286
REN100_Extreme,2031,m1,E004_Paute_Molino,60,251.0748339,0,390.2121377
REN100_Extreme,2031,m1,E005_Pucara,25,31.17870215,268.8212978,30.55512811
REN100_Extreme,2031,m1,N039_Paute_Cardenillo,4.0825,0,0,0
REN100_Extreme,2031,m2,E003_Mazar,205,166.1322204,107.7929457,58.14627714
REN100_Extreme,2031,m2,E004_Paute_Molino,62.09966781,272.8254983,0,424.0162953
REN100_Extreme,2031,m2,E005_Pucara,25,29.49422561,270.5057744,28.90434109
REN100_Extreme,2031,m2,N039_Paute_Cardenillo,5.0825,0,0,0
REN100_Extreme,2031,m3,E003_Mazar,205,124.453944,137.546056,43.5588804
REN100_Extreme,2031,m3,E004_Paute_Molino,60,265.0996678,0,412.009067
REN100_Extreme,2031,m3,E005_Pucara,25,45.37785675,254.6221432,44.47029962
REN100_Extreme,2031,m3,N039_Paute_Cardenillo,6.0825,0,0,0
REN100_Extreme,2031,m4,E003_Mazar,205,19.84640816,242.1535918,6.946242855
REN100_Extreme,2031,m4,E004_Paute_Molino,96.73486643,226.2651336,0,351.6537284
REN100_Extreme,2031,m4,E005_Pucara,25,45.35489699,254.645103,44.44779905
REN100_Extreme,2031,m4,N039_Paute_Cardenillo,7.0825,0,0,0
REN100_Extreme,2031,m5,E003_Mazar,205,0,262,0
REN100_Extreme,2031,m5,E004_Paute_Molino,60,299.7348664,0,465.8379382
REN100_Extreme,2031,m5,E005_Pucara,25,45.02592792,254.9740721,44.12540936
REN100_Extreme,2031,m5,N039_Paute_Cardenillo,8.0825,0,0,0
REN100_Extreme,2031,m6,E003_Mazar,205,50.88798892,211.1120111,17.81079612
REN100_Extreme,2031,m6,E004_Paute_Molino,60,263,0,408.7458333
REN100_Extreme,2031,m6,E005_Pucara,25,45.08399751,254.9160025,44.18231756
REN100_Extreme,2031,m6,N039_Paute_Cardenillo,9.0825,0,0,0
REN100_Extreme,2031,m7,E003_Mazar,222.1675725,0,244.8324275,0
REN100_Extreme,2031,m7,E004_Paute_Molino,120,185.8324275,0,288.8145643
REN100_Extreme,2031,m7,E005_Pucara,25,47.27409966,252.7259003,46.32861767
REN100_Extreme,2031,m7,N039_Paute_Cardenillo,3.0825,0,7,0
REN100_Extreme,2031,m8,E003_Mazar,210.5520253,0,273.6155472,0
REN100_Extreme,2031,m8,E004_Paute_Molino,60,334.6155472,0,520.0483296
REN100_Extreme,2031,m8,E005_Pucara,25,48.66406922,251.3359308,47.69078784
REN100_Extreme,2031,m8,N039_Paute_Cardenillo,3.0825,0,1,0
REN100_Extreme,2031,m9,E003_Mazar,205,156.885531,110.6664944,54.90993583
REN100_Extreme,2031,m9,E004_Paute_Molino,86.52091806,242.0311073,0,376.1566792
REN100_Extreme,2031,m9,E005_Pucara,25,20.75080626,279.2491937,20.33579013
REN100_Extreme,2031,m9,N039_Paute_Cardenillo,3.0825,0,1,0
REN100_Extreme,2031,m10,E003_Mazar,205,133.2348585,128.7651415,46.63220048
REN100_Extreme,2031,m10,E004_Paute_Molino,88.43178276,261.0891353,0,405.7760311
REN100_Extreme,2031,m10,E005_Pucara,25,31.68297012,268.3170299,31.04931072
REN100_Extreme,2031,m10,N039_Paute_Cardenillo,3.0825,0,1,0
REN100_Extreme,2031,m11,E003_Mazar,205,141.1826398,120.8173602,49.41392393
REN100_Extreme,2031,m11,E004_Paute_Molino,60,291.4317828,0,452.9335624
REN100_Extreme,2031,m11,E005_Pucara,25,30.90508116,269.0949188,30.28697954
REN100_Extreme,2031,m11,N039_Paute_Cardenillo,3.0825,0,1,0
REN100_Extreme,2031,m12,E003_Mazar,216.9251661,156.8245051,93.25032878,54.88857679
REN100_Extreme,2031,m12,E004_Paute_Molino,60,251.0748339,0,390.2121377
REN100_Extreme,2031,m12,E005_Pucara,25,28.09499083,271.9050092,27.53309101
REN100_Extreme,2031,m12,N039_Paute_Cardenillo,4.0825,0,0,0
REN100_Extreme,2032,m1,E003_Mazar,240.5009044,190.3530717,36.14602389,66.62357509
REN100_Extreme,2032,m1,E004_Paute_Molino,60,227.4990956,0,353.571511
REN100_Extreme,2032,m1,E005_Pucara,25,26.06872216,273.9312778,25.54734772
REN100_Extreme,2032,m1,N039_Paute_Cardenillo,4.0825,0,0,0
REN100_Extreme,2032,m2,E003_Mazar,305.4608225,197.0400819,0,68.96402867
REN100_Extreme,2032,m2,E004_Paute_Molino,60,198.0400819,0,307.787294
REN100_Extreme,2032,m2,E005_Pucara,25,31.59643895,268.403561,30.96451017
REN100_Extreme,2032,m2,N039_Paute_Cardenillo,5.0825,0,0,0
REN100_Extreme,2032,m3,E003_Mazar,288.4658827,278.9949399,0,97.64822895
REN100_Extreme,2032,m3,E004_Paute_Molino,110.6970364,229.2979035,0,356.3671584
REN100_Extreme,2032,m3,E005_Pucara,25,47.6203514,252.3796486,46.66794437
REN100_Extreme,2032,m3,N039_Paute_Cardenillo,6.0825,0,0,0
REN100_Extreme,2032,m4,E003_Mazar,250.6573716,299.808511,0,104.9329789
REN100_Extreme,2032,m4,E004_Paute_Molino,60,351.5055474,0,546.2982049
REN100_Extreme,2032,m4,E005_Pucara,25,44.81663753,255.1833625,43.92030478
REN100_Extreme,2032,m4,N039_Paute_Cardenillo,7.0825,0,0,0
REN100_Extreme,2032,m5,E003_Mazar,208.2295908,304.4277808,0,106.5497233
REN100_Extreme,2032,m5,E004_Paute_Molino,110.0242523,255.4035285,0,396.9396505
REN100_Extreme,2032,m5,E005_Pucara,25,48.30171401,251.698286,47.33567973
REN100_Extreme,2032,m5,N039_Paute_Cardenillo,8.0825,0,0,0
REN100_Extreme,2032,m6,E003_Mazar,205,265.2295908,0,92.8303568
REN100_Extreme,2032,m6,E004_Paute_Molino,60,316.2538432,0,491.5111813
REN100_Extreme,2032,m6,E005_Pucara,25,48.99949536,251.0005046,48.01950545
REN100_Extreme,2032,m6,N039_Paute_Cardenillo,9.0825,0,0,0
REN100_Extreme,2032,m7,E003_Mazar,205,167.0658717,94.93412832,58.47305509
REN100_Extreme,2032,m7,E004_Paute_Molino,60,263,0,408.7458333
REN100_Extreme,2032,m7,E005_Pucara,25,47.95064528,252.0493547,46.99163238
REN100_Extreme,2032,m7,N039_Paute_Cardenillo,3.0825,0,7,0
REN100_Extreme,2032,m8,E003_Mazar,205,18.21024598,243.789754,6.373586092
REN100_Extreme,2032,m8,E004_Paute_Molino,60,263,0,408.7458333
REN100_Extreme,2032,m8,E005_Pucara,25,49.8285684,250.1714316,48.83199703
REN100_Extreme,2032,m8,N039_Paute_Cardenillo,3.0825,0,1,0
REN100_Extreme,2032,m9,E003_Mazar,205,149.7014679,112.2985321,52.39551376
REN100_Extreme,2032,m9,E004_Paute_Molino,70.97671212,252.0232879,0,391.6861932
REN100_Extreme,2032,m9,E005_Pucara,25,26.3685344,273.6314656,25.84116371
REN100_Extreme,2032,m9,N039_Paute_Cardenillo,3.0825,0,1,0
REN100_Extreme,2032,m10,E003_Mazar,253.6733079,136.9570937,76.36959836,47.9349828
REN100_Extreme,2032,m10,E004_Paute_Molino,60,225.3034042,0,350.1590407
REN100_Extreme,2032,m10,E005_Pucara,25,21.78606304,278.213937,21.35034178
REN100_Extreme,2032,m10,N039_Paute_Cardenillo,3.0825,0,1,0
REN100_Extreme,2032,m11,E003_Mazar,205,104.652687,206.0206209,36.62844045
REN100_Extreme,2032,m11,E004_Paute_Molino,106.5181372,265.1551707,0,412.0953279
REN100_Extreme,2032,m11,E005_Pucara,25,22.56548396,277.434516,22.11417428
REN100_Extreme,2032,m11,N039_Paute_Cardenillo,3.0825,0,1,0
REN100_Extreme,2032,m12,E003_Mazar,240.5009044,178.1079165,48.39117905,62.33777078
REN100_Extreme,2032,m12,E004_Paute_Molino,60,274.0172328,0,425.8684493
REN100_Extreme,2032,m12,E005_Pucara,25,27.30271081,272.6972892,26.7566566
REN100_Extreme,2032,m12,N039_Paute_Cardenillo,4.0825,0,0,0
REN100_Extreme,2033,m1,E003_Mazar,205,134.1534899,127.8465101,46.95372146
REN100_Extreme,2033,m1,E004_Paute_Molino,60,263,0,408.7458333
REN100_Extreme,2033,m1,E005_Pucara,25,26.48698093,273.5130191,25.95724131
REN100_Extreme,2033,m1,N039_Paute_Cardenillo,4.0825,0,0,0
REN100_Extreme,2033,m2,E003_Mazar,285.9082192,166.3052667,14.78651407,58.20684334
REN100_Extreme,2033,m2,E004_Paute_Molino,60,182.0917808,0,283.0009759
REN100_Extreme,2033,m2,E005_Pucara,25,27.4024204,272.5975796,26.85437199
REN100_Extreme,2033,m2,N039_Paute_Cardenillo,5.0825,0,0,0
REN100_Extreme,2033,m3,E003_Mazar,230.809498,317.0987213,0,110.9845524
REN100_Extreme,2033,m3,E004_Paute_Molino,83.35793009,294.7407912,0,458.0763129
REN100_Extreme,2033,m3,E005_Pucara,25,48.41773909,251.5822609,47.44938431
REN100_Extreme,2033,m3,N039_Paute_Cardenillo,6.0825,0,0,0
REN100_Extreme,2033,m4,E003_Mazar,205,287.809498,0,100.7333243
REN100_Extreme,2033,m4,E004_Paute_Molino,64.71824705,307.449181,0,477.8272688
REN100_Extreme,2033,m4,E005_Pucara,25,43.76610559,256.2338944,42.89078348
REN100_Extreme,2033,m4,N039_Paute_Cardenillo,7.0825,0,0,0
REN100_Extreme,2033,m5,E003_Mazar,205,224.1140106,37.88598937,78.43990372
REN100_Extreme,2033,m5,E004_Paute_Molino,60,267.7182471,0,416.0787756
REN100_Extreme,2033,m5,E005_Pucara,25,45.18573923,254.8142608,44.28202444
REN100_Extreme,2033,m5,N039_Paute_Cardenillo,8.0825,0,0,0
REN100_Extreme,2033,m6,E003_Mazar,205,0,262,0
REN100_Extreme,2033,m6,E004_Paute_Molino,60,263,0,408.7458333
REN100_Extreme,2033,m6,E005_Pucara,25,47.34682557,252.6531744,46.39988906
REN100_Extreme,2033,m6,N039_Paute_Cardenillo,9.0825,0,0,0
REN100_Extreme,2033,m7,E003_Mazar,212.2799496,0,254.7200504,0
REN100_Extreme,2033,m7,E004_Paute_Molino,120,195.7200504,0,304.1815783
REN100_Extreme,2033,m7,E005_Pucara,25,46.66267892,253.3373211,45.72942534
REN100_Extreme,2033,m7,N039_Paute_Cardenillo,3.0825,0,7,0
REN100_Extreme,2033,m8,E003_Mazar,205,0,269.2799496,0
REN100_Extreme,2033,m8,E004_Paute_Molino,60,330.2799496,0,513.3100883
REN100_Extreme,2033,m8,E005_Pucara,25,49.84043021,250.1595698,48.84362161
REN100_Extreme,2033,m8,N039_Paute_Cardenillo,3.0825,0,1,0
REN100_Extreme,2033,m9,E003_Mazar,205,137.3429872,124.6570128,48.07004551
REN100_Extreme,2033,m9,E004_Paute_Molino,60.74966642,259.5335659,2.716767677,403.358417
REN100_Extreme,2033,m9,E005_Pucara,25,24.39318448,275.6068155,23.90532079
REN100_Extreme,2033,m9,N039_Paute_Cardenillo,3.0825,0,1,0
REN100_Extreme,2033,m10,E003_Mazar,205,127.2982787,134.7017213,44.55439755
REN100_Extreme,2033,m10,E004_Paute_Molino,60,263.7496664,0,409.9109399
REN100_Extreme,2033,m10,E005_Pucara,25,28.23498469,271.7650153,27.67028499
REN100_Extreme,2033,m10,N039_Paute_Cardenillo,3.0825,0,1,0
REN100_Extreme,2033,m11,E003_Mazar,205,127.4002904,134.5997096,44.59010163
REN100_Extreme,2033,m11,E004_Paute_Molino,60,231.9783384,31.02166161,360.5330009
REN100_Extreme,2033,m11,E005_Pucara,25,30.80416098,269.195839,30.18807776
REN100_Extreme,2033,m11,N039_Paute_Cardenillo,3.0825,0,1,0
REN100_Extreme,2033,m12,E003_Mazar,205,141.9005938,120.0994062,49.66520783
REN100_Extreme,2033,m12,E004_Paute_Molino,60,244.3537461,18.64625395,379.766447
REN100_Extreme,2033,m12,E005_Pucara,25,22.93993566,277.0600643,22.48113694
REN100_Extreme,2033,m12,N039_Paute_Cardenillo,4.0825,0,0,0
REN100_Extreme,2034,m1,E003_Mazar,263.0254841,192.947711,11.02680492,67.53169884
REN100_Extreme,2034,m1,E004_Paute_Molino,60,204.9745159,0,318.5645601
REN100_Extreme,2034,m1,E005_Pucara,25,28.8075588,271.1924412,28.23140762
REN100_Extreme,2034,m1,N039_Paute_Cardenillo,4.0825,0,0,0
REN100_Extreme,2034,m2,E003_Mazar,297.9830935,145.5213898,81.52100071,50.93248645
REN100_Extreme,2034,m2,E004_Paute_Molino,60,228.0423906,0,354.415882
REN100_Extreme,2034,m2,E005_Pucara,25,30.00208779,269.9979122,29.40204604
REN100_Extreme,2034,m2,N039_Paute_Cardenillo,5.0825,0,0,0
REN100_Extreme,2034,m3,E003_Mazar,266.1319585,293.851135,0,102.8478973
REN100_Extreme,2034,m3,E004_Paute_Molino,60,294.851135,0,458.2478057
REN100_Extreme,2034,m3,E005_Pucara,25,49.18965299,250.810347,48.20585993
REN100_Extreme,2034,m3,N039_Paute_Cardenillo,6.0825,0,0,0
REN100_Extreme,2034,m4,E003_Mazar,231.9241066,296.2078519,0,103.6727482
REN100_Extreme,2034,m4,E004_Paute_Molino,73.80201054,283.4058414,0,440.4599118
REN100_Extreme,2034,m4,E005_Pucara,25,47.01078252,252.9892175,46.07056687
REN100_Extreme,2034,m4,N039_Paute_Cardenillo,7.0825,0,0,0
REN100_Extreme,2034,m5,E003_Mazar,205,288.9241066,0,101.1234373
REN100_Extreme,2034,m5,E004_Paute_Molino,60,303.7261172,0,472.0410071
REN100_Extreme,2034,m5,E005_Pucara,25,48.82273708,251.1772629,47.84628233
REN100_Extreme,2034,m5,N039_Paute_Cardenillo,8.0825,0,0,0
REN100_Extreme,2034,m6,E003_Mazar,205,0,262,0
REN100_Extreme,2034,m6,E004_Paute_Molino,60,263,0,408.7458333
REN100_Extreme,2034,m6,E005_Pucara,25,46.15493092,253.8450691,45.2318323
REN100_Extreme,2034,m6,N039_Paute_Cardenillo,9.0825,0,0,0
REN100_Extreme,2034,m7,E003_Mazar,205,0,262,0
REN100_Extreme,2034,m7,E004_Paute_Molino,67.10696536,255.8930346,0,397.7004247
REN100_Extreme,2034,m7,E005_Pucara,25,43.93720554,256.0627945,43.05846143
REN100_Extreme,2034,m7,N039_Paute_Cardenillo,3.0825,0,7,0
REN100_Extreme,2034,m8,E003_Mazar,205,0,262,0
REN100_Extreme,2034,m8,E004_Paute_Molino,64.61611334,265.490852,0,412.6170325
REN100_Extreme,2034,m8,E005_Pucara,25,46.37296301,253.627037,45.44550375
REN100_Extreme,2034,m8,N039_Paute_Cardenillo,3.0825,0,1,0
REN100_Extreme,2034,m9,E003_Mazar,205,149.0468428,112.9531572,52.16639498
REN100_Extreme,2034,m9,E004_Paute_Molino,92.56711726,235.0489961,0,365.3053147
REN100_Extreme,2034,m9,E005_Pucara,25,24.05858779,275.9414122,23.57741604
REN100_Extreme,2034,m9,N039_Paute_Cardenillo,3.0825,0,1,0
REN100_Extreme,2034,m10,E003_Mazar,205,158.066823,103.933177,55.32338805
REN100_Extreme,2034,m10,E004_Paute_Molino,60,295.5671173,0,459.3605614
REN100_Extreme,2034,m10,E005_Pucara,25,24.75291385,275.2470862,24.25785557
REN100_Extreme,2034,m10,N039_Paute_Cardenillo,3.0825,0,1,0
REN100_Extreme,2034,m11,E003_Mazar,205,171.4624812,90.53751877,60.01186843
REN100_Extreme,2034,m11,E004_Paute_Molino,60,204.7444782,58.2555218,318.2070432
REN100_Extreme,2034,m11,E005_Pucara,25,27.97843651,272.0215635,27.41886778
REN100_Extreme,2034,m11,N039_Paute_Cardenillo,3.0825,0,1,0
REN100_Extreme,2034,m12,E003_Mazar,263.0254841,167.11995,36.85456594,58.49198249
REN100_Extreme,2034,m12,E004_Paute_Molino,60,189.9346731,15.03984277,295.1901378
REN100_Extreme,2034,m12,E005_Pucara,25,25.08733788,274.9126621,24.58559112
REN100_Extreme,2034,m12,N039_Paute_Cardenillo,4.0825,0,0,0
REN100_Extreme,2035,m1,E003_Mazar,250.8772002,183.4555383,32.66726157,64.20943839
REN100_Extreme,2035,m1,E004_Paute_Molino,120,157.1227998,0,244.1950181
REN100_Extreme,2035,m1,E005_Pucara,25,32.79541567,267.2045843,32.13950736
REN100_Extreme,2035,m1,N039_Paute_Cardenillo,4.0825,0,0,0
REN100_Extreme,2035,m2,E003_Mazar,327.6807797,185.1964205,0,64.81874717
REN100_Extreme,2035,m2,E004_Paute_Molino,87.74228131,218.4541392,0,339.5141413
REN100_Extreme,2035,m2,E005_Pucara,25,27.84700116,272.1529988,27.29006114
REN100_Extreme,2035,m2,N039_Paute_Cardenillo,5.0825,0,0,0
REN100_Extreme,2035,m3,E003_Mazar,298.635148,283.5590368,7.486594865,99.24566289
REN100_Extreme,2035,m3,E004_Paute_Molino,60,319.787913,0,497.0037148
REN100_Extreme,2035,m3,E005_Pucara,25,44.65736882,255.3426312,43.76422145
REN100_Extreme,2035,m3,N039_Paute_Cardenillo,6.0825,0,0,0
REN100_Extreme,2035,m4,E003_Mazar,221.6719864,272.2440298,66.7191318,95.28541042
REN100_Extreme,2035,m4,E004_Paute_Molino,93.38478173,306.5783798,0,476.4738987
REN100_Extreme,2035,m4,E005_Pucara,25,44.81158173,255.1884183,43.91535009
REN100_Extreme,2035,m4,N039_Paute_Cardenillo,7.0825,0,0,0
REN100_Extreme,2035,m5,E003_Mazar,205,278.6719864,0,97.53519525
REN100_Extreme,2035,m5,E004_Paute_Molino,60,313.0567681,0,486.5423938
REN100_Extreme,2035,m5,E005_Pucara,25,46.27636378,253.7236362,45.35083651
REN100_Extreme,2035,m5,N039_Paute_Cardenillo,8.0825,0,0,0
REN100_Extreme,2035,m6,E003_Mazar,207.8326534,163.2972984,95.87004822,57.15405442
REN100_Extreme,2035,m6,E004_Paute_Molino,60,260.1673466,0,404.3434178
REN100_Extreme,2035,m6,E005_Pucara,25,47.27251501,252.727485,46.32706471
REN100_Extreme,2035,m6,N039_Paute_Cardenillo,9.0825,0,0,0
REN100_Extreme,2035,m7,E003_Mazar,205,0,264.8326534,0
REN100_Extreme,2035,m7,E004_Paute_Molino,60,265.8326534,0,413.1482489
REN100_Extreme,2035,m7,E005_Pucara,25,44.77594876,255.2240512,43.88042978
REN100_Extreme,2035,m7,N039_Paute_Cardenillo,3.0825,0,7,0
REN100_Extreme,2035,m8,E003_Mazar,205,0,262,0
REN100_Extreme,2035,m8,E004_Paute_Molino,60,263,0,408.7458333
REN100_Extreme,2035,m8,E005_Pucara,25,44.94704541,255.0529546,44.0481045
REN100_Extreme,2035,m8,N039_Paute_Cardenillo,3.0825,0,1,0
REN100_Extreme,2035,m9,E003_Mazar,205,104.3400253,157.6599747,36.51900887
REN100_Extreme,2035,m9,E004_Paute_Molino,88.04578043,234.7046368,0.2495827753,364.770123
REN100_Extreme,2035,m9,E005_Pucara,25,24.90238974,275.0976103,24.40434195
REN100_Extreme,2035,m9,N039_Paute_Cardenillo,3.0825,0,1,0
REN100_Extreme,2035,m10,E003_Mazar,205,168.2265804,93.77341959,58.87930314
REN100_Extreme,2035,m10,E004_Paute_Molino,120,231.0457804,0,359.0836504
REN100_Extreme,2035,m10,E005_Pucara,25,28.82759687,271.1724031,28.25104493
REN100_Extreme,2035,m10,N039_Paute_Cardenillo,3.0825,0,1,0
REN100_Extreme,2035,m11,E003_Mazar,205,161.0878091,100.9121909,56.38073319
REN100_Extreme,2035,m11,E004_Paute_Molino,105.9626866,276.8126393,0.2246741335,430.2129769
REN100_Extreme,2035,m11,E005_Pucara,25,28.04284034,271.9571597,27.48198353
REN100_Extreme,2035,m11,N039_Paute_Cardenillo,3.0825,0,1,0
REN100_Extreme,2035,m12,E003_Mazar,250.8772002,164.2075756,51.91522424,57.47265146
REN100_Extreme,2035,m12,E004_Paute_Molino,120,203.0854864,0,315.6286934
REN100_Extreme,2035,m12,E005_Pucara,25,25.90439683,274.0956032,25.38630889
REN100_Extreme,2035,m12,N039_Paute_Cardenillo,4.0825,0,0,0
REN100_Extreme,2036,m1,E003_Mazar,220.3310192,143.9376551,102.7313257,50.37817928
REN100_Extreme,2036,m1,E004_Paute_Molino,106.5890166,201.0799641,0,312.5117776
REN100_Extreme,2036,m1,E005_Pucara,25,23.30778164,276.6922184,22.841626
REN100_Extreme,2036,m1,N039_Paute_Cardenillo,4.0825,0,0,0
REN100_Extreme,2036,m2,E003_Mazar,327.6257539,154.7052653,0,54.14684286
REN100_Extreme,2036,m2,E004_Paute_Molino,60,202.2942819,0,314.3990298
REN100_Extreme,2036,m2,E005_Pucara,25,29.7914614,270.2085386,29.19563217
REN100_Extreme,2036,m2,N039_Paute_Cardenillo,5.0825,0,0,0
REN100_Extreme,2036,m3,E003_Mazar,226.1658794,0,363.4598745,0
REN100_Extreme,2036,m3,E004_Paute_Molino,120,304.4598745,0,473.1813884
REN100_Extreme,2036,m3,E005_Pucara,25,49.09198282,250.9080172,48.11014316
REN100_Extreme,2036,m3,N039_Paute_Cardenillo,6.0825,0,0,0
REN100_Extreme,2036,m4,E003_Mazar,205,0,283.1658794,0
REN100_Extreme,2036,m4,E004_Paute_Molino,60.22136061,343.9445188,0,534.5471062
REN100_Extreme,2036,m4,E005_Pucara,25,49.01696243,250.9830376,48.03662319
REN100_Extreme,2036,m4,N039_Paute_Cardenillo,7.0825,0,0,0
REN100_Extreme,2036,m5,E003_Mazar,205,0,262,0
REN100_Extreme,2036,m5,E004_Paute_Molino,60,263.2213606,0,409.0898646
REN100_Extreme,2036,m5,E005_Pucara,25,49.32691674,250.6730833,48.34037841
REN100_Extreme,2036,m5,N039_Paute_Cardenillo,8.0825,0,0,0
REN100_Extreme,2036,m6,E003_Mazar,220.8794856,0,246.1205144,0
REN100_Extreme,2036,m6,E004_Paute_Molino,60,247.1205144,0,384.0664661
REN100_Extreme,2036,m6,E005_Pucara,25,45.69130973,254.3086903,44.77748353
REN100_Extreme,2036,m6,N039_Paute_Cardenillo,9.0825,0,0,0
REN100_Extreme,2036,m7,E003_Mazar,318.6386319,0,164.2408537,0
REN100_Extreme,2036,m7,E004_Paute_Molino,60,165.2408537,0,256.8118268
REN100_Extreme,2036,m7,E005_Pucara,25,46.54747444,253.4525256,45.61652495
REN100_Extreme,2036,m7,N039_Paute_Cardenillo,3.0825,0,7,0
REN100_Extreme,2036,m8,E003_Mazar,205,0,375.6386319,0
REN100_Extreme,2036,m8,E004_Paute_Molino,60,376.6386319,0,585.3592071
REN100_Extreme,2036,m8,E005_Pucara,25,49.00686389,250.9931361,48.02672661
REN100_Extreme,2036,m8,N039_Paute_Cardenillo,3.0825,0,1,0
REN100_Extreme,2036,m9,E003_Mazar,237.489253,157.2879042,72.22284273,55.05076648
REN100_Extreme,2036,m9,E004_Paute_Molino,60,227.2300712,3.280675755,353.1534023
REN100_Extreme,2036,m9,E005_Pucara,25,20.15928044,279.8407196,19.75609483
REN100_Extreme,2036,m9,N039_Paute_Cardenillo,3.0825,0,1,0
REN100_Extreme,2036,m10,E003_Mazar,205.7903848,108.7590479,184.9398204,38.06566677
REN100_Extreme,2036,m10,E004_Paute_Molino,120,234.6988683,0,364.7611578
REN100_Extreme,2036,m10,E005_Pucara,25,30.54040677,269.4595932,29.92959864
REN100_Extreme,2036,m10,N039_Paute_Cardenillo,3.0825,0,1,0
REN100_Extreme,2036,m11,E003_Mazar,212.2487859,139.40493,116.1366689,48.79172551
REN100_Extreme,2036,m11,E004_Paute_Molino,120,256.5415989,0,398.7084016
REN100_Extreme,2036,m11,E005_Pucara,25,25.51921553,274.4807845,25.00883122
REN100_Extreme,2036,m11,N039_Paute_Cardenillo,3.0825,0,1,0
REN100_Extreme,2036,m12,E003_Mazar,220.3310192,166.724993,87.19277367,58.35374754
REN100_Extreme,2036,m12,E004_Paute_Molino,106.5890166,268.32875,0,417.027599
REN100_Extreme,2036,m12,E005_Pucara,25,31.86942129,268.1305787,31.23203286
REN100_Extreme,2036,m12,N039_Paute_Cardenillo,4.0825,0,0,0
REN100_Extreme,2037,m1,E003_Mazar,262.2027222,144.679248,60.11802982,50.63773678
REN100_Extreme,2037,m1,E004_Paute_Molino,60,205.7972778,0,319.8432692
REN100_Extreme,2037,m1,E005_Pucara,25,0,300,0
REN100_Extreme,2037,m1,N039_Paute_Cardenillo,4.0825,0,0,0
REN100_Extreme,2037,m2,E003_Mazar,262.8489778,102.5420973,158.8116471,35.88973407
REN100_Extreme,2037,m2,E004_Paute_Molino,60,262.3537445,0,407.7414445
REN100_Extreme,2037,m2,E005_Pucara,25,0,300,0
REN100_Extreme,2037,m2,N039_Paute_Cardenillo,5.0825,0,0,0
REN100_Extreme,2037,m3,E003_Mazar,205,0,319.8489778,0
REN100_Extreme,2037,m3,E004_Paute_Molino,105.9354835,274.9134943,0,427.261389
REN100_Extreme,2037,m3,E005_Pucara,25,0,300,0
REN100_Extreme,2037,m3,N039_Paute_Cardenillo,6.0825,0,0,0
REN100_Extreme,2037,m4,E003_Mazar,205,0,262,0
REN100_Extreme,2037,m4,E004_Paute_Molino,76.41597219,292.5195113,0,454.6240738
REN100_Extreme,2037,m4,E005_Pucara,25,0,300,0
REN100_Extreme,2037,m4,N039_Paute_Cardenillo,7.0825,0,0,0
REN100_Extreme,2037,m5,E003_Mazar,205,0,262,0
REN100_Extreme,2037,m5,E004_Paute_Molino,60,279.4159722,0,434.2589901
REN100_Extreme,2037,m5,E005_Pucara,25,0,300,0
REN100_Extreme,2037,m5,N039_Paute_Cardenillo,8.0825,0,0,0
REN100_Extreme,2037,m6,E003_Mazar,259.311704,0,207.688296,0
REN100_Extreme,2037,m6,E004_Paute_Molino,60,208.688296,0,324.3363934
REN100_Extreme,2037,m6,E005_Pucara,25,0,300,0
REN100_Extreme,2037,m6,N039_Paute_Cardenillo,9.0825,0,0,0
REN100_Extreme,2037,m7,E003_Mazar,410,0,111.311704,0
REN100_Extreme,2037,m7,E004_Paute_Molino,86.2175324,86.09417156,0,133.8046916
REN100_Extreme,2037,m7,E005_Pucara,25,0,300,0
REN100_Extreme,2037,m7,N039_Paute_Cardenillo,3.0825,0,7,0
REN100_Extreme,2037,m8,E003_Mazar,205,0,467,0
REN100_Extreme,2037,m8,E004_Paute_Molino,85.18120662,469.0363258,0,728.960623
REN100_Extreme,2037,m8,E005_Pucara,25,0,300,0
REN100_Extreme,2037,m8,N039_Paute_Cardenillo,3.0825,0,1,0
REN100_Extreme,2037,m9,E003_Mazar,205,114.2594613,147.7405387,39.99081145
REN100_Extreme,2037,m9,E004_Paute_Molino,60,288.1812066,0,447.8816253
REN100_Extreme,2037,m9,E005_Pucara,25,0,300,0
REN100_Extreme,2037,m9,N039_Paute_Cardenillo,3.0825,0,1,0
REN100_Extreme,2037,m10,E003_Mazar,205,90.52867584,171.4713242,31.68503655
REN100_Extreme,2037,m10,E004_Paute_Molino,120,198.0694779,4.930522085,307.8329803
REN100_Extreme,2037,m10,E005_Pucara,25,0,300,0
REN100_Extreme,2037,m10,N039_Paute_Cardenillo,3.0825,0,1,0
REN100_Extreme,2037,m11,E003_Mazar,244.6217837,142.9200909,79.45812537,50.02203182
REN100_Extreme,2037,m11,E004_Paute_Molino,60,240.4714623,42.906754,373.732731
REN100_Extreme,2037,m11,E005_Pucara,25,0,300,0
REN100_Extreme,2037,m11,N039_Paute_Cardenillo,3.0825,0,1,0
REN100_Extreme,2037,m12,E003_Mazar,262.2027222,161.0448014,83.37426009,56.36568049
REN100_Extreme,2037,m12,E004_Paute_Molino,60,245.4190615,0,381.4221247
REN100_Extreme,2037,m12,E005_Pucara,25,0,300,0
REN100_Extreme,2037,m12,N039_Paute_Cardenillo,4.0825,0,0,0
REN100_Extreme,2038,m1,E003_Mazar,205,140.883369,121.116631,49.30917917
REN100_Extreme,2038,m1,E004_Paute_Molino,60,263,0,408.7458333
REN100_Extreme,2038,m1,E005_Pucara,25,0,300,0
REN100_Extreme,2038,m1,N039_Paute_Cardenillo,4.0825,0,0,0
REN100_Extreme,2038,m2,E003_Mazar,294.6379357,119.0308534,53.33121091,41.66079868
REN100_Extreme,2038,m2,E004_Paute_Molino,60,173.3620643,0,269.4335416
REN100_Extreme,2038,m2,E005_Pucara,25,0,300,0
REN100_Extreme,2038,m2,N039_Paute_Cardenillo,5.0825,0,0,0
REN100_Extreme,2038,m3,E003_Mazar,218.035855,0,338.6020808,0
REN100_Extreme,2038,m3,E004_Paute_Molino,120,279.6020808,0,434.5482338
REN100_Extreme,2038,m3,E005_Pucara,25,0,300,0
REN100_Extreme,2038,m3,N039_Paute_Cardenillo,6.0825,0,0,0
REN100_Extreme,2038,m4,E003_Mazar,257.8268105,0,222.2090445,0
REN100_Extreme,2038,m4,E004_Paute_Molino,60,283.2090445,0,440.1540566
REN100_Extreme,2038,m4,E005_Pucara,25,0,300,0
REN100_Extreme,2038,m4,N039_Paute_Cardenillo,7.0825,0,0,0
REN100_Extreme,2038,m5,E003_Mazar,286.3044891,0,233.5223214,0
REN100_Extreme,2038,m5,E004_Paute_Molino,60,234.5223214,0,364.4867745
REN100_Extreme,2038,m5,E005_Pucara,25,0,300,0
REN100_Extreme,2038,m5,N039_Paute_Cardenillo,8.0825,0,0,0
REN100_Extreme,2038,m6,E003_Mazar,205,0,343.3044891,0
REN100_Extreme,2038,m6,E004_Paute_Molino,60,344.3044891,0,535.1065602
REN100_Extreme,2038,m6,E005_Pucara,25,0,300,0
REN100_Extreme,2038,m6,N039_Paute_Cardenillo,9.0825,0,0,0
REN100_Extreme,2038,m7,E003_Mazar,205,0,262,0
REN100_Extreme,2038,m7,E004_Paute_Molino,60,263,0,408.7458333
REN100_Extreme,2038,m7,E005_Pucara,25,0,300,0
REN100_Extreme,2038,m7,N039_Paute_Cardenillo,3.0825,0,7,0
REN100_Extreme,2038,m8,E003_Mazar,205,0,262,0
REN100_Extreme,2038,m8,E004_Paute_Molino,60,263,0,408.7458333
REN100_Extreme,2038,m8,E005_Pucara,25,0,300,0
REN100_Extreme,2038,m8,N039_Paute_Cardenillo,3.0825,0,1,0
REN100_Extreme,2038,m9,E003_Mazar,206.8853426,103.4215895,156.6930679,36.19755632
REN100_Extreme,2038,m9,E004_Paute_Molino,60,245.165986,15.94867136,381.0288033
REN100_Extreme,2038,m9,E005_Pucara,25,0,300,0
REN100_Extreme,2038,m9,N039_Paute_Cardenillo,3.0825,0,1,0
REN100_Extreme,2038,m10,E003_Mazar,205,131.1792194,132.7061232,45.9127268
REN100_Extreme,2038,m10,E004_Paute_Molino,83.88583527,240.9995073,0,374.553401
REN100_Extreme,2038,m10,E005_Pucara,25,0,300,0
REN100_Extreme,2038,m10,N039_Paute_Cardenillo,3.0825,0,1,0
REN100_Extreme,2038,m11,E003_Mazar,205,158.4424743,103.5575257,55.454866
REN100_Extreme,2038,m11,E004_Paute_Molino,68.01103053,278.8748047,0,433.4179257
REN100_Extreme,2038,m11,E005_Pucara,25,0,300,0
REN100_Extreme,2038,m11,N039_Paute_Cardenillo,3.0825,0,1,0
REN100_Extreme,2038,m12,E003_Mazar,205,117.2114998,144.7885002,41.02402494
REN100_Extreme,2038,m12,E004_Paute_Molino,60,271.0110305,0,421.19631
REN100_Extreme,2038,m12,E005_Pucara,25,0,300,0
REN100_Extreme,2038,m12,N039_Paute_Cardenillo,4.0825,0,0,0
REN100_Extreme,2039,m1,E003_Mazar,225.2415063,135.5314945,106.2269992,47.43602307
REN100_Extreme,2039,m1,E004_Paute_Molino,60,242.7584937,0,377.287159
REN100_Extreme,2039,m1,E005_Pucara,25,0,300,0
REN100_Extreme,2039,m1,N039_Paute_Cardenillo,4.0825,0,0,0
REN100_Extreme,2039,m2,E003_Mazar,302.1487769,119.9214354,65.17129404,41.97250238
REN100_Extreme,2039,m2,E004_Paute_Molino,60,186.0927294,0,289.2191169
REN100_Extreme,2039,m2,E005_Pucara,25,0,300,0
REN100_Extreme,2039,m2,N039_Paute_Cardenillo,5.0825,0,0,0
REN100_Extreme,2039,m3,E003_Mazar,205,0,359.1487769,0
REN100_Extreme,2039,m3,E004_Paute_Molino,60,360.1487769,0,559.7312241
REN100_Extreme,2039,m3,E005_Pucara,25,0,300,0
REN100_Extreme,2039,m3,N039_Paute_Cardenillo,6.0825,0,0,0
REN100_Extreme,2039,m4,E003_Mazar,205,0,262,0
REN100_Extreme,2039,m4,E004_Paute_Molino,60,263,0,408.7458333
REN100_Extreme,2039,m4,E005_Pucara,25,0,300,0
REN100_Extreme,2039,m4,N039_Paute_Cardenillo,7.0825,0,0,0
REN100_Extreme,2039,m5,E003_Mazar,405.8890009,0,61.11099914,0
REN100_Extreme,2039,m5,E004_Paute_Molino,60,62.11099914,0,96.5308445
REN100_Extreme,2039,m5,E005_Pucara,25,0,300,0
REN100_Extreme,2039,m5,N039_Paute_Cardenillo,8.0825,0,0,0
REN100_Extreme,2039,m6,E003_Mazar,261.6196735,0,406.2693274,0
REN100_Extreme,2039,m6,E004_Paute_Molino,60,407.2693274,0,632.964413
REN100_Extreme,2039,m6,E005_Pucara,25,0,300,0
REN100_Extreme,2039,m6,N039_Paute_Cardenillo,9.0825,0,0,0
REN100_Extreme,2039,m7,E003_Mazar,249.6905723,0,273.9291012,0
REN100_Extreme,2039,m7,E004_Paute_Molino,120,214.9291012,0,334.0356447
REN100_Extreme,2039,m7,E005_Pucara,25,0,300,0
REN100_Extreme,2039,m7,N039_Paute_Cardenillo,3.0825,0,7,0
REN100_Extreme,2039,m8,E003_Mazar,205,0,306.6905723,0
REN100_Extreme,2039,m8,E004_Paute_Molino,72.45994779,355.2306245,0,552.0875956
REN100_Extreme,2039,m8,E005_Pucara,25,0,300,0
REN100_Extreme,2039,m8,N039_Paute_Cardenillo,3.0825,0,1,0
REN100_Extreme,2039,m9,E003_Mazar,205,107.83796,154.16204,37.74328601
REN100_Extreme,2039,m9,E004_Paute_Molino,60,275.4599478,0,428.1106689
REN100_Extreme,2039,m9,E005_Pucara,25,0,300,0
REN100_Extreme,2039,m9,N039_Paute_Cardenillo,3.0825,0,1,0
REN100_Extreme,2039,m10,E003_Mazar,225.7616477,148.4188084,92.81954398,51.94658293
REN100_Extreme,2039,m10,E004_Paute_Molino,60,242.2383523,0,376.4787726
REN100_Extreme,2039,m10,E005_Pucara,25,0,300,0
REN100_Extreme,2039,m10,N039_Paute_Cardenillo,3.0825,0,1,0
REN100_Extreme,2039,m11,E003_Mazar,205,116.9643127,165.797335,40.93750943
REN100_Extreme,2039,m11,E004_Paute_Molino,88.1880227,214.3677041,41.20592087,333.1631401
REN100_Extreme,2039,m11,E005_Pucara,25,0,300,0
REN100_Extreme,2039,m11,N039_Paute_Cardenillo,3.0825,0,1,0
REN100_Extreme,2039,m12,E003_Mazar,225.2415063,141.9718084,99.7866853,49.69013294
REN100_Extreme,2039,m12,E004_Paute_Molino,60,270.9465164,0,421.0960443
REN100_Extreme,2039,m12,E005_Pucara,25,0,300,0
REN100_Extreme,2039,m12,N039_Paute_Cardenillo,4.0825,0,0,0
REN100_Extreme,2040,m1,E003_Mazar,205,109.3246773,152.6753227,38.26363704
REN100_Extreme,2040,m1,E004_Paute_Molino,96.29747988,226.7025201,0,352.3335
REN100_Extreme,2040,m1,E005_Pucara,25,0,300,0
REN100_Extreme,2040,m1,N039_Paute_Cardenillo,4.0825,0,0,0
REN100_Extreme,2040,m2,E003_Mazar,295.3149668,158.7087644,12.97626884,55.54806753
REN100_Extreme,2040,m2,E004_Paute_Molino,60,208.9825131,0,324.7936558
REN100_Extreme,2040,m2,E005_Pucara,25,0,300,0
REN100_Extreme,2040,m2,N039_Paute_Cardenillo,5.0825,0,0,0
REN100_Extreme,2040,m3,E003_Mazar,359.0636914,0,198.2512754,0
REN100_Extreme,2040,m3,E004_Paute_Molino,60,199.2512754,0,309.6696904
REN100_Extreme,2040,m3,E005_Pucara,25,0,300,0
REN100_Extreme,2040,m3,N039_Paute_Cardenillo,6.0825,0,0,0
REN100_Extreme,2040,m4,E003_Mazar,205,0,416.0636914,0
REN100_Extreme,2040,m4,E004_Paute_Molino,60,417.0636914,0,648.1864871
REN100_Extreme,2040,m4,E005_Pucara,25,0,300,0
REN100_Extreme,2040,m4,N039_Paute_Cardenillo,7.0825,0,0,0
REN100_Extreme,2040,m5,E003_Mazar,205,0,262,0
REN100_Extreme,2040,m5,E004_Paute_Molino,60,263,0,408.7458333
REN100_Extreme,2040,m5,E005_Pucara,25,0,300,0
REN100_Extreme,2040,m5,N039_Paute_Cardenillo,8.0825,0,0,0
REN100_Extreme,2040,m6,E003_Mazar,242.9759787,0,224.0240213,0
REN100_Extreme,2040,m6,E004_Paute_Molino,120,165.0240213,0,256.4748332
REN100_Extreme,2040,m6,E005_Pucara,25,0,300,0
REN100_Extreme,2040,m6,N039_Paute_Cardenillo,9.0825,0,0,0
REN100_Extreme,2040,m7,E003_Mazar,205,0,299.9759787,0
REN100_Extreme,2040,m7,E004_Paute_Molino,60,360.9759787,0,561.0168335
REN100_Extreme,2040,m7,E005_Pucara,25,0,300,0
REN100_Extreme,2040,m7,N039_Paute_Cardenillo,3.0825,0,7,0
REN100_Extreme,2040,m8,E003_Mazar,205,0,262,0
REN100_Extreme,2040,m8,E004_Paute_Molino,60,263,0,408.7458333
REN100_Extreme,2040,m8,E005_Pucara,25,0,300,0
REN100_Extreme,2040,m8,N039_Paute_Cardenillo,3.0825,0,1,0
REN100_Extreme,2040,m9,E003_Mazar,205,132.2780554,129.7219446,46.29731939
REN100_Extreme,2040,m9,E004_Paute_Molino,116.8427386,206.1572614,0,320.4027437
REN100_Extreme,2040,m9,E005_Pucara,25,0,300,0
REN100_Extreme,2040,m9,N039_Paute_Cardenillo,3.0825,0,1,0
REN100_Extreme,2040,m10,E003_Mazar,205,109.4846969,152.5153031,38.31964391
REN100_Extreme,2040,m10,E004_Paute_Molino,60,261.999835,57.84290362,407.1914103
REN100_Extreme,2040,m10,E005_Pucara,25,0,300,0
REN100_Extreme,2040,m10,N039_Paute_Cardenillo,3.0825,0,1,0
REN100_Extreme,2040,m11,E003_Mazar,205,163.4577783,98.54222166,57.21022242
REN100_Extreme,2040,m11,E004_Paute_Molino,60,224.5936453,38.40635473,349.055957
REN100_Extreme,2040,m11,E005_Pucara,25,0,300,0
REN100_Extreme,2040,m11,N039_Paute_Cardenillo,3.0825,0,1,0
REN100_Extreme,2040,m12,E003_Mazar,205,170.9681574,91.03184257,59.8388551
REN100_Extreme,2040,m12,E004_Paute_Molino,96.29747988,206.7579052,19.94461491,321.3362443
REN100_Extreme,2040,m12,E005_Pucara,25,0,300,0
REN100_Extreme,2040,m12,N039_Paute_Cardenillo,4.0825,0,0,0
REN100_Extreme,2041,m1,E003_Mazar,205,156.7519334,105.2480666,54.8631767
REN100_Extreme,2041,m1,E004_Paute_Molino,108.8598992,214.1401008,0,332.8094067
REN100_Extreme,2041,m1,E005_Pucara,25,0,300,0
REN100_Extreme,2041,m1,N039_Paute_Cardenillo,4.0825,0,0,0
REN100_Extreme,2041,m2,E003_Mazar,314.9535245,105.103306,46.94316946,36.78615711
REN100_Extreme,2041,m2,E004_Paute_Molino,60,201.9063747,0,313.7961573
REN100_Extreme,2041,m2,E005_Pucara,25,0,300,0
REN100_Extreme,2041,m2,N039_Paute_Cardenillo,5.0825,0,0,0
REN100_Extreme,2041,m3,E003_Mazar,410,0,166.9535245,0
REN100_Extreme,2041,m3,E004_Paute_Molino,120,107.9535245,0,167.7777694
REN100_Extreme,2041,m3,E005_Pucara,25,0,300,0
REN100_Extreme,2041,m3,N039_Paute_Cardenillo,6.0825,0,0,0
REN100_Extreme,2041,m4,E003_Mazar,332.6295824,0,339.3704176,0
REN100_Extreme,2041,m4,E004_Paute_Molino,120,340.3704176,0,528.9923574
REN100_Extreme,2041,m4,E005_Pucara,25,0,300,0
REN100_Extreme,2041,m4,N039_Paute_Cardenillo,7.0825,0,0,0
REN100_Extreme,2041,m5,E003_Mazar,205,0,389.6295824,0
REN100_Extreme,2041,m5,E004_Paute_Molino,60,450.6295824,0,700.3534759
REN100_Extreme,2041,m5,E005_Pucara,25,0,300,0
REN100_Extreme,2041,m5,N039_Paute_Cardenillo,8.0825,0,0,0
REN100_Extreme,2041,m6,E003_Mazar,205,0,262,0
REN100_Extreme,2041,m6,E004_Paute_Molino,60,263,0,408.7458333
REN100_Extreme,2041,m6,E005_Pucara,25,0,300,0
REN100_Extreme,2041,m6,N039_Paute_Cardenillo,9.0825,0,0,0
REN100_Extreme,2041,m7,E003_Mazar,264.8018973,0,202.1981027,0
REN100_Extreme,2041,m7,E004_Paute_Molino,60,203.1981027,0,315.803718
REN100_Extreme,2041,m7,E005_Pucara,25,0,300,0
REN100_Extreme,2041,m7,N039_Paute_Cardenillo,3.0825,0,7,0
REN100_Extreme,2041,m8,E003_Mazar,226.8299489,0,299.9719484,0
REN100_Extreme,2041,m8,E004_Paute_Molino,60,300.9719484,0,467.7605698
REN100_Extreme,2041,m8,E005_Pucara,25,0,300,0
REN100_Extreme,2041,m8,N039_Paute_Cardenillo,3.0825,0,1,0
REN100_Extreme,2041,m9,E003_Mazar,205,115.8941289,167.93582,40.56294511
REN100_Extreme,2041,m9,E004_Paute_Molino,103.0710941,241.7588548,0,375.7335535
REN100_Extreme,2041,m9,E005_Pucara,25,0,300,0
REN100_Extreme,2041,m9,N039_Paute_Cardenillo,3.0825,0,1,0
REN100_Extreme,2041,m10,E003_Mazar,205,184.0023592,77.99764085,64.4008257
REN100_Extreme,2041,m10,E004_Paute_Molino,117.0555828,249.0155112,0,387.0116071
REN100_Extreme,2041,m10,E005_Pucara,25,0,300,0
REN100_Extreme,2041,m10,N039_Paute_Cardenillo,3.0825,0,1,0
REN100_Extreme,2041,m11,E003_Mazar,205,153.4384327,108.5615673,53.70345145
REN100_Extreme,2041,m11,E004_Paute_Molino,76.46564054,303.5899423,0,471.8293687
REN100_Extreme,2041,m11,E005_Pucara,25,0,300,0
REN100_Extreme,2041,m11,N039_Paute_Cardenillo,3.0825,0,1,0
REN100_Extreme,2041,m12,E003_Mazar,205,98.39521008,163.6047899,34.43832353
REN100_Extreme,2041,m12,E004_Paute_Molino,108.8598992,230.6057414,0,358.3997564
REN100_Extreme,2041,m12,E005_Pucara,25,0,300,0
REN100_Extreme,2041,m12,N039_Paute_Cardenillo,4.0825,0,0,0
REN100_Extreme,2042,m1,E003_Mazar,205,124.9922592,137.0077408,43.74729071
REN100_Extreme,2042,m1,E004_Paute_Molino,76.62750604,246.372494,0,382.9039177
REN100_Extreme,2042,m1,E005_Pucara,25,0,300,0
REN100_Extreme,2042,m1,N039_Paute_Cardenillo,4.0825,0,0,0
REN100_Extreme,2042,m2,E003_Mazar,236.9240037,141.0894082,88.98658811,49.38129287
REN100_Extreme,2042,m2,E004_Paute_Molino,60,247.7035024,0,384.9725266
REN100_Extreme,2042,m2,E005_Pucara,25,0,300,0
REN100_Extreme,2042,m2,N039_Paute_Cardenillo,5.0825,0,0,0
REN100_Extreme,2042,m3,E003_Mazar,205,0,293.9240037,0
REN100_Extreme,2042,m3,E004_Paute_Molino,60.88800734,294.0359963,0,456.9809443
REN100_Extreme,2042,m3,E005_Pucara,25,0,300,0
REN100_Extreme,2042,m3,N039_Paute_Cardenillo,6.0825,0,0,0
REN100_Extreme,2042,m4,E003_Mazar,253.2897315,0,213.7102685,0
REN100_Extreme,2042,m4,E004_Paute_Molino,60,215.5982759,0,335.0756538
REN100_Extreme,2042,m4,E005_Pucara,25,0,300,0
REN100_Extreme,2042,m4,N039_Paute_Cardenillo,7.0825,0,0,0
REN100_Extreme,2042,m5,E003_Mazar,205,0,310.2897315,0
REN100_Extreme,2042,m5,E004_Paute_Molino,60,311.2897315,0,483.7961243
REN100_Extreme,2042,m5,E005_Pucara,25,0,300,0
REN100_Extreme,2042,m5,N039_Paute_Cardenillo,8.0825,0,0,0
REN100_Extreme,2042,m6,E003_Mazar,205,0,262,0
REN100_Extreme,2042,m6,E004_Paute_Molino,60,263,0,408.7458333
REN100_Extreme,2042,m6,E005_Pucara,25,0,300,0
REN100_Extreme,2042,m6,N039_Paute_Cardenillo,9.0825,0,0,0
REN100_Extreme,2042,m7,E003_Mazar,241.5584482,0,225.4415518,0
REN100_Extreme,2042,m7,E004_Paute_Molino,60,226.4415518,0,351.9279117
REN100_Extreme,2042,m7,E005_Pucara,25,0,300,0
REN100_Extreme,2042,m7,N039_Paute_Cardenillo,3.0825,0,7,0
REN100_Extreme,2042,m8,E003_Mazar,205,0,298.5584482,0
REN100_Extreme,2042,m8,E004_Paute_Molino,107.5877669,251.9706814,0,391.6044339
REN100_Extreme,2042,m8,E005_Pucara,25,0,300,0
REN100_Extreme,2042,m8,N039_Paute_Cardenillo,3.0825,0,1,0
REN100_Extreme,2042,m9,E003_Mazar,239.9167334,148.4781266,78.60513996,51.96734431
REN100_Extreme,2042,m9,E004_Paute_Molino,60,275.6710334,0,428.4387311
REN100_Extreme,2042,m9,E005_Pucara,25,0,300,0
REN100_Extreme,2042,m9,N039_Paute_Cardenillo,3.0825,0,1,0
REN100_Extreme,2042,m10,E003_Mazar,205,155.3621916,141.5545418,54.37676706
REN100_Extreme,2042,m10,E004_Paute_Molino,103.9550693,253.9616642,0,394.6987531
REN100_Extreme,2042,m10,E005_Pucara,25,0,300,0
REN100_Extreme,2042,m10,N039_Paute_Cardenillo,3.0825,0,1,0
REN100_Extreme,2042,m11,E003_Mazar,205,161.7569101,100.2430899,56.61491854
REN100_Extreme,2042,m11,E004_Paute_Molino,70.40576077,296.5493085,0,460.8870503
REN100_Extreme,2042,m11,E005_Pucara,25,0,300,0
REN100_Extreme,2042,m11,N039_Paute_Cardenillo,3.0825,0,1,0
REN100_Extreme,2042,m12,E003_Mazar,205,130.0347212,131.9652788,45.51215241
REN100_Extreme,2042,m12,E004_Paute_Molino,76.62750604,256.7782547,0,399.0762042
REN100_Extreme,2042,m12,E005_Pucara,25,0,300,0
REN100_Extreme,2042,m12,N039_Paute_Cardenillo,4.0825,0,0,0
REN100_Extreme,2043,m1,E003_Mazar,205,140.4939594,121.5060406,49.17288578
REN100_Extreme,2043,m1,E004_Paute_Molino,68.24828278,254.7517172,0,395.9266272
REN100_Extreme,2043,m1,E005_Pucara,25,0,300,0
REN100_Extreme,2043,m1,N039_Paute_Cardenillo,4.0825,0,0,0
REN100_Extreme,2043,m2,E003_Mazar,244.9790983,139.5576862,82.46321549,48.84519017
REN100_Extreme,2043,m2,E004_Paute_Molino,60,231.2691845,0,359.4308575
REN100_Extreme,2043,m2,E005_Pucara,25,0,300,0
REN100_Extreme,2043,m2,N039_Paute_Cardenillo,5.0825,0,0,0
REN100_Extreme,2043,m3,E003_Mazar,298.1380586,0,208.8410397,0
REN100_Extreme,2043,m3,E004_Paute_Molino,60,209.8410397,0,326.1279492
REN100_Extreme,2043,m3,E005_Pucara,25,0,300,0
REN100_Extreme,2043,m3,N039_Paute_Cardenillo,6.0825,0,0,0
REN100_Extreme,2043,m4,E003_Mazar,228.1998273,0,331.9382313,0
REN100_Extreme,2043,m4,E004_Paute_Molino,60,332.9382313,0,517.4415012
REN100_Extreme,2043,m4,E005_Pucara,25,0,300,0
REN100_Extreme,2043,m4,N039_Paute_Cardenillo,7.0825,0,0,0
REN100_Extreme,2043,m5,E003_Mazar,205,0,285.1998273,0
REN100_Extreme,2043,m5,E004_Paute_Molino,60,286.1998273,0,444.8022315
REN100_Extreme,2043,m5,E005_Pucara,25,0,300,0
REN100_Extreme,2043,m5,N039_Paute_Cardenillo,8.0825,0,0,0
REN100_Extreme,2043,m6,E003_Mazar,205,0,262,0
REN100_Extreme,2043,m6,E004_Paute_Molino,60,263,0,408.7458333
REN100_Extreme,2043,m6,E005_Pucara,25,0,300,0
REN100_Extreme,2043,m6,N039_Paute_Cardenillo,9.0825,0,0,0
REN100_Extreme,2043,m7,E003_Mazar,205,0,262,0
REN100_Extreme,2043,m7,E004_Paute_Molino,60,263,0,408.7458333
REN100_Extreme,2043,m7,E005_Pucara,25,0,300,0
REN100_Extreme,2043,m7,N039_Paute_Cardenillo,3.0825,0,7,0
REN100_Extreme,2043,m8,E003_Mazar,205,0,262,0
REN100_Extreme,2043,m8,E004_Paute_Molino,73.83135533,249.1686447,0,387.2496019
REN100_Extreme,2043,m8,E005_Pucara,25,0,300,0
REN100_Extreme,2043,m8,N039_Paute_Cardenillo,3.0825,0,1,0
REN100_Extreme,2043,m9,E003_Mazar,205,157.7071841,104.2928159,55.19751444
REN100_Extreme,2043,m9,E004_Paute_Molino,89.43585222,247.3955031,0,384.4938444
REN100_Extreme,2043,m9,E005_Pucara,25,0,300,0
REN100_Extreme,2043,m9,N039_Paute_Cardenillo,3.0825,0,1,0
REN100_Extreme,2043,m10,E003_Mazar,205,141.1518413,120.8481587,49.40314447
REN100_Extreme,2043,m10,E004_Paute_Molino,60,292.4358522,0,454.4940537
REN100_Extreme,2043,m10,E005_Pucara,25,0,300,0
REN100_Extreme,2043,m10,N039_Paute_Cardenillo,3.0825,0,1,0
REN100_Extreme,2043,m11,E003_Mazar,205,152.6410219,109.3589781,53.42435765
REN100_Extreme,2043,m11,E004_Paute_Molino,60,252.7070493,10.29295072,392.7488724
REN100_Extreme,2043,m11,E005_Pucara,25,0,300,0
REN100_Extreme,2043,m11,N039_Paute_Cardenillo,3.0825,0,1,0
REN100_Extreme,2043,m12,E003_Mazar,205,129.7743505,132.2256495,45.42102268
REN100_Extreme,2043,m12,E004_Paute_Molino,68.24828278,254.5229337,0.2287835727,395.5710594
REN100_Extreme,2043,m12,E005_Pucara,25,0,300,0
REN100_Extreme,2043,m12,N039_Paute_Cardenillo,4.0825,0,0,0
REN100_Extreme,2044,m1,E003_Mazar,248.0583846,139.4395279,79.50208749,48.80383477
REN100_Extreme,2044,m1,E004_Paute_Molino,60,219.9416154,0,341.8259273
REN100_Extreme,2044,m1,E005_Pucara,25,0,300,0
REN100_Extreme,2044,m1,N039_Paute_Cardenillo,4.0825,0,0,0
REN100_Extreme,2044,m2,E003_Mazar,323.1217069,150.1653193,36.77135842,52.55786177
REN100_Extreme,2044,m2,E004_Paute_Molino,60,187.9366778,0,292.08492
REN100_Extreme,2044,m2,E005_Pucara,25,0,300,0
REN100_Extreme,2044,m2,N039_Paute_Cardenillo,5.0825,0,0,0
REN100_Extreme,2044,m3,E003_Mazar,410,0,175.1217069,0
REN100_Extreme,2044,m3,E004_Paute_Molino,64.10380927,172.0178976,0,267.3444825
REN100_Extreme,2044,m3,E005_Pucara,25,0,300,0
REN100_Extreme,2044,m3,N039_Paute_Cardenillo,6.0825,0,0,0
REN100_Extreme,2044,m4,E003_Mazar,288.3664323,0,383.6335677,0
REN100_Extreme,2044,m4,E004_Paute_Molino,60,388.737377,0,604.1626734
REN100_Extreme,2044,m4,E005_Pucara,25,0,300,0
REN100_Extreme,2044,m4,N039_Paute_Cardenillo,7.0825,0,0,0
REN100_Extreme,2044,m5,E003_Mazar,205,0,345.3664323,0
REN100_Extreme,2044,m5,E004_Paute_Molino,60,346.3664323,0,538.3111635
REN100_Extreme,2044,m5,E005_Pucara,25,0,300,0
REN100_Extreme,2044,m5,N039_Paute_Cardenillo,8.0825,0,0,0
REN100_Extreme,2044,m6,E003_Mazar,254.5927557,0,212.4072443,0
REN100_Extreme,2044,m6,E004_Paute_Molino,60,213.4072443,0,331.6704255
REN100_Extreme,2044,m6,E005_Pucara,25,0,300,0
REN100_Extreme,2044,m6,N039_Paute_Cardenillo,9.0825,0,0,0
REN100_Extreme,2044,m7,E003_Mazar,346.9148634,0,169.6778923,0
REN100_Extreme,2044,m7,E004_Paute_Molino,60,170.6778923,0,265.2618909
REN100_Extreme,2044,m7,E005_Pucara,25,0,300,0
REN100_Extreme,2044,m7,N039_Paute_Cardenillo,3.0825,0,7,0
REN100_Extreme,2044,m8,E003_Mazar,301.4303585,0,307.4845049,0
REN100_Extreme,2044,m8,E004_Paute_Molino,120,248.4845049,0,386.1863348
REN100_Extreme,2044,m8,E005_Pucara,25,0,300,0
REN100_Extreme,2044,m8,N039_Paute_Cardenillo,3.0825,0,1,0
REN100_Extreme,2044,m9,E003_Mazar,277.9523772,145.5166778,139.9613035,50.93083722
REN100_Extreme,2044,m9,E004_Paute_Molino,120,286.4779812,0,445.2345292
REN100_Extreme,2044,m9,E005_Pucara,25,0,300,0
REN100_Extreme,2044,m9,N039_Paute_Cardenillo,3.0825,0,1,0
REN100_Extreme,2044,m10,E003_Mazar,315.0800156,158.073824,66.79853763,55.32583839
REN100_Extreme,2044,m10,E004_Paute_Molino,60,285.8723616,0,444.2932953
REN100_Extreme,2044,m10,E005_Pucara,25,0,300,0
REN100_Extreme,2044,m10,N039_Paute_Cardenillo,3.0825,0,1,0
REN100_Extreme,2044,m11,E003_Mazar,277.0185641,141.6327798,158.4286717,49.57147293
REN100_Extreme,2044,m11,E004_Paute_Molino,60,301.0614516,0,467.8996726
REN100_Extreme,2044,m11,E005_Pucara,25,0,300,0
REN100_Extreme,2044,m11,N039_Paute_Cardenillo,3.0825,0,1,0
REN100_Extreme,2044,m12,E003_Mazar,248.0583846,127.4148952,163.5452843,44.59521331
REN100_Extreme,2044,m12,E004_Paute_Molino,60,291.9601794,0,453.7547789
REN100_Extreme,2044,m12,E005_Pucara,25,0,300,0
REN100_Extreme,2044,m12,N039_Paute_Cardenillo,4.0825,0,0,0
REN100_Extreme,2045,m1,E003_Mazar,255.248089,127.0199597,84.73195132,44.4569859
REN100_Extreme,2045,m1,E004_Paute_Molino,60,205.3220902,7.429820813,319.1047486
REN100_Extreme,2045,m1,E005_Pucara,25,0,300,0
REN100_Extreme,2045,m1,N039_Paute_Cardenillo,4.0825,0,0,0
REN100_Extreme,2045,m2,E003_Mazar,247.9629689,153.3127356,115.9723844,53.65945748
REN100_Extreme,2045,m2,E004_Paute_Molino,60,270.28512,0,420.0681241
REN100_Extreme,2045,m2,E005_Pucara,25,0,300,0
REN100_Extreme,2045,m2,N039_Paute_Cardenillo,5.0825,0,0,0
REN100_Extreme,2045,m3,E003_Mazar,211.9403748,0,298.0225941,0
REN100_Extreme,2045,m3,E004_Paute_Molino,120,239.0225941,0,371.4809484
REN100_Extreme,2045,m3,E005_Pucara,25,0,300,0
REN100_Extreme,2045,m3,N039_Paute_Cardenillo,6.0825,0,0,0
REN100_Extreme,2045,m4,E003_Mazar,232.0937902,0,241.8465846,0
REN100_Extreme,2045,m4,E004_Paute_Molino,60,302.8465846,0,470.6740669
REN100_Extreme,2045,m4,E005_Pucara,25,0,300,0
REN100_Extreme,2045,m4,N039_Paute_Cardenillo,7.0825,0,0,0
REN100_Extreme,2045,m5,E003_Mazar,205,0,289.0937902,0
REN100_Extreme,2045,m5,E004_Paute_Molino,60,290.0937902,0,450.854099
REN100_Extreme,2045,m5,E005_Pucara,25,0,300,0
REN100_Extreme,2045,m5,N039_Paute_Cardenillo,8.0825,0,0,0
REN100_Extreme,2045,m6,E003_Mazar,209.7592593,0,257.2407407,0
REN100_Extreme,2045,m6,E004_Paute_Molino,60,258.2407407,0,401.3491511
REN100_Extreme,2045,m6,E005_Pucara,25,0,300,0
REN100_Extreme,2045,m6,N039_Paute_Cardenillo,9.0825,0,0,0
REN100_Extreme,2045,m7,E003_Mazar,205,0,266.7592593,0
REN100_Extreme,2045,m7,E004_Paute_Molino,86.38803235,241.371227,0,375.1311152
REN100_Extreme,2045,m7,E005_Pucara,25,0,300,0
REN100_Extreme,2045,m7,N039_Paute_Cardenillo,3.0825,0,7,0
REN100_Extreme,2045,m8,E003_Mazar,244.0817302,0,222.9182698,0
REN100_Extreme,2045,m8,E004_Paute_Molino,60,250.3063022,0,389.0177113
REN100_Extreme,2045,m8,E005_Pucara,25,0,300,0
REN100_Extreme,2045,m8,N039_Paute_Cardenillo,3.0825,0,1,0
REN100_Extreme,2045,m9,E003_Mazar,250.0963347,170.8165166,85.16887884,59.78578082
REN100_Extreme,2045,m9,E004_Paute_Molino,60,256.9853955,0,399.3981354
REN100_Extreme,2045,m9,E005_Pucara,25,0,300,0
REN100_Extreme,2045,m9,N039_Paute_Cardenillo,3.0825,0,1,0
REN100_Extreme,2045,m10,E003_Mazar,205,144.9069094,162.1894253,50.71741829
REN100_Extreme,2045,m10,E004_Paute_Molino,120,248.0963347,0,385.5830536
REN100_Extreme,2045,m10,E005_Pucara,25,0,300,0
REN100_Extreme,2045,m10,N039_Paute_Cardenillo,3.0825,0,1,0
REN100_Extreme,2045,m11,E003_Mazar,301.9765441,137.6913568,27.33209912,48.19197486
REN100_Extreme,2045,m11,E004_Paute_Molino,60,226.0234559,0,351.278121
REN100_Extreme,2045,m11,E005_Pucara,25,0,300,0
REN100_Extreme,2045,m11,N039_Paute_Cardenillo,3.0825,0,1,0
REN100_Extreme,2045,m12,E003_Mazar,255.248089,135.3294174,173.3990378,47.36529609
REN100_Extreme,2045,m12,E004_Paute_Molino,60,309.7284552,0,481.3696407
REN100_Extreme,2045,m12,E005_Pucara,25,0,300,0
REN100_Extreme,2045,m12,N039_Paute_Cardenillo,4.0825,0,0,0
REN100_Extreme,2046,m1,E003_Mazar,205,128.8818988,133.1181012,45.10866456
REN100_Extreme,2046,m1,E004_Paute_Molino,62.00788122,260.9921188,0,405.6252513
REN100_Extreme,2046,m1,E005_Pucara,25,0,300,0
REN100_Extreme,2046,m1,N039_Paute_Cardenillo,4.0825,0,0,0
REN100_Extreme,2046,m2,E003_Mazar,260.989304,106.5993541,99.41134196,37.30977392
REN100_Extreme,2046,m2,E004_Paute_Molino,60,209.0185772,0,324.8497055
REN100_Extreme,2046,m2,E005_Pucara,25,0,300,0
REN100_Extreme,2046,m2,N039_Paute_Cardenillo,5.0825,0,0,0
REN100_Extreme,2046,m3,E003_Mazar,205,0,317.989304,0
REN100_Extreme,2046,m3,E004_Paute_Molino,60,318.989304,0,495.7625433
REN100_Extreme,2046,m3,E005_Pucara,25,0,300,0
REN100_Extreme,2046,m3,N039_Paute_Cardenillo,6.0825,0,0,0
REN100_Extreme,2046,m4,E003_Mazar,205,0,262,0
REN100_Extreme,2046,m4,E004_Paute_Molino,115.9937179,207.0062821,0,321.7222635
REN100_Extreme,2046,m4,E005_Pucara,25,0,300,0
REN100_Extreme,2046,m4,N039_Paute_Cardenillo,7.0825,0,0,0
REN100_Extreme,2046,m5,E003_Mazar,205,0,262,0
REN100_Extreme,2046,m5,E004_Paute_Molino,60,318.9937179,0,495.7694032
REN100_Extreme,2046,m5,E005_Pucara,25,0,300,0
REN100_Extreme,2046,m5,N039_Paute_Cardenillo,8.0825,0,0,0
REN100_Extreme,2046,m6,E003_Mazar,236.3306134,0,230.6693866,0
REN100_Extreme,2046,m6,E004_Paute_Molino,120,171.6693866,0,266.8028383
REN100_Extreme,2046,m6,E005_Pucara,25,0,300,0
REN100_Extreme,2046,m6,N039_Paute_Cardenillo,9.0825,0,0,0
REN100_Extreme,2046,m7,E003_Mazar,205,0,293.3306134,0
REN100_Extreme,2046,m7,E004_Paute_Molino,99.59722073,314.7333927,0,489.1481478
REN100_Extreme,2046,m7,E005_Pucara,25,0,300,0
REN100_Extreme,2046,m7,N039_Paute_Cardenillo,3.0825,0,7,0
REN100_Extreme,2046,m8,E003_Mazar,205,0,262,0
REN100_Extreme,2046,m8,E004_Paute_Molino,60,302.5972207,0,470.2865139
REN100_Extreme,2046,m8,E005_Pucara,25,0,300,0
REN100_Extreme,2046,m8,N039_Paute_Cardenillo,3.0825,0,1,0
REN100_Extreme,2046,m9,E003_Mazar,205,147.1417423,114.8582577,51.49960979
REN100_Extreme,2046,m9,E004_Paute_Molino,120,194.5254465,8.474553488,302.3249648
REN100_Extreme,2046,m9,E005_Pucara,25,0,300,0
REN100_Extreme,2046,m9,N039_Paute_Cardenillo,3.0825,0,1,0
REN100_Extreme,2046,m10,E003_Mazar,331.5140829,131.2333053,4.25261188,45.93165684
REN100_Extreme,2046,m10,E004_Paute_Molino,60,196.4859171,0,305.3718629
REN100_Extreme,2046,m10,E005_Pucara,25,0,300,0
REN100_Extreme,2046,m10,N039_Paute_Cardenillo,3.0825,0,1,0
REN100_Extreme,2046,m11,E003_Mazar,205,161.7444931,226.7695897,56.61057259
REN100_Extreme,2046,m11,E004_Paute_Molino,83.22711753,205.1331165,161.1538488,318.8110519
REN100_Extreme,2046,m11,E005_Pucara,25,0,300,0
REN100_Extreme,2046,m11,N039_Paute_Cardenillo,3.0825,0,1,0
REN100_Extreme,2046,m12,E003_Mazar,205,162.6796986,99.32030139,56.93789451
REN100_Extreme,2046,m12,E004_Paute_Molino,62.00788122,284.2192363,0,441.7240631
REN100_Extreme,2046,m12,E005_Pucara,25,0,300,0
REN100_Extreme,2046,m12,N039_Paute_Cardenillo,4.0825,0,0,0
REN100_Extreme,2047,m1,E003_Mazar,205,0,262,0
REN100_Extreme,2047,m1,E004_Paute_Molino,60,263,0,408.7458333
REN100_Extreme,2047,m1,E005_Pucara,25,0,300,0
REN100_Extreme,2047,m1,N039_Paute_Cardenillo,4.0825,0,0,0
REN100_Extreme,2047,m2,E003_Mazar,205,173.565187,88.43481297,60.74781546
REN100_Extreme,2047,m2,E004_Paute_Molino,60,226.2154657,36.78453434,351.5765362
REN100_Extreme,2047,m2,E005_Pucara,25,0,300,0
REN100_Extreme,2047,m2,N039_Paute_Cardenillo,5.0825,0,0,0
REN100_Extreme,2047,m3,E003_Mazar,410,0,57,0
REN100_Extreme,2047,m3,E004_Paute_Molino,60,0,58,0
REN100_Extreme,2047,m3,E005_Pucara,25,0,300,0
REN100_Extreme,2047,m3,N039_Paute_Cardenillo,6.0825,0,0,0
REN100_Extreme,2047,m4,E003_Mazar,205,0,467,0
REN100_Extreme,2047,m4,E004_Paute_Molino,60,0,468,0
REN100_Extreme,2047,m4,E005_Pucara,25,0,300,0
REN100_Extreme,2047,m4,N039_Paute_Cardenillo,7.0825,0,0,0
REN100_Extreme,2047,m5,E003_Mazar,410,0,57,0
REN100_Extreme,2047,m5,E004_Paute_Molino,60,0,58,0
REN100_Extreme,2047,m5,E005_Pucara,25,0,300,0
REN100_Extreme,2047,m5,N039_Paute_Cardenillo,8.0825,0,0,0
REN100_Extreme,2047,m6,E003_Mazar,410,0,262,0
REN100_Extreme,2047,m6,E004_Paute_Molino,60,0,263,0
REN100_Extreme,2047,m6,E005_Pucara,25,0,300,0
REN100_Extreme,2047,m6,N039_Paute_Cardenillo,9.0825,0,0,0
REN100_Extreme,2047,m7,E003_Mazar,410,0,262,0
REN100_Extreme,2047,m7,E004_Paute_Molino,60,0,263,0
REN100_Extreme,2047,m7,E005_Pucara,25,0,300,0
REN100_Extreme,2047,m7,N039_Paute_Cardenillo,3.0825,0,7,0
REN100_Extreme,2047,m8,E003_Mazar,370.2062676,0,301.7937324,0
REN100_Extreme,2047,m8,E004_Paute_Molino,120,0,242.7937324,0
REN100_Extreme,2047,m8,E005_Pucara,25,0,300,0
REN100_Extreme,2047,m8,N039_Paute_Cardenillo,3.0825,0,1,0
REN100_Extreme,2047,m9,E003_Mazar,344.2353893,0,287.9708783,0
REN100_Extreme,2047,m9,E004_Paute_Molino,120,288.9708783,0,449.1089067
REN100_Extreme,2047,m9,E005_Pucara,25,0,300,0
REN100_Extreme,2047,m9,N039_Paute_Cardenillo,3.0825,0,1,0
REN100_Extreme,2047,m10,E003_Mazar,410,157.6650133,38.57037601,55.18275465
REN100_Extreme,2047,m10,E004_Paute_Molino,60,257.2353893,0,399.7866675
REN100_Extreme,2047,m10,E005_Pucara,25,0,300,0
REN100_Extreme,2047,m10,N039_Paute_Cardenillo,3.0825,0,1,0
REN100_Extreme,2047,m11,E003_Mazar,205,140.0623047,326.9376953,49.02180663
REN100_Extreme,2047,m11,E004_Paute_Molino,101.7846315,308.6824839,117.5328846,479.7440271
REN100_Extreme,2047,m11,E005_Pucara,25,0,300,0
REN100_Extreme,2047,m11,N039_Paute_Cardenillo,3.0825,0,1,0
REN100_Extreme,2047,m12,E003_Mazar,205,0,262,0
REN100_Extreme,2047,m12,E004_Paute_Molino,60,304.7846315,0,473.6861149
REN100_Extreme,2047,m12,E005_Pucara,25,0,300,0
REN100_Extreme,2047,m12,N039_Paute_Cardenillo,4.0825,0,0,0
REN100_Extreme,2048,m1,E003_Mazar,205,155.3372342,106.6627658,54.36803199
REN100_Extreme,2048,m1,E004_Paute_Molino,60,263,0,408.7458333
REN100_Extreme,2048,m1,E005_Pucara,25,0,300,0
REN100_Extreme,2048,m1,N039_Paute_Cardenillo,4.0825,0,0,0
REN100_Extreme,2048,m2,E003_Mazar,205,138.670609,123.329391,48.53471316
REN100_Extreme,2048,m2,E004_Paute_Molino,60,193.4399401,69.56005994,300.6379068
REN100_Extreme,2048,m2,E005_Pucara,25,0,300,0
REN100_Extreme,2048,m2,N039_Paute_Cardenillo,5.0825,0,0,0
REN100_Extreme,2048,m3,E003_Mazar,410,0,57,0
REN100_Extreme,2048,m3,E004_Paute_Molino,60,0,58,0
REN100_Extreme,2048,m3,E005_Pucara,25,0,300,0
REN100_Extreme,2048,m3,N039_Paute_Cardenillo,6.0825,0,0,0
REN100_Extreme,2048,m4,E003_Mazar,205,0,467,0
REN100_Extreme,2048,m4,E004_Paute_Molino,60,0,468,0
REN100_Extreme,2048,m4,E005_Pucara,25,0,300,0
REN100_Extreme,2048,m4,N039_Paute_Cardenillo,7.0825,0,0,0
REN100_Extreme,2048,m5,E003_Mazar,410,0,57,0
REN100_Extreme,2048,m5,E004_Paute_Molino,60,0,58,0
REN100_Extreme,2048,m5,E005_Pucara,25,0,300,0
REN100_Extreme,2048,m5,N039_Paute_Cardenillo,8.0825,0,0,0
REN100_Extreme,2048,m6,E003_Mazar,410,0,262,0
REN100_Extreme,2048,m6,E004_Paute_Molino,60,0,263,0
REN100_Extreme,2048,m6,E005_Pucara,25,0,300,0
REN100_Extreme,2048,m6,N039_Paute_Cardenillo,9.0825,0,0,0
REN100_Extreme,2048,m7,E003_Mazar,410,0,262,0
REN100_Extreme,2048,m7,E004_Paute_Molino,60,0,263,0
REN100_Extreme,2048,m7,E005_Pucara,25,0,300,0
REN100_Extreme,2048,m7,N039_Paute_Cardenillo,3.0825,0,7,0
REN100_Extreme,2048,m8,E003_Mazar,341.0272256,0,330.9727744,0
REN100_Extreme,2048,m8,E004_Paute_Molino,120,0,271.9727744,0
REN100_Extreme,2048,m8,E005_Pucara,25,0,300,0
REN100_Extreme,2048,m8,N039_Paute_Cardenillo,3.0825,0,1,0
REN100_Extreme,2048,m9,E003_Mazar,337.7148146,79.66394728,185.6484637,27.88238155
REN100_Extreme,2048,m9,E004_Paute_Molino,120,266.312411,0,413.8938721
REN100_Extreme,2048,m9,E005_Pucara,25,0,300,0
REN100_Extreme,2048,m9,N039_Paute_Cardenillo,3.0825,0,1,0
REN100_Extreme,2048,m10,E003_Mazar,410,141.3393628,48.37545175,49.468777
REN100_Extreme,2048,m10,E004_Paute_Molino,60,250.7148146,0,389.6526077
REN100_Extreme,2048,m10,E005_Pucara,25,0,300,0
REN100_Extreme,2048,m10,N039_Paute_Cardenillo,3.0825,0,1,0
REN100_Extreme,2048,m11,E003_Mazar,205,133.5059613,333.4940387,46.72708646
REN100_Extreme,2048,m11,E004_Paute_Molino,71.36155625,254.5735242,202.0649195,395.6496856
REN100_Extreme,2048,m11,E005_Pucara,25,0,300,0
REN100_Extreme,2048,m11,N039_Paute_Cardenillo,3.0825,0,1,0
REN100_Extreme,2048,m12,E003_Mazar,205,152.4080843,109.5919157,53.34282951
REN100_Extreme,2048,m12,E004_Paute_Molino,60,274.3615562,0,426.4035853
REN100_Extreme,2048,m12,E005_Pucara,25,0,300,0
REN100_Extreme,2048,m12,N039_Paute_Cardenillo,4.0825,0,0,0
REN100_Extreme,2049,m1,E003_Mazar,206.1788898,139.7477562,121.073354,48.91171466
REN100_Extreme,2049,m1,E004_Paute_Molino,60,227.4493787,34.37173151,353.4942428
REN100_Extreme,2049,m1,E005_Pucara,25,0,300,0
REN100_Extreme,2049,m1,N039_Paute_Cardenillo,4.0825,0,0,0
REN100_Extreme,2049,m2,E003_Mazar,205,157.4284107,105.7504791,55.09994373
REN100_Extreme,2049,m2,E004_Paute_Molino,60,264.1788898,0,410.5780245
REN100_Extreme,2049,m2,E005_Pucara,25,0,300,0
REN100_Extreme,2049,m2,N039_Paute_Cardenillo,5.0825,0,0,0
REN100_Extreme,2049,m3,E003_Mazar,410,0,57,0
REN100_Extreme,2049,m3,E004_Paute_Molino,60,0,58,0
REN100_Extreme,2049,m3,E005_Pucara,25,0,300,0
REN100_Extreme,2049,m3,N039_Paute_Cardenillo,6.0825,0,0,0
REN100_Extreme,2049,m4,E003_Mazar,205,0,467,0
REN100_Extreme,2049,m4,E004_Paute_Molino,60,0,468,0
REN100_Extreme,2049,m4,E005_Pucara,25,0,300,0
REN100_Extreme,2049,m4,N039_Paute_Cardenillo,7.0825,0,0,0
REN100_Extreme,2049,m5,E003_Mazar,410,0,57,0
REN100_Extreme,2049,m5,E004_Paute_Molino,60,0,58,0
REN100_Extreme,2049,m5,E005_Pucara,25,0,300,0
REN100_Extreme,2049,m5,N039_Paute_Cardenillo,8.0825,0,0,0
REN100_Extreme,2049,m6,E003_Mazar,410,0,262,0
REN100_Extreme,2049,m6,E004_Paute_Molino,60,0,263,0
REN100_Extreme,2049,m6,E005_Pucara,25,0,300,0
REN100_Extreme,2049,m6,N039_Paute_Cardenillo,9.0825,0,0,0
REN100_Extreme,2049,m7,E003_Mazar,410,0,262,0
REN100_Extreme,2049,m7,E004_Paute_Molino,60,0,263,0
REN100_Extreme,2049,m7,E005_Pucara,25,0,300,0
REN100_Extreme,2049,m7,N039_Paute_Cardenillo,3.0825,0,7,0
REN100_Extreme,2049,m8,E003_Mazar,340.3393232,0,331.6606768,0
REN100_Extreme,2049,m8,E004_Paute_Molino,120,0,272.6606768,0
REN100_Extreme,2049,m8,E005_Pucara,25,0,300,0
REN100_Extreme,2049,m8,N039_Paute_Cardenillo,3.0825,0,1,0
REN100_Extreme,2049,m9,E003_Mazar,382.1353235,113.4499103,106.7540894,39.70746859
REN100_Extreme,2049,m9,E004_Paute_Molino,120,221.2039997,0,343.7878828
REN100_Extreme,2049,m9,E005_Pucara,25,0,300,0
REN100_Extreme,2049,m9,N039_Paute_Cardenillo,3.0825,0,1,0
REN100_Extreme,2049,m10,E003_Mazar,410,0,234.1353235,0
REN100_Extreme,2049,m10,E004_Paute_Molino,60,295.1353235,0,458.689482
REN100_Extreme,2049,m10,E005_Pucara,25,0,300,0
REN100_Extreme,2049,m10,N039_Paute_Cardenillo,3.0825,0,1,0
REN100_Extreme,2049,m11,E003_Mazar,205,164.1171952,302.8828048,57.44101833
REN100_Extreme,2049,m11,E004_Paute_Molino,60,184.4515492,283.5484508,286.6684494
REN100_Extreme,2049,m11,E005_Pucara,25,0,300,0
REN100_Extreme,2049,m11,N039_Paute_Cardenillo,3.0825,0,1,0
REN100_Extreme,2049,m12,E003_Mazar,206.1788898,142.996385,117.8247252,50.04873477
REN100_Extreme,2049,m12,E004_Paute_Molino,60,206.4038166,55.41729362,320.7859316
REN100_Extreme,2049,m12,E005_Pucara,25,0,300,0
REN100_Extreme,2049,m12,N039_Paute_Cardenillo,4.0825,0,0,0
REN100_Extreme,2050,m1,E003_Mazar,205,137.2266192,124.7733808,48.02931671
REN100_Extreme,2050,m1,E004_Paute_Molino,60,252.5274874,10.47251261,392.4698033
REN100_Extreme,2050,m1,E005_Pucara,25,0,300,0
REN100_Extreme,2050,m1,N039_Paute_Cardenillo,4.0825,0,0,0
REN100_Extreme,2050,m2,E003_Mazar,205,0,262,0
REN100_Extreme,2050,m2,E004_Paute_Molino,60,233.2647421,29.7352579,362.5322867
REN100_Extreme,2050,m2,E005_Pucara,25,0,300,0
REN100_Extreme,2050,m2,N039_Paute_Cardenillo,5.0825,0,0,0
REN100_Extreme,2050,m3,E003_Mazar,410,0,57,0
REN100_Extreme,2050,m3,E004_Paute_Molino,60,0,58,0
REN100_Extreme,2050,m3,E005_Pucara,25,0,300,0
REN100_Extreme,2050,m3,N039_Paute_Cardenillo,6.0825,0,0,0
REN100_Extreme,2050,m4,E003_Mazar,205,0,467,0
REN100_Extreme,2050,m4,E004_Paute_Molino,60,0,468,0
REN100_Extreme,2050,m4,E005_Pucara,25,0,300,0
REN100_Extreme,2050,m4,N039_Paute_Cardenillo,7.0825,0,0,0
REN100_Extreme,2050,m5,E003_Mazar,205,0,262,0
REN100_Extreme,2050,m5,E004_Paute_Molino,60,0,263,0
REN100_Extreme,2050,m5,E005_Pucara,25,0,300,0
REN100_Extreme,2050,m5,N039_Paute_Cardenillo,8.0825,0,0,0
REN100_Extreme,2050,m6,E003_Mazar,410,0,57,0
REN100_Extreme,2050,m6,E004_Paute_Molino,60,0,58,0
REN100_Extreme,2050,m6,E005_Pucara,25,0,300,0
REN100_Extreme,2050,m6,N039_Paute_Cardenillo,9.0825,0,0,0
REN100_Extreme,2050,m7,E003_Mazar,205,0,467,0
REN100_Extreme,2050,m7,E004_Paute_Molino,60,0,468,0
REN100_Extreme,2050,m7,E005_Pucara,25,0,300,0
REN100_Extreme,2050,m7,N039_Paute_Cardenillo,3.0825,0,7,0
REN100_Extreme,2050,m8,E003_Mazar,410,0,57,0
REN100_Extreme,2050,m8,E004_Paute_Molino,60,0,58,0
REN100_Extreme,2050,m8,E005_Pucara,25,0,300,0
REN100_Extreme,2050,m8,N039_Paute_Cardenillo,3.0825,0,1,0
REN100_Extreme,2050,m9,E003_Mazar,330.3932343,142.6395764,198.9671893,49.92385175
REN100_Extreme,2050,m9,E004_Paute_Molino,120,228.8198245,53.78694117,355.624144
REN100_Extreme,2050,m9,E005_Pucara,25,0,300,0
REN100_Extreme,2050,m9,N039_Paute_Cardenillo,3.0825,0,1,0
REN100_Extreme,2050,m10,E003_Mazar,410,127.3675779,55.02565637,44.57865227
REN100_Extreme,2050,m10,E004_Paute_Molino,60,243.3932343,0,378.2736516
REN100_Extreme,2050,m10,E005_Pucara,25,0,300,0
REN100_Extreme,2050,m10,N039_Paute_Cardenillo,3.0825,0,1,0
REN100_Extreme,2050,m11,E003_Mazar,205,178.0859341,288.9140659,62.33007692
REN100_Extreme,2050,m11,E004_Paute_Molino,60,235.8199333,232.1800667,366.5034797
REN100_Extreme,2050,m11,E005_Pucara,25,0,300,0
REN100_Extreme,2050,m11,N039_Paute_Cardenillo,3.0825,0,1,0
REN100_Extreme,2050,m12,E003_Mazar,205,169.0373414,92.96265857,59.1630695
REN100_Extreme,2050,m12,E004_Paute_Molino,60,199.7501912,63.24980877,310.4450889
REN100_Extreme,2050,m12,E005_Pucara,25,0,300,0
REN100_Extreme,2050,m12,N039_Paute_Cardenillo,4.0825,0,0,0
