{
  "type": "FeatureCollection",
  "name": "Ecuador existing 138, 230 and 500 kV transmission grid",
  "crs": {
    "type": "name",
    "properties": {
      "name": "urn:ogc:def:crs:OGC:1.3:CRS84"
    }
  },
  "features": [
    {
      "type": "Feature",
      "properties": {
        "object_id": 556,
        "line_id": 1014,
        "description": "Santo Domingo - La Concordia",
        "from": "Santo Domingo",
        "to": "Concordia",
        "voltage_kv": 138.0,
        "thermal_capacity_mw": 113.0,
        "voltage_regulation_mvar": null,
        "length_km": 39.1,
        "circuits": 1,
        "company": "CELEC-Transelectric",
        "company_type": "Transmisora",
        "line_type": "Transmisión",
        "topology": "Anillo",
        "operation_date": "2020-01-29T01:00:00",
        "source": "Lineas.geojson"
      },
      "geometry": {
        "type": "MultiLineString",
        "coordinates": [
          [
            [
              -79.12527107375897,
              -0.2632690783321886
            ],
            [
              -79.13020795709429,
              -0.24455957930889663
            ],
            [
              -79.13870898853207,
              -0.2300684884169641
            ],
            [
              -79.21072275875802,
              -0.1873052445904664
            ],
            [
              -79.2482651909294,
              -0.1370382964269485
            ],
            [
              -79.31852797927897,
              -0.09308500522780411
            ],
            [
              -79.37743435073187,
              -0.038473721640018235
            ]
          ],
          [
            [
              -79.38344183505637,
              -0.040656008887573265
            ],
            [
              -79.37743487536613,
              -0.03847266625476286
            ]
          ]
        ]
      }
    },
    {
      "type": "Feature",
      "properties": {
        "object_id": 557,
        "line_id": 1015,
        "description": "La Concordia - Quinindé",
        "from": "Concordia",
        "to": "Quinindé",
        "voltage_kv": 138.0,
        "thermal_capacity_mw": 113.0,
        "voltage_regulation_mvar": null,
        "length_km": 41.4,
        "circuits": 1,
        "company": "CELEC-Transelectric",
        "company_type": "Transmisora",
        "line_type": "Transmisión",
        "topology": "Anillo",
        "operation_date": "2020-01-29T01:00:00",
        "source": "Lineas.geojson"
      },
      "geometry": {
        "type": "MultiLineString",
        "coordinates": [
          [
            [
              -79.38376431544478,
              -0.040716878517898285
            ],
            [
              -79.37749358832149,
              -0.03841619784996023
            ]
          ],
          [
            [
              -79.37749330534824,
              -0.03841645739764236
            ],
            [
              -79.37749358832149,
              -0.03841619784996023
            ]
          ],
          [
            [
              -79.37749358832149,
              -0.03841619784996023
            ],
            [
              -79.39119147982355,
              -0.025680160553818984
            ],
            [
              -79.38902503148022,
              -0.005653589848534166
            ],
            [
              -79.40826259491355,
              0.12982077199582956
            ],
            [
              -79.41051074442238,
              0.20944379428993545
            ],
            [
              -79.47608978742741,
              0.30828900419884403
            ],
            [
              -79.47694779592968,
              0.306082555323253
            ]
          ]
        ]
      }
    },
    {
      "type": "Feature",
      "properties": {
        "object_id": 560,
        "line_id": 1018,
        "description": "La Concordia - Pedernales",
        "from": "Concordia",
        "to": "Pedernales",
        "voltage_kv": 138.0,
        "thermal_capacity_mw": 202.57,
        "voltage_regulation_mvar": null,
        "length_km": 79.7,
        "circuits": 1,
        "company": "CELEC-Transelectric",
        "company_type": "Transmisora",
        "line_type": "Transmisión",
        "topology": "Anillo",
        "operation_date": "2020-09-12T02:00:00",
        "source": "Lineas.geojson"
      },
      "geometry": {
        "type": "LineString",
        "coordinates": [
          [
            -79.38440229873491,
            -0.04148444407994814
          ],
          [
            -79.40690707782323,
            -0.039742185418705535
          ],
          [
            -79.42069881954055,
            -0.03531170808383345
          ],
          [
            -79.44757496084415,
            -0.04179478250775878
          ],
          [
            -79.48903774818439,
            -0.05976377471751203
          ],
          [
            -79.53491693899284,
            -0.0592090980384452
          ],
          [
            -79.56535415116679,
            -0.06290851321866286
          ],
          [
            -79.6358509281361,
            -0.09386870500921204
          ],
          [
            -79.66875105025927,
            -0.08907663268295278
          ],
          [
            -79.68098116340495,
            -0.08200797417466128
          ],
          [
            -79.69503471548884,
            -0.07845194144911795
          ],
          [
            -79.69739653385481,
            -0.0801981368842951
          ],
          [
            -79.72525453305997,
            -0.07643003962555163
          ],
          [
            -79.77819097632633,
            -0.07415735872226774
          ],
          [
            -79.8336544399911,
            -0.021750459948435958
          ],
          [
            -79.8410848399383,
            -0.0008072693739356251
          ],
          [
            -79.86537856550191,
            0.007846056463777496
          ],
          [
            -79.92817868977254,
            0.01937093727752002
          ],
          [
            -79.94371799834312,
            0.027187128139123554
          ],
          [
            -79.96774276054137,
            0.05687266753827072
          ],
          [
            -79.99896199277784,
            0.08452756708895709
          ],
          [
            -80.01332489520738,
            0.10183644738085273
          ]
        ]
      }
    },
    {
      "type": "Feature",
      "properties": {
        "object_id": 573,
        "line_id": 1033,
        "description": "Ibarra - Pimampiro",
        "from": "Ibarra",
        "to": "Pimampiro",
        "voltage_kv": 138.0,
        "thermal_capacity_mw": 112.0,
        "voltage_regulation_mvar": null,
        "length_km": 25.9,
        "circuits": 1,
        "company": "CELEC-Transelectric",
        "company_type": "Transmisora",
        "line_type": "Transmisión",
        "topology": "Radial",
        "operation_date": "2021-03-28T01:00:00",
        "source": "Lineas.geojson"
      },
      "geometry": {
        "type": "LineString",
        "coordinates": [
          [
            -78.16684397147066,
            0.35858112003918463
          ],
          [
            -78.1348191681505,
            0.3737078515832152
          ],
          [
            -78.12848206658734,
            0.3747087487319156
          ],
          [
            -78.1017384807659,
            0.39151523923938
          ],
          [
            -78.08159184208105,
            0.3984387573634693
          ],
          [
            -78.00695347898747,
            0.39523631157786754
          ],
          [
            -77.99320329674713,
            0.39119226585783606
          ],
          [
            -77.97602733090041,
            0.3919308101043811
          ],
          [
            -77.95385497024763,
            0.4081579210517389
          ],
          [
            -77.94778749068854,
            0.4087165610529402
          ]
        ]
      }
    },
    {
      "type": "Feature",
      "properties": {
        "object_id": 574,
        "line_id": 1034,
        "description": "Pimampiro - Tulcán",
        "from": "Pimampiro",
        "to": "Tulcán",
        "voltage_kv": 138.0,
        "thermal_capacity_mw": 112.0,
        "voltage_regulation_mvar": null,
        "length_km": 80.3,
        "circuits": 1,
        "company": "CELEC-Transelectric",
        "company_type": "Transmisora",
        "line_type": "Transmisión",
        "topology": "Radial",
        "operation_date": "2021-03-28T01:00:00",
        "source": "Lineas.geojson"
      },
      "geometry": {
        "type": "MultiLineString",
        "coordinates": [
          [
            [
              -78.07941450392663,
              0.39932311274447324
            ],
            [
              -78.07138947881222,
              0.3973324666031436
            ],
            [
              -78.00696966025684,
              0.3953163755767018
            ],
            [
              -77.99319452787921,
              0.3912649871799955
            ],
            [
              -77.97605203146628,
              0.3920020914632616
            ],
            [
              -77.95388240698038,
              0.4082271967757234
            ],
            [
              -77.94776628782517,
              0.4086942840674136
            ]
          ],
          [
            [
              -78.07941381173733,
              0.399323679924821
            ],
            [
              -78.05355073587285,
              0.43976472477135814
            ],
            [
              -78.02504832602386,
              0.5554469391241594
            ],
            [
              -77.9978494661915,
              0.5825013620736281
            ],
            [
              -77.98290027098972,
              0.5941570918244785
            ],
            [
              -77.87224170058681,
              0.6208620557886794
            ],
            [
              -77.81911215934137,
              0.6308570508304173
            ],
            [
              -77.75764673649861,
              0.6726222764908288
            ],
            [
              -77.73239052298385,
              0.708870775573668
            ],
            [
              -77.72661774177713,
              0.7626368000046175
            ],
            [
              -77.72296960666182,
              0.7716561093489147
            ]
          ]
        ]
      }
    },
    {
      "type": "Feature",
      "properties": {
        "object_id": 577,
        "line_id": 1038,
        "description": "Uchucay-La Paz",
        "from": "Uchucay",
        "to": "La Paz",
        "voltage_kv": 138.0,
        "thermal_capacity_mw": 157.51,
        "voltage_regulation_mvar": 110.26,
        "length_km": 20.88,
        "circuits": 1,
        "company": "Elecaustro",
        "company_type": "Generadora",
        "line_type": "Transmisión",
        "topology": "Radial",
        "operation_date": "2021-06-30T02:00:00",
        "source": "Lineas.geojson"
      },
      "geometry": {
        "type": "LineString",
        "coordinates": [
          [
            -79.18944415878744,
            -3.355084917987431
          ],
          [
            -79.3644463457476,
            -3.3604497803357942
          ]
        ]
      }
    },
    {
      "type": "Feature",
      "properties": {
        "object_id": 578,
        "line_id": 1039,
        "description": "Cuenca - La Paz",
        "from": "Cuenca",
        "to": "La Paz",
        "voltage_kv": 138.0,
        "thermal_capacity_mw": 112.0,
        "voltage_regulation_mvar": null,
        "length_km": 60.5,
        "circuits": 1,
        "company": "CELEC-Transelectric",
        "company_type": "Transmisora",
        "line_type": "Transmisión",
        "topology": "Radial",
        "operation_date": "2021-06-27T02:00:00",
        "source": "Lineas.geojson"
      },
      "geometry": {
        "type": "LineString",
        "coordinates": [
          [
            -78.95871955285044,
            -2.9089333481238624
          ],
          [
            -78.98489635522583,
            -2.940764932390159
          ],
          [
            -78.99841135443343,
            -2.978647004055544
          ],
          [
            -79.00593854948157,
            -3.029030278658745
          ],
          [
            -79.0016477629749,
            -3.082786382292958
          ],
          [
            -79.0009659222095,
            -3.1392868824836175
          ],
          [
            -79.00849693259448,
            -3.1586358038302498
          ],
          [
            -79.02718864989909,
            -3.1768623054631617
          ],
          [
            -79.0500936914597,
            -3.232939793209711
          ],
          [
            -79.10528383622434,
            -3.2909779372400716
          ],
          [
            -79.1586676835113,
            -3.3228725626117934
          ],
          [
            -79.17659266340905,
            -3.348240053600963
          ],
          [
            -79.18941613890706,
            -3.3551467834134714
          ]
        ]
      }
    },
    {
      "type": "Feature",
      "properties": {
        "object_id": 579,
        "line_id": 1040,
        "description": "La Paz - Yanacocha",
        "from": "La Paz",
        "to": "Yanacocha",
        "voltage_kv": 138.0,
        "thermal_capacity_mw": 112.0,
        "voltage_regulation_mvar": null,
        "length_km": 74.8,
        "circuits": 1,
        "company": "CELEC-Transelectric",
        "company_type": "Transmisora",
        "line_type": "Transmisión",
        "topology": "Radial",
        "operation_date": "2021-06-27T02:00:00",
        "source": "Lineas.geojson"
      },
      "geometry": {
        "type": "LineString",
        "coordinates": [
          [
            -79.18945579166656,
            -3.354920242476239
          ],
          [
            -79.18208881968583,
            -3.35371200727525
          ],
          [
            -79.17161485029634,
            -3.4045132892813355
          ],
          [
            -79.16065845922554,
            -3.4154365080803544
          ],
          [
            -79.15445707153002,
            -3.429550139094009
          ],
          [
            -79.17887837857167,
            -3.5356691578734147
          ],
          [
            -79.19761106813219,
            -3.601384617524468
          ],
          [
            -79.25252833200076,
            -3.682040130288228
          ],
          [
            -79.25570482224975,
            -3.692522880532213
          ],
          [
            -79.2575067258778,
            -3.755794526986986
          ],
          [
            -79.25399701327365,
            -3.790624937541908
          ],
          [
            -79.22537827551234,
            -3.8408831299585477
          ],
          [
            -79.23152274204499,
            -3.924302882059762
          ],
          [
            -79.2279138960675,
            -3.925753430542774
          ],
          [
            -79.22053682453898,
            -3.9221489397975224
          ],
          [
            -79.20741725692142,
            -3.930494558182734
          ],
          [
            -79.2009705964153,
            -3.937418845236052
          ],
          [
            -79.19761445379083,
            -3.947220731497168
          ],
          [
            -79.19856010181392,
            -3.95057225950814
          ]
        ]
      }
    },
    {
      "type": "Feature",
      "properties": {
        "object_id": 49,
        "line_id": 170,
        "description": "Selva Alegre - Pomasqui",
        "from": "41 SELVA ALEGRE",
        "to": "Pomasqui",
        "voltage_kv": 138.0,
        "thermal_capacity_mw": 187.39,
        "voltage_regulation_mvar": null,
        "length_km": 5.52,
        "circuits": 1,
        "company": "E.E. Quito",
        "company_type": "Distribuidora",
        "line_type": "Subtransmisión",
        "topology": "Anillo",
        "operation_date": "1992-07-01T02:00:00",
        "source": "Lineas.geojson"
      },
      "geometry": {
        "type": "LineString",
        "coordinates": [
          [
            -78.51548273968598,
            -0.1784379753941852
          ],
          [
            -78.5170802181471,
            -0.15732570365721898
          ],
          [
            -78.5246377496035,
            -0.12866251653077454
          ],
          [
            -78.51999939321323,
            -0.12217593470107084
          ],
          [
            -78.5207888650189,
            -0.11410341153927425
          ],
          [
            -78.51820850023765,
            -0.10876751013371147
          ],
          [
            -78.50921522052289,
            -0.10499969511748945
          ],
          [
            -78.4980173328708,
            -0.09429416429534813
          ],
          [
            -78.48275449412533,
            -0.0871694983837484
          ],
          [
            -78.47596065257459,
            -0.07489005604629749
          ],
          [
            -78.46482651662602,
            -0.07162380543230468
          ],
          [
            -78.45083164639401,
            -0.07305846098909272
          ]
        ]
      }
    },
    {
      "type": "Feature",
      "properties": {
        "object_id": 1,
        "line_id": 20,
        "description": "Sta. Rosa (T) - Alangasí",
        "from": "Santa Rosa",
        "to": "26 ALANGASI",
        "voltage_kv": 138.0,
        "thermal_capacity_mw": 65.0,
        "voltage_regulation_mvar": 0.0,
        "length_km": 45.91,
        "circuits": 2,
        "company": "EPMAPS",
        "company_type": "Generadora",
        "line_type": "Transmisión",
        "topology": "Anillo",
        "operation_date": "2000-04-01T02:00:00",
        "source": "Lineas.geojson"
      },
      "geometry": {
        "type": "LineString",
        "coordinates": [
          [
            -78.53743191633036,
            -0.3636944513185501
          ],
          [
            -78.49460965517822,
            -0.35753136457174495
          ],
          [
            -78.48113198314996,
            -0.3564969407131151
          ],
          [
            -78.46882322458693,
            -0.3590737532176603
          ],
          [
            -78.45839245901831,
            -0.35752396406757153
          ],
          [
            -78.4256705177241,
            -0.33495783522818645
          ],
          [
            -78.40924801102116,
            -0.3293138062029885
          ]
        ]
      }
    },
    {
      "type": "Feature",
      "properties": {
        "object_id": 2,
        "line_id": 21,
        "description": "Alangasí - El Inga (T)",
        "from": "26 ALANGASI",
        "to": "El Inga",
        "voltage_kv": 138.0,
        "thermal_capacity_mw": 65.0,
        "voltage_regulation_mvar": 0.0,
        "length_km": 8.1,
        "circuits": 1,
        "company": "EPMAPS",
        "company_type": "Generadora",
        "line_type": "Transmisión",
        "topology": "Anillo",
        "operation_date": "1990-09-01T02:00:00",
        "source": "Lineas.geojson"
      },
      "geometry": {
        "type": "LineString",
        "coordinates": [
          [
            -78.40924801102116,
            -0.3293138062029885
          ],
          [
            -78.34092378416649,
            -0.30643342696490966
          ]
        ]
      }
    },
    {
      "type": "Feature",
      "properties": {
        "object_id": 3,
        "line_id": 22,
        "description": "Recuperadora - Booster 2",
        "from": "Recuperadora",
        "to": "Booster 2",
        "voltage_kv": 138.0,
        "thermal_capacity_mw": 65.0,
        "voltage_regulation_mvar": 0.0,
        "length_km": 19.0,
        "circuits": 1,
        "company": "EPMAPS",
        "company_type": "Generadora",
        "line_type": "Transmisión",
        "topology": "Radial",
        "operation_date": "1990-09-01T02:00:00",
        "source": "Lineas.geojson"
      },
      "geometry": {
        "type": "LineString",
        "coordinates": [
          [
            -78.16534632787976,
            -0.37860871759573794
          ],
          [
            -78.18938033383978,
            -0.3724152183496301
          ],
          [
            -78.20596487116835,
            -0.3351775638889603
          ],
          [
            -78.22727835402398,
            -0.31849851322050293
          ],
          [
            -78.26132271657252,
            -0.2842425419850962
          ],
          [
            -78.28209921591466,
            -0.26881133194274265
          ],
          [
            -78.28673262331787,
            -0.268187980384713
          ]
        ]
      }
    },
    {
      "type": "Feature",
      "properties": {
        "object_id": 4,
        "line_id": 23,
        "description": "Booster 2 - Booster 1",
        "from": "Booster 2",
        "to": "Booster 1",
        "voltage_kv": 138.0,
        "thermal_capacity_mw": 65.0,
        "voltage_regulation_mvar": 0.0,
        "length_km": 5.0,
        "circuits": 1,
        "company": "EPMAPS",
        "company_type": "Generadora",
        "line_type": "Transmisión",
        "topology": "Radial",
        "operation_date": "1999-04-18T02:00:00",
        "source": "Lineas.geojson"
      },
      "geometry": {
        "type": "LineString",
        "coordinates": [
          [
            -78.16534632787976,
            -0.37860871759573794
          ],
          [
            -78.15483342307641,
            -0.3833512747241113
          ],
          [
            -78.14316549891457,
            -0.38159514396433974
          ]
        ]
      }
    },
    {
      "type": "Feature",
      "properties": {
        "object_id": 145,
        "line_id": 318,
        "description": "Gualaceo - Limón",
        "from": "Gualaceo",
        "to": "Limón",
        "voltage_kv": 138.0,
        "thermal_capacity_mw": 88.8,
        "voltage_regulation_mvar": 0.0,
        "length_km": 45.14,
        "circuits": 1,
        "company": "CELEC-Transelectric",
        "company_type": "Transmisora",
        "line_type": "Transmisión",
        "topology": "Radial",
        "operation_date": "2012-06-20T02:00:00",
        "source": "Lineas.geojson"
      },
      "geometry": {
        "type": "LineString",
        "coordinates": [
          [
            -78.78381316471231,
            -2.905503439966534
          ],
          [
            -78.76145010182009,
            -2.909601428852844
          ],
          [
            -78.73807100239313,
            -2.9239281736281275
          ],
          [
            -78.72258554858735,
            -2.9295737665532875
          ],
          [
            -78.71733307895276,
            -2.948031506654679
          ],
          [
            -78.68390397292524,
            -2.986588608635988
          ],
          [
            -78.66302943923478,
            -3.0060605333038373
          ],
          [
            -78.64007072506415,
            -3.0034889051077363
          ],
          [
            -78.62333676894916,
            -3.0122928563192817
          ],
          [
            -78.58281508526896,
            -3.015583833973915
          ],
          [
            -78.57164555377767,
            -3.0127115770931128
          ],
          [
            -78.56050706921513,
            -3.0040273383681444
          ],
          [
            -78.55400080970426,
            -3.002629776806088
          ],
          [
            -78.52787814635721,
            -3.0086717768403086
          ],
          [
            -78.51639740697094,
            -3.0045601341329853
          ],
          [
            -78.47942656681096,
            -3.0094008770687664
          ],
          [
            -78.44728802189672,
            -2.985456169471616
          ],
          [
            -78.4410463451556,
            -2.977961637423338
          ]
        ]
      }
    },
    {
      "type": "Feature",
      "properties": {
        "object_id": 146,
        "line_id": 319,
        "description": "Limón - Méndez",
        "from": "Limón",
        "to": "Méndez",
        "voltage_kv": 138.0,
        "thermal_capacity_mw": 88.8,
        "voltage_regulation_mvar": 0.0,
        "length_km": 33.02,
        "circuits": 1,
        "company": "CELEC-Transelectric",
        "company_type": "Transmisora",
        "line_type": "Transmisión",
        "topology": "Radial",
        "operation_date": "2012-06-20T02:00:00",
        "source": "Lineas.geojson"
      },
      "geometry": {
        "type": "LineString",
        "coordinates": [
          [
            -78.29198849108886,
            -2.7376868047087703
          ],
          [
            -78.30296651688373,
            -2.7455058997188355
          ],
          [
            -78.30238621995639,
            -2.7556117158880293
          ],
          [
            -78.32119799867885,
            -2.761032037319485
          ],
          [
            -78.34020092971706,
            -2.787461352534789
          ],
          [
            -78.35960222656186,
            -2.8339184908709134
          ],
          [
            -78.37047248532963,
            -2.8411718444525693
          ],
          [
            -78.37371305187628,
            -2.8645610048361965
          ],
          [
            -78.37875037564277,
            -2.86973523162516
          ],
          [
            -78.3999003426524,
            -2.91166005925747
          ],
          [
            -78.40920755798693,
            -2.9368677707262467
          ],
          [
            -78.43977649467239,
            -2.9674575680779975
          ],
          [
            -78.44290537395209,
            -2.9783386638260194
          ],
          [
            -78.4410463451556,
            -2.977961637423338
          ]
        ]
      }
    },
    {
      "type": "Feature",
      "properties": {
        "object_id": 147,
        "line_id": 320,
        "description": "Méndez - Macas",
        "from": "Méndez",
        "to": "Macas",
        "voltage_kv": 138.0,
        "thermal_capacity_mw": 88.8,
        "voltage_regulation_mvar": 0.0,
        "length_km": 51.39,
        "circuits": 1,
        "company": "CELEC-Transelectric",
        "company_type": "Transmisora",
        "line_type": "Transmisión",
        "topology": "Radial",
        "operation_date": "2012-06-20T02:00:00",
        "source": "Lineas.geojson"
      },
      "geometry": {
        "type": "LineString",
        "coordinates": [
          [
            -78.29198849108886,
            -2.7376868047087703
          ],
          [
            -78.28446487695847,
            -2.73714374436745
          ],
          [
            -78.25719447789216,
            -2.721517005197997
          ],
          [
            -78.2404068504218,
            -2.6970327783779524
          ],
          [
            -78.23647319619079,
            -2.6875838399559386
          ],
          [
            -78.2302102873439,
            -2.6822718451685645
          ],
          [
            -78.22272171954683,
            -2.6846301691879875
          ],
          [
            -78.21300421016655,
            -2.6743034966273074
          ],
          [
            -78.20095764578011,
            -2.6158164626679374
          ],
          [
            -78.18930344246591,
            -2.600238344217906
          ],
          [
            -78.17952723490777,
            -2.595416645156454
          ],
          [
            -78.156109841906,
            -2.519200446940883
          ],
          [
            -78.154907281285,
            -2.5082721156744205
          ],
          [
            -78.16212103963797,
            -2.439950935300403
          ],
          [
            -78.15780200357298,
            -2.4052684992617817
          ],
          [
            -78.15843709260672,
            -2.3719851975268793
          ],
          [
            -78.15517055360421,
            -2.3603787583542366
          ],
          [
            -78.1407951598031,
            -2.3422304396088895
          ]
        ]
      }
    },
    {
      "type": "Feature",
      "properties": {
        "object_id": 213,
        "line_id": 456,
        "description": "Pomasqui - Ibarra",
        "from": "Pomasqui",
        "to": "Ibarra",
        "voltage_kv": 138.0,
        "thermal_capacity_mw": 112.0,
        "voltage_regulation_mvar": 0.0,
        "length_km": 60.5,
        "circuits": 1,
        "company": "CELEC-Transelectric",
        "company_type": "Transmisora",
        "line_type": "Transmisión",
        "topology": "Radial",
        "operation_date": "1980-01-01T01:00:00",
        "source": "Lineas.geojson"
      },
      "geometry": {
        "type": "LineString",
        "coordinates": [
          [
            -78.43940845263715,
            -0.0531349105551791
          ],
          [
            -78.44328993846293,
            -0.0485401986240494
          ],
          [
            -78.43361204938626,
            -0.009895546044347253
          ],
          [
            -78.44279609781624,
            0.03915720701253577
          ],
          [
            -78.41456901393913,
            0.12004349590438214
          ],
          [
            -78.37275326022392,
            0.16777062481827615
          ],
          [
            -78.34922092738412,
            0.20975012798875073
          ],
          [
            -78.33334906502218,
            0.24729417742660023
          ],
          [
            -78.23652551693972,
            0.35020550274564416
          ],
          [
            -78.18670362139187,
            0.36259289210645046
          ],
          [
            -78.1673297108749,
            0.3589119198286142
          ]
        ]
      }
    },
    {
      "type": "Feature",
      "properties": {
        "object_id": 214,
        "line_id": 457,
        "description": "Chone - Severino",
        "from": "Chone",
        "to": "Severino",
        "voltage_kv": 138.0,
        "thermal_capacity_mw": 113.2,
        "voltage_regulation_mvar": null,
        "length_km": 30.3,
        "circuits": 1,
        "company": "CELEC-Transelectric",
        "company_type": "Transmisora",
        "line_type": "Transmisión",
        "topology": "Radial",
        "operation_date": "2001-01-01T01:00:00",
        "source": "Lineas.geojson"
      },
      "geometry": {
        "type": "LineString",
        "coordinates": [
          [
            -80.10658273573455,
            -0.739411747282693
          ],
          [
            -80.0851813402393,
            -0.738354229252661
          ],
          [
            -80.06426869575614,
            -0.7416912833099307
          ],
          [
            -80.04367943826509,
            -0.7285769232605538
          ],
          [
            -80.0318963736725,
            -0.7262354076252276
          ],
          [
            -80.0295721467458,
            -0.7295763075771038
          ],
          [
            -80.01961380844732,
            -0.7315789700611456
          ],
          [
            -80.0051722975087,
            -0.7432705914689749
          ],
          [
            -79.9809386609814,
            -0.7557951013416089
          ],
          [
            -79.97063951889552,
            -0.7655336684164412
          ]
        ]
      }
    },
    {
      "type": "Feature",
      "properties": {
        "object_id": 215,
        "line_id": 458,
        "description": "Daule Peripa - Chone",
        "from": "Daule Peripa",
        "to": "Chone",
        "voltage_kv": 138.0,
        "thermal_capacity_mw": 113.2,
        "voltage_regulation_mvar": null,
        "length_km": 63.3,
        "circuits": 1,
        "company": "CELEC-Transelectric",
        "company_type": "Transmisora",
        "line_type": "Transmisión",
        "topology": "Radial",
        "operation_date": "2001-01-01T01:00:00",
        "source": "Lineas.geojson"
      },
      "geometry": {
        "type": "LineString",
        "coordinates": [
          [
            -79.75299929873684,
            -0.9276120008159424
          ],
          [
            -79.75093333373857,
            -0.9271361060369615
          ],
          [
            -79.75121388918147,
            -0.931002772500852
          ],
          [
            -79.75523333344958,
            -0.9339055508566525
          ],
          [
            -79.76877777815002,
            -0.9319916616578771
          ],
          [
            -79.7844999999411,
            -0.9337055507714652
          ],
          [
            -79.88456666645212,
            -0.9572999952119503
          ],
          [
            -79.91218333367509,
            -0.9676249950091461
          ],
          [
            -79.93068611116577,
            -0.9662666617567801
          ],
          [
            -79.95618333304465,
            -0.9793972169231111
          ],
          [
            -79.98318236603032,
            -0.9764293958501193
          ],
          [
            -80.02677777736442,
            -0.9789166614584023
          ],
          [
            -80.03155839897062,
            -0.9739832651776982
          ],
          [
            -80.03399101008715,
            -0.9477349148287559
          ],
          [
            -80.07976657232996,
            -0.9185552749290967
          ],
          [
            -80.09159245368949,
            -0.8940487266183013
          ],
          [
            -80.09671503899328,
            -0.8357588672018753
          ],
          [
            -80.10986911211776,
            -0.8180061350550112
          ],
          [
            -80.1156581180975,
            -0.8057787509162124
          ],
          [
            -80.11437398650291,
            -0.7756460101295505
          ],
          [
            -80.10658273573455,
            -0.739411747282693
          ]
        ]
      }
    },
    {
      "type": "Feature",
      "properties": {
        "object_id": 218,
        "line_id": 463,
        "description": "Tulcán - Panamericana",
        "from": "Tulcán",
        "to": "Panamericana",
        "voltage_kv": 138.0,
        "thermal_capacity_mw": 112.0,
        "voltage_regulation_mvar": null,
        "length_km": 15.5,
        "circuits": 1,
        "company": "CELEC-Transelectric",
        "company_type": "Transmisora",
        "line_type": "Transmisión",
        "topology": "Radial",
        "operation_date": "1998-01-01T01:00:00",
        "source": "Lineas.geojson"
      },
      "geometry": {
        "type": "LineString",
        "coordinates": [
          [
            -77.72275408304546,
            0.7719892775969261
          ],
          [
            -77.67827232675269,
            0.7962829421273698
          ],
          [
            -77.64569869424705,
            0.8228116117186084
          ]
        ]
      }
    },
    {
      "type": "Feature",
      "properties": {
        "object_id": 236,
        "line_id": 488,
        "description": "Salitral - Trinitaria",
        "from": "Salitral",
        "to": "Trinitaria",
        "voltage_kv": 138.0,
        "thermal_capacity_mw": 110.0,
        "voltage_regulation_mvar": 0.0,
        "length_km": 11.0,
        "circuits": 2,
        "company": "CELEC-Transelectric",
        "company_type": "Transmisora",
        "line_type": "Transmisión",
        "topology": "Anillo",
        "operation_date": "2005-01-01T01:00:00",
        "source": "Lineas.geojson"
      },
      "geometry": {
        "type": "LineString",
        "coordinates": [
          [
            -79.9096796967741,
            -2.250237688947985
          ],
          [
            -79.91344801855612,
            -2.250002389295657
          ],
          [
            -79.91394607436023,
            -2.239505298238808
          ],
          [
            -79.92204909036295,
            -2.239524986579237
          ],
          [
            -79.95450076706983,
            -2.2279720366186724
          ],
          [
            -79.95703178832895,
            -2.221907671830627
          ],
          [
            -79.9563738643727,
            -2.1967253075386646
          ]
        ]
      }
    },
    {
      "type": "Feature",
      "properties": {
        "object_id": 242,
        "line_id": 496,
        "description": "Santa Elena II - Santa Elena (T)",
        "from": "Santa Elena II",
        "to": "Santa Elena",
        "voltage_kv": 138.0,
        "thermal_capacity_mw": 115.0,
        "voltage_regulation_mvar": null,
        "length_km": 0.5,
        "circuits": 1,
        "company": "CELEC-Electroguayas",
        "company_type": "Generadora",
        "line_type": "Transmisión",
        "topology": "Radial",
        "operation_date": "2011-02-01T01:00:00",
        "source": "Lineas.geojson"
      },
      "geometry": {
        "type": "LineString",
        "coordinates": [
          [
            -80.84602622276466,
            -2.2435097246647846
          ],
          [
            -80.84781416313962,
            -2.2405120959294105
          ],
          [
            -80.84515015933619,
            -2.2405196491337547
          ]
        ]
      }
    },
    {
      "type": "Feature",
      "properties": {
        "object_id": 290,
        "line_id": 581,
        "description": "Baños - Agoyán",
        "from": "Baños",
        "to": "Agoyán",
        "voltage_kv": 138.0,
        "thermal_capacity_mw": 165.0,
        "voltage_regulation_mvar": null,
        "length_km": 1.9,
        "circuits": 2,
        "company": "CELEC-Transelectric",
        "company_type": "Transmisora",
        "line_type": "Transmisión",
        "topology": "Anillo",
        "operation_date": "1987-01-01T01:00:00",
        "source": "Lineas.geojson"
      },
      "geometry": {
        "type": "LineString",
        "coordinates": [
          [
            -78.37756232660935,
            -1.398854190063468
          ],
          [
            -78.3603624700945,
            -1.3978301559571773
          ]
        ]
      }
    },
    {
      "type": "Feature",
      "properties": {
        "object_id": 291,
        "line_id": 583,
        "description": "Totoras - Baños",
        "from": "Totoras",
        "to": "Baños",
        "voltage_kv": 138.0,
        "thermal_capacity_mw": 165.0,
        "voltage_regulation_mvar": null,
        "length_km": 31.7,
        "circuits": 2,
        "company": "CELEC-Transelectric",
        "company_type": "Transmisora",
        "line_type": "Transmisión",
        "topology": "Anillo",
        "operation_date": "1987-01-01T01:00:00",
        "source": "Lineas.geojson"
      },
      "geometry": {
        "type": "LineString",
        "coordinates": [
          [
            -78.59942712102264,
            -1.2984576711619515
          ],
          [
            -78.60013252131633,
            -1.3003316156414277
          ],
          [
            -78.59095389615739,
            -1.3139203723703028
          ],
          [
            -78.57785439324392,
            -1.3263886634057303
          ],
          [
            -78.57509490143825,
            -1.3263859424184004
          ],
          [
            -78.53656892976986,
            -1.357840989054554
          ],
          [
            -78.50245841749526,
            -1.363365402069263
          ],
          [
            -78.46757783548509,
            -1.4175683902691427
          ],
          [
            -78.45810175618715,
            -1.4154582114312526
          ],
          [
            -78.438201964799,
            -1.4176058631358062
          ],
          [
            -78.40215874696312,
            -1.3974731380875844
          ],
          [
            -78.38992360265902,
            -1.3973962858132134
          ],
          [
            -78.38037623573584,
            -1.4004426617180739
          ],
          [
            -78.37756232660935,
            -1.398854190063468
          ]
        ]
      }
    },
    {
      "type": "Feature",
      "properties": {
        "object_id": 292,
        "line_id": 584,
        "description": "Esclusas - Caraguay",
        "from": "Esclusas",
        "to": "Caraguay",
        "voltage_kv": 138.0,
        "thermal_capacity_mw": 148.0,
        "voltage_regulation_mvar": null,
        "length_km": 5.4,
        "circuits": 2,
        "company": "CELEC-Transelectric",
        "company_type": "Transmisora",
        "line_type": "Transmisión",
        "topology": "Anillo",
        "operation_date": "2011-12-01T01:00:00",
        "source": "Lineas.geojson"
      },
      "geometry": {
        "type": "LineString",
        "coordinates": [
          [
            -79.86646244100778,
            -2.264724182931774
          ],
          [
            -79.86639558963843,
            -2.258898922131472
          ],
          [
            -79.87712072944463,
            -2.25226424866551
          ],
          [
            -79.88435147287116,
            -2.2418003425023625
          ],
          [
            -79.88742659116251,
            -2.2416357644454106
          ],
          [
            -79.88736298402712,
            -2.2368420103416926
          ],
          [
            -79.8910569130868,
            -2.2363607385358866
          ],
          [
            -79.89053849975141,
            -2.2316940353988657
          ],
          [
            -79.88823767077344,
            -2.2314296991207185
          ]
        ]
      }
    },
    {
      "type": "Feature",
      "properties": {
        "object_id": 293,
        "line_id": 585,
        "description": "Jaramijó - Montecristi",
        "from": "Montecristi",
        "to": "Jaramijó",
        "voltage_kv": 138.0,
        "thermal_capacity_mw": 138.0,
        "voltage_regulation_mvar": null,
        "length_km": 8.2,
        "circuits": 1,
        "company": "CELEC-Transelectric",
        "company_type": "Transmisora",
        "line_type": "Transmisión",
        "topology": "Radial",
        "operation_date": "2013-01-01T01:00:00",
        "source": "Lineas.geojson"
      },
      "geometry": {
        "type": "LineString",
        "coordinates": [
          [
            -80.64129749534304,
            -0.9820304838931712
          ],
          [
            -80.64322115429496,
            -0.9816959091118864
          ],
          [
            -80.64383720326106,
            -0.9895166941748639
          ],
          [
            -80.63078483993036,
            -0.9953510908224609
          ],
          [
            -80.67096268310677,
            -1.0285507521940882
          ]
        ]
      }
    },
    {
      "type": "Feature",
      "properties": {
        "object_id": 299,
        "line_id": 595,
        "description": "Intervisa - Esclusas",
        "from": "Intervisa",
        "to": "Esclusas",
        "voltage_kv": 138.0,
        "thermal_capacity_mw": 115.0,
        "voltage_regulation_mvar": null,
        "length_km": 0.6,
        "circuits": 1,
        "company": "Intervisa Trade",
        "company_type": "Generadora",
        "line_type": "Subtransmisión",
        "topology": "Radial",
        "operation_date": "2013-11-04T01:00:00",
        "source": "Lineas.geojson"
      },
      "geometry": {
        "type": "LineString",
        "coordinates": [
          [
            -79.86379616396928,
            -2.260163783620366
          ],
          [
            -79.86646244100778,
            -2.264724182931774
          ]
        ]
      }
    },
    {
      "type": "Feature",
      "properties": {
        "object_id": 300,
        "line_id": 597,
        "description": "Molino - Cuenca",
        "from": "Molino",
        "to": "Cuenca",
        "voltage_kv": 138.0,
        "thermal_capacity_mw": 100.0,
        "voltage_regulation_mvar": null,
        "length_km": 67.08,
        "circuits": 2,
        "company": "CELEC-Transelectric",
        "company_type": "Transmisora",
        "line_type": "Transmisión",
        "topology": "Radial",
        "operation_date": "1983-05-20T02:00:00",
        "source": "Lineas.geojson"
      },
      "geometry": {
        "type": "LineString",
        "coordinates": [
          [
            -78.51045034852741,
            -2.5755708417217846
          ],
          [
            -78.54443451211985,
            -2.5755315083409998
          ],
          [
            -78.58176361846432,
            -2.567985534736447
          ],
          [
            -78.58624017817769,
            -2.5695622298355434
          ],
          [
            -78.6088364814539,
            -2.5818333952215435
          ],
          [
            -78.61936922443054,
            -2.581878309623694
          ],
          [
            -78.6284218279288,
            -2.5925149320917287
          ],
          [
            -78.65982129668036,
            -2.6075231887990413
          ],
          [
            -78.68123861430938,
            -2.6223657274439236
          ],
          [
            -78.71310682483315,
            -2.6617938422122815
          ],
          [
            -78.74227744728637,
            -2.663447510923813
          ],
          [
            -78.775406305846,
            -2.669440809689277
          ],
          [
            -78.81895860670042,
            -2.7370975477113006
          ],
          [
            -78.85420586695157,
            -2.7653695232316977
          ],
          [
            -78.87805610965916,
            -2.808814926478693
          ],
          [
            -78.89905364838435,
            -2.841298288826372
          ],
          [
            -78.93570770096605,
            -2.873195150994143
          ],
          [
            -78.95928074459273,
            -2.909070766125547
          ]
        ]
      }
    },
    {
      "type": "Feature",
      "properties": {
        "object_id": 301,
        "line_id": 598,
        "description": "Portoviejo - San Gregorio",
        "from": "Portoviejo",
        "to": "San Gregorio",
        "voltage_kv": 138.0,
        "thermal_capacity_mw": 110.0,
        "voltage_regulation_mvar": null,
        "length_km": 8.0,
        "circuits": 1,
        "company": "CELEC-Transelectric",
        "company_type": "Transmisora",
        "line_type": "Transmisión",
        "topology": "Radial",
        "operation_date": "2009-12-02T01:00:00",
        "source": "Lineas.geojson"
      },
      "geometry": {
        "type": "LineString",
        "coordinates": [
          [
            -80.43137614780437,
            -1.0732323552814813
          ],
          [
            -80.43148794281939,
            -1.0633771152389413
          ],
          [
            -80.43758434369508,
            -1.0486771171639544
          ],
          [
            -80.45324445888245,
            -1.0292834216979243
          ],
          [
            -80.45744286976648,
            -1.0163384754202622
          ]
        ]
      }
    },
    {
      "type": "Feature",
      "properties": {
        "object_id": 302,
        "line_id": 599,
        "description": "San Gregorio - Montecristi",
        "from": "San Gregorio",
        "to": "Montecristi",
        "voltage_kv": 138.0,
        "thermal_capacity_mw": 110.0,
        "voltage_regulation_mvar": null,
        "length_km": 26.26,
        "circuits": 1,
        "company": "CELEC-Transelectric",
        "company_type": "Transmisora",
        "line_type": "Transmisión",
        "topology": "Radial",
        "operation_date": "2012-08-18T02:00:00",
        "source": "Lineas.geojson"
      },
      "geometry": {
        "type": "LineString",
        "coordinates": [
          [
            -80.45744286976648,
            -1.0163384754202622
          ],
          [
            -80.45808492936652,
            -1.0179273432365272
          ],
          [
            -80.46735102946545,
            -1.0081674825058224
          ],
          [
            -80.49282106831367,
            -1.020319034450803
          ],
          [
            -80.5360469533473,
            -1.0073569531903794
          ],
          [
            -80.58600052392741,
            -1.0149722933970196
          ],
          [
            -80.63073127723867,
            -0.9954010057644012
          ],
          [
            -80.67096268310677,
            -1.0285507521940882
          ]
        ]
      }
    },
    {
      "type": "Feature",
      "properties": {
        "object_id": 304,
        "line_id": 602,
        "description": "Jaramijó - Manta",
        "from": "Jaramijó",
        "to": "Manta",
        "voltage_kv": 138.0,
        "thermal_capacity_mw": 110.0,
        "voltage_regulation_mvar": null,
        "length_km": 6.4,
        "circuits": 1,
        "company": "CELEC-Transelectric",
        "company_type": "Transmisora",
        "line_type": "Transmisión",
        "topology": "Radial",
        "operation_date": "2010-06-01T02:00:00",
        "source": "Lineas.geojson"
      },
      "geometry": {
        "type": "LineString",
        "coordinates": [
          [
            -80.64129749534304,
            -0.9820304838931712
          ],
          [
            -80.64326878354377,
            -0.9813164304581258
          ],
          [
            -80.6439049124513,
            -0.989485675328999
          ],
          [
            -80.6631049806611,
            -0.9808739741903544
          ],
          [
            -80.66715406404683,
            -0.965934709583519
          ],
          [
            -80.67798846181945,
            -0.9615280494790843
          ]
        ]
      }
    },
    {
      "type": "Feature",
      "properties": {
        "object_id": 305,
        "line_id": 603,
        "description": "Cuenca - Gualaceo",
        "from": "Cuenca",
        "to": "Gualaceo",
        "voltage_kv": 138.0,
        "thermal_capacity_mw": 88.8,
        "voltage_regulation_mvar": null,
        "length_km": 20.87,
        "circuits": 1,
        "company": "CELEC-Transelectric",
        "company_type": "Transmisora",
        "line_type": "Transmisión",
        "topology": "Radial",
        "operation_date": "2012-06-20T02:00:00",
        "source": "Lineas.geojson"
      },
      "geometry": {
        "type": "LineString",
        "coordinates": [
          [
            -78.95928074459273,
            -2.909070766125547
          ],
          [
            -78.9206605314166,
            -2.933821503998985
          ],
          [
            -78.91676644977447,
            -2.9339950434271636
          ],
          [
            -78.88584385455208,
            -2.9327523690124635
          ],
          [
            -78.85140071563177,
            -2.9154005976374684
          ],
          [
            -78.80292897616313,
            -2.9044399700106216
          ],
          [
            -78.78381316471231,
            -2.905503439966534
          ]
        ]
      }
    },
    {
      "type": "Feature",
      "properties": {
        "object_id": 308,
        "line_id": 607,
        "description": "Santa Rosa-*Adelca",
        "from": "Adelca 1",
        "to": "Santa Rosa",
        "voltage_kv": 138.0,
        "thermal_capacity_mw": null,
        "voltage_regulation_mvar": null,
        "length_km": 12.27,
        "circuits": 1,
        "company": "Adelca",
        "company_type": "Gran Consumidor",
        "line_type": "Transmisión",
        "topology": "Radial",
        "operation_date": "2009-01-01T01:00:00",
        "source": "Lineas.geojson"
      },
      "geometry": {
        "type": "LineString",
        "coordinates": [
          [
            -78.53743191633036,
            -0.3636944513185501
          ],
          [
            -78.56545012287255,
            -0.40837201885308455
          ],
          [
            -78.57995438157151,
            -0.46661072878534093
          ]
        ]
      }
    },
    {
      "type": "Feature",
      "properties": {
        "object_id": 312,
        "line_id": 613,
        "description": "San Idelfonso - Bajo Alto",
        "from": "San Idelfonso",
        "to": "Bajo Alto",
        "voltage_kv": 138.0,
        "thermal_capacity_mw": 296.0,
        "voltage_regulation_mvar": null,
        "length_km": 11.2,
        "circuits": 1,
        "company": "CELEC-Transelectric",
        "company_type": "Transmisora",
        "line_type": "Transmisión",
        "topology": "Radial",
        "operation_date": "2011-05-24T02:00:00",
        "source": "Lineas.geojson"
      },
      "geometry": {
        "type": "LineString",
        "coordinates": [
          [
            -79.87821842736535,
            -3.1171882556944435
          ],
          [
            -79.87301082924775,
            -3.114408073662697
          ],
          [
            -79.86011372782905,
            -3.114865628118284
          ],
          [
            -79.85690860841464,
            -3.111446596884565
          ],
          [
            -79.85076878455186,
            -3.117701201283574
          ],
          [
            -79.81914280037184,
            -3.125513808220358
          ],
          [
            -79.81122562119712,
            -3.134157960667578
          ],
          [
            -79.78749716536905,
            -3.1292906967173844
          ],
          [
            -79.77968414695685,
            -3.1317084823197283
          ]
        ]
      }
    },
    {
      "type": "Feature",
      "properties": {
        "object_id": 319,
        "line_id": 620,
        "description": "Pascuales - Chongón",
        "from": "Pascuales",
        "to": "Chongón",
        "voltage_kv": 138.0,
        "thermal_capacity_mw": 113.0,
        "voltage_regulation_mvar": null,
        "length_km": 24.2,
        "circuits": 2,
        "company": "CELEC-Transelectric",
        "company_type": "Transmisora",
        "line_type": "Transmisión",
        "topology": "Radial",
        "operation_date": "2014-11-19T01:00:00",
        "source": "Lineas.geojson"
      },
      "geometry": {
        "type": "LineString",
        "coordinates": [
          [
            -79.95124957518512,
            -2.0535491281847857
          ],
          [
            -79.9507355837511,
            -2.0552342565833723
          ],
          [
            -79.96178455711852,
            -2.0560505367976964
          ],
          [
            -79.96805165275066,
            -2.062716566386991
          ],
          [
            -80.01799150103933,
            -2.084032643502101
          ],
          [
            -80.03985275048689,
            -2.1129969676706013
          ],
          [
            -80.09092872173197,
            -2.1207997605229325
          ],
          [
            -80.13949901517391,
            -2.1479313457909206
          ]
        ]
      }
    },
    {
      "type": "Feature",
      "properties": {
        "object_id": 321,
        "line_id": 623,
        "description": "Chongón - Santa Elena",
        "from": "Chongón",
        "to": "Santa Elena",
        "voltage_kv": 138.0,
        "thermal_capacity_mw": 113.0,
        "voltage_regulation_mvar": null,
        "length_km": 81.6,
        "circuits": 1,
        "company": "CELEC-Transelectric",
        "company_type": "Transmisora",
        "line_type": "Transmisión",
        "topology": "Radial",
        "operation_date": "2014-11-19T01:00:00",
        "source": "Lineas.geojson"
      },
      "geometry": {
        "type": "LineString",
        "coordinates": [
          [
            -80.13948488899433,
            -2.147937306448365
          ],
          [
            -80.22282620538957,
            -2.2102237924326227
          ],
          [
            -80.31170529242046,
            -2.208434936514348
          ],
          [
            -80.39508752812101,
            -2.235092653879846
          ],
          [
            -80.546482281245,
            -2.251431919465693
          ],
          [
            -80.60806319640734,
            -2.2397159654565413
          ],
          [
            -80.75481734823238,
            -2.243565916077344
          ],
          [
            -80.84602622276466,
            -2.2435097246647846
          ]
        ]
      }
    },
    {
      "type": "Feature",
      "properties": {
        "object_id": 322,
        "line_id": 624,
        "description": "Chongón - Posorja",
        "from": "Chongón",
        "to": "Posorja",
        "voltage_kv": 138.0,
        "thermal_capacity_mw": 113.0,
        "voltage_regulation_mvar": null,
        "length_km": 71.82,
        "circuits": 1,
        "company": "CELEC-Transelectric",
        "company_type": "Transmisora",
        "line_type": "Transmisión",
        "topology": "Radial",
        "operation_date": "2014-11-19T01:00:00",
        "source": "Lineas.geojson"
      },
      "geometry": {
        "type": "LineString",
        "coordinates": [
          [
            -80.13949901517391,
            -2.1479313457909206
          ],
          [
            -80.22280348273208,
            -2.210296894828327
          ],
          [
            -80.31180555822517,
            -2.20850432390567
          ],
          [
            -80.29176286728796,
            -2.492680491377778
          ],
          [
            -80.32890284474611,
            -2.559870420472564
          ],
          [
            -80.33302586390471,
            -2.633278071066485
          ]
        ]
      }
    },
    {
      "type": "Feature",
      "properties": {
        "object_id": 323,
        "line_id": 625,
        "description": "Chongón - Santa Elena 2",
        "from": "Chongón",
        "to": "Santa Elena",
        "voltage_kv": 138.0,
        "thermal_capacity_mw": 266.0,
        "voltage_regulation_mvar": null,
        "length_km": 84.67,
        "circuits": 1,
        "company": "CELEC-Transelectric",
        "company_type": "Transmisora",
        "line_type": "Transmisión",
        "topology": "Radial",
        "operation_date": "2014-11-19T01:00:00",
        "source": "Lineas.geojson"
      },
      "geometry": {
        "type": "LineString",
        "coordinates": [
          [
            -80.13949901517391,
            -2.1479313457909206
          ],
          [
            -80.15028894749712,
            -2.177554858528085
          ],
          [
            -80.14755939586033,
            -2.1866040130930724
          ],
          [
            -80.14934084409322,
            -2.190238951518015
          ],
          [
            -80.16416495067409,
            -2.195551032529932
          ],
          [
            -80.19620552215692,
            -2.221518071843985
          ],
          [
            -80.21729592243295,
            -2.2205884179006325
          ],
          [
            -80.2325594913764,
            -2.2234930802444874
          ],
          [
            -80.24355583033241,
            -2.218349364418536
          ],
          [
            -80.26639211764763,
            -2.21927490255407
          ],
          [
            -80.30654756834495,
            -2.210224010201968
          ],
          [
            -80.30706067965708,
            -2.2081955475509214
          ],
          [
            -80.31439972340812,
            -2.2084600246815427
          ],
          [
            -80.39527808201322,
            -2.2346126486495255
          ],
          [
            -80.54675362443312,
            -2.2509981498815566
          ],
          [
            -80.60716772831788,
            -2.2390915952923
          ],
          [
            -80.76730921779517,
            -2.243251325441992
          ],
          [
            -80.81479129933281,
            -2.2408699645173265
          ],
          [
            -80.84602622276466,
            -2.2435097246647846
          ]
        ]
      }
    },
    {
      "type": "Feature",
      "properties": {
        "object_id": 18,
        "line_id": 67,
        "description": "Santo Domingo - Esmeraldas",
        "from": "Santo Domingo",
        "to": "Esmeraldas",
        "voltage_kv": 138.0,
        "thermal_capacity_mw": 113.2,
        "voltage_regulation_mvar": 0.0,
        "length_km": 154.8,
        "circuits": 1,
        "company": "CELEC-Transelectric",
        "company_type": "Transmisora",
        "line_type": "Transmisión",
        "topology": "Radial",
        "operation_date": "1981-01-01T01:00:00",
        "source": "Lineas.geojson"
      },
      "geometry": {
        "type": "LineString",
        "coordinates": [
          [
            -79.12498024755256,
            -0.2637966911309376
          ],
          [
            -79.13014230459314,
            -0.24452918019179917
          ],
          [
            -79.13865712244426,
            -0.23001429167050222
          ],
          [
            -79.21067406541559,
            -0.18725052478549226
          ],
          [
            -79.24821580881236,
            -0.1369844106433226
          ],
          [
            -79.31848371622455,
            -0.09302799175542437
          ],
          [
            -79.39111562798392,
            -0.025652011909215035
          ],
          [
            -79.38895249058109,
            -0.005651051979908286
          ],
          [
            -79.4081909115683,
            0.1298266911398614
          ],
          [
            -79.41043937331311,
            0.20946541436283664
          ],
          [
            -79.49063299263382,
            0.329893499054407
          ],
          [
            -79.4979124226359,
            0.34539028636778446
          ],
          [
            -79.52363217801224,
            0.4138685665488033
          ],
          [
            -79.53713826556454,
            0.4862423330349589
          ],
          [
            -79.56551866633042,
            0.59366009280417
          ],
          [
            -79.5526226763875,
            0.6431510055942382
          ],
          [
            -79.5552196657691,
            0.7035044710275284
          ],
          [
            -79.59323087986448,
            0.7560988543398481
          ],
          [
            -79.63129416548365,
            0.8463985713270077
          ],
          [
            -79.66015564286562,
            0.9038882636123844
          ],
          [
            -79.68597739478533,
            0.9269574719322601
          ]
        ]
      }
    },
    {
      "type": "Feature",
      "properties": {
        "object_id": 19,
        "line_id": 68,
        "description": "Daule Peripa - Portoviejo",
        "from": "Daule Peripa",
        "to": "Portoviejo",
        "voltage_kv": 138.0,
        "thermal_capacity_mw": 113.2,
        "voltage_regulation_mvar": 0.0,
        "length_km": 91.2,
        "circuits": 2,
        "company": "CELEC-Transelectric",
        "company_type": "Transmisora",
        "line_type": "Transmisión",
        "topology": "Radial",
        "operation_date": "1981-01-01T01:00:00",
        "source": "Lineas.geojson"
      },
      "geometry": {
        "type": "LineString",
        "coordinates": [
          [
            -79.75299929873684,
            -0.9276120008159424
          ],
          [
            -79.75053902040199,
            -0.9266385338310603
          ],
          [
            -79.74812473557203,
            -0.9318237134760854
          ],
          [
            -79.75695810005462,
            -0.9561038371833798
          ],
          [
            -79.75426566655905,
            -1.0452909503000767
          ],
          [
            -79.81155919087047,
            -1.0397439728935627
          ],
          [
            -79.91502427255271,
            -1.043635238085698
          ],
          [
            -79.95890906689797,
            -1.0555102902673428
          ],
          [
            -79.9893719289342,
            -1.0670699528565804
          ],
          [
            -79.9986381349402,
            -1.064568593374185
          ],
          [
            -80.08109382735354,
            -1.059908160572634
          ],
          [
            -80.13266049220061,
            -1.0650703799393004
          ],
          [
            -80.21456642291706,
            -1.06194432970387
          ],
          [
            -80.238754738577,
            -1.0666442974456236
          ],
          [
            -80.24959940409875,
            -1.0649037724891988
          ],
          [
            -80.26803289747276,
            -1.0568016138705632
          ],
          [
            -80.28836203391971,
            -1.055051416986337
          ],
          [
            -80.33108685304906,
            -1.0452622328874521
          ],
          [
            -80.36270804845645,
            -1.033061911438509
          ],
          [
            -80.42118292306603,
            -1.071617958738534
          ],
          [
            -80.43137614780437,
            -1.0732323552814813
          ]
        ]
      }
    },
    {
      "type": "Feature",
      "properties": {
        "object_id": 20,
        "line_id": 70,
        "description": "Ibarra - Tulcán",
        "from": "Ibarra",
        "to": "Tulcán",
        "voltage_kv": 138.0,
        "thermal_capacity_mw": 115.5,
        "voltage_regulation_mvar": 0.0,
        "length_km": 74.5,
        "circuits": 1,
        "company": "CELEC-Transelectric",
        "company_type": "Transmisora",
        "line_type": "Transmisión",
        "topology": "Radial",
        "operation_date": "1997-12-31T01:00:00",
        "source": "Lineas.geojson"
      },
      "geometry": {
        "type": "LineString",
        "coordinates": [
          [
            -78.1673297108749,
            0.3589119198286142
          ],
          [
            -78.12848206658734,
            0.3747087487319156
          ],
          [
            -78.1017384807659,
            0.39151523923938
          ],
          [
            -78.07941419158507,
            0.39932312437878764
          ],
          [
            -78.05355073587285,
            0.43976472477135814
          ],
          [
            -78.02504832602386,
            0.5554469391241594
          ],
          [
            -77.9978494661915,
            0.5825013620736281
          ],
          [
            -77.98290027098972,
            0.5941570918244785
          ],
          [
            -77.87224170058681,
            0.6208620557886794
          ],
          [
            -77.81911215934137,
            0.6308570508304173
          ],
          [
            -77.75764673649861,
            0.6726222764908288
          ],
          [
            -77.73239052298385,
            0.708870775573668
          ],
          [
            -77.72661774177713,
            0.7626368000046175
          ],
          [
            -77.72275408304546,
            0.7719892775969261
          ]
        ]
      }
    },
    {
      "type": "Feature",
      "properties": {
        "object_id": 351,
        "line_id": 721,
        "description": "Milagro - Nueva Babahoyo",
        "from": "Milagro",
        "to": "Nueva Babahoyo",
        "voltage_kv": 138.0,
        "thermal_capacity_mw": 332.0,
        "voltage_regulation_mvar": null,
        "length_km": 41.3,
        "circuits": 2,
        "company": "CELEC-Transelectric",
        "company_type": "Transmisora",
        "line_type": "Transmisión",
        "topology": "Radial",
        "operation_date": "2014-12-12T01:00:00",
        "source": "Lineas.geojson"
      },
      "geometry": {
        "type": "LineString",
        "coordinates": [
          [
            -79.52951937846176,
            -2.180210979183696
          ],
          [
            -79.53034079484165,
            -2.1772015911830622
          ],
          [
            -79.50676049450047,
            -2.130076606165891
          ],
          [
            -79.50772140525825,
            -1.9660172709737045
          ],
          [
            -79.55080321209068,
            -1.9055942839333597
          ],
          [
            -79.55830531643991,
            -1.832829858642358
          ],
          [
            -79.56235000501326,
            -1.8324978357620527
          ],
          [
            -79.56220254083755,
            -1.8307653311953875
          ]
        ]
      }
    },
    {
      "type": "Feature",
      "properties": {
        "object_id": 353,
        "line_id": 723,
        "description": "Santo Domingo - Quinindé",
        "from": "Santo Domingo",
        "to": "Quinindé",
        "voltage_kv": 138.0,
        "thermal_capacity_mw": 113.2,
        "voltage_regulation_mvar": null,
        "length_km": 80.5,
        "circuits": 1,
        "company": "CELEC-Transelectric",
        "company_type": "Transmisora",
        "line_type": "Transmisión",
        "topology": "Radial",
        "operation_date": "2015-09-26T02:00:00",
        "source": "Lineas.geojson"
      },
      "geometry": {
        "type": "LineString",
        "coordinates": [
          [
            -79.12498024755256,
            -0.2637966911309376
          ],
          [
            -79.13020795709429,
            -0.24455957930889663
          ],
          [
            -79.13870898853207,
            -0.2300684884169641
          ],
          [
            -79.21072275875802,
            -0.1873052445904664
          ],
          [
            -79.2482651909294,
            -0.1370382964269485
          ],
          [
            -79.31852797927897,
            -0.09308500522780411
          ],
          [
            -79.39119147982355,
            -0.025680160553818984
          ],
          [
            -79.38902503148022,
            -0.005653589848534166
          ],
          [
            -79.40826259491355,
            0.12982077199582956
          ],
          [
            -79.41051074442238,
            0.20944379428993545
          ],
          [
            -79.47608978742741,
            0.30828900419884403
          ],
          [
            -79.4778430406581,
            0.3058446643683049
          ]
        ]
      }
    },
    {
      "type": "Feature",
      "properties": {
        "object_id": 354,
        "line_id": 724,
        "description": "Quinindé - Esmeraldas",
        "from": "Quinindé",
        "to": "Esmeraldas",
        "voltage_kv": 138.0,
        "thermal_capacity_mw": 113.2,
        "voltage_regulation_mvar": null,
        "length_km": 74.0,
        "circuits": 1,
        "company": "CELEC-Transelectric",
        "company_type": "Transmisora",
        "line_type": "Transmisión",
        "topology": "Radial",
        "operation_date": "2015-09-26T02:00:00",
        "source": "Lineas.geojson"
      },
      "geometry": {
        "type": "LineString",
        "coordinates": [
          [
            -79.4778430406581,
            0.3058446643683049
          ],
          [
            -79.4761405018419,
            0.30837913224611996
          ],
          [
            -79.49069680760714,
            0.32985934542536444
          ],
          [
            -79.49798429650788,
            0.3453682300034652
          ],
          [
            -79.52370082683949,
            0.4138466506388503
          ],
          [
            -79.5372077527998,
            0.48622354139575513
          ],
          [
            -79.56559292775651,
            0.5936599530180979
          ],
          [
            -79.55269493853552,
            0.6431622521312578
          ],
          [
            -79.555291358957,
            0.7034807391497786
          ],
          [
            -79.59329328944483,
            0.7560617323340114
          ],
          [
            -79.63136177327449,
            0.8463729608675639
          ],
          [
            -79.66021633526559,
            0.9038449199444691
          ],
          [
            -79.68597739478533,
            0.9269574719322601
          ]
        ]
      }
    },
    {
      "type": "Feature",
      "properties": {
        "object_id": 21,
        "line_id": 73,
        "description": "Milagro - San Idelfonso",
        "from": "Milagro",
        "to": "San Idelfonso",
        "voltage_kv": 138.0,
        "thermal_capacity_mw": 113.5,
        "voltage_regulation_mvar": 0.0,
        "length_km": 112.8,
        "circuits": 2,
        "company": "CELEC-Transelectric",
        "company_type": "Transmisora",
        "line_type": "Transmisión",
        "topology": "Anillo",
        "operation_date": "1987-01-01T01:00:00",
        "source": "Lineas.geojson"
      },
      "geometry": {
        "type": "LineString",
        "coordinates": [
          [
            -79.52951937846176,
            -2.180210979183696
          ],
          [
            -79.52783001034146,
            -2.184764850632352
          ],
          [
            -79.53298175469122,
            -2.186752458821466
          ],
          [
            -79.60978312014431,
            -2.3247926737807543
          ],
          [
            -79.61525656457675,
            -2.382179234579042
          ],
          [
            -79.63477426328511,
            -2.451444889533995
          ],
          [
            -79.61263974245243,
            -2.499447603637322
          ],
          [
            -79.6298016826608,
            -2.5530467688897387
          ],
          [
            -79.6296019020883,
            -2.6384601326751205
          ],
          [
            -79.66928318530314,
            -2.708772249182501
          ],
          [
            -79.71162227711513,
            -2.803620638582671
          ],
          [
            -79.70932290704955,
            -2.8153570854168066
          ],
          [
            -79.70806195072765,
            -2.881487781671862
          ],
          [
            -79.71037965337365,
            -2.931600941944303
          ],
          [
            -79.7442070387475,
            -3.047226817076125
          ],
          [
            -79.77607438764595,
            -3.11869119817709
          ],
          [
            -79.77968508051232,
            -3.131707310276732
          ]
        ]
      }
    },
    {
      "type": "Feature",
      "properties": {
        "object_id": 365,
        "line_id": 738,
        "description": "Cuenca - Yanacocha",
        "from": "Cuenca",
        "to": "Yanacocha",
        "voltage_kv": 138.0,
        "thermal_capacity_mw": 100.0,
        "voltage_regulation_mvar": null,
        "length_km": 131.86,
        "circuits": 1,
        "company": "CELEC-Transelectric",
        "company_type": "Transmisora",
        "line_type": "Transmisión",
        "topology": "Anillo",
        "operation_date": "2016-01-10T01:00:00",
        "source": "Lineas.geojson"
      },
      "geometry": {
        "type": "LineString",
        "coordinates": [
          [
            -78.95928074459273,
            -2.909070766125547
          ],
          [
            -78.98235480992669,
            -2.9375348591461408
          ],
          [
            -78.99593434523744,
            -2.9756082206657704
          ],
          [
            -79.0034013714019,
            -3.025889075157633
          ],
          [
            -78.99928173439926,
            -3.0775698861283276
          ],
          [
            -78.99843747833663,
            -3.136008128279191
          ],
          [
            -79.0059600511022,
            -3.155402355936273
          ],
          [
            -79.0247697364927,
            -3.1738890656906076
          ],
          [
            -79.04761084354837,
            -3.2296742375378504
          ],
          [
            -79.1047658350715,
            -3.2909047683062704
          ],
          [
            -79.1585812187767,
            -3.3229514352221843
          ],
          [
            -79.18132550942094,
            -3.353341728580755
          ],
          [
            -79.17188731925779,
            -3.402926057691262
          ],
          [
            -79.16397623560832,
            -3.409974537766403
          ],
          [
            -79.15480838063675,
            -3.4275765915973553
          ],
          [
            -79.1619056082832,
            -3.4616879403630136
          ],
          [
            -79.17761168788863,
            -3.531575256152231
          ],
          [
            -79.19749578281247,
            -3.6013847810038686
          ],
          [
            -79.25088614697749,
            -3.677400756164218
          ],
          [
            -79.25555900674307,
            -3.692545245307912
          ],
          [
            -79.25585147587628,
            -3.702542735062622
          ],
          [
            -79.2572439015156,
            -3.764945033973728
          ],
          [
            -79.25388279421675,
            -3.790596584347103
          ],
          [
            -79.22530591698455,
            -3.8407457788112342
          ],
          [
            -79.23149852493914,
            -3.9249043256977054
          ],
          [
            -79.22786818909299,
            -3.925980568632421
          ],
          [
            -79.22087116338237,
            -3.9217810070732178
          ],
          [
            -79.20632986382735,
            -3.931051858231706
          ],
          [
            -79.19646276987166,
            -3.946648615455513
          ],
          [
            -79.19878960423472,
            -3.9509284237242297
          ]
        ]
      }
    },
    {
      "type": "Feature",
      "properties": {
        "object_id": 366,
        "line_id": 739,
        "description": "Yanacocha - Loja",
        "from": "Yanacocha",
        "to": "Loja",
        "voltage_kv": 138.0,
        "thermal_capacity_mw": 100.0,
        "voltage_regulation_mvar": null,
        "length_km": 13.6,
        "circuits": 2,
        "company": "CELEC-Transelectric",
        "company_type": "Transmisora",
        "line_type": "Transmisión",
        "topology": "Anillo",
        "operation_date": "2016-01-10T01:00:00",
        "source": "Lineas.geojson"
      },
      "geometry": {
        "type": "LineString",
        "coordinates": [
          [
            -79.19878960423472,
            -3.9509284237242297
          ],
          [
            -79.19644600040651,
            -3.9464159899774973
          ],
          [
            -79.20644903976242,
            -3.930980784597427
          ],
          [
            -79.2209587043924,
            -3.921857459538867
          ],
          [
            -79.22783302320445,
            -3.9259294503012607
          ],
          [
            -79.23150397033014,
            -3.924931660347527
          ],
          [
            -79.23226784507166,
            -3.9345534992165114
          ],
          [
            -79.22091902092119,
            -3.996217005755509
          ]
        ]
      }
    },
    {
      "type": "Feature",
      "properties": {
        "object_id": 22,
        "line_id": 74,
        "description": "San Idelfonso - Machala",
        "from": "San Idelfonso",
        "to": "Machala",
        "voltage_kv": 138.0,
        "thermal_capacity_mw": 113.5,
        "voltage_regulation_mvar": 0.0,
        "length_km": 21.0,
        "circuits": 2,
        "company": "CELEC-Transelectric",
        "company_type": "Transmisora",
        "line_type": "Transmisión",
        "topology": "Anillo",
        "operation_date": "1987-01-01T01:00:00",
        "source": "Lineas.geojson"
      },
      "geometry": {
        "type": "LineString",
        "coordinates": [
          [
            -79.77968508051232,
            -3.131707310276732
          ],
          [
            -79.80581143044238,
            -3.2139158373344836
          ],
          [
            -79.84120097358418,
            -3.28114778488055
          ],
          [
            -79.86731212244489,
            -3.2905993796528317
          ]
        ]
      }
    },
    {
      "type": "Feature",
      "properties": {
        "object_id": 23,
        "line_id": 76,
        "description": "Mulaló - Vicentina",
        "from": "Mulaló",
        "to": "39 VICENTINA",
        "voltage_kv": 138.0,
        "thermal_capacity_mw": 112.0,
        "voltage_regulation_mvar": 0.0,
        "length_km": 68.2,
        "circuits": 1,
        "company": "CELEC-Transelectric",
        "company_type": "Transmisora",
        "line_type": "Transmisión",
        "topology": "Radial",
        "operation_date": "1977-01-01T01:00:00",
        "source": "Lineas.geojson"
      },
      "geometry": {
        "type": "MultiLineString",
        "coordinates": [
          [
            [
              -78.5354535065066,
              -0.3637700355888149
            ],
            [
              -78.558294206141,
              -0.39899239309509266
            ],
            [
              -78.56842233466085,
              -0.45586948468323857
            ],
            [
              -78.58978947477168,
              -0.5144329863449012
            ],
            [
              -78.59922252548374,
              -0.6119888203589968
            ],
            [
              -78.59334062135865,
              -0.6519939774900293
            ],
            [
              -78.5926110333761,
              -0.7107850013346098
            ],
            [
              -78.60060539765593,
              -0.7398777110628872
            ],
            [
              -78.60292267209391,
              -0.771625101635428
            ],
            [
              -78.60766770253962,
              -0.7955643544559481
            ]
          ],
          [
            [
              -78.53545423571022,
              -0.3637661951668706
            ],
            [
              -78.5354535065066,
              -0.3637700355888149
            ]
          ],
          [
            [
              -78.48200267749718,
              -0.2157442541920376
            ],
            [
              -78.47487088667724,
              -0.22088032658934315
            ],
            [
              -78.47537390910739,
              -0.23359283261277414
            ],
            [
              -78.47936693528426,
              -0.24439376456352163
            ],
            [
              -78.50007354300206,
              -0.2671614326398712
            ],
            [
              -78.52189248230698,
              -0.3148246997261877
            ],
            [
              -78.52456357486994,
              -0.3304144798528216
            ],
            [
              -78.52807249015021,
              -0.3359599525490352
            ],
            [
              -78.5354535065066,
              -0.3637700355888149
            ]
          ]
        ]
      }
    },
    {
      "type": "Feature",
      "properties": {
        "object_id": 388,
        "line_id": 776,
        "description": "Topo",
        "from": "Topo",
        "to": "Topo",
        "voltage_kv": 138.0,
        "thermal_capacity_mw": 109.0,
        "voltage_regulation_mvar": 109.0,
        "length_km": 6.67,
        "circuits": 1,
        "company": "Ecuagesa",
        "company_type": "Generadora",
        "line_type": "Transmisión",
        "topology": "Radial",
        "operation_date": "2016-10-14T02:00:00",
        "source": "Lineas.geojson"
      },
      "geometry": {
        "type": "LineString",
        "coordinates": [
          [
            -78.21201326614545,
            -1.3708091596717635
          ],
          [
            -78.19293625242331,
            -1.4036565719098462
          ]
        ]
      }
    },
    {
      "type": "Feature",
      "properties": {
        "object_id": 398,
        "line_id": 787,
        "description": "El Inga (T) - Recuperadora",
        "from": "El Inga",
        "to": "Recuperadora",
        "voltage_kv": 138.0,
        "thermal_capacity_mw": 65.0,
        "voltage_regulation_mvar": null,
        "length_km": 33.7,
        "circuits": 1,
        "company": "EPMAPS",
        "company_type": "Generadora",
        "line_type": "Transmisión",
        "topology": "Radial",
        "operation_date": "1990-09-01T02:00:00",
        "source": "Lineas.geojson"
      },
      "geometry": {
        "type": "LineString",
        "coordinates": [
          [
            -78.34092378416626,
            -0.3064334278686584
          ],
          [
            -78.29371182990563,
            -0.2912127130375631
          ],
          [
            -78.2909418442948,
            -0.2679886830059156
          ],
          [
            -78.28673262331787,
            -0.268187980384713
          ]
        ]
      }
    },
    {
      "type": "Feature",
      "properties": {
        "object_id": 24,
        "line_id": 80,
        "description": "Pascuales - Salitral",
        "from": "Pascuales",
        "to": "Salitral",
        "voltage_kv": 138.0,
        "thermal_capacity_mw": 126.0,
        "voltage_regulation_mvar": 0.0,
        "length_km": 17.4,
        "circuits": 2,
        "company": "CELEC-Transelectric",
        "company_type": "Transmisora",
        "line_type": "Transmisión",
        "topology": "Radial",
        "operation_date": "1980-01-01T01:00:00",
        "source": "Lineas.geojson"
      },
      "geometry": {
        "type": "LineString",
        "coordinates": [
          [
            -79.95124957518512,
            -2.0535491281847857
          ],
          [
            -79.95029399911228,
            -2.05533735674213
          ],
          [
            -79.95567750070963,
            -2.0558283491484683
          ],
          [
            -79.9524189422933,
            -2.0688430252328187
          ],
          [
            -79.9563256048775,
            -2.0714667495941916
          ],
          [
            -79.95472480099512,
            -2.079313435953478
          ],
          [
            -79.97209499715584,
            -2.162795757089511
          ],
          [
            -79.95498532821723,
            -2.1798297621241116
          ],
          [
            -79.95955654476808,
            -2.1941759579218263
          ],
          [
            -79.9563738643727,
            -2.1967253075386646
          ]
        ]
      }
    },
    {
      "type": "Feature",
      "properties": {
        "object_id": 25,
        "line_id": 81,
        "description": "Policentro - Pascuales",
        "from": "Pascuales",
        "to": "Policentro",
        "voltage_kv": 138.0,
        "thermal_capacity_mw": 126.0,
        "voltage_regulation_mvar": 0.0,
        "length_km": 15.1,
        "circuits": 2,
        "company": "CELEC-Transelectric",
        "company_type": "Transmisora",
        "line_type": "Transmisión",
        "topology": "Radial",
        "operation_date": "1989-01-01T01:00:00",
        "source": "Lineas.geojson"
      },
      "geometry": {
        "type": "LineString",
        "coordinates": [
          [
            -79.95124957518512,
            -2.0535491281847857
          ],
          [
            -79.94641712112278,
            -2.0498113253583568
          ],
          [
            -79.94739523405465,
            -2.0457185694270055
          ],
          [
            -79.94043484383272,
            -2.0454197245478185
          ],
          [
            -79.94102406344082,
            -2.048470256066737
          ],
          [
            -79.92581508500479,
            -2.057604941033939
          ],
          [
            -79.92466398842058,
            -2.0641245921915616
          ],
          [
            -79.91611179550722,
            -2.0787835080632613
          ],
          [
            -79.90490076371016,
            -2.122682379322554
          ],
          [
            -79.90761657052045,
            -2.1353016295657388
          ],
          [
            -79.89736218562724,
            -2.150546424287366
          ],
          [
            -79.89946968217272,
            -2.1545239560519747
          ]
        ]
      }
    },
    {
      "type": "Feature",
      "properties": {
        "object_id": 26,
        "line_id": 82,
        "description": "Pucará - Ambato",
        "from": "Pucará",
        "to": "Ambato",
        "voltage_kv": 138.0,
        "thermal_capacity_mw": 112.0,
        "voltage_regulation_mvar": 0.0,
        "length_km": 25.74,
        "circuits": 1,
        "company": "CELEC-Transelectric",
        "company_type": "Transmisora",
        "line_type": "Transmisión",
        "topology": "Radial",
        "operation_date": "1977-01-01T01:00:00",
        "source": "Lineas.geojson"
      },
      "geometry": {
        "type": "LineString",
        "coordinates": [
          [
            -78.45387433733701,
            -1.078203450847137
          ],
          [
            -78.4860147782516,
            -1.1184106211811127
          ],
          [
            -78.50406920838145,
            -1.1336201002881505
          ],
          [
            -78.58106129003883,
            -1.1702583735755092
          ],
          [
            -78.58954115067448,
            -1.198883902950492
          ],
          [
            -78.58871408069406,
            -1.220179561561492
          ],
          [
            -78.6028554658885,
            -1.236067531088352
          ]
        ]
      }
    },
    {
      "type": "Feature",
      "properties": {
        "object_id": 27,
        "line_id": 83,
        "description": "Pucará - Mulaló",
        "from": "Pucará",
        "to": "Mulaló",
        "voltage_kv": 138.0,
        "thermal_capacity_mw": 148.0,
        "voltage_regulation_mvar": 0.0,
        "length_km": 42.3,
        "circuits": 1,
        "company": "CELEC-Transelectric",
        "company_type": "Transmisora",
        "line_type": "Transmisión",
        "topology": "Radial",
        "operation_date": "1977-01-01T01:00:00",
        "source": "Lineas.geojson"
      },
      "geometry": {
        "type": "LineString",
        "coordinates": [
          [
            -78.60766770253962,
            -0.7955643544559481
          ],
          [
            -78.60644093512563,
            -0.8509835675835112
          ],
          [
            -78.59931449147659,
            -0.9154202900998509
          ],
          [
            -78.5998087273284,
            -0.9415351703743926
          ],
          [
            -78.59702816315442,
            -0.9627845974589274
          ],
          [
            -78.5917712428953,
            -0.9930171450884405
          ],
          [
            -78.56693208904974,
            -1.0501338326452692
          ],
          [
            -78.55457924865482,
            -1.0550706965065137
          ],
          [
            -78.5092689313701,
            -1.0571212058584811
          ],
          [
            -78.49063024762987,
            -1.064427322306339
          ],
          [
            -78.46454846116798,
            -1.0800544585993415
          ],
          [
            -78.45387433733701,
            -1.078203450847137
          ]
        ]
      }
    },
    {
      "type": "Feature",
      "properties": {
        "object_id": 28,
        "line_id": 84,
        "description": "Quevedo - Daule Peripa",
        "from": "Quevedo",
        "to": "Daule Peripa",
        "voltage_kv": 138.0,
        "thermal_capacity_mw": 113.2,
        "voltage_regulation_mvar": 0.0,
        "length_km": 43.2,
        "circuits": 2,
        "company": "CELEC-Transelectric",
        "company_type": "Transmisora",
        "line_type": "Transmisión",
        "topology": "Radial",
        "operation_date": "1981-01-01T01:00:00",
        "source": "Lineas.geojson"
      },
      "geometry": {
        "type": "LineString",
        "coordinates": [
          [
            -79.49252402278144,
            -1.0471750879234483
          ],
          [
            -79.53182616280925,
            -1.0556164377503203
          ],
          [
            -79.61697836424473,
            -1.0619778967932592
          ],
          [
            -79.64011921885081,
            -1.066744737799013
          ],
          [
            -79.75397846704784,
            -1.0453099579178358
          ],
          [
            -79.75662766736326,
            -0.9561190726803004
          ],
          [
            -79.74781189898616,
            -0.9320188629850535
          ],
          [
            -79.74791234277363,
            -0.9283506737932874
          ],
          [
            -79.75035401910048,
            -0.9264119845472056
          ],
          [
            -79.75299929873684,
            -0.9276120008159424
          ]
        ]
      }
    },
    {
      "type": "Feature",
      "properties": {
        "object_id": 29,
        "line_id": 87,
        "description": "Totoras - Ambato",
        "from": "Totoras",
        "to": "Ambato",
        "voltage_kv": 138.0,
        "thermal_capacity_mw": 148.0,
        "voltage_regulation_mvar": 0.0,
        "length_km": 7.66,
        "circuits": 1,
        "company": "CELEC-Transelectric",
        "company_type": "Transmisora",
        "line_type": "Transmisión",
        "topology": "Radial",
        "operation_date": "1988-01-01T01:00:00",
        "source": "Lineas.geojson"
      },
      "geometry": {
        "type": "LineString",
        "coordinates": [
          [
            -78.59942712102264,
            -1.2984576711619515
          ],
          [
            -78.59790055450878,
            -1.2969412390633122
          ],
          [
            -78.59953467377224,
            -1.2711799165424476
          ],
          [
            -78.59429964427446,
            -1.2506559135864825
          ],
          [
            -78.59656930573404,
            -1.243526026559549
          ],
          [
            -78.6028554658885,
            -1.236067531088352
          ]
        ]
      }
    },
    {
      "type": "Feature",
      "properties": {
        "object_id": 434,
        "line_id": 870,
        "description": "Alangasi - El Inga (T)",
        "from": "26 ALANGASI",
        "to": "El Inga",
        "voltage_kv": 138.0,
        "thermal_capacity_mw": 61.19,
        "voltage_regulation_mvar": null,
        "length_km": 8.85,
        "circuits": 1,
        "company": "E.E. Quito",
        "company_type": "Distribuidora",
        "line_type": "Subtransmisión",
        "topology": "Anillo",
        "operation_date": "1979-07-01T02:00:00",
        "source": "Lineas.geojson"
      },
      "geometry": {
        "type": "LineString",
        "coordinates": [
          [
            -78.34092378416649,
            -0.30643342696490966
          ],
          [
            -78.34953819839104,
            -0.3075420660304805
          ],
          [
            -78.40924801102116,
            -0.3293138062029885
          ]
        ]
      }
    },
    {
      "type": "Feature",
      "properties": {
        "object_id": 437,
        "line_id": 873,
        "description": "Cotocollao - Pomasqui",
        "from": "19 COTOCOLLAO",
        "to": "57 POMASQUI",
        "voltage_kv": 138.0,
        "thermal_capacity_mw": 187.39,
        "voltage_regulation_mvar": null,
        "length_km": 17.55,
        "circuits": 1,
        "company": "E.E. Quito",
        "company_type": "Distribuidora",
        "line_type": "Subtransmisión",
        "topology": "Anillo",
        "operation_date": "1992-07-01T02:00:00",
        "source": "Lineas.geojson"
      },
      "geometry": {
        "type": "LineString",
        "coordinates": [
          [
            -78.5030031738632,
            -0.11466062149626079
          ],
          [
            -78.5245824806227,
            -0.12864587519227164
          ],
          [
            -78.5199634800379,
            -0.12217593136187588
          ],
          [
            -78.5207534702538,
            -0.11410952772593061
          ],
          [
            -78.51818605044146,
            -0.10879573092946476
          ],
          [
            -78.50918211673515,
            -0.10501371149667874
          ],
          [
            -78.49800081978698,
            -0.09432627012319698
          ],
          [
            -78.4827193428603,
            -0.08717689856808261
          ],
          [
            -78.47595556719473,
            -0.07492584631229532
          ],
          [
            -78.46482542651734,
            -0.07165994269789268
          ],
          [
            -78.45083164639401,
            -0.07305846098909272
          ]
        ]
      }
    },
    {
      "type": "Feature",
      "properties": {
        "object_id": 439,
        "line_id": 875,
        "description": "Conocoto - Vicentina",
        "from": "23 CONOCOTO",
        "to": "39 VICENTINA",
        "voltage_kv": 138.0,
        "thermal_capacity_mw": 115.45,
        "voltage_regulation_mvar": null,
        "length_km": 9.54,
        "circuits": 1,
        "company": "E.E. Quito",
        "company_type": "Distribuidora",
        "line_type": "Subtransmisión",
        "topology": "Anillo",
        "operation_date": "1978-01-01T01:00:00",
        "source": "Lineas.geojson"
      },
      "geometry": {
        "type": "LineString",
        "coordinates": [
          [
            -78.48844539731894,
            -0.2751715290443534
          ],
          [
            -78.49390228377956,
            -0.277229482803202
          ],
          [
            -78.50480477428277,
            -0.27311231972578526
          ],
          [
            -78.4755894771166,
            -0.2306689011053753
          ],
          [
            -78.47550635644669,
            -0.22636261256054788
          ],
          [
            -78.48200267749718,
            -0.2157442541920376
          ]
        ]
      }
    },
    {
      "type": "Feature",
      "properties": {
        "object_id": 444,
        "line_id": 880,
        "description": "Chilibulo - Selva Alegre",
        "from": "05 CHILIBULO",
        "to": "41 SELVA ALEGRE",
        "voltage_kv": 138.0,
        "thermal_capacity_mw": 187.63,
        "voltage_regulation_mvar": null,
        "length_km": 8.29,
        "circuits": 1,
        "company": "E.E. Quito",
        "company_type": "Distribuidora",
        "line_type": "Subtransmisión",
        "topology": "Anillo",
        "operation_date": "2014-04-09T02:00:00",
        "source": "Lineas.geojson"
      },
      "geometry": {
        "type": "LineString",
        "coordinates": [
          [
            -78.54814161679622,
            -0.24218517111489532
          ],
          [
            -78.55157239091649,
            -0.24030540870173622
          ],
          [
            -78.53967561332357,
            -0.22394941363837811
          ],
          [
            -78.51548273968598,
            -0.1784379753941852
          ]
        ]
      }
    },
    {
      "type": "Feature",
      "properties": {
        "object_id": 446,
        "line_id": 882,
        "description": "El Quinche - El Inga (T)",
        "from": "58 EL QUINCHE",
        "to": "El Inga",
        "voltage_kv": 138.0,
        "thermal_capacity_mw": 54.5,
        "voltage_regulation_mvar": null,
        "length_km": 31.38,
        "circuits": 1,
        "company": "E.E. Quito",
        "company_type": "Distribuidora",
        "line_type": "Subtransmisión",
        "topology": "Anillo",
        "operation_date": "2016-01-01T01:00:00",
        "source": "Lineas.geojson"
      },
      "geometry": {
        "type": "LineString",
        "coordinates": [
          [
            -78.34092378416626,
            -0.3064334278686584
          ],
          [
            -78.2937599487895,
            -0.29119854447797927
          ],
          [
            -78.29109833212529,
            -0.2605892263783848
          ],
          [
            -78.30946901163888,
            -0.22409491428589462
          ],
          [
            -78.31028944395712,
            -0.21132830378229933
          ],
          [
            -78.2996040636062,
            -0.18952264303385624
          ],
          [
            -78.2770278351017,
            -0.16650006800361494
          ],
          [
            -78.26168964480782,
            -0.12943849766238813
          ],
          [
            -78.26654377719547,
            -0.1092216150826866
          ],
          [
            -78.2803627779152,
            -0.09721239859748956
          ],
          [
            -78.29128137506115,
            -0.09288830793656083
          ]
        ]
      }
    },
    {
      "type": "Feature",
      "properties": {
        "object_id": 447,
        "line_id": 883,
        "description": "Eugenio Espejo - Selva Alegre",
        "from": "59 EUGENIO ESPEJO",
        "to": "41 SELVA ALEGRE",
        "voltage_kv": 138.0,
        "thermal_capacity_mw": 187.39,
        "voltage_regulation_mvar": null,
        "length_km": 16.3,
        "circuits": 1,
        "company": "E.E. Quito",
        "company_type": "Distribuidora",
        "line_type": "Subtransmisión",
        "topology": "Anillo",
        "operation_date": "1979-07-01T02:00:00",
        "source": "Lineas.geojson"
      },
      "geometry": {
        "type": "LineString",
        "coordinates": [
          [
            -78.570689327921,
            -0.30422737136713746
          ],
          [
            -78.57483995739156,
            -0.30586325973826084
          ],
          [
            -78.57252232999238,
            -0.27260546161317234
          ],
          [
            -78.54016746385446,
            -0.22343413916445531
          ],
          [
            -78.51548273968598,
            -0.1784379753941852
          ]
        ]
      }
    },
    {
      "type": "Feature",
      "properties": {
        "object_id": 454,
        "line_id": 890,
        "description": "Gualo - Pomasqui",
        "from": "14 GUALO",
        "to": "Pomasqui",
        "voltage_kv": 138.0,
        "thermal_capacity_mw": 110.19,
        "voltage_regulation_mvar": null,
        "length_km": 11.0,
        "circuits": 1,
        "company": "E.E. Quito",
        "company_type": "Distribuidora",
        "line_type": "Subtransmisión",
        "topology": "Anillo",
        "operation_date": "1980-01-01T01:00:00",
        "source": "Lineas.geojson"
      },
      "geometry": {
        "type": "LineString",
        "coordinates": [
          [
            -78.44696146903718,
            -0.13295299992405116
          ],
          [
            -78.44838921388653,
            -0.1283678208393836
          ],
          [
            -78.44489681986934,
            -0.1068542960849999
          ],
          [
            -78.446771018473,
            -0.09827014245645407
          ],
          [
            -78.44450306112357,
            -0.06279966722139449
          ],
          [
            -78.43940845263715,
            -0.0531349105551791
          ]
        ]
      }
    },
    {
      "type": "Feature",
      "properties": {
        "object_id": 462,
        "line_id": 899,
        "description": "Pomasqui - Pomasqui (T)",
        "from": "57 POMASQUI",
        "to": "Pomasqui",
        "voltage_kv": 138.0,
        "thermal_capacity_mw": 187.39,
        "voltage_regulation_mvar": null,
        "length_km": 3.17,
        "circuits": 1,
        "company": "E.E. Quito",
        "company_type": "Distribuidora",
        "line_type": "Subtransmisión",
        "topology": "Anillo",
        "operation_date": "2004-01-28T01:00:00",
        "source": "Lineas.geojson"
      },
      "geometry": {
        "type": "LineString",
        "coordinates": [
          [
            -78.45083164639401,
            -0.07305846098909272
          ],
          [
            -78.4456337581266,
            -0.07530150126155016
          ],
          [
            -78.44470088118584,
            -0.0628059151683209
          ],
          [
            -78.43940845263715,
            -0.0531349105551791
          ]
        ]
      }
    },
    {
      "type": "Feature",
      "properties": {
        "object_id": 463,
        "line_id": 900,
        "description": "Pomasqui - Cristianía",
        "from": "57 POMASQUI",
        "to": "18 CRISTIANIA",
        "voltage_kv": 138.0,
        "thermal_capacity_mw": 79.12,
        "voltage_regulation_mvar": null,
        "length_km": 6.55,
        "circuits": 1,
        "company": "E.E. Quito",
        "company_type": "Distribuidora",
        "line_type": "Subtransmisión",
        "topology": "Radial",
        "operation_date": "1997-12-31T01:00:00",
        "source": "Lineas.geojson"
      },
      "geometry": {
        "type": "LineString",
        "coordinates": [
          [
            -78.45083164639401,
            -0.07305846098909272
          ],
          [
            -78.45800160312318,
            -0.08830759381239403
          ],
          [
            -78.46456113221845,
            -0.09253284670349073
          ],
          [
            -78.47146945175358,
            -0.09253332532212709
          ],
          [
            -78.46912012545951,
            -0.10172339314374623
          ],
          [
            -78.4740245056873,
            -0.10833186944444008
          ],
          [
            -78.47467936839227,
            -0.11533229460578423
          ],
          [
            -78.47286585556,
            -0.117099026610886
          ]
        ]
      }
    },
    {
      "type": "Feature",
      "properties": {
        "object_id": 464,
        "line_id": 901,
        "description": "Pomasqui - San Antonio",
        "from": "57 POMASQUI",
        "to": "22 SAN ANTONIO",
        "voltage_kv": 138.0,
        "thermal_capacity_mw": 186.44,
        "voltage_regulation_mvar": null,
        "length_km": 6.0,
        "circuits": 1,
        "company": "E.E. Quito",
        "company_type": "Distribuidora",
        "line_type": "Subtransmisión",
        "topology": "Anillo",
        "operation_date": "2015-01-01T01:00:00",
        "source": "Lineas.geojson"
      },
      "geometry": {
        "type": "LineString",
        "coordinates": [
          [
            -78.45083164639401,
            -0.07305846098909272
          ],
          [
            -78.44566490923306,
            -0.07522344413665537
          ],
          [
            -78.44487279280321,
            -0.06280318233104411
          ],
          [
            -78.43888735455405,
            -0.05203456558366603
          ],
          [
            -78.42925344765992,
            -0.019477365136682582
          ],
          [
            -78.41424148835293,
            0.011514366819293907
          ],
          [
            -78.42155741221079,
            0.01658405941804445
          ],
          [
            -78.43818563048427,
            0.018052795446165695
          ]
        ]
      }
    },
    {
      "type": "Feature",
      "properties": {
        "object_id": 472,
        "line_id": 910,
        "description": "Santa Rosa - Fabrica Adelca",
        "from": "37 SANTA ROSA",
        "to": "*Adelca 1",
        "voltage_kv": 138.0,
        "thermal_capacity_mw": 187.39,
        "voltage_regulation_mvar": null,
        "length_km": 15.79,
        "circuits": 1,
        "company": "E.E. Quito",
        "company_type": "Distribuidora",
        "line_type": "Subtransmisión",
        "topology": "Radial",
        "operation_date": "2009-01-01T01:00:00",
        "source": "Lineas.geojson"
      },
      "geometry": {
        "type": "LineString",
        "coordinates": [
          [
            -78.53710601445609,
            -0.362432303038241
          ],
          [
            -78.53502722948804,
            -0.36261485755125633
          ],
          [
            -78.53194656268612,
            -0.3843577474020855
          ],
          [
            -78.53762680288429,
            -0.40938968219016214
          ],
          [
            -78.55022117872625,
            -0.43496630193645286
          ],
          [
            -78.55257596914414,
            -0.4605246790758327
          ],
          [
            -78.56727091649172,
            -0.46138665452507366
          ],
          [
            -78.57995438157151,
            -0.46661072878534093
          ]
        ]
      }
    },
    {
      "type": "Feature",
      "properties": {
        "object_id": 474,
        "line_id": 912,
        "description": "Santa Rosa - Eugenio Espejo",
        "from": "37 SANTA ROSA",
        "to": "59 EUGENIO ESPEJO",
        "voltage_kv": 138.0,
        "thermal_capacity_mw": 191.22,
        "voltage_regulation_mvar": null,
        "length_km": 9.0,
        "circuits": 1,
        "company": "E.E. Quito",
        "company_type": "Distribuidora",
        "line_type": "Subtransmisión",
        "topology": "Anillo",
        "operation_date": "1987-07-01T02:00:00",
        "source": "Lineas.geojson"
      },
      "geometry": {
        "type": "LineString",
        "coordinates": [
          [
            -78.53710601445609,
            -0.362432303038241
          ],
          [
            -78.55709435804452,
            -0.3575400452424606
          ],
          [
            -78.56066472796799,
            -0.3531588574409457
          ],
          [
            -78.57483410174393,
            -0.30592984985019916
          ],
          [
            -78.570689327921,
            -0.30422737136713746
          ]
        ]
      }
    },
    {
      "type": "Feature",
      "properties": {
        "object_id": 475,
        "line_id": 913,
        "description": "Santa Rosa - Conocoto",
        "from": "37 SANTA ROSA",
        "to": "23 CONOCOTO",
        "voltage_kv": 138.0,
        "thermal_capacity_mw": 115.45,
        "voltage_regulation_mvar": null,
        "length_km": 12.7,
        "circuits": 1,
        "company": "E.E. Quito",
        "company_type": "Distribuidora",
        "line_type": "Subtransmisión",
        "topology": "Anillo",
        "operation_date": "1978-01-01T01:00:00",
        "source": "Lineas.geojson"
      },
      "geometry": {
        "type": "LineString",
        "coordinates": [
          [
            -78.53743191633036,
            -0.3636944513185501
          ],
          [
            -78.53543200008069,
            -0.3624946528597309
          ],
          [
            -78.52813616630375,
            -0.3359212464020815
          ],
          [
            -78.52544642600213,
            -0.33332335767242893
          ],
          [
            -78.52196026093274,
            -0.31479969837835664
          ],
          [
            -78.50281359446483,
            -0.2729779474795768
          ],
          [
            -78.49401288392869,
            -0.27722330499815523
          ],
          [
            -78.48844539731894,
            -0.2751715290443534
          ]
        ]
      }
    },
    {
      "type": "Feature",
      "properties": {
        "object_id": 476,
        "line_id": 914,
        "description": "Santa Rosa - Alangasi",
        "from": "37 SANTA ROSA",
        "to": "26 ALANGASI",
        "voltage_kv": 138.0,
        "thermal_capacity_mw": 77.44,
        "voltage_regulation_mvar": null,
        "length_km": 15.2,
        "circuits": 1,
        "company": "E.E. Quito",
        "company_type": "Distribuidora",
        "line_type": "Subtransmisión",
        "topology": "Anillo",
        "operation_date": "2013-01-01T01:00:00",
        "source": "Lineas.geojson"
      },
      "geometry": {
        "type": "LineString",
        "coordinates": [
          [
            -78.53710601445609,
            -0.362432303038241
          ],
          [
            -78.49493359475255,
            -0.3574359625376033
          ],
          [
            -78.46947163746803,
            -0.3592653507873468
          ],
          [
            -78.45629260666605,
            -0.3568673324757765
          ],
          [
            -78.42836721237755,
            -0.33705963992692545
          ],
          [
            -78.40924801102116,
            -0.3293138062029885
          ]
        ]
      }
    },
    {
      "type": "Feature",
      "properties": {
        "object_id": 477,
        "line_id": 915,
        "description": "Santa Rosa - Chilibulo",
        "from": "37 SANTA ROSA",
        "to": "05 CHILIBULO",
        "voltage_kv": 138.0,
        "thermal_capacity_mw": 191.22,
        "voltage_regulation_mvar": null,
        "length_km": 16.79,
        "circuits": 1,
        "company": "E.E. Quito",
        "company_type": "Distribuidora",
        "line_type": "Subtransmisión",
        "topology": "Anillo",
        "operation_date": "2014-04-09T02:00:00",
        "source": "Lineas.geojson"
      },
      "geometry": {
        "type": "LineString",
        "coordinates": [
          [
            -78.53710601445609,
            -0.362432303038241
          ],
          [
            -78.55712373777182,
            -0.3575889886350863
          ],
          [
            -78.56071339323437,
            -0.3531840693901598
          ],
          [
            -78.57488851625233,
            -0.3059358118093748
          ],
          [
            -78.57257508440742,
            -0.2725881063316706
          ],
          [
            -78.55215211977848,
            -0.23982241580495386
          ],
          [
            -78.54867859585534,
            -0.24163999172503597
          ]
        ]
      }
    },
    {
      "type": "Feature",
      "properties": {
        "object_id": 485,
        "line_id": 923,
        "description": "Selva Alegre - Cotocollao",
        "from": "41 SELVA ALEGRE",
        "to": "19 COTOCOLLAO",
        "voltage_kv": 138.0,
        "thermal_capacity_mw": 187.39,
        "voltage_regulation_mvar": null,
        "length_km": 8.48,
        "circuits": 1,
        "company": "E.E. Quito",
        "company_type": "Distribuidora",
        "line_type": "Subtransmisión",
        "topology": "Anillo",
        "operation_date": "1983-01-01T01:00:00",
        "source": "Lineas.geojson"
      },
      "geometry": {
        "type": "LineString",
        "coordinates": [
          [
            -78.51548273968598,
            -0.1784379753941852
          ],
          [
            -78.51704564032654,
            -0.1573159349379489
          ],
          [
            -78.52460326556665,
            -0.12867260951576948
          ],
          [
            -78.5030031738632,
            -0.11466062149626079
          ]
        ]
      }
    },
    {
      "type": "Feature",
      "properties": {
        "object_id": 492,
        "line_id": 931,
        "description": "Tababela - El Inga (T)",
        "from": "31 TABABELA",
        "to": "El Inga",
        "voltage_kv": 138.0,
        "thermal_capacity_mw": 48.76,
        "voltage_regulation_mvar": null,
        "length_km": 20.24,
        "circuits": 1,
        "company": "E.E. Quito",
        "company_type": "Distribuidora",
        "line_type": "Subtransmisión",
        "topology": "Anillo",
        "operation_date": "2014-01-01T01:00:00",
        "source": "Lineas.geojson"
      },
      "geometry": {
        "type": "LineString",
        "coordinates": [
          [
            -78.33190341338282,
            -0.17844424469461637
          ],
          [
            -78.32988142036801,
            -0.18774741063084027
          ],
          [
            -78.32091543239999,
            -0.20142334381964427
          ],
          [
            -78.3133567135409,
            -0.20758640809226073
          ],
          [
            -78.30990325159195,
            -0.20772928336587854
          ],
          [
            -78.31043284728028,
            -0.22164329139933817
          ],
          [
            -78.29275516514367,
            -0.256585727132259
          ],
          [
            -78.29106162737645,
            -0.2680529845001866
          ],
          [
            -78.29381065636308,
            -0.29116645948137976
          ],
          [
            -78.34092378416626,
            -0.3064334278686584
          ]
        ]
      }
    },
    {
      "type": "Feature",
      "properties": {
        "object_id": 493,
        "line_id": 932,
        "description": "Tababela - El Quinche",
        "from": "31 TABABELA",
        "to": "58 EL QUINCHE",
        "voltage_kv": 138.0,
        "thermal_capacity_mw": 54.5,
        "voltage_regulation_mvar": null,
        "length_km": 21.31,
        "circuits": 1,
        "company": "E.E. Quito",
        "company_type": "Distribuidora",
        "line_type": "Subtransmisión",
        "topology": "Anillo",
        "operation_date": "2014-01-01T01:00:00",
        "source": "Lineas.geojson"
      },
      "geometry": {
        "type": "LineString",
        "coordinates": [
          [
            -78.33190341338282,
            -0.17844424469461637
          ],
          [
            -78.32982966788232,
            -0.18772531972387188
          ],
          [
            -78.32087074528827,
            -0.2013905859404221
          ],
          [
            -78.31333794556586,
            -0.20753354389876943
          ],
          [
            -78.30984232325808,
            -0.2076753682827011
          ],
          [
            -78.31028622099919,
            -0.21127250616048507
          ],
          [
            -78.29964932359712,
            -0.18949293764004976
          ],
          [
            -78.27707215064949,
            -0.16646725619784367
          ],
          [
            -78.27293114828676,
            -0.15775710113219446
          ],
          [
            -78.26174592300333,
            -0.12943472093237343
          ],
          [
            -78.26659286175574,
            -0.10924780324009126
          ],
          [
            -78.28039465551608,
            -0.09725718250152382
          ],
          [
            -78.29128137506115,
            -0.09288830793656083
          ]
        ]
      }
    },
    {
      "type": "Feature",
      "properties": {
        "object_id": 495,
        "line_id": 934,
        "description": "Vicentina - Gualo",
        "from": "39 VICENTINA",
        "to": "14 GUALO",
        "voltage_kv": 138.0,
        "thermal_capacity_mw": 143.41,
        "voltage_regulation_mvar": null,
        "length_km": 9.5,
        "circuits": 1,
        "company": "E.E. Quito",
        "company_type": "Distribuidora",
        "line_type": "Subtransmisión",
        "topology": "Anillo",
        "operation_date": "1980-01-01T01:00:00",
        "source": "Lineas.geojson"
      },
      "geometry": {
        "type": "LineString",
        "coordinates": [
          [
            -78.48200267749718,
            -0.2157442541920376
          ],
          [
            -78.47265724092087,
            -0.21546311052647052
          ],
          [
            -78.46679886435335,
            -0.20896660977005166
          ],
          [
            -78.45707510019236,
            -0.1905291554860576
          ],
          [
            -78.44555848234809,
            -0.15842604334118565
          ],
          [
            -78.44696146903718,
            -0.13295299992405116
          ]
        ]
      }
    },
    {
      "type": "Feature",
      "properties": {
        "object_id": 516,
        "line_id": 957,
        "description": "Tena - Loreto",
        "from": "Tena",
        "to": "Loreto",
        "voltage_kv": 138.0,
        "thermal_capacity_mw": 90.0,
        "voltage_regulation_mvar": null,
        "length_km": 86.4,
        "circuits": 1,
        "company": "CELEC-Transelectric",
        "company_type": "Transmisora",
        "line_type": "Transmisión",
        "topology": "Radial",
        "operation_date": "2017-12-10T01:00:00",
        "source": "Lineas.geojson"
      },
      "geometry": {
        "type": "LineString",
        "coordinates": [
          [
            -77.81134053951747,
            -1.007333149271346
          ],
          [
            -77.80733099310457,
            -1.0061310133131385
          ],
          [
            -77.79775499327994,
            -0.9877420132263308
          ],
          [
            -77.7957769929556,
            -0.9111200122249923
          ],
          [
            -77.79254699309159,
            -0.8833580120537694
          ],
          [
            -77.77514999277086,
            -0.81752401041199
          ],
          [
            -77.79185999320403,
            -0.7638320099703106
          ],
          [
            -77.77818199309303,
            -0.7340330100949187
          ],
          [
            -77.75607299290552,
            -0.7222760097918852
          ],
          [
            -77.75116899303882,
            -0.71454100979988
          ],
          [
            -77.74534099258508,
            -0.7117490101190629
          ],
          [
            -77.72614999193154,
            -0.7128020098641674
          ],
          [
            -77.68640899163867,
            -0.7284500103903063
          ],
          [
            -77.65581099079365,
            -0.7167000111213784
          ],
          [
            -77.64380399112784,
            -0.7250170106356221
          ],
          [
            -77.58554399054644,
            -0.7162770120140175
          ],
          [
            -77.55206899022323,
            -0.7456670116613929
          ],
          [
            -77.49489898947338,
            -0.7344160129067857
          ],
          [
            -77.47159898859653,
            -0.7526310131187637
          ],
          [
            -77.40848298713269,
            -0.7390140138679506
          ],
          [
            -77.37854098710997,
            -0.7352600134489338
          ],
          [
            -77.36231798707325,
            -0.7213940134966172
          ],
          [
            -77.33096269408188,
            -0.7092245958951775
          ]
        ]
      }
    },
    {
      "type": "Feature",
      "properties": {
        "object_id": 517,
        "line_id": 958,
        "description": "Loreto - Francisco de Orellana",
        "from": "Loreto",
        "to": "Francisco de Orellana",
        "voltage_kv": 138.0,
        "thermal_capacity_mw": 90.0,
        "voltage_regulation_mvar": null,
        "length_km": 55.7,
        "circuits": 1,
        "company": "CELEC-Transelectric",
        "company_type": "Transmisora",
        "line_type": "Transmisión",
        "topology": "Radial",
        "operation_date": "2017-12-10T01:00:00",
        "source": "Lineas.geojson"
      },
      "geometry": {
        "type": "LineString",
        "coordinates": [
          [
            -76.99981389959802,
            -0.42881626048317256
          ],
          [
            -77.00356362711234,
            -0.4294105007851229
          ],
          [
            -77.0563337041047,
            -0.4782563483448269
          ],
          [
            -77.10467720781024,
            -0.4845980567865722
          ],
          [
            -77.12534974537347,
            -0.49664273802744596
          ],
          [
            -77.1429561878747,
            -0.489526054819068
          ],
          [
            -77.18909353757581,
            -0.5457125698434283
          ],
          [
            -77.20312914391072,
            -0.5388231291295276
          ],
          [
            -77.2369384180765,
            -0.5403371379527651
          ],
          [
            -77.25906749371894,
            -0.5671208937424499
          ],
          [
            -77.279065204135,
            -0.6090319455627787
          ],
          [
            -77.30985023854255,
            -0.6198090038755396
          ],
          [
            -77.31633947907612,
            -0.7031028202702705
          ],
          [
            -77.33096269408188,
            -0.7092245958951775
          ]
        ]
      }
    },
    {
      "type": "Feature",
      "properties": {
        "object_id": 518,
        "line_id": 959,
        "description": "Baños - Topo",
        "from": "Baños",
        "to": "Topo",
        "voltage_kv": 138.0,
        "thermal_capacity_mw": 90.0,
        "voltage_regulation_mvar": null,
        "length_km": 27.1,
        "circuits": 1,
        "company": "CELEC-Transelectric",
        "company_type": "Transmisora",
        "line_type": "Transmisión",
        "topology": "Radial",
        "operation_date": "2018-03-21T01:00:00",
        "source": "Lineas.geojson"
      },
      "geometry": {
        "type": "LineString",
        "coordinates": [
          [
            -78.37756232660935,
            -1.398854190063468
          ],
          [
            -78.37678268812698,
            -1.3953389907982816
          ],
          [
            -78.35515138003238,
            -1.3943204694139106
          ],
          [
            -78.33626159949519,
            -1.3991882727213492
          ],
          [
            -78.32685125849676,
            -1.3989334855596658
          ],
          [
            -78.3132223296142,
            -1.4050631465739902
          ],
          [
            -78.29133555922948,
            -1.4006818163365968
          ],
          [
            -78.2759137585168,
            -1.4044954947235677
          ],
          [
            -78.26564416964945,
            -1.4099778541336692
          ],
          [
            -78.19276527810958,
            -1.4076588321478318
          ],
          [
            -78.19293625242331,
            -1.4036565719098462
          ]
        ]
      }
    },
    {
      "type": "Feature",
      "properties": {
        "object_id": 519,
        "line_id": 960,
        "description": "Topo - Puyo",
        "from": "Topo",
        "to": "Puyo",
        "voltage_kv": 138.0,
        "thermal_capacity_mw": 90.0,
        "voltage_regulation_mvar": null,
        "length_km": 29.46,
        "circuits": 1,
        "company": "CELEC-Transelectric",
        "company_type": "Transmisora",
        "line_type": "Transmisión",
        "topology": "Radial",
        "operation_date": "2018-03-21T01:00:00",
        "source": "Lineas.geojson"
      },
      "geometry": {
        "type": "LineString",
        "coordinates": [
          [
            -78.19293625242331,
            -1.4036565719098462
          ],
          [
            -78.1926934069114,
            -1.4076672852601313
          ],
          [
            -78.17441811119156,
            -1.4184886897182458
          ],
          [
            -78.17174247322662,
            -1.440524632289589
          ],
          [
            -78.11974377244663,
            -1.4516362808650052
          ],
          [
            -78.06666390830252,
            -1.494340842658538
          ],
          [
            -78.02917099344,
            -1.5022318875802207
          ],
          [
            -78.01651767981504,
            -1.4918062938276393
          ],
          [
            -78.0123698431388,
            -1.4786187220790248
          ],
          [
            -77.99561851037848,
            -1.4648902363756968
          ],
          [
            -77.99576219294367,
            -1.4593228984699989
          ]
        ]
      }
    },
    {
      "type": "Feature",
      "properties": {
        "object_id": 531,
        "line_id": 973,
        "description": "Yanacocha - Delsitanisagua",
        "from": "Yanacocha",
        "to": "Delsitanisagua",
        "voltage_kv": 138.0,
        "thermal_capacity_mw": 332.0,
        "voltage_regulation_mvar": null,
        "length_km": 33.5,
        "circuits": 2,
        "company": "CELEC-Transelectric",
        "company_type": "Transmisora",
        "line_type": "Transmisión",
        "topology": "Radial",
        "operation_date": "2018-11-20T01:00:00",
        "source": "Lineas.geojson"
      },
      "geometry": {
        "type": "LineString",
        "coordinates": [
          [
            -79.19878960423472,
            -3.9509284237242297
          ],
          [
            -79.19466592481034,
            -3.9501739531102658
          ],
          [
            -79.1916419722204,
            -3.952592744444294
          ],
          [
            -79.1811721219254,
            -3.9778846558869585
          ],
          [
            -79.16555883822636,
            -3.988399832094118
          ],
          [
            -79.15564987635008,
            -3.9905477320677853
          ],
          [
            -79.12677765294913,
            -3.9853825278159016
          ],
          [
            -79.10953697634305,
            -3.9770062962691703
          ],
          [
            -79.09910299031822,
            -3.980526671597819
          ],
          [
            -79.07247240357216,
            -3.9722456513557507
          ],
          [
            -79.06331655585471,
            -3.9682367623230195
          ],
          [
            -79.05454020488501,
            -3.959843494384932
          ],
          [
            -79.04067568607134,
            -3.956040365532343
          ],
          [
            -79.03006054348783,
            -3.9602104144667036
          ],
          [
            -79.02515028770023,
            -3.965578390875047
          ],
          [
            -79.0216664409187,
            -3.999394288413479
          ],
          [
            -79.01429871583804,
            -4.008164723600797
          ],
          [
            -79.00951187025575,
            -4.0255487636364125
          ],
          [
            -79.00369407200583,
            -4.033590368601154
          ],
          [
            -78.98464441990731,
            -4.045862739740432
          ]
        ]
      }
    },
    {
      "type": "Feature",
      "properties": {
        "object_id": 532,
        "line_id": 974,
        "description": "Delsitanisagua - Cumbaratza",
        "from": "Delsitanisagua",
        "to": "Cumbaratza",
        "voltage_kv": 138.0,
        "thermal_capacity_mw": 90.0,
        "voltage_regulation_mvar": null,
        "length_km": 18.1,
        "circuits": 1,
        "company": "CELEC-Transelectric",
        "company_type": "Transmisora",
        "line_type": "Transmisión",
        "topology": "Radial",
        "operation_date": "2018-11-18T01:00:00",
        "source": "Lineas.geojson"
      },
      "geometry": {
        "type": "MultiLineString",
        "coordinates": [
          [
            [
              -78.96629460627436,
              -4.062682160200755
            ],
            [
              -78.95817893892476,
              -4.06231824880342
            ],
            [
              -78.95625226510714,
              -4.062286236740553
            ],
            [
              -78.94680013745285,
              -4.054550153880029
            ],
            [
              -78.93730670329967,
              -4.052536908878744
            ],
            [
              -78.93387812266792,
              -4.051877186283815
            ],
            [
              -78.90753834933638,
              -4.0329229963816005
            ],
            [
              -78.8820790884125,
              -4.008211934317157
            ],
            [
              -78.88036539764619,
              -4.005965390415843
            ],
            [
              -78.87291826644147,
              -3.9963177194009134
            ],
            [
              -78.87170694848778,
              -3.9947686183469164
            ],
            [
              -78.86891679718022,
              -3.991063739434922
            ],
            [
              -78.86737355554783,
              -3.9890707861320918
            ],
            [
              -78.86441181457323,
              -3.982101805751596
            ],
            [
              -78.86318585555664,
              -3.979259866891858
            ]
          ],
          [
            [
              -78.96629460627436,
              -4.062682160200755
            ],
            [
              -78.95624654700843,
              -4.062286222224821
            ],
            [
              -78.94679441944254,
              -4.054550139324916
            ],
            [
              -78.93387240472308,
              -4.051877171646775
            ],
            [
              -78.90753263162038,
              -4.032922981627264
            ],
            [
              -78.88207337096269,
              -4.008211919474726
            ],
            [
              -78.87170123116981,
              -3.9947686034817687
            ],
            [
              -78.86736783828546,
              -3.989070771257902
            ],
            [
              -78.86318013837769,
              -3.9792598520250646
            ]
          ],
          [
            [
              -78.98464441990731,
              -4.045862739740432
            ],
            [
              -78.97093073322819,
              -4.061863128901352
            ],
            [
              -78.96629460627436,
              -4.062682160200755
            ]
          ],
          [
            [
              -78.96629923179518,
              -4.062682367175726
            ],
            [
              -78.96629460627436,
              -4.062682160200755
            ]
          ]
        ]
      }
    },
    {
      "type": "Feature",
      "properties": {
        "object_id": 542,
        "line_id": 985,
        "description": "L/T Pusuno 2 - Puerto Napo",
        "from": "Pusuno 2",
        "to": "Puerto Napo",
        "voltage_kv": 138.0,
        "thermal_capacity_mw": 99.0,
        "voltage_regulation_mvar": null,
        "length_km": 25.62,
        "circuits": 1,
        "company": "ElitEnergy",
        "company_type": "Generadora",
        "line_type": "Transmisión",
        "topology": "Radial",
        "operation_date": "2018-11-25T01:00:00",
        "source": "Lineas.geojson"
      },
      "geometry": {
        "type": "LineString",
        "coordinates": [
          [
            -77.60217741828752,
            -1.0071156967395567
          ],
          [
            -77.67960124829098,
            -1.0343791964682898
          ],
          [
            -77.70451735195607,
            -1.0463542794853797
          ],
          [
            -77.75110438056569,
            -1.053572923739851
          ],
          [
            -77.8019760470402,
            -1.0469479015164458
          ]
        ]
      }
    },
    {
      "type": "Feature",
      "properties": {
        "object_id": 544,
        "line_id": 987,
        "description": "Pomasqui - San Antonio",
        "from": "Pomasqui",
        "to": "22 SAN ANTONIO",
        "voltage_kv": 138.0,
        "thermal_capacity_mw": 112.0,
        "voltage_regulation_mvar": null,
        "length_km": 6.0,
        "circuits": 1,
        "company": "CELEC-Transelectric",
        "company_type": "Transmisora",
        "line_type": "Transmisión",
        "topology": "Radial",
        "operation_date": "2017-01-20T01:00:00",
        "source": "Lineas.geojson"
      },
      "geometry": {
        "type": "LineString",
        "coordinates": [
          [
            -78.43940845263715,
            -0.0531349105551791
          ],
          [
            -78.44321481485521,
            -0.04853057003062069
          ],
          [
            -78.43353851504277,
            -0.009898063507533961
          ],
          [
            -78.43849105437397,
            0.018586075125467737
          ]
        ]
      }
    },
    {
      "type": "Feature",
      "properties": {
        "object_id": 545,
        "line_id": 988,
        "description": "San Antonio - Ibarra",
        "from": "22 SAN ANTONIO",
        "to": "Ibarra",
        "voltage_kv": 138.0,
        "thermal_capacity_mw": 112.0,
        "voltage_regulation_mvar": null,
        "length_km": 54.5,
        "circuits": 1,
        "company": "CELEC-Transelectric",
        "company_type": "Transmisora",
        "line_type": "Transmisión",
        "topology": "Radial",
        "operation_date": "2017-01-20T01:00:00",
        "source": "Lineas.geojson"
      },
      "geometry": {
        "type": "LineString",
        "coordinates": [
          [
            -78.43849105437397,
            0.018586075125467737
          ],
          [
            -78.44272174076391,
            0.039151279255607734
          ],
          [
            -78.41450530175005,
            0.120008040830398
          ],
          [
            -78.3726945543297,
            0.1677294843204972
          ],
          [
            -78.34915573327223,
            0.20972065439887122
          ],
          [
            -78.33328878322678,
            0.2472543010402414
          ],
          [
            -78.23648789229931,
            0.3501414754563912
          ],
          [
            -78.18670232445128,
            0.36251993595953574
          ],
          [
            -78.1673297108749,
            0.3589119198286142
          ]
        ]
      }
    },
    {
      "type": "Feature",
      "properties": {
        "object_id": 549,
        "line_id": 996,
        "description": "Puyo-Puerto Napo",
        "from": "Puyo",
        "to": "Puerto Napo",
        "voltage_kv": 138.0,
        "thermal_capacity_mw": 90.0,
        "voltage_regulation_mvar": null,
        "length_km": 62.0,
        "circuits": 1,
        "company": "CELEC-Transelectric",
        "company_type": "Transmisora",
        "line_type": "Transmisión",
        "topology": "Radial",
        "operation_date": "2018-11-25T01:00:00",
        "source": "Lineas.geojson"
      },
      "geometry": {
        "type": "LineString",
        "coordinates": [
          [
            -77.99576219294367,
            -1.4593228984699989
          ],
          [
            -77.99482778490383,
            -1.4617339445479647
          ],
          [
            -77.99292200009727,
            -1.4540820002265518
          ],
          [
            -77.99863400025528,
            -1.4126109995926956
          ],
          [
            -77.98087900030633,
            -1.4008049997196383
          ],
          [
            -77.97427800018224,
            -1.3835449997268585
          ],
          [
            -77.95460299989453,
            -1.3721899997189122
          ],
          [
            -77.94026400029053,
            -1.3605240002312295
          ],
          [
            -77.92815600012395,
            -1.3548369995600762
          ],
          [
            -77.92107200008417,
            -1.3383869997976339
          ],
          [
            -77.89296400011278,
            -1.3271080000145672
          ],
          [
            -77.88580599967224,
            -1.300240999945667
          ],
          [
            -77.8932970001539,
            -1.2642719996251628
          ],
          [
            -77.8898810001254,
            -1.254895999782826
          ],
          [
            -77.87653799994395,
            -1.2437190000947758
          ],
          [
            -77.88057700012843,
            -1.2204710001371144
          ],
          [
            -77.87202400018391,
            -1.192773999850213
          ],
          [
            -77.8533720001889,
            -1.1694999999389883
          ],
          [
            -77.8522570003708,
            -1.1569759996791944
          ],
          [
            -77.84051399989855,
            -1.1413780001199119
          ],
          [
            -77.80828400040318,
            -1.1135119996921552
          ],
          [
            -77.78918200032665,
            -1.0880379997826133
          ],
          [
            -77.79556399978333,
            -1.0488429996312454
          ],
          [
            -77.79836725834748,
            -1.0462759835133613
          ],
          [
            -77.80196127394652,
            -1.046983133523354
          ]
        ]
      }
    },
    {
      "type": "Feature",
      "properties": {
        "object_id": 550,
        "line_id": 997,
        "description": "Puerto Napo-Tena",
        "from": "Puerto Napo",
        "to": "Tena",
        "voltage_kv": 138.0,
        "thermal_capacity_mw": 90.0,
        "voltage_regulation_mvar": null,
        "length_km": 4.5,
        "circuits": 1,
        "company": "CELEC-Transelectric",
        "company_type": "Transmisora",
        "line_type": "Transmisión",
        "topology": "Radial",
        "operation_date": "2018-11-25T01:00:00",
        "source": "Lineas.geojson"
      },
      "geometry": {
        "type": "LineString",
        "coordinates": [
          [
            -77.8019760470402,
            -1.0469479015164458
          ],
          [
            -77.79840159419012,
            -1.0462088145312387
          ],
          [
            -77.79859700047693,
            -1.0416489999415184
          ],
          [
            -77.81134053951747,
            -1.007333149271346
          ]
        ]
      }
    },
    {
      "type": "Feature",
      "properties": {
        "object_id": 551,
        "line_id": 1006,
        "description": "Chorrillos-Esclusas",
        "from": "Chorrillos",
        "to": "Esclusas",
        "voltage_kv": 230.0,
        "thermal_capacity_mw": 297.0,
        "voltage_regulation_mvar": null,
        "length_km": 37.9,
        "circuits": 1,
        "company": "CELEC-Transelectric",
        "company_type": "Transmisora",
        "line_type": "Transmisión",
        "topology": "Anillo",
        "operation_date": "2018-05-06T02:00:00",
        "source": "Lineas.geojson"
      },
      "geometry": {
        "type": "LineString",
        "coordinates": [
          [
            -79.98159023177764,
            -2.0293124229041553
          ],
          [
            -79.9769028529046,
            -2.029472090072898
          ],
          [
            -79.96396480158627,
            -2.051116555038311
          ],
          [
            -79.97609079767615,
            -2.0810980214427492
          ],
          [
            -79.9762042191995,
            -2.1000465011801275
          ],
          [
            -79.97229951547975,
            -2.117529268271724
          ],
          [
            -79.97236874726323,
            -2.163026980366424
          ],
          [
            -79.95539141083508,
            -2.1797751690270717
          ],
          [
            -79.95983737296186,
            -2.1943079562802614
          ],
          [
            -79.95585699624178,
            -2.2062187676158618
          ],
          [
            -79.95644868726266,
            -2.2256214417796047
          ],
          [
            -79.95060157082779,
            -2.231134631098415
          ],
          [
            -79.91090759623498,
            -2.2411500054916758
          ],
          [
            -79.91113440676375,
            -2.2511202916510653
          ],
          [
            -79.91007484906649,
            -2.249813112832678
          ],
          [
            -79.90617550850175,
            -2.2525289262927384
          ],
          [
            -79.90840705221011,
            -2.2565191068999546
          ],
          [
            -79.89847351410948,
            -2.2644951058506737
          ],
          [
            -79.89395855556805,
            -2.257606507920225
          ],
          [
            -79.86646244100778,
            -2.264724182931774
          ]
        ]
      }
    },
    {
      "type": "Feature",
      "properties": {
        "object_id": 552,
        "line_id": 1008,
        "description": "Chorrillos-Nueva Prosperina",
        "from": "Chorrillos",
        "to": "Nueva Prosperina",
        "voltage_kv": 230.0,
        "thermal_capacity_mw": 353.0,
        "voltage_regulation_mvar": null,
        "length_km": 13.6,
        "circuits": 1,
        "company": "CELEC-Transelectric",
        "company_type": "Transmisora",
        "line_type": "Transmisión",
        "topology": "Anillo",
        "operation_date": "2018-08-01T02:00:00",
        "source": "Lineas.geojson"
      },
      "geometry": {
        "type": "LineString",
        "coordinates": [
          [
            -79.98158906935454,
            -2.0293136949070454
          ],
          [
            -79.97697896506112,
            -2.0295885862692824
          ],
          [
            -79.96415590159637,
            -2.051077391226032
          ]
        ]
      }
    },
    {
      "type": "Feature",
      "properties": {
        "object_id": 562,
        "line_id": 1020,
        "description": "San Gregorio - San Juan de Manta",
        "from": "San Gregorio",
        "to": "San Juan de Manta",
        "voltage_kv": 230.0,
        "thermal_capacity_mw": 324.91,
        "voltage_regulation_mvar": null,
        "length_km": 41.0,
        "circuits": 2,
        "company": "CELEC-Transelectric",
        "company_type": "Transmisora",
        "line_type": "Transmisión",
        "topology": "Anillo",
        "operation_date": "2020-11-29T01:00:00",
        "source": "Lineas.geojson"
      },
      "geometry": {
        "type": "LineString",
        "coordinates": [
          [
            -80.45734917231,
            -1.0156124133289544
          ],
          [
            -80.46751931279533,
            -1.0079984138376041
          ],
          [
            -80.49282430543735,
            -1.0200912550229426
          ],
          [
            -80.49721912392947,
            -1.0194316930239737
          ],
          [
            -80.50419241686546,
            -1.029974348119746
          ],
          [
            -80.50369500767437,
            -1.0374015423187415
          ],
          [
            -80.5081763761829,
            -1.0510624236145538
          ],
          [
            -80.5469351432479,
            -1.0796913264964358
          ],
          [
            -80.59874273096986,
            -1.0846178581695791
          ],
          [
            -80.64306457140471,
            -1.0621887309679465
          ],
          [
            -80.66680667075158,
            -1.0682722825435829
          ],
          [
            -80.68025430301931,
            -1.062257779146792
          ],
          [
            -80.71427804032524,
            -1.0571545558210818
          ],
          [
            -80.7324201565804,
            -1.0222891142597583
          ],
          [
            -80.75739652133917,
            -1.0119030082052933
          ]
        ]
      }
    },
    {
      "type": "Feature",
      "properties": {
        "object_id": 571,
        "line_id": 1031,
        "description": "Pomasqui - Pimampiro 1",
        "from": "Pomasqui",
        "to": "Pimampiro",
        "voltage_kv": 230.0,
        "thermal_capacity_mw": 332.0,
        "voltage_regulation_mvar": null,
        "length_km": 82.3,
        "circuits": 2,
        "company": "CELEC-Transelectric",
        "company_type": "Transmisora",
        "line_type": "Transmisión",
        "topology": "Radial",
        "operation_date": "2021-07-24T02:00:00",
        "source": "Lineas.geojson"
      },
      "geometry": {
        "type": "LineString",
        "coordinates": [
          [
            -77.94783436166324,
            0.40869299111210783
          ],
          [
            -77.92946924046507,
            0.3757023650115057
          ],
          [
            -77.94847691431643,
            0.3374633880404008
          ],
          [
            -77.98078186311425,
            0.2934896797263573
          ],
          [
            -78.01793482550892,
            0.2859769617369715
          ],
          [
            -78.04077290936358,
            0.20655968149240111
          ],
          [
            -78.10796954531621,
            0.14792969495421843
          ],
          [
            -78.12578332806207,
            0.1192431295417943
          ],
          [
            -78.14537650899447,
            0.10490048721521189
          ],
          [
            -78.29326061201802,
            0.016902805837561735
          ],
          [
            -78.38190211622697,
            -0.02726733107277036
          ],
          [
            -78.40009565935351,
            -0.033737298487763155
          ],
          [
            -78.43948777204747,
            -0.0531476676989839
          ]
        ]
      }
    },
    {
      "type": "Feature",
      "properties": {
        "object_id": 572,
        "line_id": 1032,
        "description": "Pomasqui - Pimampiro 2",
        "from": "Pomasqui",
        "to": "Pimampiro",
        "voltage_kv": 230.0,
        "thermal_capacity_mw": 332.0,
        "voltage_regulation_mvar": null,
        "length_km": 82.2,
        "circuits": 2,
        "company": "CELEC-Transelectric",
        "company_type": "Transmisora",
        "line_type": "Transmisión",
        "topology": "Radial",
        "operation_date": "2021-07-10T02:00:00",
        "source": "Lineas.geojson"
      },
      "geometry": {
        "type": "LineString",
        "coordinates": [
          [
            -78.4390922441869,
            -0.05262639008811871
          ],
          [
            -78.43559824896775,
            -0.0487164166240806
          ],
          [
            -78.428396332311,
            -0.020138940267648005
          ],
          [
            -78.41095866402625,
            0.016678108831139078
          ],
          [
            -78.34818609650726,
            0.06309212128381894
          ],
          [
            -78.23687420348566,
            0.07437347053308309
          ],
          [
            -78.22874082930613,
            0.08052507891160306
          ],
          [
            -78.19580299372568,
            0.11993108469895837
          ],
          [
            -78.18811158581198,
            0.17414285279866193
          ],
          [
            -78.16418895901754,
            0.20553744494685727
          ],
          [
            -78.15073534316556,
            0.23710242727100553
          ],
          [
            -78.10290031379002,
            0.25248804920967166
          ],
          [
            -78.07497492657443,
            0.2699970338847882
          ],
          [
            -78.0571909249612,
            0.269631218339315
          ],
          [
            -77.99057788901025,
            0.32516269145805704
          ],
          [
            -77.96447091824633,
            0.37847043861104596
          ],
          [
            -77.95292021931236,
            0.3913032465638647
          ],
          [
            -77.95238875681385,
            0.3956790004544461
          ],
          [
            -77.9476625237176,
            0.40167876425887505
          ],
          [
            -77.94781093909477,
            0.4086693933519771
          ]
        ]
      }
    },
    {
      "type": "Feature",
      "properties": {
        "object_id": 575,
        "line_id": 1036,
        "description": "Pimampiro - Jamondino 1",
        "from": "Pimampiro",
        "to": "Jamondino",
        "voltage_kv": 230.0,
        "thermal_capacity_mw": 332.0,
        "voltage_regulation_mvar": null,
        "length_km": 138.7,
        "circuits": 2,
        "company": "CELEC-Transelectric",
        "company_type": "Transmisora",
        "line_type": "Transmisión",
        "topology": "Radial",
        "operation_date": "2021-07-25T02:00:00",
        "source": "Lineas.geojson"
      },
      "geometry": {
        "type": "LineString",
        "coordinates": [
          [
            -77.94780627928517,
            0.40869429938030427
          ],
          [
            -77.92172892971904,
            0.4034879473974501
          ],
          [
            -77.89941525583296,
            0.4300883762977314
          ],
          [
            -77.87802865656043,
            0.47957345584998395
          ],
          [
            -77.7196110535,
            0.6220425844114148
          ],
          [
            -77.25587652004384,
            1.1795013101501515
          ]
        ]
      }
    },
    {
      "type": "Feature",
      "properties": {
        "object_id": 576,
        "line_id": 1037,
        "description": "Pimampiro - Jamondino 2",
        "from": "Pimampiro",
        "to": "Jamondino",
        "voltage_kv": 230.0,
        "thermal_capacity_mw": 332.0,
        "voltage_regulation_mvar": null,
        "length_km": 132.0,
        "circuits": 2,
        "company": "CELEC-Transelectric",
        "company_type": "Transmisora",
        "line_type": "Transmisión",
        "topology": "Radial",
        "operation_date": "2021-07-11T02:00:00",
        "source": "Lineas.geojson"
      },
      "geometry": {
        "type": "LineString",
        "coordinates": [
          [
            -77.9478062564673,
            0.4087546897496898
          ],
          [
            -77.943859692441,
            0.40717103665908977
          ],
          [
            -77.89718191478647,
            0.4747939392257655
          ],
          [
            -77.86660950777109,
            0.52949648783303
          ],
          [
            -77.81360822953033,
            0.5792023417274824
          ],
          [
            -77.80527694606255,
            0.5803392542420677
          ],
          [
            -77.78565943326262,
            0.6000651496892708
          ],
          [
            -77.73301656724757,
            0.6287721998629761
          ],
          [
            -77.72038051464821,
            0.642674932220709
          ],
          [
            -77.70168130994965,
            0.6841500585432464
          ],
          [
            -77.69269366226332,
            0.7471581384355381
          ],
          [
            -77.63715868618861,
            0.7763309528199496
          ],
          [
            -77.25648379504133,
            1.1800949044124447
          ]
        ]
      }
    },
    {
      "type": "Feature",
      "properties": {
        "object_id": 587,
        "line_id": 1048,
        "description": "Santa Rosa - Alluriquin ",
        "from": "Santa Rosa",
        "to": "Alluriquin",
        "voltage_kv": 230.0,
        "thermal_capacity_mw": 342.0,
        "voltage_regulation_mvar": null,
        "length_km": 60.6,
        "circuits": 1,
        "company": "CELEC-Transelectric",
        "company_type": "Transmisora",
        "line_type": "Transmisión",
        "topology": "Radial",
        "operation_date": "2021-12-30T01:00:00",
        "source": "Lineas.geojson"
      },
      "geometry": {
        "type": "LineString",
        "coordinates": [
          [
            -78.53871017047825,
            -0.3639686778206754
          ],
          [
            -78.55262917866324,
            -0.3805264646632181
          ],
          [
            -78.56591191887775,
            -0.39027771075646533
          ],
          [
            -78.59674796535847,
            -0.4201691974212029
          ],
          [
            -78.62317920831613,
            -0.44945978036674156
          ],
          [
            -78.6388075346589,
            -0.4462127814276295
          ],
          [
            -78.65020093792147,
            -0.45118507423646975
          ],
          [
            -78.66212832732538,
            -0.45015898766184903
          ],
          [
            -78.67728116496103,
            -0.44181326256041836
          ],
          [
            -78.70413236771019,
            -0.43726896183998026
          ],
          [
            -78.73152632540283,
            -0.43801149917795834
          ],
          [
            -78.74644197272443,
            -0.43471360374181256
          ],
          [
            -78.77862783861876,
            -0.4372120561515192
          ],
          [
            -78.78919339683156,
            -0.4282554436490504
          ],
          [
            -78.8004991670583,
            -0.4093113660265698
          ],
          [
            -78.80994067593814,
            -0.3983702912806545
          ],
          [
            -78.81433173279063,
            -0.3882013997818215
          ],
          [
            -78.82711116568161,
            -0.37461461313810285
          ],
          [
            -78.83481024134787,
            -0.36196943983065166
          ],
          [
            -78.8733268869527,
            -0.3462965577572769
          ],
          [
            -78.90190077197808,
            -0.34810169304781297
          ],
          [
            -78.93457004668431,
            -0.3164644044277428
          ],
          [
            -78.96891616208674,
            -0.31346381693953995
          ],
          [
            -78.98813474984965,
            -0.31812711285316453
          ],
          [
            -78.97706461895855,
            -0.31446500149538087
          ]
        ]
      }
    },
    {
      "type": "Feature",
      "properties": {
        "object_id": 588,
        "line_id": 1049,
        "description": "Alluriquin - Santo Domingo",
        "from": "Alluriquin",
        "to": "Santo Domingo",
        "voltage_kv": 230.0,
        "thermal_capacity_mw": 342.0,
        "voltage_regulation_mvar": null,
        "length_km": 17.8,
        "circuits": 1,
        "company": "CELEC-Transelectric",
        "company_type": "Transmisora",
        "line_type": "Transmisión",
        "topology": "Radial",
        "operation_date": "2021-12-30T01:00:00",
        "source": "Lineas.geojson"
      },
      "geometry": {
        "type": "LineString",
        "coordinates": [
          [
            -78.98469320246966,
            -0.31812643650631345
          ],
          [
            -78.9957873416404,
            -0.32413586643763503
          ],
          [
            -79.01724878611267,
            -0.3237468190485687
          ],
          [
            -79.06058367651146,
            -0.2890077724292259
          ],
          [
            -79.11083012885334,
            -0.2742898698473231
          ],
          [
            -79.11757084543235,
            -0.2618333012569768
          ],
          [
            -79.12504938870335,
            -0.26361982615766294
          ]
        ]
      }
    },
    {
      "type": "Feature",
      "properties": {
        "object_id": 216,
        "line_id": 459,
        "description": "Dos Cerritos - Pascuales",
        "from": "Dos Cerritos",
        "to": "Pascuales",
        "voltage_kv": 230.0,
        "thermal_capacity_mw": 353.0,
        "voltage_regulation_mvar": 0.0,
        "length_km": 9.9,
        "circuits": 1,
        "company": "CELEC-Transelectric",
        "company_type": "Transmisora",
        "line_type": "Transmisión",
        "topology": "Anillo",
        "operation_date": "1983-01-01T01:00:00",
        "source": "Lineas.geojson"
      },
      "geometry": {
        "type": "LineString",
        "coordinates": [
          [
            -79.86599958009297,
            -2.032888862844221
          ],
          [
            -79.92586617504382,
            -2.037568141113109
          ],
          [
            -79.93790679953155,
            -2.044820778239943
          ],
          [
            -79.94749639087371,
            -2.045634408367986
          ],
          [
            -79.94639629877256,
            -2.0497951913045553
          ],
          [
            -79.95124957518512,
            -2.0535491281847857
          ]
        ]
      }
    },
    {
      "type": "Feature",
      "properties": {
        "object_id": 217,
        "line_id": 460,
        "description": "Milagro - Dos Cerritos",
        "from": "Milagro",
        "to": "Dos Cerritos",
        "voltage_kv": 230.0,
        "thermal_capacity_mw": 353.0,
        "voltage_regulation_mvar": 0.0,
        "length_km": 42.9,
        "circuits": 1,
        "company": "CELEC-Transelectric",
        "company_type": "Transmisora",
        "line_type": "Transmisión",
        "topology": "Anillo",
        "operation_date": "1983-01-01T01:00:00",
        "source": "Lineas.geojson"
      },
      "geometry": {
        "type": "LineString",
        "coordinates": [
          [
            -79.52951937846176,
            -2.180210979183696
          ],
          [
            -79.62887251429262,
            -2.1639637886762064
          ],
          [
            -79.6951178415072,
            -2.076774501265642
          ],
          [
            -79.86599958009297,
            -2.032888862844221
          ]
        ]
      }
    },
    {
      "type": "Feature",
      "properties": {
        "object_id": 231,
        "line_id": 483,
        "description": "Quevedo - San Gregorio",
        "from": "Quevedo",
        "to": "San Gregorio",
        "voltage_kv": 230.0,
        "thermal_capacity_mw": 353.0,
        "voltage_regulation_mvar": null,
        "length_km": 113.48,
        "circuits": 2,
        "company": "CELEC-Transelectric",
        "company_type": "Transmisora",
        "line_type": "Transmisión",
        "topology": "Radial",
        "operation_date": "2010-02-20T01:00:00",
        "source": "Lineas.geojson"
      },
      "geometry": {
        "type": "LineString",
        "coordinates": [
          [
            -79.49252402278144,
            -1.0471750879234483
          ],
          [
            -79.53047909504387,
            -1.0562115463585742
          ],
          [
            -79.61605567928277,
            -1.063284640468752
          ],
          [
            -79.6401766458436,
            -1.0710177869643027
          ],
          [
            -79.70047884272668,
            -1.0561784042221025
          ],
          [
            -79.77555527107967,
            -1.0439947155634632
          ],
          [
            -79.82424333499208,
            -1.0414195485964854
          ],
          [
            -79.85870014657725,
            -1.054710570214315
          ],
          [
            -79.91490543181023,
            -1.0441255977580208
          ],
          [
            -79.97389835837735,
            -1.079917918052107
          ],
          [
            -80.01172654695574,
            -1.0697575002620048
          ],
          [
            -80.09376280675365,
            -1.0784530919288888
          ],
          [
            -80.12078842474875,
            -1.0752840935508707
          ],
          [
            -80.18056754192614,
            -1.0816530414670242
          ],
          [
            -80.19639598849135,
            -1.0744104568195725
          ],
          [
            -80.20488537481695,
            -1.065471857426657
          ],
          [
            -80.20366672430309,
            -1.061718629370825
          ],
          [
            -80.20760966903775,
            -1.0551351156235926
          ],
          [
            -80.2412563468298,
            -1.0596091182655616
          ],
          [
            -80.2756310833975,
            -1.045259459689168
          ],
          [
            -80.29532123890316,
            -1.0421997395408014
          ],
          [
            -80.34596224776418,
            -1.0202366234594786
          ],
          [
            -80.35746551153159,
            -1.0257843223092802
          ],
          [
            -80.38931739965938,
            -1.0112479817962525
          ],
          [
            -80.44127637378037,
            -0.9995152561810735
          ],
          [
            -80.45024700337873,
            -1.0037441989742688
          ],
          [
            -80.45744286976648,
            -1.0163384754202622
          ]
        ]
      }
    },
    {
      "type": "Feature",
      "properties": {
        "object_id": 239,
        "line_id": 493,
        "description": "Milagro -Zhoray",
        "from": "Milagro",
        "to": "Zhoray",
        "voltage_kv": 230.0,
        "thermal_capacity_mw": 342.0,
        "voltage_regulation_mvar": 0.0,
        "length_km": 120.7,
        "circuits": 2,
        "company": "CELEC-Transelectric",
        "company_type": "Transmisora",
        "line_type": "Transmisión",
        "topology": "Anillo",
        "operation_date": "2010-04-14T02:00:00",
        "source": "Lineas.geojson"
      },
      "geometry": {
        "type": "LineString",
        "coordinates": [
          [
            -78.63870718141196,
            -2.5938149212684607
          ],
          [
            -78.69264250051229,
            -2.601251490050506
          ],
          [
            -78.73637874642763,
            -2.596928366846676
          ],
          [
            -78.79668194776221,
            -2.597291615052843
          ],
          [
            -78.81986335988894,
            -2.5853645470628703
          ],
          [
            -78.8397387387862,
            -2.5800135627350205
          ],
          [
            -78.85688399670727,
            -2.584572497909152
          ],
          [
            -78.87461620449778,
            -2.580917771892536
          ],
          [
            -78.9172558163806,
            -2.534239947160854
          ],
          [
            -78.93273311481099,
            -2.5123687995429758
          ],
          [
            -78.9382075272262,
            -2.499695117282327
          ],
          [
            -78.99615011862016,
            -2.4879047453654337
          ],
          [
            -79.09530943106546,
            -2.4570736582929773
          ],
          [
            -79.18762047890816,
            -2.460285225131034
          ],
          [
            -79.21996509551445,
            -2.467453032234022
          ],
          [
            -79.26325621624187,
            -2.463155130604465
          ],
          [
            -79.2735434256483,
            -2.459159129974699
          ],
          [
            -79.29659861305065,
            -2.4662668684335607
          ],
          [
            -79.33619828279443,
            -2.4163974415383622
          ],
          [
            -79.40316567081413,
            -2.3384651769837954
          ],
          [
            -79.50196859515835,
            -2.2622290292520293
          ],
          [
            -79.52951937846176,
            -2.180210979183696
          ]
        ]
      }
    },
    {
      "type": "Feature",
      "properties": {
        "object_id": 240,
        "line_id": 494,
        "description": "Zhoray - Molino",
        "from": "Zhoray",
        "to": "Molino",
        "voltage_kv": 230.0,
        "thermal_capacity_mw": 353.0,
        "voltage_regulation_mvar": 0.0,
        "length_km": 15.0,
        "circuits": 2,
        "company": "CELEC-Transelectric",
        "company_type": "Transmisora",
        "line_type": "Transmisión",
        "topology": "Anillo",
        "operation_date": "2010-04-14T02:00:00",
        "source": "Lineas.geojson"
      },
      "geometry": {
        "type": "LineString",
        "coordinates": [
          [
            -78.51045034852741,
            -2.5755708417217846
          ],
          [
            -78.5444672073939,
            -2.5751287313391686
          ],
          [
            -78.58250729723757,
            -2.5674209212369803
          ],
          [
            -78.60825253350426,
            -2.581143429867801
          ],
          [
            -78.62007573606127,
            -2.5809323923723757
          ],
          [
            -78.6298487949272,
            -2.5922647099529352
          ],
          [
            -78.63870718141196,
            -2.5938149212684607
          ]
        ]
      }
    },
    {
      "type": "Feature",
      "properties": {
        "object_id": 241,
        "line_id": 495,
        "description": "Zhoray - Sinincay",
        "from": "Zhoray",
        "to": "Sinincay",
        "voltage_kv": 230.0,
        "thermal_capacity_mw": 332.0,
        "voltage_regulation_mvar": 0.0,
        "length_km": 52.0,
        "circuits": 1,
        "company": "CELEC-Transelectric",
        "company_type": "Transmisora",
        "line_type": "Transmisión",
        "topology": "Radial",
        "operation_date": "2010-08-12T02:00:00",
        "source": "Lineas.geojson"
      },
      "geometry": {
        "type": "LineString",
        "coordinates": [
          [
            -78.63870718141196,
            -2.5938149212684607
          ],
          [
            -78.67445124129061,
            -2.614565678601815
          ],
          [
            -78.6863984361965,
            -2.618643587755409
          ],
          [
            -78.69171275193683,
            -2.6317867050924693
          ],
          [
            -78.71802920440909,
            -2.643089633399786
          ],
          [
            -78.72519853474624,
            -2.6618776590139115
          ],
          [
            -78.74254881178214,
            -2.6628510139502732
          ],
          [
            -78.77596977089844,
            -2.669450764727563
          ],
          [
            -78.80547022183823,
            -2.7153701184118955
          ],
          [
            -78.80757593627574,
            -2.7221060648444273
          ],
          [
            -78.80566837551933,
            -2.7370697825121275
          ],
          [
            -78.82761918194404,
            -2.751611259261778
          ],
          [
            -78.83865579030696,
            -2.7645624142611913
          ],
          [
            -78.85699195703162,
            -2.7659042265914837
          ],
          [
            -78.90957347139138,
            -2.791581928788473
          ],
          [
            -78.94778965117841,
            -2.8072921760665874
          ],
          [
            -78.97016823837546,
            -2.81159036656489
          ],
          [
            -78.98609792948167,
            -2.8209347957095856
          ]
        ]
      }
    },
    {
      "type": "Feature",
      "properties": {
        "object_id": 255,
        "line_id": 511,
        "description": "Mazar - Zhoray (T)",
        "from": "Mazar",
        "to": "Zhoray",
        "voltage_kv": 230.0,
        "thermal_capacity_mw": 230.0,
        "voltage_regulation_mvar": null,
        "length_km": 2.51,
        "circuits": 2,
        "company": "CELEC-Sur",
        "company_type": "Generadora",
        "line_type": "Transmisión",
        "topology": "Radial",
        "operation_date": "2010-07-07T02:00:00",
        "source": "Lineas.geojson"
      },
      "geometry": {
        "type": "LineString",
        "coordinates": [
          [
            -78.61720781500097,
            -2.5931470564313104
          ],
          [
            -78.63870718141196,
            -2.5938149212684607
          ]
        ]
      }
    },
    {
      "type": "Feature",
      "properties": {
        "object_id": 12,
        "line_id": 55,
        "description": "Santo Domingo - Quevedo",
        "from": "Santo Domingo",
        "to": "Quevedo",
        "voltage_kv": 230.0,
        "thermal_capacity_mw": 353.0,
        "voltage_regulation_mvar": 0.0,
        "length_km": 104.6,
        "circuits": 1,
        "company": "CELEC-Transelectric",
        "company_type": "Transmisora",
        "line_type": "Transmisión",
        "topology": "Anillo",
        "operation_date": "1980-01-01T01:00:00",
        "source": "Lineas.geojson"
      },
      "geometry": {
        "type": "LineString",
        "coordinates": [
          [
            -79.12498024755256,
            -0.2637966911309376
          ],
          [
            -79.22609455652781,
            -0.3139209974618941
          ],
          [
            -79.2316378143403,
            -0.31863273883432675
          ],
          [
            -79.2805275216486,
            -0.38585601689238974
          ],
          [
            -79.32243408348177,
            -0.4375541752192798
          ],
          [
            -79.34024563392401,
            -0.48251624464176945
          ],
          [
            -79.36468868628478,
            -0.5264029595694252
          ],
          [
            -79.3741331403681,
            -0.5811285706374727
          ],
          [
            -79.45746780313486,
            -0.671713043656958
          ],
          [
            -79.46718716183852,
            -0.7519524292417118
          ],
          [
            -79.50051928240202,
            -0.8608358223479934
          ],
          [
            -79.49246519927983,
            -0.9436015639723816
          ],
          [
            -79.468849483164,
            -1.0000016519561647
          ],
          [
            -79.49252402278144,
            -1.0471750879234483
          ]
        ]
      }
    },
    {
      "type": "Feature",
      "properties": {
        "object_id": 13,
        "line_id": 56,
        "description": "Milagro - Pascuales",
        "from": "Milagro",
        "to": "Pascuales",
        "voltage_kv": 230.0,
        "thermal_capacity_mw": 353.0,
        "voltage_regulation_mvar": 0.0,
        "length_km": 52.8,
        "circuits": 1,
        "company": "CELEC-Transelectric",
        "company_type": "Transmisora",
        "line_type": "Transmisión",
        "topology": "Anillo",
        "operation_date": "1983-01-01T01:00:00",
        "source": "Lineas.geojson"
      },
      "geometry": {
        "type": "LineString",
        "coordinates": [
          [
            -79.52951937846176,
            -2.180210979183696
          ],
          [
            -79.6288328056415,
            -2.1638969221440236
          ],
          [
            -79.6950760098661,
            -2.076710828850746
          ],
          [
            -79.81296506502355,
            -2.0477026720996845
          ],
          [
            -79.86602659091047,
            -2.0320186166304173
          ],
          [
            -79.92588882472428,
            -2.0374975246217795
          ],
          [
            -79.93793409248356,
            -2.0447520622246893
          ],
          [
            -79.947583965091,
            -2.0455613066127967
          ],
          [
            -79.94648481596298,
            -2.0497572635319643
          ],
          [
            -79.95124957518512,
            -2.0535491281847857
          ]
        ]
      }
    },
    {
      "type": "Feature",
      "properties": {
        "object_id": 272,
        "line_id": 560,
        "description": "Nueva Prosperina - Trinitaria",
        "from": "Nueva Prosperina",
        "to": "Trinitaria",
        "voltage_kv": 230.0,
        "thermal_capacity_mw": 353.0,
        "voltage_regulation_mvar": 0.0,
        "length_km": 20.3,
        "circuits": 1,
        "company": "CELEC-Transelectric",
        "company_type": "Transmisora",
        "line_type": "Transmisión",
        "topology": "Anillo",
        "operation_date": "2011-01-01T01:00:00",
        "source": "Lineas.geojson"
      },
      "geometry": {
        "type": "LineString",
        "coordinates": [
          [
            -79.9096796967741,
            -2.250237688947985
          ],
          [
            -79.91120637225403,
            -2.2510443297411977
          ],
          [
            -79.91098025271852,
            -2.2411917470767158
          ],
          [
            -79.91365900585066,
            -2.2396635052068645
          ],
          [
            -79.92111247873855,
            -2.239992864634141
          ],
          [
            -79.94850176549255,
            -2.231880176991427
          ],
          [
            -79.95571010140524,
            -2.227085547204992
          ],
          [
            -79.9575100421524,
            -2.220751186295207
          ],
          [
            -79.95592821687622,
            -2.2062296202240606
          ],
          [
            -79.9599131640029,
            -2.19431971258856
          ],
          [
            -79.95547734050263,
            -2.179791576317458
          ],
          [
            -79.9724394494671,
            -2.163057894337492
          ],
          [
            -79.97245925627068,
            -2.1269609533030183
          ],
          [
            -79.98188627292198,
            -2.130683041668792
          ],
          [
            -79.98697821778387,
            -2.127345513352183
          ]
        ]
      }
    },
    {
      "type": "Feature",
      "properties": {
        "object_id": 288,
        "line_id": 579,
        "description": "Esclusas - Termoguayas",
        "from": "Esclusas",
        "to": "Termoguayas",
        "voltage_kv": 230.0,
        "thermal_capacity_mw": 247.0,
        "voltage_regulation_mvar": null,
        "length_km": 0.2,
        "circuits": 1,
        "company": "CELEC-Transelectric",
        "company_type": "Transmisora",
        "line_type": "Transmisión",
        "topology": "Anillo",
        "operation_date": "2013-01-20T01:00:00",
        "source": "Lineas.geojson"
      },
      "geometry": {
        "type": "LineString",
        "coordinates": [
          [
            -79.86111306484453,
            -2.262470816787237
          ],
          [
            -79.86646244100778,
            -2.264724182931774
          ]
        ]
      }
    },
    {
      "type": "Feature",
      "properties": {
        "object_id": 289,
        "line_id": 580,
        "description": "Esclusas - Trinitaria",
        "from": "Esclusas",
        "to": "Trinitaria",
        "voltage_kv": 230.0,
        "thermal_capacity_mw": 494.0,
        "voltage_regulation_mvar": null,
        "length_km": 7.4,
        "circuits": 1,
        "company": "CELEC-Transelectric",
        "company_type": "Transmisora",
        "line_type": "Transmisión",
        "topology": "Anillo",
        "operation_date": "2010-01-01T01:00:00",
        "source": "Lineas.geojson"
      },
      "geometry": {
        "type": "LineString",
        "coordinates": [
          [
            -79.86646244100778,
            -2.264724182931774
          ],
          [
            -79.89392001085227,
            -2.2576916208285285
          ],
          [
            -79.89848614245574,
            -2.2645714332389786
          ],
          [
            -79.90686741267092,
            -2.2589727336809737
          ],
          [
            -79.90853872504279,
            -2.256543576721365
          ],
          [
            -79.90623626216542,
            -2.2526180243839486
          ],
          [
            -79.9096796967741,
            -2.250237688947985
          ]
        ]
      }
    },
    {
      "type": "Feature",
      "properties": {
        "object_id": 14,
        "line_id": 60,
        "description": "Molino - Pascuales",
        "from": "Molino",
        "to": "Pascuales",
        "voltage_kv": 230.0,
        "thermal_capacity_mw": 342.0,
        "voltage_regulation_mvar": 0.0,
        "length_km": 188.5,
        "circuits": 2,
        "company": "CELEC-Transelectric",
        "company_type": "Transmisora",
        "line_type": "Transmisión",
        "topology": "Anillo",
        "operation_date": "1997-01-01T01:00:00",
        "source": "Lineas.geojson"
      },
      "geometry": {
        "type": "LineString",
        "coordinates": [
          [
            -78.51045034852741,
            -2.5755708417217846
          ],
          [
            -78.54610106621494,
            -2.567559351103388
          ],
          [
            -78.55203218458526,
            -2.5716641662392674
          ],
          [
            -78.58341422673797,
            -2.566428410337157
          ],
          [
            -78.60246598942268,
            -2.5774431918333325
          ],
          [
            -78.61101613563058,
            -2.579016661158172
          ],
          [
            -78.6419060894157,
            -2.5711564581544835
          ],
          [
            -78.66797405435234,
            -2.5828962065416183
          ],
          [
            -78.68140830867253,
            -2.593321248375258
          ],
          [
            -78.79674996725859,
            -2.5969641275228605
          ],
          [
            -78.81283348224669,
            -2.585742100138446
          ],
          [
            -78.8515812562407,
            -2.530360054552572
          ],
          [
            -78.94692045120146,
            -2.410518192679711
          ],
          [
            -79.02777337554481,
            -2.3812169562654835
          ],
          [
            -79.05637028546083,
            -2.3453000428910844
          ],
          [
            -79.10165374857614,
            -2.303529873680835
          ],
          [
            -79.1295334495165,
            -2.2479535247235494
          ],
          [
            -79.15999581495416,
            -2.2294466382424307
          ],
          [
            -79.27700792865619,
            -2.2239368704907285
          ],
          [
            -79.29923311826168,
            -2.205026801128796
          ],
          [
            -79.40032497873335,
            -2.196557741616263
          ],
          [
            -79.43353853951662,
            -2.200872042751333
          ],
          [
            -79.47910632838045,
            -2.1693641704101156
          ],
          [
            -79.56732303148402,
            -2.173737410850544
          ],
          [
            -79.62871022939323,
            -2.1634538404745816
          ],
          [
            -79.69494670917895,
            -2.0762285691894635
          ],
          [
            -79.81105001673168,
            -2.047614071836178
          ],
          [
            -79.86593456216443,
            -2.031527730877328
          ],
          [
            -79.92616257048503,
            -2.0365608704295513
          ],
          [
            -79.93991114897442,
            -2.045017713017835
          ],
          [
            -79.94762113560836,
            -2.0454601797882725
          ],
          [
            -79.94675742290016,
            -2.0492029194612384
          ],
          [
            -79.95124957518512,
            -2.0535491281847857
          ]
        ]
      }
    },
    {
      "type": "Feature",
      "properties": {
        "object_id": 303,
        "line_id": 600,
        "description": "San Francisco - Totoras",
        "from": "San Francisco",
        "to": "Totoras",
        "voltage_kv": 230.0,
        "thermal_capacity_mw": 282.0,
        "voltage_regulation_mvar": null,
        "length_km": 44.57,
        "circuits": 2,
        "company": "CELEC-Transelectric",
        "company_type": "Transmisora",
        "line_type": "Transmisión",
        "topology": "Radial",
        "operation_date": "2007-05-06T02:00:00",
        "source": "Lineas.geojson"
      },
      "geometry": {
        "type": "LineString",
        "coordinates": [
          [
            -78.26270636268988,
            -1.409298008724317
          ],
          [
            -78.27052379239818,
            -1.4084719810916195
          ],
          [
            -78.27682395329249,
            -1.4018916444472787
          ],
          [
            -78.29782328747113,
            -1.4001026562499936
          ],
          [
            -78.3132853013092,
            -1.4048115508146806
          ],
          [
            -78.3268880547058,
            -1.3982675800460034
          ],
          [
            -78.35550627874377,
            -1.3938720632757409
          ],
          [
            -78.37176499367519,
            -1.3952784753390985
          ],
          [
            -78.39350476616758,
            -1.3918449345192234
          ],
          [
            -78.40642400165429,
            -1.3812758264809357
          ],
          [
            -78.41399486473178,
            -1.3697885722208296
          ],
          [
            -78.42726771829395,
            -1.369647998256077
          ],
          [
            -78.44753717511523,
            -1.3849595260822485
          ],
          [
            -78.46731371963173,
            -1.3857123065475396
          ],
          [
            -78.4858563073203,
            -1.3739061136912432
          ],
          [
            -78.51180241820293,
            -1.3407570133580438
          ],
          [
            -78.51835898938755,
            -1.325090032132172
          ],
          [
            -78.53358377792448,
            -1.3024865542293458
          ],
          [
            -78.56819912439816,
            -1.2911252442910264
          ],
          [
            -78.59942712102264,
            -1.2984576711619515
          ]
        ]
      }
    },
    {
      "type": "Feature",
      "properties": {
        "object_id": 316,
        "line_id": 617,
        "description": "Milagro - Machala",
        "from": "Milagro",
        "to": "Machala",
        "voltage_kv": 230.0,
        "thermal_capacity_mw": 494.0,
        "voltage_regulation_mvar": null,
        "length_km": 135.2,
        "circuits": 1,
        "company": "CELEC-Transelectric",
        "company_type": "Transmisora",
        "line_type": "Transmisión",
        "topology": "Anillo",
        "operation_date": "2014-10-20T02:00:00",
        "source": "Lineas.geojson"
      },
      "geometry": {
        "type": "LineString",
        "coordinates": [
          [
            -79.52951937846176,
            -2.180210979183696
          ],
          [
            -79.60961038254446,
            -2.3248205116978684
          ],
          [
            -79.6145395250951,
            -2.3849884948293676
          ],
          [
            -79.63467287148465,
            -2.4514220285288055
          ],
          [
            -79.61251572872061,
            -2.4994462129036163
          ],
          [
            -79.62966639042585,
            -2.5530689150790145
          ],
          [
            -79.62942716535106,
            -2.638531746355331
          ],
          [
            -79.66917849757138,
            -2.7088030654558826
          ],
          [
            -79.71149812804516,
            -2.803627662926341
          ],
          [
            -79.70917371539458,
            -2.8153653274372927
          ],
          [
            -79.70779135520029,
            -2.885933955368438
          ],
          [
            -79.69591923880817,
            -2.92886744595111
          ],
          [
            -79.70120407121364,
            -2.937438861865324
          ],
          [
            -79.71354140355501,
            -2.942882323569711
          ],
          [
            -79.7302601794205,
            -3.0000217560138926
          ],
          [
            -79.73076174583171,
            -3.0368560006631724
          ],
          [
            -79.73554202399131,
            -3.063896705293788
          ],
          [
            -79.75871070377293,
            -3.1049862897018854
          ],
          [
            -79.78165769170683,
            -3.1373276507274435
          ],
          [
            -79.80567794847416,
            -3.2139949179816716
          ],
          [
            -79.84112336977242,
            -3.281289681963967
          ],
          [
            -79.86731212244489,
            -3.2905993796528317
          ]
        ]
      }
    },
    {
      "type": "Feature",
      "properties": {
        "object_id": 16,
        "line_id": 64,
        "description": "Santa Rosa - Totoras",
        "from": "Santa Rosa",
        "to": "Totoras",
        "voltage_kv": 230.0,
        "thermal_capacity_mw": 342.0,
        "voltage_regulation_mvar": 0.0,
        "length_km": 110.09,
        "circuits": 2,
        "company": "CELEC-Transelectric",
        "company_type": "Transmisora",
        "line_type": "Transmisión",
        "topology": "Anillo",
        "operation_date": "1987-01-01T01:00:00",
        "source": "Lineas.geojson"
      },
      "geometry": {
        "type": "LineString",
        "coordinates": [
          [
            -78.53743191633036,
            -0.3636944513185501
          ],
          [
            -78.54976090754651,
            -0.3776158413383542
          ],
          [
            -78.55008231833776,
            -0.3841515861469184
          ],
          [
            -78.56221939938177,
            -0.3976511447721579
          ],
          [
            -78.59840851903704,
            -0.44860475185874804
          ],
          [
            -78.58846194363748,
            -0.48903234920049937
          ],
          [
            -78.60976208335204,
            -0.5766655046364081
          ],
          [
            -78.59324732738797,
            -0.6989707519622798
          ],
          [
            -78.6476556073063,
            -0.7773588893989072
          ],
          [
            -78.66337083467039,
            -0.874194936231975
          ],
          [
            -78.64242816994175,
            -0.9086231709078086
          ],
          [
            -78.62129931597106,
            -0.9655746460354422
          ],
          [
            -78.61757107296245,
            -1.0657345093481492
          ],
          [
            -78.60651760250148,
            -1.1522212177968933
          ],
          [
            -78.58206015186195,
            -1.2022875575453988
          ],
          [
            -78.59332418369677,
            -1.2374998861105895
          ],
          [
            -78.59203754930675,
            -1.2497313600015427
          ],
          [
            -78.59942712102264,
            -1.2984576711619515
          ]
        ]
      }
    },
    {
      "type": "Feature",
      "properties": {
        "object_id": 17,
        "line_id": 65,
        "description": "Totoras - Riobamba  ",
        "from": "Totoras",
        "to": "Riobamba",
        "voltage_kv": 230.0,
        "thermal_capacity_mw": 342.0,
        "voltage_regulation_mvar": 0.0,
        "length_km": 42.9,
        "circuits": 1,
        "company": "CELEC-Transelectric",
        "company_type": "Transmisora",
        "line_type": "Transmisión",
        "topology": "Anillo",
        "operation_date": "1989-01-01T01:00:00",
        "source": "Lineas.geojson"
      },
      "geometry": {
        "type": "LineString",
        "coordinates": [
          [
            -78.69232494069932,
            -1.653511267779546
          ],
          [
            -78.68988459301146,
            -1.6508878065702473
          ],
          [
            -78.69226117104479,
            -1.6424644652684273
          ],
          [
            -78.710681707372,
            -1.5890881034494382
          ],
          [
            -78.69313686292423,
            -1.4948497358429977
          ],
          [
            -78.6483301113064,
            -1.4218742754200362
          ],
          [
            -78.60723849675186,
            -1.363829217105922
          ],
          [
            -78.60539506749716,
            -1.3143630299432647
          ],
          [
            -78.59929314566106,
            -1.2992563443231806
          ]
        ]
      }
    },
    {
      "type": "Feature",
      "properties": {
        "object_id": 348,
        "line_id": 717,
        "description": "Santo Domingo - Baba",
        "from": "Santo Domingo",
        "to": "Baba",
        "voltage_kv": 230.0,
        "thermal_capacity_mw": 353.0,
        "voltage_regulation_mvar": null,
        "length_km": 62.0,
        "circuits": 1,
        "company": "CELEC-Transelectric",
        "company_type": "Transmisora",
        "line_type": "Transmisión",
        "topology": "Radial",
        "operation_date": "2013-04-28T02:00:00",
        "source": "Lineas.geojson"
      },
      "geometry": {
        "type": "LineString",
        "coordinates": [
          [
            -79.12498024755256,
            -0.2637966911309376
          ],
          [
            -79.22612766623651,
            -0.3138567764956859
          ],
          [
            -79.23169552040332,
            -0.3185894799883326
          ],
          [
            -79.28058358929837,
            -0.3858106458635169
          ],
          [
            -79.32249669310447,
            -0.43751824539745393
          ],
          [
            -79.3403099224789,
            -0.4824837490997054
          ],
          [
            -79.36475575859181,
            -0.5263748119000612
          ],
          [
            -79.37420019290433,
            -0.5810936454506873
          ],
          [
            -79.45759134738151,
            -0.6706849182659059
          ]
        ]
      }
    },
    {
      "type": "Feature",
      "properties": {
        "object_id": 349,
        "line_id": 718,
        "description": "Quevedo - Baba",
        "from": "Quevedo",
        "to": "Baba",
        "voltage_kv": 230.0,
        "thermal_capacity_mw": 353.0,
        "voltage_regulation_mvar": null,
        "length_km": 43.9,
        "circuits": 1,
        "company": "CELEC-Transelectric",
        "company_type": "Transmisora",
        "line_type": "Transmisión",
        "topology": "Radial",
        "operation_date": "2013-04-28T02:00:00",
        "source": "Lineas.geojson"
      },
      "geometry": {
        "type": "LineString",
        "coordinates": [
          [
            -79.45759134738151,
            -0.6706849182659059
          ],
          [
            -79.46725728252963,
            -0.7519364515049711
          ],
          [
            -79.50059182827766,
            -0.8608308351671384
          ],
          [
            -79.4925348019176,
            -0.9436206485277772
          ],
          [
            -79.46892829466405,
            -0.9999983372434718
          ],
          [
            -79.49252402278144,
            -1.0471750879234483
          ]
        ]
      }
    },
    {
      "type": "Feature",
      "properties": {
        "object_id": 357,
        "line_id": 729,
        "description": "El Inga - Pomasqui",
        "from": "El Inga",
        "to": "Pomasqui",
        "voltage_kv": 230.0,
        "thermal_capacity_mw": 494.0,
        "voltage_regulation_mvar": null,
        "length_km": 34.84,
        "circuits": 2,
        "company": "CELEC-Transelectric",
        "company_type": "Transmisora",
        "line_type": "Transmisión",
        "topology": "Radial",
        "operation_date": "2015-09-19T02:00:00",
        "source": "Lineas.geojson"
      },
      "geometry": {
        "type": "LineString",
        "coordinates": [
          [
            -78.34092378416649,
            -0.30643342696490966
          ],
          [
            -78.34856381851866,
            -0.3015042924611798
          ],
          [
            -78.34609902702637,
            -0.29407229419272074
          ],
          [
            -78.34844168907199,
            -0.2874102040338693
          ],
          [
            -78.3551580436767,
            -0.2807970913839334
          ],
          [
            -78.35988814275781,
            -0.2674150893981381
          ],
          [
            -78.3684628537556,
            -0.20943307318503696
          ],
          [
            -78.37584755382636,
            -0.18482717380993746
          ],
          [
            -78.3880880848369,
            -0.16768883087245637
          ],
          [
            -78.39164066262487,
            -0.15749639923567013
          ],
          [
            -78.39468545202239,
            -0.13431605547288517
          ],
          [
            -78.38741075314223,
            -0.10876317311619892
          ],
          [
            -78.39773462908659,
            -0.08900500050331231
          ],
          [
            -78.39882135602461,
            -0.06271424207321565
          ],
          [
            -78.40726192555094,
            -0.05062359905760073
          ],
          [
            -78.41826137047593,
            -0.042292193791314166
          ],
          [
            -78.43940845263715,
            -0.0531349105551791
          ]
        ]
      }
    },
    {
      "type": "Feature",
      "properties": {
        "object_id": 362,
        "line_id": 735,
        "description": "Santa Rosa - El Inga",
        "from": "Santa Rosa",
        "to": "El Inga",
        "voltage_kv": 230.0,
        "thermal_capacity_mw": 494.0,
        "voltage_regulation_mvar": null,
        "length_km": 32.0,
        "circuits": 2,
        "company": "CELEC-Transelectric",
        "company_type": "Transmisora",
        "line_type": "Transmisión",
        "topology": "Radial",
        "operation_date": "2015-12-11T01:00:00",
        "source": "Lineas.geojson"
      },
      "geometry": {
        "type": "LineString",
        "coordinates": [
          [
            -78.53743191633036,
            -0.3636944513185501
          ],
          [
            -78.5385697299653,
            -0.3652153304604456
          ],
          [
            -78.53030324665788,
            -0.3838502201342992
          ],
          [
            -78.53090004277513,
            -0.3926074905148244
          ],
          [
            -78.50737884771817,
            -0.4038840700789859
          ],
          [
            -78.38714924952373,
            -0.39225160761231265
          ],
          [
            -78.36617822443954,
            -0.387582632596102
          ],
          [
            -78.3644907272536,
            -0.3866480319257401
          ],
          [
            -78.36612738188984,
            -0.3700113947951334
          ],
          [
            -78.36427556458858,
            -0.3456053726849676
          ],
          [
            -78.35931375656324,
            -0.3181369710510557
          ],
          [
            -78.34493275823925,
            -0.3109681591171372
          ],
          [
            -78.34092378416649,
            -0.30643342696490966
          ]
        ]
      }
    },
    {
      "type": "Feature",
      "properties": {
        "object_id": 395,
        "line_id": 783,
        "description": "Manduriacu - Santo Domingo",
        "from": "Manduriacu",
        "to": "Santo Domingo",
        "voltage_kv": 230.0,
        "thermal_capacity_mw": 494.0,
        "voltage_regulation_mvar": null,
        "length_km": 68.64,
        "circuits": 2,
        "company": "CELEC-Transelectric",
        "company_type": "Transmisora",
        "line_type": "Transmisión",
        "topology": "Radial",
        "operation_date": "2015-08-04T02:00:00",
        "source": "Lineas.geojson"
      },
      "geometry": {
        "type": "LineString",
        "coordinates": [
          [
            -79.12498024755256,
            -0.2637966911309376
          ],
          [
            -79.12241099343314,
            -0.26304913383045075
          ],
          [
            -79.11142304200754,
            -0.23960317448607843
          ],
          [
            -79.05677969966301,
            -0.18310836416422593
          ],
          [
            -79.01842166155859,
            -0.17133826357047402
          ],
          [
            -79.00756835058141,
            -0.1631106784131566
          ],
          [
            -79.00574251545994,
            -0.15186526386775848
          ],
          [
            -79.01035832911504,
            -0.09981203550251586
          ],
          [
            -78.96007861705613,
            -0.03140381687917067
          ],
          [
            -78.93574649262726,
            -0.015810543128597778
          ],
          [
            -78.91730699113543,
            -0.00763988322365167
          ],
          [
            -78.91337607323086,
            0.0063817390705591705
          ],
          [
            -78.91363487764707,
            0.013850593294731714
          ],
          [
            -78.93473092304325,
            0.039050741748665706
          ],
          [
            -78.95268085131465,
            0.06836373968795359
          ],
          [
            -78.96569366059718,
            0.1389015573799455
          ],
          [
            -78.9643028982473,
            0.14157230327996978
          ],
          [
            -78.9433944237156,
            0.1495771700534492
          ],
          [
            -78.93721801727727,
            0.18793631268934596
          ],
          [
            -78.91277553166866,
            0.21718134700976666
          ]
        ]
      }
    },
    {
      "type": "Feature",
      "properties": {
        "object_id": 396,
        "line_id": 784,
        "description": "Sopladora - Esclusas",
        "from": "Sopladora",
        "to": "Esclusas",
        "voltage_kv": 230.0,
        "thermal_capacity_mw": 494.0,
        "voltage_regulation_mvar": null,
        "length_km": 182.7,
        "circuits": 1,
        "company": "CELEC-Transelectric",
        "company_type": "Transmisora",
        "line_type": "Transmisión",
        "topology": "Radial",
        "operation_date": "2016-06-01T02:00:00",
        "source": "Lineas.geojson"
      },
      "geometry": {
        "type": "LineString",
        "coordinates": [
          [
            -78.46638568205195,
            -2.5912599816082063
          ],
          [
            -78.48085469179102,
            -2.592006988686018
          ],
          [
            -78.48461233376423,
            -2.586385250272044
          ],
          [
            -78.49499262612947,
            -2.5871698605255045
          ],
          [
            -78.50662597511823,
            -2.591865656041777
          ],
          [
            -78.51437053420933,
            -2.599509813191563
          ],
          [
            -78.52024325344075,
            -2.614205827803328
          ],
          [
            -78.52084062228535,
            -2.6219543065431483
          ],
          [
            -78.52710953764448,
            -2.630128324058527
          ],
          [
            -78.53325697348085,
            -2.632902793029409
          ],
          [
            -78.58658670581345,
            -2.6184641582366104
          ],
          [
            -78.64254133150726,
            -2.6307786510018283
          ],
          [
            -78.65180471423209,
            -2.6430250033438356
          ],
          [
            -78.67999687602733,
            -2.6504182891280776
          ],
          [
            -78.72932414265823,
            -2.668294767673558
          ],
          [
            -78.75687524131126,
            -2.670707267033408
          ],
          [
            -78.75981545129183,
            -2.668736837977157
          ],
          [
            -78.76102551362214,
            -2.6635615928985943
          ],
          [
            -78.80287023885926,
            -2.640536533057284
          ],
          [
            -78.81370188658983,
            -2.6277248992400533
          ],
          [
            -78.82945127645074,
            -2.618329398915504
          ],
          [
            -78.91420870451233,
            -2.6238552726751347
          ],
          [
            -78.93532497761761,
            -2.599211807207671
          ],
          [
            -79.00970196448948,
            -2.56412775371634
          ],
          [
            -79.03249567087673,
            -2.5506077280963186
          ],
          [
            -79.03659518487225,
            -2.5420138943133392
          ],
          [
            -79.06520331141411,
            -2.5084104250962915
          ],
          [
            -79.10145280785017,
            -2.484056496187822
          ],
          [
            -79.10655496633439,
            -2.47717149543823
          ],
          [
            -79.1632615670205,
            -2.4619816480834027
          ],
          [
            -79.23738230247554,
            -2.480684164940574
          ],
          [
            -79.24667356807313,
            -2.4864130090389263
          ],
          [
            -79.28226199028659,
            -2.491707522483376
          ],
          [
            -79.31179212916211,
            -2.483315403125562
          ],
          [
            -79.38906439664112,
            -2.470226422517712
          ],
          [
            -79.4099367456395,
            -2.4586751422036173
          ],
          [
            -79.4187763149682,
            -2.457501873890102
          ],
          [
            -79.46095760548644,
            -2.441937504049602
          ],
          [
            -79.56376238653664,
            -2.38380426475048
          ],
          [
            -79.61753718377143,
            -2.3560141201826417
          ],
          [
            -79.63497953499947,
            -2.3485353668700752
          ],
          [
            -79.65785375511868,
            -2.3465129206285846
          ],
          [
            -79.67230862838501,
            -2.3186484059677848
          ],
          [
            -79.69664145771948,
            -2.307505574125912
          ],
          [
            -79.69736509970058,
            -2.304768804166052
          ],
          [
            -79.76216567571657,
            -2.330419481929937
          ],
          [
            -79.79243632115856,
            -2.3247995179972074
          ],
          [
            -79.81796445714637,
            -2.3277376409562933
          ],
          [
            -79.86408535187893,
            -2.3245972357536067
          ],
          [
            -79.86723343764973,
            -2.316096718339687
          ],
          [
            -79.85595003127368,
            -2.286852305605382
          ],
          [
            -79.86646244100778,
            -2.264724182931774
          ]
        ]
      }
    },
    {
      "type": "Feature",
      "properties": {
        "object_id": 397,
        "line_id": 785,
        "description": "Sopladora - Milagro",
        "from": "Sopladora",
        "to": "Milagro",
        "voltage_kv": 230.0,
        "thermal_capacity_mw": 494.0,
        "voltage_regulation_mvar": null,
        "length_km": 181.7,
        "circuits": 1,
        "company": "CELEC-Transelectric",
        "company_type": "Transmisora",
        "line_type": "Transmisión",
        "topology": "Radial",
        "operation_date": "2016-06-01T02:00:00",
        "source": "Lineas.geojson"
      },
      "geometry": {
        "type": "LineString",
        "coordinates": [
          [
            -78.46638568205195,
            -2.5912599816082063
          ],
          [
            -78.4807907000178,
            -2.5918759110504164
          ],
          [
            -78.48455056392389,
            -2.586250849211532
          ],
          [
            -78.4950174654387,
            -2.58704425356331
          ],
          [
            -78.50669667794959,
            -2.5917585772750615
          ],
          [
            -78.51447036051633,
            -2.599420326311072
          ],
          [
            -78.52036747663897,
            -2.6141773751023782
          ],
          [
            -78.5209619873052,
            -2.62190540703177
          ],
          [
            -78.52718984207263,
            -2.630025868007668
          ],
          [
            -78.53327291061657,
            -2.632771284285106
          ],
          [
            -78.5865963331706,
            -2.61833212316658
          ],
          [
            -78.64258925961212,
            -2.6306564763366382
          ],
          [
            -78.65185029457358,
            -2.6429061590603116
          ],
          [
            -78.68004415173455,
            -2.6502999040723627
          ],
          [
            -78.72935148601599,
            -2.6681706269622185
          ],
          [
            -78.75684994512339,
            -2.670579757858503
          ],
          [
            -78.75970342850782,
            -2.668667101099154
          ],
          [
            -78.76091694015662,
            -2.66347395685691
          ],
          [
            -78.802793147034,
            -2.640435584123755
          ],
          [
            -78.81361725016644,
            -2.627628565455768
          ],
          [
            -78.82941793309533,
            -2.6182025227063614
          ],
          [
            -78.91415502880372,
            -2.623724631704102
          ],
          [
            -78.93524722520867,
            -2.599109414828854
          ],
          [
            -79.00964290982886,
            -2.5640169272780997
          ],
          [
            -79.0323993291375,
            -2.550518477694082
          ],
          [
            -79.03648896975506,
            -2.5419454282598775
          ],
          [
            -79.06514074532998,
            -2.5082911182489465
          ],
          [
            -79.1013686498546,
            -2.4839601478939315
          ],
          [
            -79.10648097169879,
            -2.477061480382874
          ],
          [
            -79.12142869645149,
            -2.4720232765713885
          ],
          [
            -79.16327394794443,
            -2.4618481710495694
          ],
          [
            -79.23742999487824,
            -2.4805670624282836
          ],
          [
            -79.24671678290706,
            -2.4862932312220933
          ],
          [
            -79.28226965622845,
            -2.491582597172944
          ],
          [
            -79.31176118436069,
            -2.4831947912387644
          ],
          [
            -79.38902878665132,
            -2.4701063982146807
          ],
          [
            -79.40988655183816,
            -2.458556383246044
          ],
          [
            -79.41874505933085,
            -2.45738130779186
          ],
          [
            -79.46090471979304,
            -2.4418251146128322
          ],
          [
            -79.56370288585838,
            -2.3836961201806774
          ],
          [
            -79.61748854197731,
            -2.3559006099748414
          ],
          [
            -79.63491258176983,
            -2.348417941287088
          ],
          [
            -79.65777419358753,
            -2.3463966523995023
          ],
          [
            -79.67221713362308,
            -2.318555210529741
          ],
          [
            -79.69653164789737,
            -2.3074207935478257
          ],
          [
            -79.6971263335048,
            -2.3047197370597283
          ],
          [
            -79.64802446880114,
            -2.3027181807892667
          ],
          [
            -79.63593999842871,
            -2.29559162746146
          ],
          [
            -79.58206975738044,
            -2.2745615975214855
          ],
          [
            -79.52951937846176,
            -2.180210979183696
          ]
        ]
      }
    },
    {
      "type": "Feature",
      "properties": {
        "object_id": 400,
        "line_id": 796,
        "description": "Hidrosanbartolo",
        "from": "Hidrosanbartolo",
        "to": "Sopladora",
        "voltage_kv": 230.0,
        "thermal_capacity_mw": 501.0,
        "voltage_regulation_mvar": 357.0,
        "length_km": 18.87,
        "circuits": 1,
        "company": "Hidrosanbartolo",
        "company_type": "Autogeneradora",
        "line_type": "Transmisión",
        "topology": "Radial",
        "operation_date": "2016-11-20T01:00:00",
        "source": "Lineas.geojson"
      },
      "geometry": {
        "type": "LineString",
        "coordinates": [
          [
            -78.46638568205195,
            -2.5912599816082063
          ],
          [
            -78.41257095388711,
            -2.750214856282409
          ]
        ]
      }
    },
    {
      "type": "Feature",
      "properties": {
        "object_id": 405,
        "line_id": 809,
        "description": "San Rafael - Jivino",
        "from": "San Rafael",
        "to": "Jivino",
        "voltage_kv": 230.0,
        "thermal_capacity_mw": 297.0,
        "voltage_regulation_mvar": null,
        "length_km": 82.2,
        "circuits": 2,
        "company": "CELEC-Transelectric",
        "company_type": "Transmisora",
        "line_type": "Transmisión",
        "topology": "Radial",
        "operation_date": "2017-09-02T02:00:00",
        "source": "Lineas.geojson"
      },
      "geometry": {
        "type": "LineString",
        "coordinates": [
          [
            -77.51271012034346,
            -0.1058304842353278
          ],
          [
            -77.5133496625421,
            -0.09346534667428384
          ],
          [
            -77.50735225163032,
            -0.08229287748631542
          ],
          [
            -77.4880008517396,
            -0.0633634533091823
          ],
          [
            -77.47819857898268,
            -0.044731225056460065
          ],
          [
            -77.46097101449729,
            -0.024795567683717035
          ],
          [
            -77.4518907675662,
            -0.02187613501897236
          ],
          [
            -77.43080661750355,
            -0.027698661391889052
          ],
          [
            -77.35722783176692,
            -0.018195255500593963
          ],
          [
            -77.33119418630194,
            -0.025285650672480158
          ],
          [
            -77.29649507081761,
            -0.025111438837540394
          ],
          [
            -77.27640669597405,
            -0.008141531206668062
          ],
          [
            -77.26197396193682,
            -0.007645207651897989
          ],
          [
            -77.24871584917284,
            -0.011856755961230243
          ],
          [
            -77.23405323728453,
            -0.03226977508317642
          ],
          [
            -77.2010105294652,
            -0.04122393328707823
          ],
          [
            -77.16533352192535,
            -0.03368423846105099
          ],
          [
            -77.1438210099169,
            -0.026591873139936422
          ],
          [
            -77.10177014647314,
            -0.03048141527041707
          ],
          [
            -77.02921476728626,
            -0.08733488748840956
          ],
          [
            -76.93810009799407,
            -0.12489186640483761
          ],
          [
            -76.86676284211444,
            -0.12483498684382167
          ]
        ]
      }
    },
    {
      "type": "Feature",
      "properties": {
        "object_id": 407,
        "line_id": 811,
        "description": "Quevedo - Chorrillos",
        "from": "Quevedo",
        "to": "Chorrillos",
        "voltage_kv": 230.0,
        "thermal_capacity_mw": 332.0,
        "voltage_regulation_mvar": null,
        "length_km": 143.4,
        "circuits": 2,
        "company": "CELEC-Transelectric",
        "company_type": "Transmisora",
        "line_type": "Transmisión",
        "topology": "Anillo",
        "operation_date": "2017-04-27T02:00:00",
        "source": "Lineas.geojson"
      },
      "geometry": {
        "type": "MultiLineString",
        "coordinates": [
          [
            [
              -79.82833623227353,
              -1.282331620709346
            ],
            [
              -79.90664163356959,
              -1.3774656511988739
            ],
            [
              -79.9112713431776,
              -1.4703075148778262
            ],
            [
              -79.95115131013118,
              -1.5493444951216988
            ],
            [
              -79.98517045510613,
              -1.6753766457392625
            ],
            [
              -79.97845251841827,
              -1.716366630694739
            ],
            [
              -79.9878838801804,
              -1.7803417815058538
            ],
            [
              -79.96529544242574,
              -1.8711115534091427
            ],
            [
              -80.01586609405061,
              -1.9031956371270828
            ],
            [
              -80.0180938708579,
              -1.9513081485350314
            ],
            [
              -80.0150113214222,
              -1.9831530187668704
            ],
            [
              -79.97885593960258,
              -2.0020058691213625
            ],
            [
              -79.96710613107368,
              -2.0236814988311105
            ],
            [
              -79.96850401592707,
              -2.0265355166457817
            ],
            [
              -79.98159023177764,
              -2.0293124229041553
            ]
          ],
          [
            [
              -79.49252402278144,
              -1.0471750879234483
            ],
            [
              -79.49300710688698,
              -1.0492222600392147
            ],
            [
              -79.5676683127593,
              -1.0651759364491071
            ],
            [
              -79.59819327668053,
              -1.0753097922866035
            ],
            [
              -79.64856911823506,
              -1.0755314060134784
            ],
            [
              -79.69336341541685,
              -1.1016182072093215
            ],
            [
              -79.77291645453562,
              -1.226409120768668
            ],
            [
              -79.82816906359487,
              -1.2821650954064192
            ]
          ]
        ]
      }
    },
    {
      "type": "Feature",
      "properties": {
        "object_id": 408,
        "line_id": 812,
        "description": "Chorrillos - Pascuales 1",
        "from": "Chorrillos",
        "to": "Pascuales",
        "voltage_kv": 230.0,
        "thermal_capacity_mw": 332.0,
        "voltage_regulation_mvar": null,
        "length_km": 4.8,
        "circuits": 2,
        "company": "CELEC-Transelectric",
        "company_type": "Transmisora",
        "line_type": "Transmisión",
        "topology": "Anillo",
        "operation_date": "2017-04-27T02:00:00",
        "source": "Lineas.geojson"
      },
      "geometry": {
        "type": "LineString",
        "coordinates": [
          [
            -79.98159023177764,
            -2.0293124229041553
          ],
          [
            -79.96773965872113,
            -2.0282217298997987
          ],
          [
            -79.96377798140084,
            -2.029978196511155
          ],
          [
            -79.95124957518512,
            -2.0535491281847857
          ]
        ]
      }
    },
    {
      "type": "Feature",
      "properties": {
        "object_id": 422,
        "line_id": 837,
        "description": "Due - San Rafael (T)",
        "from": "Due",
        "to": "San Rafael",
        "voltage_kv": 230.0,
        "thermal_capacity_mw": 200.0,
        "voltage_regulation_mvar": 150.0,
        "length_km": 24.0,
        "circuits": 1,
        "company": "Hidroalto",
        "company_type": "Autogeneradora",
        "line_type": "Transmisión",
        "topology": "Radial",
        "operation_date": "2017-07-04T02:00:00",
        "source": "Lineas.geojson"
      },
      "geometry": {
        "type": "LineString",
        "coordinates": [
          [
            -77.51271012034346,
            -0.1058304842353278
          ],
          [
            -77.51354257679142,
            -0.09352234725067463
          ],
          [
            -77.50743235032186,
            -0.08217257348268543
          ],
          [
            -77.488207274468,
            -0.06328685691760212
          ],
          [
            -77.47767120547427,
            -0.04359895772509479
          ],
          [
            -77.46110692383377,
            -0.024628103787550842
          ],
          [
            -77.44429922916899,
            -0.019328289973478824
          ],
          [
            -77.39402526825907,
            0.03817560489208934
          ]
        ]
      }
    },
    {
      "type": "Feature",
      "properties": {
        "object_id": 423,
        "line_id": 843,
        "description": "Baba",
        "from": "Baba",
        "to": "Baba",
        "voltage_kv": 230.0,
        "thermal_capacity_mw": 51.0,
        "voltage_regulation_mvar": null,
        "length_km": 1.4,
        "circuits": 1,
        "company": "CELEC-Hidronación",
        "company_type": "Generadora",
        "line_type": "Transmisión",
        "topology": "Radial",
        "operation_date": "2013-05-09T02:00:00",
        "source": "Lineas.geojson"
      },
      "geometry": {
        "type": "LineString",
        "coordinates": [
          [
            -79.45766556487072,
            -0.6707079108665098
          ],
          [
            -79.46794646774295,
            -0.6701727572535812
          ]
        ]
      }
    },
    {
      "type": "Feature",
      "properties": {
        "object_id": 30,
        "line_id": 89,
        "description": "Santa Rosa - Pomasqui",
        "from": "Santa Rosa",
        "to": "Pomasqui",
        "voltage_kv": 230.0,
        "thermal_capacity_mw": 332.0,
        "voltage_regulation_mvar": 0.0,
        "length_km": 45.9,
        "circuits": 2,
        "company": "CELEC-Transelectric",
        "company_type": "Transmisora",
        "line_type": "Transmisión",
        "topology": "Radial",
        "operation_date": "2003-01-01T01:00:00",
        "source": "Lineas.geojson"
      },
      "geometry": {
        "type": "LineString",
        "coordinates": [
          [
            -78.53743191633036,
            -0.3636944513185501
          ],
          [
            -78.54245508392198,
            -0.36433611953366934
          ],
          [
            -78.55650774664541,
            -0.35997523022485345
          ],
          [
            -78.57027723995606,
            -0.3530665061695413
          ],
          [
            -78.58425441073894,
            -0.3204445360165539
          ],
          [
            -78.58225037921882,
            -0.30427425196189034
          ],
          [
            -78.548747808733,
            -0.18736748482489635
          ],
          [
            -78.54828292561614,
            -0.17227911316530883
          ],
          [
            -78.5369877816071,
            -0.1405971729580754
          ],
          [
            -78.53484134063778,
            -0.12804698477350537
          ],
          [
            -78.53563779082218,
            -0.09519152952500098
          ],
          [
            -78.50669238401967,
            -0.07182914700422144
          ],
          [
            -78.46817633115326,
            -0.05166350189948004
          ],
          [
            -78.43940845263715,
            -0.0531349105551791
          ]
        ]
      }
    },
    {
      "type": "Feature",
      "properties": {
        "object_id": 31,
        "line_id": 93,
        "description": "Machala - Zorritos",
        "from": "Machala",
        "to": "Zorritos",
        "voltage_kv": 230.0,
        "thermal_capacity_mw": 332.0,
        "voltage_regulation_mvar": 0.0,
        "length_km": 110.0,
        "circuits": 2,
        "company": "CELEC-Transelectric",
        "company_type": "Transmisora",
        "line_type": "Transmisión",
        "topology": "Radial",
        "operation_date": "2004-01-01T01:00:00",
        "source": "Lineas.geojson"
      },
      "geometry": {
        "type": "LineString",
        "coordinates": [
          [
            -79.86731212244489,
            -3.2905993796528317
          ],
          [
            -79.87887799482286,
            -3.3335582760882887
          ],
          [
            -79.87579550028158,
            -3.3774538773866754
          ],
          [
            -79.89759216718878,
            -3.399979139092796
          ],
          [
            -79.90672631536263,
            -3.4256250447081995
          ],
          [
            -79.93146085192767,
            -3.451171301525362
          ],
          [
            -79.93742032216618,
            -3.453545349396314
          ],
          [
            -79.94158281480603,
            -3.462885702460059
          ],
          [
            -79.95558622540293,
            -3.478827549239391
          ],
          [
            -79.98460687557365,
            -3.502935183828746
          ],
          [
            -80.00518231725516,
            -3.5111964543844882
          ],
          [
            -80.01776522977039,
            -3.526893533337705
          ],
          [
            -80.04496144009532,
            -3.524821963814941
          ],
          [
            -80.08699988841194,
            -3.5300545166265023
          ],
          [
            -80.1037067493553,
            -3.54703648816068
          ],
          [
            -80.16471784427866,
            -3.533786673768289
          ],
          [
            -80.17724666567135,
            -3.5411394312264854
          ],
          [
            -80.19582547359413,
            -3.5435361817423465
          ],
          [
            -80.68321193600181,
            -3.681793762733815
          ],
          [
            -80.20262280120751,
            -3.544220619318836
          ],
          [
            -80.20728415034615,
            -3.5448486029810073
          ]
        ]
      }
    },
    {
      "type": "Feature",
      "properties": {
        "object_id": 515,
        "line_id": 956,
        "description": "Jivino - Shushufindi",
        "from": "Jivino",
        "to": "Shushufindi",
        "voltage_kv": 230.0,
        "thermal_capacity_mw": 297.0,
        "voltage_regulation_mvar": null,
        "length_km": 27.6,
        "circuits": 2,
        "company": "CELEC-Transelectric",
        "company_type": "Transmisora",
        "line_type": "Transmisión",
        "topology": "Radial",
        "operation_date": "2018-02-01T01:00:00",
        "source": "Lineas.geojson"
      },
      "geometry": {
        "type": "LineString",
        "coordinates": [
          [
            -76.86676284211444,
            -0.12483498684382167
          ],
          [
            -76.81622276012861,
            -0.12477804071892228
          ],
          [
            -76.7918466028206,
            -0.12978985093452824
          ],
          [
            -76.69088521103735,
            -0.13179785850307135
          ],
          [
            -76.67247885581527,
            -0.1593910645704558
          ],
          [
            -76.68186062595497,
            -0.17988351503251693
          ],
          [
            -76.68314366052417,
            -0.19338220215311655
          ],
          [
            -76.68057479370248,
            -0.1937205246334281
          ]
        ]
      }
    },
    {
      "type": "Feature",
      "properties": {
        "object_id": 524,
        "line_id": 966,
        "description": "Molino - Taday",
        "from": "Molino",
        "to": "Taday",
        "voltage_kv": 230.0,
        "thermal_capacity_mw": 332.0,
        "voltage_regulation_mvar": null,
        "length_km": 41.4,
        "circuits": 2,
        "company": "CELEC-Transelectric",
        "company_type": "Transmisora",
        "line_type": "Transmisión",
        "topology": "Anillo",
        "operation_date": "2018-07-01T02:00:00",
        "source": "Lineas.geojson"
      },
      "geometry": {
        "type": "LineString",
        "coordinates": [
          [
            -78.51045034852741,
            -2.5755708417217846
          ],
          [
            -78.54924736653706,
            -2.5661342817245516
          ],
          [
            -78.56508955735941,
            -2.5639511412634843
          ],
          [
            -78.5780751184715,
            -2.564970242049478
          ],
          [
            -78.62685201834881,
            -2.5570376581147167
          ],
          [
            -78.63560883201357,
            -2.5668390060440305
          ],
          [
            -78.65823945588103,
            -2.5711176466431587
          ],
          [
            -78.66236728703893,
            -2.577084377433404
          ],
          [
            -78.68209393365598,
            -2.5929442584776097
          ],
          [
            -78.69713656668068,
            -2.5911987804705814
          ],
          [
            -78.77808723648097,
            -2.595148158371576
          ],
          [
            -78.7888232616432,
            -2.6303193657601
          ],
          [
            -78.7761096710239,
            -2.653065648331767
          ],
          [
            -78.76068769721026,
            -2.662968183089379
          ],
          [
            -78.75768153114609,
            -2.6700871615790915
          ]
        ]
      }
    },
    {
      "type": "Feature",
      "properties": {
        "object_id": 525,
        "line_id": 967,
        "description": "Taday - Riobamba",
        "from": "Taday",
        "to": "Riobamba",
        "voltage_kv": 230.0,
        "thermal_capacity_mw": 332.0,
        "voltage_regulation_mvar": null,
        "length_km": 135.5,
        "circuits": 1,
        "company": "CELEC-Transelectric",
        "company_type": "Transmisora",
        "line_type": "Transmisión",
        "topology": "Anillo",
        "operation_date": "2018-07-01T02:00:00",
        "source": "Lineas.geojson"
      },
      "geometry": {
        "type": "LineString",
        "coordinates": [
          [
            -78.75768153114609,
            -2.6700871615790915
          ],
          [
            -78.76086337998744,
            -2.6632797633313894
          ],
          [
            -78.77342140923204,
            -2.6570193634604813
          ],
          [
            -78.7764390203552,
            -2.653260441750626
          ],
          [
            -78.78918479080104,
            -2.6304027546625144
          ],
          [
            -78.78084204312017,
            -2.6036724150781136
          ],
          [
            -78.78193329302661,
            -2.5966417629962826
          ],
          [
            -78.7972462320002,
            -2.595889042273695
          ],
          [
            -78.80772573200994,
            -2.590076957136631
          ],
          [
            -78.85668119413023,
            -2.52257645374507
          ],
          [
            -78.96007289090561,
            -2.392026543615455
          ],
          [
            -78.96578685307904,
            -2.375040075547626
          ],
          [
            -78.93284917483628,
            -2.3289778742912937
          ],
          [
            -78.92992629200432,
            -2.320277486365132
          ],
          [
            -78.92888928671337,
            -2.3042973573739385
          ],
          [
            -78.92935096563116,
            -2.2708363939037337
          ],
          [
            -78.90221062246387,
            -2.2260951167791747
          ],
          [
            -78.85769107042523,
            -2.1768625305799767
          ],
          [
            -78.83017836067027,
            -2.15065396310444
          ],
          [
            -78.764356555575,
            -2.1246714081274996
          ],
          [
            -78.74812643455002,
            -2.059303686031145
          ],
          [
            -78.73072001710554,
            -2.00948806123457
          ],
          [
            -78.72048769816311,
            -1.9289541599098523
          ],
          [
            -78.6905761946179,
            -1.854620545737669
          ],
          [
            -78.6814317038009,
            -1.8248182303868474
          ],
          [
            -78.66474053796885,
            -1.80159781121546
          ],
          [
            -78.65534787512861,
            -1.7833048805936529
          ],
          [
            -78.69232494069932,
            -1.653511267779546
          ]
        ]
      }
    },
    {
      "type": "Feature",
      "properties": {
        "object_id": 526,
        "line_id": 968,
        "description": "Taday - Totoras",
        "from": "Taday",
        "to": "Totoras",
        "voltage_kv": 230.0,
        "thermal_capacity_mw": 332.0,
        "voltage_regulation_mvar": null,
        "length_km": 178.4,
        "circuits": 1,
        "company": "CELEC-Transelectric",
        "company_type": "Transmisora",
        "line_type": "Transmisión",
        "topology": "Anillo",
        "operation_date": "2018-07-01T02:00:00",
        "source": "Lineas.geojson"
      },
      "geometry": {
        "type": "LineString",
        "coordinates": [
          [
            -78.75768153114609,
            -2.6700871615790915
          ],
          [
            -78.76089977726943,
            -2.6634003762914493
          ],
          [
            -78.77668959728697,
            -2.6534521646384257
          ],
          [
            -78.78939088158499,
            -2.6304856839569135
          ],
          [
            -78.78091336159073,
            -2.6035774669607474
          ],
          [
            -78.78199066565686,
            -2.596868854308383
          ],
          [
            -78.7972283165298,
            -2.595816327679477
          ],
          [
            -78.80767787974214,
            -2.5900208445496298
          ],
          [
            -78.85662551620868,
            -2.5225300256453003
          ],
          [
            -78.960008766415,
            -2.3919913309188385
          ],
          [
            -78.96570650681122,
            -2.3750532872834835
          ],
          [
            -78.93278520756095,
            -2.3290133970331235
          ],
          [
            -78.92985517118609,
            -2.3202917156544585
          ],
          [
            -78.9288173438074,
            -2.3042989826389673
          ],
          [
            -78.92927855463456,
            -2.2708561169932886
          ],
          [
            -78.90215258855342,
            -2.2261384779614244
          ],
          [
            -78.85764069427559,
            -2.176914186608406
          ],
          [
            -78.8301388252767,
            -2.150716196790559
          ],
          [
            -78.764295706235,
            -2.12472486687941
          ],
          [
            -78.74805741657198,
            -2.0593241742102646
          ],
          [
            -78.73064960085972,
            -2.00950465800152
          ],
          [
            -78.72041714249184,
            -1.9289710437527618
          ],
          [
            -78.69050844829216,
            -1.8546447901949066
          ],
          [
            -78.68136651083057,
            -1.8248509005454778
          ],
          [
            -78.66467941806516,
            -1.8016362558394743
          ],
          [
            -78.65527103308624,
            -1.7833125235948304
          ],
          [
            -78.68641917950274,
            -1.6732348341285141
          ],
          [
            -78.69122443154586,
            -1.6536975006654433
          ],
          [
            -78.68992024092975,
            -1.6508697089021125
          ],
          [
            -78.70855164305266,
            -1.5946627845226582
          ],
          [
            -78.69780992188284,
            -1.5196034157214031
          ],
          [
            -78.69310179304779,
            -1.4963720136639616
          ],
          [
            -78.66621490058714,
            -1.4500743818540205
          ],
          [
            -78.60712562843285,
            -1.364024627525064
          ],
          [
            -78.60513586504148,
            -1.3127871531698374
          ],
          [
            -78.6023148048898,
            -1.3000315017537156
          ],
          [
            -78.59942712102264,
            -1.2984576711619515
          ]
        ]
      }
    },
    {
      "type": "Feature",
      "properties": {
        "object_id": 527,
        "line_id": 969,
        "description": "Santo Domingo - Esmeraldas 2",
        "from": "Santo Domingo",
        "to": "Esmeraldas",
        "voltage_kv": 230.0,
        "thermal_capacity_mw": 332.0,
        "voltage_regulation_mvar": null,
        "length_km": 156.8,
        "circuits": 2,
        "company": "CELEC-Transelectric",
        "company_type": "Transmisora",
        "line_type": "Transmisión",
        "topology": "Radial",
        "operation_date": "2018-09-18T02:00:00",
        "source": "Lineas.geojson"
      },
      "geometry": {
        "type": "LineString",
        "coordinates": [
          [
            -79.68597739478533,
            0.9269574719322601
          ],
          [
            -79.68327580358329,
            0.9270037646913466
          ],
          [
            -79.68202832850818,
            0.9223635011569491
          ],
          [
            -79.67477384630126,
            0.9159961244042302
          ],
          [
            -79.67663801532572,
            0.9089061594485598
          ],
          [
            -79.675334420403,
            0.902969380657352
          ],
          [
            -79.66243781966516,
            0.8803494063267896
          ],
          [
            -79.65445811648394,
            0.8744832795427312
          ],
          [
            -79.6411554107252,
            0.8576142383996376
          ],
          [
            -79.60557098353767,
            0.7776203869875615
          ],
          [
            -79.60370910515964,
            0.7662684686001805
          ],
          [
            -79.5954382165257,
            0.750862763254773
          ],
          [
            -79.57373296290449,
            0.7356150519464988
          ],
          [
            -79.55343684590014,
            0.7100237953076622
          ],
          [
            -79.54978861921134,
            0.6574250647522566
          ],
          [
            -79.5508803090512,
            0.6472460761813299
          ],
          [
            -79.54875798685194,
            0.6369053494914005
          ],
          [
            -79.54170707840485,
            0.6255516042013136
          ],
          [
            -79.55467833773524,
            0.5633230821096263
          ],
          [
            -79.54474859776585,
            0.5206771966914218
          ],
          [
            -79.5361003221745,
            0.4989219299526161
          ],
          [
            -79.52289218618816,
            0.4233104127733601
          ],
          [
            -79.51470529857818,
            0.3952037673171073
          ],
          [
            -79.46024362332908,
            0.36474144558921956
          ],
          [
            -79.4556944713576,
            0.3356828593813767
          ],
          [
            -79.44777217457535,
            0.326789665985094
          ],
          [
            -79.44969050886924,
            0.32042278835242555
          ],
          [
            -79.4402586314175,
            0.2770580725590969
          ],
          [
            -79.38338034104112,
            0.198410923886268
          ],
          [
            -79.36884811522698,
            0.1739505597146944
          ],
          [
            -79.38652498457496,
            0.07992001285045318
          ],
          [
            -79.37205464729118,
            0.0195713175654885
          ],
          [
            -79.37659553095013,
            -0.004330671325792133
          ],
          [
            -79.36763486553248,
            -0.01750351088258692
          ],
          [
            -79.32776029067007,
            -0.05669324624156767
          ],
          [
            -79.2529379716309,
            -0.11876077896461122
          ],
          [
            -79.200839599992,
            -0.1743014162241763
          ],
          [
            -79.19806280320886,
            -0.1893200118115025
          ],
          [
            -79.18721530979434,
            -0.19950101722058733
          ],
          [
            -79.16296050764626,
            -0.20514230285304866
          ],
          [
            -79.12460699990822,
            -0.23318027510685682
          ],
          [
            -79.11687552808021,
            -0.24848674966396334
          ],
          [
            -79.1223385891018,
            -0.2631549725408165
          ],
          [
            -79.12498024755256,
            -0.2637966911309376
          ]
        ]
      }
    },
    {
      "type": "Feature",
      "properties": {
        "object_id": 528,
        "line_id": 970,
        "description": "Taday - Bomboiza",
        "from": "Taday",
        "to": "Bomboiza",
        "voltage_kv": 230.0,
        "thermal_capacity_mw": 332.0,
        "voltage_regulation_mvar": null,
        "length_km": 111.6,
        "circuits": 2,
        "company": "CELEC-Transelectric",
        "company_type": "Transmisora",
        "line_type": "Transmisión",
        "topology": "Radial",
        "operation_date": "2018-09-21T02:00:00",
        "source": "Lineas.geojson"
      },
      "geometry": {
        "type": "LineString",
        "coordinates": [
          [
            -78.75768153114609,
            -2.6700871615790915
          ],
          [
            -78.78561211911058,
            -2.697555761187906
          ],
          [
            -78.80079631290832,
            -2.731675534939803
          ],
          [
            -78.80654357137561,
            -2.7505986293917633
          ],
          [
            -78.80857898371279,
            -2.804388520551854
          ],
          [
            -78.7995809832359,
            -2.832057301168724
          ],
          [
            -78.81045002861785,
            -2.845706926863428
          ],
          [
            -78.8121495522423,
            -2.8792686608277354
          ],
          [
            -78.80959492552867,
            -2.9011775978897365
          ],
          [
            -78.8133786864454,
            -2.9388333315825097
          ],
          [
            -78.80716669917297,
            -2.965308573382964
          ],
          [
            -78.80791225869494,
            -2.971427540560796
          ],
          [
            -78.81030810657406,
            -2.973034139556139
          ],
          [
            -78.8211482351697,
            -3.0776220376522505
          ],
          [
            -78.8032103667115,
            -3.1708538996895324
          ],
          [
            -78.79526656332607,
            -3.186220628620639
          ],
          [
            -78.78842315253468,
            -3.1888955572403725
          ],
          [
            -78.76338936689838,
            -3.2076246601554597
          ],
          [
            -78.73038732713971,
            -3.2202198536942666
          ],
          [
            -78.72292848905951,
            -3.231625438840518
          ],
          [
            -78.70362555984762,
            -3.247632772733551
          ],
          [
            -78.6916265290398,
            -3.253664259176645
          ],
          [
            -78.67545329826726,
            -3.254254317357094
          ],
          [
            -78.66275407859393,
            -3.2642756852909662
          ],
          [
            -78.64672660163039,
            -3.2684924468918255
          ],
          [
            -78.63888716847198,
            -3.2818625077914723
          ],
          [
            -78.64010790874224,
            -3.293089488150058
          ],
          [
            -78.6363795350155,
            -3.299557304246011
          ],
          [
            -78.64482402694392,
            -3.3280544323782117
          ],
          [
            -78.6418548926056,
            -3.366141395393639
          ],
          [
            -78.63515534705769,
            -3.406627287238027
          ],
          [
            -78.62592469260687,
            -3.4222148310241045
          ],
          [
            -78.62578296193631,
            -3.427768082712492
          ],
          [
            -78.54633770206513,
            -3.468933113357333
          ],
          [
            -78.5448652553546,
            -3.503694313530638
          ]
        ]
      }
    },
    {
      "type": "Feature",
      "properties": {
        "object_id": 529,
        "line_id": 971,
        "description": "Milagro - Minas San Francisco",
        "from": "Milagro",
        "to": "Minas San Francisco",
        "voltage_kv": 230.0,
        "thermal_capacity_mw": 332.0,
        "voltage_regulation_mvar": null,
        "length_km": 153.3,
        "circuits": 1,
        "company": "CELEC-Transelectric",
        "company_type": "Transmisora",
        "line_type": "Transmisión",
        "topology": "Radial",
        "operation_date": "2018-09-22T02:00:00",
        "source": "Lineas.geojson"
      },
      "geometry": {
        "type": "LineString",
        "coordinates": [
          [
            -79.59908906267782,
            -3.308606344063726
          ],
          [
            -79.61794018233347,
            -3.3314460812688576
          ],
          [
            -79.661047461213,
            -3.328783503473681
          ],
          [
            -79.70519653236272,
            -3.321193168779637
          ],
          [
            -79.7547049265772,
            -3.2779275156583814
          ],
          [
            -79.76720726299114,
            -3.2192154954452388
          ],
          [
            -79.75484934072443,
            -3.2018296952290943
          ],
          [
            -79.75102110242214,
            -3.143678948547599
          ],
          [
            -79.75307256041803,
            -3.1409483897781287
          ],
          [
            -79.77793343348597,
            -3.132327076968151
          ],
          [
            -79.75865083941812,
            -3.1050267674570864
          ],
          [
            -79.73547325743458,
            -3.063921191352252
          ],
          [
            -79.73068984977839,
            -3.0368624235816206
          ],
          [
            -79.73018834729474,
            -3.000032662624822
          ],
          [
            -79.71348181121068,
            -2.942935049836965
          ],
          [
            -79.70115467994293,
            -2.937496088171312
          ],
          [
            -79.69584089258842,
            -2.9288777096357768
          ],
          [
            -79.70771953276795,
            -2.885924432413043
          ],
          [
            -79.70910188162013,
            -2.8153575449470636
          ],
          [
            -79.71142306304199,
            -2.803636200486335
          ],
          [
            -79.66911425686743,
            -2.7088358420370304
          ],
          [
            -79.62935516837086,
            -2.6385508021101898
          ],
          [
            -79.6295943686986,
            -2.5530800341272446
          ],
          [
            -79.61243863475525,
            -2.499441438723027
          ],
          [
            -79.63459636617026,
            -2.4514159092125225
          ],
          [
            -79.61446707934155,
            -2.384999505524752
          ],
          [
            -79.60954003756633,
            -2.324840229565235
          ],
          [
            -79.52952007048228,
            -2.180209361857707
          ]
        ]
      }
    },
    {
      "type": "Feature",
      "properties": {
        "object_id": 530,
        "line_id": 972,
        "description": "Minas San Francisco - Machala",
        "from": "Minas San Francisco",
        "to": "Machala",
        "voltage_kv": 230.0,
        "thermal_capacity_mw": 332.0,
        "voltage_regulation_mvar": null,
        "length_km": 60.4,
        "circuits": 1,
        "company": "CELEC-Transelectric",
        "company_type": "Transmisora",
        "line_type": "Transmisión",
        "topology": "Radial",
        "operation_date": "2018-09-22T02:00:00",
        "source": "Lineas.geojson"
      },
      "geometry": {
        "type": "LineString",
        "coordinates": [
          [
            -79.59908906267782,
            -3.308606344063726
          ],
          [
            -79.61790667503065,
            -3.3315179947203926
          ],
          [
            -79.66105608270682,
            -3.328855408451404
          ],
          [
            -79.70522949055089,
            -3.3212606005863208
          ],
          [
            -79.75476994826433,
            -3.2779680202625134
          ],
          [
            -79.76728413540849,
            -3.219199438185042
          ],
          [
            -79.75491961574755,
            -3.2018045855249464
          ],
          [
            -79.75109465140088,
            -3.1437011191347373
          ],
          [
            -79.75311675454074,
            -3.1410096314890326
          ],
          [
            -79.77701472814972,
            -3.132711254733729
          ],
          [
            -79.78159293592019,
            -3.13736182835496
          ],
          [
            -79.8056112451888,
            -3.214022929052195
          ],
          [
            -79.8410722218671,
            -3.2813472953173286
          ],
          [
            -79.86731212244489,
            -3.2905993796528317
          ]
        ]
      }
    },
    {
      "type": "Feature",
      "properties": {
        "object_id": 534,
        "line_id": 976,
        "description": "Línea Normandía - San Bartolo",
        "from": "Normandía",
        "to": "Hidrosanbartolo",
        "voltage_kv": 230.0,
        "thermal_capacity_mw": 320.0,
        "voltage_regulation_mvar": 450.0,
        "length_km": 85.0,
        "circuits": 1,
        "company": "Hidronormandía",
        "company_type": "Autogeneradora",
        "line_type": "Transmisión",
        "topology": "Radial",
        "operation_date": "2018-08-01T02:00:00",
        "source": "Lineas.geojson"
      },
      "geometry": {
        "type": "LineString",
        "coordinates": [
          [
            -78.41257095388711,
            -2.750214856282409
          ],
          [
            -78.37475569578675,
            -2.623924012975956
          ],
          [
            -78.31431172057324,
            -2.535822148112171
          ],
          [
            -78.26873361705289,
            -2.227253136643533
          ]
        ]
      }
    },
    {
      "type": "Feature",
      "properties": {
        "object_id": 543,
        "line_id": 986,
        "description": "Chorrillos - Pascuales 2",
        "from": "Chorrillos",
        "to": "Pascuales",
        "voltage_kv": 230.0,
        "thermal_capacity_mw": 332.0,
        "voltage_regulation_mvar": null,
        "length_km": 4.6,
        "circuits": 2,
        "company": "CELEC-Transelectric",
        "company_type": "Transmisora",
        "line_type": "Transmisión",
        "topology": "Anillo",
        "operation_date": "2018-05-27T02:00:00",
        "source": "Lineas.geojson"
      },
      "geometry": {
        "type": "LineString",
        "coordinates": [
          [
            -79.95124957518512,
            -2.0535491281847857
          ],
          [
            -79.96321533679462,
            -2.051091211917753
          ],
          [
            -79.97592409431334,
            -2.028761949238352
          ],
          [
            -79.98159023177764,
            -2.0293124229041553
          ]
        ]
      }
    },
    {
      "type": "Feature",
      "properties": {
        "object_id": 546,
        "line_id": 989,
        "description": "Milagro - Durán",
        "from": "Milagro",
        "to": "Durán",
        "voltage_kv": 230.0,
        "thermal_capacity_mw": 494.0,
        "voltage_regulation_mvar": null,
        "length_km": 36.98,
        "circuits": 1,
        "company": "CELEC-Transelectric",
        "company_type": "Transmisora",
        "line_type": "Transmisión",
        "topology": "Radial",
        "operation_date": "2018-11-30T01:00:00",
        "source": "Lineas.geojson"
      },
      "geometry": {
        "type": "LineString",
        "coordinates": [
          [
            -79.52951937846176,
            -2.180210979183696
          ],
          [
            -79.5821202763061,
            -2.274504342185468
          ],
          [
            -79.6359659387831,
            -2.2955230509032063
          ],
          [
            -79.64804534247587,
            -2.302646615994207
          ],
          [
            -79.69638101109395,
            -2.3046703285349803
          ],
          [
            -79.70186219512235,
            -2.2982488448283895
          ],
          [
            -79.71133045733826,
            -2.277942196029931
          ],
          [
            -79.72195076295434,
            -2.2642665657776173
          ],
          [
            -79.72631196655044,
            -2.2492910625138385
          ],
          [
            -79.72343048006876,
            -2.221102158017462
          ],
          [
            -79.72764806795897,
            -2.209826278054583
          ]
        ]
      }
    },
    {
      "type": "Feature",
      "properties": {
        "object_id": 547,
        "line_id": 990,
        "description": "Durán - Esclusas",
        "from": "Durán",
        "to": "Esclusas",
        "voltage_kv": 230.0,
        "thermal_capacity_mw": 494.0,
        "voltage_regulation_mvar": null,
        "length_km": 37.5,
        "circuits": 1,
        "company": "CELEC-Transelectric",
        "company_type": "Transmisora",
        "line_type": "Transmisión",
        "topology": "Anillo",
        "operation_date": "2018-05-20T02:00:00",
        "source": "Lineas.geojson"
      },
      "geometry": {
        "type": "LineString",
        "coordinates": [
          [
            -79.86646244100778,
            -2.264724182931774
          ],
          [
            -79.85587253948952,
            -2.286859092633066
          ],
          [
            -79.86715858428283,
            -2.3161055389352563
          ],
          [
            -79.86404659230485,
            -2.3245240706899173
          ],
          [
            -79.81796738804537,
            -2.327664914334304
          ],
          [
            -79.79243136533566,
            -2.3247268540605748
          ],
          [
            -79.76217286284121,
            -2.3303445645558405
          ],
          [
            -79.69645238787506,
            -2.304679928378985
          ],
          [
            -79.70192192959864,
            -2.298291131586724
          ],
          [
            -79.71138839727641,
            -2.277988333583748
          ],
          [
            -79.72201729432393,
            -2.264295490704099
          ],
          [
            -79.72638496370115,
            -2.2492977818498465
          ],
          [
            -79.72350417484665,
            -2.22111571344963
          ],
          [
            -79.72764806795897,
            -2.209826278054583
          ]
        ]
      }
    },
    {
      "type": "Feature",
      "properties": {
        "object_id": 389,
        "line_id": 777,
        "description": "San Rafael - El Inga 1",
        "from": "San Rafael",
        "to": "El Inga",
        "voltage_kv": 500.0,
        "thermal_capacity_mw": 1732.01,
        "voltage_regulation_mvar": null,
        "length_km": 123.9,
        "circuits": 1,
        "company": "CELEC-Transelectric",
        "company_type": "Transmisora",
        "line_type": "Transmisión",
        "topology": "Radial",
        "operation_date": "2016-03-05T01:00:00",
        "source": "Lineas.geojson"
      },
      "geometry": {
        "type": "LineString",
        "coordinates": [
          [
            -77.51271012034346,
            -0.1058304842353278
          ],
          [
            -77.51755483164193,
            -0.1144905799675995
          ],
          [
            -77.56138704947107,
            -0.125358206758445
          ],
          [
            -77.60665094381088,
            -0.1689586439529316
          ],
          [
            -77.61835439969333,
            -0.17522846611539522
          ],
          [
            -77.62287696481144,
            -0.18772149985287248
          ],
          [
            -77.62877108129818,
            -0.19258537220463387
          ],
          [
            -77.64229676691363,
            -0.19582790619130283
          ],
          [
            -77.65787398845701,
            -0.19583104363221418
          ],
          [
            -77.68125723595116,
            -0.20328837634460614
          ],
          [
            -77.70113809743687,
            -0.205432328749305
          ],
          [
            -77.71558603979348,
            -0.20072531889657777
          ],
          [
            -77.727415020716,
            -0.2023280519649519
          ],
          [
            -77.73327570660922,
            -0.20693447784547891
          ],
          [
            -77.75871730709488,
            -0.25818130265106426
          ],
          [
            -77.77655164316923,
            -0.3024371666295612
          ],
          [
            -77.78935752993722,
            -0.30952193620403673
          ],
          [
            -77.80059549788332,
            -0.32058779914727775
          ],
          [
            -77.81958877524045,
            -0.3185556645020991
          ],
          [
            -77.82425932932937,
            -0.3264826104867954
          ],
          [
            -77.81847489602015,
            -0.3448092062933704
          ],
          [
            -77.82255131115947,
            -0.3636087309687243
          ],
          [
            -77.83091568213405,
            -0.3867971783694463
          ],
          [
            -77.84510491865346,
            -0.4016286681656138
          ],
          [
            -77.85779244509988,
            -0.4256041575845517
          ],
          [
            -77.90148519307311,
            -0.4534172122870295
          ],
          [
            -77.92495203752324,
            -0.45783225923108856
          ],
          [
            -77.93180297386526,
            -0.46233348862308465
          ],
          [
            -77.94738429137031,
            -0.4597360636705765
          ],
          [
            -77.95393091200103,
            -0.4543278958788815
          ],
          [
            -77.9667582013246,
            -0.45022728451614985
          ],
          [
            -77.9842136054954,
            -0.4349167224027358
          ],
          [
            -78.01156659557,
            -0.43834754054129776
          ],
          [
            -78.02989973614011,
            -0.41951821301994413
          ],
          [
            -78.03059996410117,
            -0.41192665472149725
          ],
          [
            -78.03448442870067,
            -0.40577293244013385
          ],
          [
            -78.04139942857445,
            -0.4024762036145111
          ],
          [
            -78.06523340948587,
            -0.36953222371557815
          ],
          [
            -78.07502622063717,
            -0.3643151956103305
          ],
          [
            -78.10251906152794,
            -0.36067348318772585
          ],
          [
            -78.12838717817395,
            -0.3685276621493276
          ],
          [
            -78.15507433458515,
            -0.3726121120660157
          ],
          [
            -78.15986059171571,
            -0.3702614540622613
          ],
          [
            -78.18251774875435,
            -0.3690828939308904
          ],
          [
            -78.19422704252119,
            -0.3641555473257385
          ],
          [
            -78.20175827262385,
            -0.3484024132527314
          ],
          [
            -78.22743135698572,
            -0.3445140955730427
          ],
          [
            -78.23445669984059,
            -0.33856173688715974
          ],
          [
            -78.25532868189939,
            -0.3060409259172642
          ],
          [
            -78.29089270532454,
            -0.30052641764885374
          ],
          [
            -78.31087626387006,
            -0.3105022161551454
          ],
          [
            -78.32285116002134,
            -0.3135228288344578
          ],
          [
            -78.34092378416649,
            -0.30643342696490966
          ]
        ]
      }
    },
    {
      "type": "Feature",
      "properties": {
        "object_id": 390,
        "line_id": 778,
        "description": "San Rafael - El Inga 2",
        "from": "San Rafael",
        "to": "El Inga",
        "voltage_kv": 500.0,
        "thermal_capacity_mw": 1732.05,
        "voltage_regulation_mvar": null,
        "length_km": 123.5,
        "circuits": 1,
        "company": "CELEC-Transelectric",
        "company_type": "Transmisora",
        "line_type": "Transmisión",
        "topology": "Radial",
        "operation_date": "2016-10-03T02:00:00",
        "source": "Lineas.geojson"
      },
      "geometry": {
        "type": "LineString",
        "coordinates": [
          [
            -77.51271012034346,
            -0.1058304842353278
          ],
          [
            -77.51819539145,
            -0.11290838552263507
          ],
          [
            -77.56359090081726,
            -0.12435070910615494
          ],
          [
            -77.60738447522132,
            -0.16747335704784166
          ],
          [
            -77.61969914175214,
            -0.17420631805509992
          ],
          [
            -77.62831729413044,
            -0.19050368183762267
          ],
          [
            -77.64819835841381,
            -0.19440449438169954
          ],
          [
            -77.65875535203914,
            -0.1938752009206421
          ],
          [
            -77.68268313875626,
            -0.20185116294911484
          ],
          [
            -77.70168594102314,
            -0.20362647551911692
          ],
          [
            -77.71505964367736,
            -0.19920062620989676
          ],
          [
            -77.72720058957606,
            -0.2007973762493262
          ],
          [
            -77.73546952304962,
            -0.20717635903246295
          ],
          [
            -77.75833490616256,
            -0.2518233218687856
          ],
          [
            -77.77785419955974,
            -0.3010773261918046
          ],
          [
            -77.79034605741434,
            -0.3085216460487634
          ],
          [
            -77.80125332186087,
            -0.3189773502294711
          ],
          [
            -77.82043531866879,
            -0.31756603991343535
          ],
          [
            -77.82535972883639,
            -0.32731155134043866
          ],
          [
            -77.82042614419005,
            -0.3462663674129272
          ],
          [
            -77.8322031125095,
            -0.38542370711550517
          ],
          [
            -77.84715554425071,
            -0.4019058407813757
          ],
          [
            -77.85911392341083,
            -0.42405662793501137
          ],
          [
            -77.90257227887906,
            -0.4522453411210874
          ],
          [
            -77.92281058428654,
            -0.45562043288883247
          ],
          [
            -77.93196048072261,
            -0.46058544524700523
          ],
          [
            -77.94692187930043,
            -0.4577569762713337
          ],
          [
            -77.96575825223697,
            -0.4485513049414361
          ],
          [
            -77.98283679115794,
            -0.4342060409023334
          ],
          [
            -78.01099751488937,
            -0.43687522893316
          ],
          [
            -78.02843020839717,
            -0.41809928240966826
          ],
          [
            -78.03301147751245,
            -0.40498837371935914
          ],
          [
            -78.04022944850033,
            -0.4014470479263417
          ],
          [
            -78.06365111033267,
            -0.3690274130861897
          ],
          [
            -78.07538585656881,
            -0.36312514418441044
          ],
          [
            -78.10255540955703,
            -0.3592937638465031
          ],
          [
            -78.15475066035867,
            -0.37115343845934445
          ],
          [
            -78.15993856452775,
            -0.3685272591889193
          ],
          [
            -78.1822956119634,
            -0.36747108346790575
          ],
          [
            -78.19373770583518,
            -0.36275273949008835
          ],
          [
            -78.20081367350778,
            -0.3470612723759233
          ],
          [
            -78.22613739824362,
            -0.3430274140289169
          ],
          [
            -78.23335678032583,
            -0.33771264107181953
          ],
          [
            -78.25396314146812,
            -0.3047533021562312
          ],
          [
            -78.29146345600353,
            -0.2990912533274019
          ],
          [
            -78.31117915069673,
            -0.30919886620595144
          ],
          [
            -78.3222700727441,
            -0.31203756963760876
          ],
          [
            -78.34092378416649,
            -0.30643342696490966
          ]
        ]
      }
    },
    {
      "type": "Feature",
      "properties": {
        "object_id": 391,
        "line_id": 779,
        "description": "Coca Codo Sinclair - San Rafael 1",
        "from": "Coca Codo Sinlcair",
        "to": "San Rafael",
        "voltage_kv": 500.0,
        "thermal_capacity_mw": 1732.05,
        "voltage_regulation_mvar": null,
        "length_km": 8.0,
        "circuits": 1,
        "company": "CELEC-Transelectric",
        "company_type": "Transmisora",
        "line_type": "Transmisión",
        "topology": "Radial",
        "operation_date": "2016-03-05T01:00:00",
        "source": "Lineas.geojson"
      },
      "geometry": {
        "type": "LineString",
        "coordinates": [
          [
            -77.4562538600119,
            -0.1313996008131315
          ],
          [
            -77.47159960381367,
            -0.12429338905693854
          ],
          [
            -77.50078120022907,
            -0.12673435985105638
          ],
          [
            -77.51317340305349,
            -0.11649073088127462
          ],
          [
            -77.51271012034346,
            -0.1058304842353278
          ]
        ]
      }
    },
    {
      "type": "Feature",
      "properties": {
        "object_id": 392,
        "line_id": 780,
        "description": "Coca Codo Sinclair - San Rafael 2",
        "from": "Coca Codo Sinlcair",
        "to": "San Rafael",
        "voltage_kv": 500.0,
        "thermal_capacity_mw": 1732.05,
        "voltage_regulation_mvar": null,
        "length_km": 8.3,
        "circuits": 1,
        "company": "CELEC-Transelectric",
        "company_type": "Transmisora",
        "line_type": "Transmisión",
        "topology": "Radial",
        "operation_date": "2016-10-03T02:00:00",
        "source": "Lineas.geojson"
      },
      "geometry": {
        "type": "LineString",
        "coordinates": [
          [
            -77.51271012034346,
            -0.1058304842353278
          ],
          [
            -77.51286308361635,
            -0.11644644749047556
          ],
          [
            -77.50069181322621,
            -0.12651490972696497
          ],
          [
            -77.47027432418363,
            -0.12431137175976746
          ],
          [
            -77.4562538600119,
            -0.1313996008131315
          ]
        ]
      }
    },
    {
      "type": "Feature",
      "properties": {
        "object_id": 514,
        "line_id": 955,
        "description": "Tisaleo - Chorrillos",
        "from": "Tisaleo",
        "to": "Chorrillos",
        "voltage_kv": 500.0,
        "thermal_capacity_mw": 1732.05,
        "voltage_regulation_mvar": null,
        "length_km": 197.0,
        "circuits": 1,
        "company": "CELEC-Transelectric",
        "company_type": "Transmisora",
        "line_type": "Transmisión",
        "topology": "Radial",
        "operation_date": "2018-01-21T01:00:00",
        "source": "Lineas.geojson"
      },
      "geometry": {
        "type": "LineString",
        "coordinates": [
          [
            -78.69188588759835,
            -1.3439477239238282
          ],
          [
            -78.696867889309,
            -1.3470869551708697
          ],
          [
            -78.69049969038417,
            -1.4482099128576107
          ],
          [
            -78.7132019366493,
            -1.4710139135034492
          ],
          [
            -78.75933734493773,
            -1.5060108234711407
          ],
          [
            -78.78496659817263,
            -1.5491149552487775
          ],
          [
            -78.7912046964611,
            -1.5542022656167278
          ],
          [
            -78.80657078992161,
            -1.55831956387004
          ],
          [
            -78.81378413840318,
            -1.567533717577738
          ],
          [
            -78.8446206866051,
            -1.5715980982973838
          ],
          [
            -78.8587911802874,
            -1.620677699188286
          ],
          [
            -78.86084107974274,
            -1.636248314840161
          ],
          [
            -78.86564945597429,
            -1.6429527997101125
          ],
          [
            -78.87362553636653,
            -1.6447153099608627
          ],
          [
            -78.93060538130237,
            -1.6437720126618327
          ],
          [
            -78.93712505606277,
            -1.6380375475909321
          ],
          [
            -78.95340373299942,
            -1.639410563991892
          ],
          [
            -78.98048271626276,
            -1.6313731395244018
          ],
          [
            -79.0256709153762,
            -1.628045672297292
          ],
          [
            -79.04993866071767,
            -1.6195971135137888
          ],
          [
            -79.09047107379065,
            -1.6000505701797687
          ],
          [
            -79.12330686009088,
            -1.5762453912005145
          ],
          [
            -79.135739815299,
            -1.5792948879105313
          ],
          [
            -79.15921050780788,
            -1.5885845580467948
          ],
          [
            -79.18022632216785,
            -1.6206956801690484
          ],
          [
            -79.20377432585151,
            -1.6452498760628969
          ],
          [
            -79.2709466193512,
            -1.6650687707012668
          ],
          [
            -79.3975038075354,
            -1.8372413185544434
          ],
          [
            -79.66525354578162,
            -1.8910981569600454
          ],
          [
            -79.6924170482119,
            -1.8936243811814761
          ],
          [
            -79.71787420044595,
            -1.9066229996541515
          ],
          [
            -79.78707114271606,
            -1.9512209300971162
          ],
          [
            -79.96975109971473,
            -1.9376301158360507
          ],
          [
            -80.01132706914176,
            -2.00681058682492
          ],
          [
            -80.00304466905074,
            -2.0245624861864795
          ],
          [
            -79.98159023177764,
            -2.0293124229041553
          ]
        ]
      }
    },
    {
      "type": "Feature",
      "properties": {
        "object_id": 548,
        "line_id": 993,
        "description": "El Inga - Tisaleo",
        "from": "El Inga",
        "to": "Tisaleo",
        "voltage_kv": 500.0,
        "thermal_capacity_mw": 1732.05,
        "voltage_regulation_mvar": null,
        "length_km": 149.3,
        "circuits": 1,
        "company": "CELEC-Transelectric",
        "company_type": "Transmisora",
        "line_type": "Transmisión",
        "topology": "Radial",
        "operation_date": "2019-06-10T02:00:00",
        "source": "Lineas.geojson"
      },
      "geometry": {
        "type": "LineString",
        "coordinates": [
          [
            -78.34092378416626,
            -0.3064334278686584
          ],
          [
            -78.33453302617926,
            -0.3455717950650297
          ],
          [
            -78.33994397269757,
            -0.35689567047178894
          ],
          [
            -78.3471011417625,
            -0.39701190771906036
          ],
          [
            -78.34629780090778,
            -0.421449849577042
          ],
          [
            -78.35561110477329,
            -0.444604831647159
          ],
          [
            -78.3579531216104,
            -0.45770189402182765
          ],
          [
            -78.3731241703482,
            -0.4674795438005596
          ],
          [
            -78.43926522426347,
            -0.5212515063080363
          ],
          [
            -78.44575721907702,
            -0.5295424346737269
          ],
          [
            -78.46653695473252,
            -0.5348420883450236
          ],
          [
            -78.55874423518944,
            -0.5672434714887156
          ],
          [
            -78.58502008315557,
            -0.6094014858224909
          ],
          [
            -78.5989708781441,
            -0.6388914513515972
          ],
          [
            -78.5943950864713,
            -0.6626242318433985
          ],
          [
            -78.59498827572476,
            -0.6803039806085734
          ],
          [
            -78.60076774463771,
            -0.6865730516494897
          ],
          [
            -78.64881811554639,
            -0.6922984459481712
          ],
          [
            -78.74401134913688,
            -0.7384124513544831
          ],
          [
            -78.75297263747075,
            -0.8031948954611725
          ],
          [
            -78.7419871736727,
            -0.8605494973725007
          ],
          [
            -78.74238573173324,
            -0.9376752395925525
          ],
          [
            -78.73820516920193,
            -0.9704231470597929
          ],
          [
            -78.73748970933958,
            -1.0161698607260916
          ],
          [
            -78.74575730746442,
            -1.0635689481965016
          ],
          [
            -78.71194986116373,
            -1.1397463444394822
          ],
          [
            -78.71647475696125,
            -1.174248534616895
          ],
          [
            -78.72393358872405,
            -1.1922862869134625
          ],
          [
            -78.72939152785672,
            -1.2143853781629783
          ],
          [
            -78.76060406382203,
            -1.2659572679667106
          ],
          [
            -78.75160908245795,
            -1.2953379340193447
          ],
          [
            -78.75003431160371,
            -1.3046979881990193
          ],
          [
            -78.75149208776818,
            -1.316716536940363
          ],
          [
            -78.72480606369183,
            -1.3370991287790444
          ],
          [
            -78.71487566857019,
            -1.3384070922767821
          ],
          [
            -78.70776669829173,
            -1.346157794772241
          ],
          [
            -78.69188588759835,
            -1.3439477239238282
          ]
        ]
      }
    }
  ]
}