Hydrology,Scenario,w,Component,MUSD
Baseline,BRIDGE,w1,TotalCost_w,27462.1671
Baseline,BRIDGE,w10,TotalCost_w,27872.56531
Baseline,BRIDGE,w100,TotalCost_w,27883.53175
Baseline,BRIDGE,w11,TotalCost_w,28250.38133
Baseline,BRIDGE,w12,TotalCost_w,28114.49537
Baseline,BRIDGE,w13,TotalCost_w,28680.26728
Baseline,BRIDGE,w14,TotalCost_w,27812.15777
Baseline,BRIDGE,w15,TotalCost_w,27820.6564
Baseline,BRIDGE,w16,TotalCost_w,28051.72543
Baseline,BRIDGE,w17,TotalCost_w,27631.98675
Baseline,BRIDGE,w18,TotalCost_w,28067.82078
Baseline,BRIDGE,w19,TotalCost_w,27454.95714
Baseline,BRIDGE,w2,TotalCost_w,28419.98905
Baseline,BRIDGE,w20,TotalCost_w,29429.18057
Baseline,BRIDGE,w21,TotalCost_w,28096.97821
Baseline,BRIDGE,w22,TotalCost_w,30829.81434
Baseline,BRIDGE,w23,TotalCost_w,28007.48214
Baseline,BRIDGE,w24,TotalCost_w,28416.97714
Baseline,BRIDGE,w25,TotalCost_w,27951.19233
Baseline,BRIDGE,w26,TotalCost_w,28137.09176
Baseline,BRIDGE,w27,TotalCost_w,28299.84193
Baseline,BRIDGE,w28,TotalCost_w,27739.65036
Baseline,BRIDGE,w29,TotalCost_w,28170.51804
Baseline,BRIDGE,w3,TotalCost_w,27671.26554
Baseline,BRIDGE,w30,TotalCost_w,28758.48677
Baseline,BRIDGE,w31,TotalCost_w,28417.02457
Baseline,BRIDGE,w32,TotalCost_w,28471.07636
Baseline,BRIDGE,w33,TotalCost_w,27535.82347
Baseline,BRIDGE,w34,TotalCost_w,27674.13567
Baseline,BRIDGE,w35,TotalCost_w,27591.10732
Baseline,BRIDGE,w36,TotalCost_w,28590.77527
Baseline,BRIDGE,w37,TotalCost_w,28044.87455
Baseline,BRIDGE,w38,TotalCost_w,31197.14985
Baseline,BRIDGE,w39,TotalCost_w,27927.80966
Baseline,BRIDGE,w4,TotalCost_w,28268.49355
Baseline,BRIDGE,w40,TotalCost_w,28622.21666
Baseline,BRIDGE,w41,TotalCost_w,27561.55435
Baseline,BRIDGE,w42,TotalCost_w,28270.49393
Baseline,BRIDGE,w43,TotalCost_w,27957.09197
Baseline,BRIDGE,w44,TotalCost_w,27741.51401
Baseline,BRIDGE,w45,TotalCost_w,27469.34322
Baseline,BRIDGE,w46,TotalCost_w,28316.96736
Baseline,BRIDGE,w47,TotalCost_w,28268.32186
Baseline,BRIDGE,w48,TotalCost_w,28106.92538
Baseline,BRIDGE,w49,TotalCost_w,27737.1368
Baseline,BRIDGE,w5,TotalCost_w,28764.35079
Baseline,BRIDGE,w50,TotalCost_w,27598.51636
Baseline,BRIDGE,w51,TotalCost_w,27830.05333
Baseline,BRIDGE,w52,TotalCost_w,27608.88628
Baseline,BRIDGE,w53,TotalCost_w,30184.14839
Baseline,BRIDGE,w54,TotalCost_w,29439.68256
Baseline,BRIDGE,w55,TotalCost_w,31211.81346
Baseline,BRIDGE,w56,TotalCost_w,28048.63576
Baseline,BRIDGE,w57,TotalCost_w,28329.54735
Baseline,BRIDGE,w58,TotalCost_w,30923.73793
Baseline,BRIDGE,w59,TotalCost_w,28697.33979
Baseline,BRIDGE,w6,TotalCost_w,27923.73364
Baseline,BRIDGE,w60,TotalCost_w,27995.58926
Baseline,BRIDGE,w61,TotalCost_w,27608.52534
Baseline,BRIDGE,w62,TotalCost_w,28186.56549
Baseline,BRIDGE,w63,TotalCost_w,27596.8951
Baseline,BRIDGE,w64,TotalCost_w,28813.78017
Baseline,BRIDGE,w65,TotalCost_w,27559.88408
Baseline,BRIDGE,w66,TotalCost_w,27425.75093
Baseline,BRIDGE,w67,TotalCost_w,27730.42137
Baseline,BRIDGE,w68,TotalCost_w,27666.50821
Baseline,BRIDGE,w69,TotalCost_w,27539.09914
Baseline,BRIDGE,w7,TotalCost_w,27671.30987
Baseline,BRIDGE,w70,TotalCost_w,28289.92298
Baseline,BRIDGE,w71,TotalCost_w,27955.69746
Baseline,BRIDGE,w72,TotalCost_w,27620.53613
Baseline,BRIDGE,w73,TotalCost_w,28511.05245
Baseline,BRIDGE,w74,TotalCost_w,27485.31405
Baseline,BRIDGE,w75,TotalCost_w,28052.83028
Baseline,BRIDGE,w76,TotalCost_w,28664.61886
Baseline,BRIDGE,w77,TotalCost_w,27633.93328
Baseline,BRIDGE,w78,TotalCost_w,27568.74041
Baseline,BRIDGE,w79,TotalCost_w,27855.01323
Baseline,BRIDGE,w8,TotalCost_w,27934.87283
Baseline,BRIDGE,w80,TotalCost_w,28276.5659
Baseline,BRIDGE,w81,TotalCost_w,27597.42445
Baseline,BRIDGE,w82,TotalCost_w,27938.50388
Baseline,BRIDGE,w83,TotalCost_w,27819.93991
Baseline,BRIDGE,w84,TotalCost_w,27547.12668
Baseline,BRIDGE,w85,TotalCost_w,27561.79696
Baseline,BRIDGE,w86,TotalCost_w,27820.09702
Baseline,BRIDGE,w87,TotalCost_w,27885.64077
Baseline,BRIDGE,w88,TotalCost_w,28175.45073
Baseline,BRIDGE,w89,TotalCost_w,28684.96857
Baseline,BRIDGE,w9,TotalCost_w,27874.87192
Baseline,BRIDGE,w90,TotalCost_w,28099.46948
Baseline,BRIDGE,w91,TotalCost_w,28320.52971
Baseline,BRIDGE,w92,TotalCost_w,28605.65362
Baseline,BRIDGE,w93,TotalCost_w,28144.25521
Baseline,BRIDGE,w94,TotalCost_w,27622.02434
Baseline,BRIDGE,w95,TotalCost_w,28277.13009
Baseline,BRIDGE,w96,TotalCost_w,28035.36127
Baseline,BRIDGE,w97,TotalCost_w,28382.00315
Baseline,BRIDGE,w98,TotalCost_w,28012.09579
Baseline,BRIDGE,w99,TotalCost_w,28779.47237
Baseline,NZT,w1,TotalCost_w,30125.07257
Baseline,NZT,w10,TotalCost_w,32529.06819
Baseline,NZT,w100,TotalCost_w,30622.64489
Baseline,NZT,w11,TotalCost_w,30265.6456
Baseline,NZT,w12,TotalCost_w,32010.274
Baseline,NZT,w13,TotalCost_w,33862.17467
Baseline,NZT,w14,TotalCost_w,30127.50563
Baseline,NZT,w15,TotalCost_w,30007.90584
Baseline,NZT,w16,TotalCost_w,33979.88101
Baseline,NZT,w17,TotalCost_w,30151.01196
Baseline,NZT,w18,TotalCost_w,30076.12033
Baseline,NZT,w19,TotalCost_w,30560.73559
Baseline,NZT,w2,TotalCost_w,30296.08217
Baseline,NZT,w20,TotalCost_w,31528.52414
Baseline,NZT,w21,TotalCost_w,32930.75553
Baseline,NZT,w22,TotalCost_w,30622.79863
Baseline,NZT,w23,TotalCost_w,30437.58571
Baseline,NZT,w24,TotalCost_w,30025.29972
Baseline,NZT,w25,TotalCost_w,30853.62157
Baseline,NZT,w26,TotalCost_w,31956.00463
Baseline,NZT,w27,TotalCost_w,32821.66984
Baseline,NZT,w28,TotalCost_w,30524.97704
Baseline,NZT,w29,TotalCost_w,32600.64035
Baseline,NZT,w3,TotalCost_w,30732.87499
Baseline,NZT,w30,TotalCost_w,30715.81348
Baseline,NZT,w31,TotalCost_w,31971.63372
Baseline,NZT,w32,TotalCost_w,32325.23199
Baseline,NZT,w33,TotalCost_w,30151.00806
Baseline,NZT,w34,TotalCost_w,30648.46521
Baseline,NZT,w35,TotalCost_w,32344.17758
Baseline,NZT,w36,TotalCost_w,33224.61457
Baseline,NZT,w37,TotalCost_w,32370.42221
Baseline,NZT,w38,TotalCost_w,33703.96268
Baseline,NZT,w39,TotalCost_w,29851.29881
Baseline,NZT,w4,TotalCost_w,32034.32382
Baseline,NZT,w40,TotalCost_w,30876.8851
Baseline,NZT,w41,TotalCost_w,30774.50354
Baseline,NZT,w42,TotalCost_w,30235.00037
Baseline,NZT,w43,TotalCost_w,33934.51118
Baseline,NZT,w44,TotalCost_w,30591.57976
Baseline,NZT,w45,TotalCost_w,30764.57962
Baseline,NZT,w46,TotalCost_w,30558.05371
Baseline,NZT,w47,TotalCost_w,29816.83382
Baseline,NZT,w48,TotalCost_w,31073.12596
Baseline,NZT,w49,TotalCost_w,30126.28758
Baseline,NZT,w5,TotalCost_w,31850.9965
Baseline,NZT,w50,TotalCost_w,30287.76696
Baseline,NZT,w51,TotalCost_w,33319.11025
Baseline,NZT,w52,TotalCost_w,32210.07601
Baseline,NZT,w53,TotalCost_w,32357.20605
Baseline,NZT,w54,TotalCost_w,30474.13817
Baseline,NZT,w55,TotalCost_w,33644.06977
Baseline,NZT,w56,TotalCost_w,30088.73201
Baseline,NZT,w57,TotalCost_w,34386.65982
Baseline,NZT,w58,TotalCost_w,32933.54084
Baseline,NZT,w59,TotalCost_w,30897.40916
Baseline,NZT,w6,TotalCost_w,32485.26374
Baseline,NZT,w60,TotalCost_w,30561.52021
Baseline,NZT,w61,TotalCost_w,30120.59896
Baseline,NZT,w62,TotalCost_w,30599.56167
Baseline,NZT,w63,TotalCost_w,29924.55456
Baseline,NZT,w64,TotalCost_w,30274.22815
Baseline,NZT,w65,TotalCost_w,32249.38246
Baseline,NZT,w66,TotalCost_w,30571.92841
Baseline,NZT,w67,TotalCost_w,31551.24837
Baseline,NZT,w68,TotalCost_w,32176.84249
Baseline,NZT,w69,TotalCost_w,30703.59375
Baseline,NZT,w7,TotalCost_w,30173.41756
Baseline,NZT,w70,TotalCost_w,32793.88202
Baseline,NZT,w71,TotalCost_w,30584.8184
Baseline,NZT,w72,TotalCost_w,32403.2024
Baseline,NZT,w73,TotalCost_w,30703.86993
Baseline,NZT,w74,TotalCost_w,30118.65628
Baseline,NZT,w75,TotalCost_w,31698.79869
Baseline,NZT,w76,TotalCost_w,30659.80621
Baseline,NZT,w77,TotalCost_w,31961.56796
Baseline,NZT,w78,TotalCost_w,30047.43908
Baseline,NZT,w79,TotalCost_w,30514.84336
Baseline,NZT,w8,TotalCost_w,32526.68508
Baseline,NZT,w80,TotalCost_w,31973.06185
Baseline,NZT,w81,TotalCost_w,32626.63062
Baseline,NZT,w82,TotalCost_w,30743.26175
Baseline,NZT,w83,TotalCost_w,30683.01145
Baseline,NZT,w84,TotalCost_w,30903.70793
Baseline,NZT,w85,TotalCost_w,30167.96892
Baseline,NZT,w86,TotalCost_w,30788.15334
Baseline,NZT,w87,TotalCost_w,30007.41693
Baseline,NZT,w88,TotalCost_w,30727.48677
Baseline,NZT,w89,TotalCost_w,31537.2245
Baseline,NZT,w9,TotalCost_w,31963.27852
Baseline,NZT,w90,TotalCost_w,31850.07505
Baseline,NZT,w91,TotalCost_w,30132.17278
Baseline,NZT,w92,TotalCost_w,30554.05451
Baseline,NZT,w93,TotalCost_w,29928.60295
Baseline,NZT,w94,TotalCost_w,30187.0433
Baseline,NZT,w95,TotalCost_w,30283.63391
Baseline,NZT,w96,TotalCost_w,32151.02554
Baseline,NZT,w97,TotalCost_w,32217.83295
Baseline,NZT,w98,TotalCost_w,31874.79282
Baseline,NZT,w99,TotalCost_w,29990.2142
Baseline,REF,w1,TotalCost_w,31084.74187
Baseline,REF,w10,TotalCost_w,32192.85913
Baseline,REF,w100,TotalCost_w,31073.91694
Baseline,REF,w11,TotalCost_w,60810.49556
Baseline,REF,w12,TotalCost_w,32511.36647
Baseline,REF,w13,TotalCost_w,30321.78785
Baseline,REF,w14,TotalCost_w,30676.85404
Baseline,REF,w15,TotalCost_w,31010.36861
Baseline,REF,w16,TotalCost_w,30496.98275
Baseline,REF,w17,TotalCost_w,30911.49976
Baseline,REF,w18,TotalCost_w,32294.57006
Baseline,REF,w19,TotalCost_w,30706.04754
Baseline,REF,w2,TotalCost_w,32617.48239
Baseline,REF,w20,TotalCost_w,31536.63475
Baseline,REF,w21,TotalCost_w,31204.00831
Baseline,REF,w22,TotalCost_w,31779.70881
Baseline,REF,w23,TotalCost_w,30734.25839
Baseline,REF,w24,TotalCost_w,30255.15982
Baseline,REF,w25,TotalCost_w,30540.10315
Baseline,REF,w26,TotalCost_w,31694.16362
Baseline,REF,w27,TotalCost_w,31931.0134
Baseline,REF,w28,TotalCost_w,31709.8491
Baseline,REF,w29,TotalCost_w,33671.99878
Baseline,REF,w3,TotalCost_w,30880.29736
Baseline,REF,w30,TotalCost_w,31484.41679
Baseline,REF,w31,TotalCost_w,30085.31325
Baseline,REF,w32,TotalCost_w,31261.45853
Baseline,REF,w33,TotalCost_w,31033.08578
Baseline,REF,w34,TotalCost_w,31230.55045
Baseline,REF,w35,TotalCost_w,32950.0797
Baseline,REF,w36,TotalCost_w,30763.33094
Baseline,REF,w37,TotalCost_w,30961.1608
Baseline,REF,w38,TotalCost_w,61987.42061
Baseline,REF,w39,TotalCost_w,30348.5707
Baseline,REF,w4,TotalCost_w,32490.82211
Baseline,REF,w40,TotalCost_w,30779.23769
Baseline,REF,w41,TotalCost_w,31446.07334
Baseline,REF,w42,TotalCost_w,31001.42995
Baseline,REF,w43,TotalCost_w,61879.82559
Baseline,REF,w44,TotalCost_w,31084.15759
Baseline,REF,w45,TotalCost_w,32244.56466
Baseline,REF,w46,TotalCost_w,32084.67047
Baseline,REF,w47,TotalCost_w,32247.75536
Baseline,REF,w48,TotalCost_w,31368.41472
Baseline,REF,w49,TotalCost_w,31545.96745
Baseline,REF,w5,TotalCost_w,31974.50785
Baseline,REF,w50,TotalCost_w,31547.24239
Baseline,REF,w51,TotalCost_w,32218.36008
Baseline,REF,w52,TotalCost_w,30906.84533
Baseline,REF,w53,TotalCost_w,30385.29676
Baseline,REF,w54,TotalCost_w,30943.26248
Baseline,REF,w55,TotalCost_w,30691.24035
Baseline,REF,w56,TotalCost_w,30190.85587
Baseline,REF,w57,TotalCost_w,31324.97311
Baseline,REF,w58,TotalCost_w,30872.16901
Baseline,REF,w59,TotalCost_w,30297.10489
Baseline,REF,w6,TotalCost_w,31717.80816
Baseline,REF,w60,TotalCost_w,60743.42939
Baseline,REF,w61,TotalCost_w,32969.41739
Baseline,REF,w62,TotalCost_w,30941.22643
Baseline,REF,w63,TotalCost_w,30416.61719
Baseline,REF,w64,TotalCost_w,32326.49866
Baseline,REF,w65,TotalCost_w,32331.51937
Baseline,REF,w66,TotalCost_w,30850.70145
Baseline,REF,w67,TotalCost_w,31770.02156
Baseline,REF,w68,TotalCost_w,30459.27274
Baseline,REF,w69,TotalCost_w,31042.31185
Baseline,REF,w7,TotalCost_w,31087.74378
Baseline,REF,w70,TotalCost_w,30175.61384
Baseline,REF,w71,TotalCost_w,30721.09174
Baseline,REF,w72,TotalCost_w,31722.98389
Baseline,REF,w73,TotalCost_w,31916.07415
Baseline,REF,w74,TotalCost_w,31704.68824
Baseline,REF,w75,TotalCost_w,30481.91248
Baseline,REF,w76,TotalCost_w,51596.08473
Baseline,REF,w77,TotalCost_w,30348.54092
Baseline,REF,w78,TotalCost_w,31181.7739
Baseline,REF,w79,TotalCost_w,33117.8244
Baseline,REF,w8,TotalCost_w,32106.35775
Baseline,REF,w80,TotalCost_w,30684.63469
Baseline,REF,w81,TotalCost_w,30753.99905
Baseline,REF,w82,TotalCost_w,31363.84434
Baseline,REF,w83,TotalCost_w,31306.68492
Baseline,REF,w84,TotalCost_w,30188.64458
Baseline,REF,w85,TotalCost_w,61401.28986
Baseline,REF,w86,TotalCost_w,30367.8463
Baseline,REF,w87,TotalCost_w,30577.46984
Baseline,REF,w88,TotalCost_w,32395.7424
Baseline,REF,w89,TotalCost_w,30688.82648
Baseline,REF,w9,TotalCost_w,33240.4819
Baseline,REF,w90,TotalCost_w,31309.67378
Baseline,REF,w91,TotalCost_w,30291.43886
Baseline,REF,w92,TotalCost_w,31156.07794
Baseline,REF,w93,TotalCost_w,31943.13434
Baseline,REF,w94,TotalCost_w,32544.12434
Baseline,REF,w95,TotalCost_w,31647.88028
Baseline,REF,w96,TotalCost_w,30529.99644
Baseline,REF,w97,TotalCost_w,30371.36669
Baseline,REF,w98,TotalCost_w,30197.66935
Baseline,REF,w99,TotalCost_w,31047.01493
Baseline,BRIDGE,w1,OpCostGen,5001.377771
Baseline,BRIDGE,w10,OpCostGen,4247.410196
Baseline,BRIDGE,w100,OpCostGen,5399.274514
Baseline,BRIDGE,w11,OpCostGen,4100.875331
Baseline,BRIDGE,w12,OpCostGen,3995.92998
Baseline,BRIDGE,w13,OpCostGen,3880.012622
Baseline,BRIDGE,w14,OpCostGen,5317.605159
Baseline,BRIDGE,w15,OpCostGen,4816.972515
Baseline,BRIDGE,w16,OpCostGen,4112.647129
Baseline,BRIDGE,w17,OpCostGen,4891.425436
Baseline,BRIDGE,w18,OpCostGen,4362.192534
Baseline,BRIDGE,w19,OpCostGen,4832.244787
Baseline,BRIDGE,w2,OpCostGen,4114.988559
Baseline,BRIDGE,w20,OpCostGen,3874.605685
Baseline,BRIDGE,w21,OpCostGen,4207.222364
Baseline,BRIDGE,w22,OpCostGen,3839.884234
Baseline,BRIDGE,w23,OpCostGen,4153.064276
Baseline,BRIDGE,w24,OpCostGen,3885.795699
Baseline,BRIDGE,w25,OpCostGen,4855.226285
Baseline,BRIDGE,w26,OpCostGen,4419.634515
Baseline,BRIDGE,w27,OpCostGen,3888.443358
Baseline,BRIDGE,w28,OpCostGen,4647.996978
Baseline,BRIDGE,w29,OpCostGen,4206.185706
Baseline,BRIDGE,w3,OpCostGen,5497.434531
Baseline,BRIDGE,w30,OpCostGen,3799.763625
Baseline,BRIDGE,w31,OpCostGen,3980.520284
Baseline,BRIDGE,w32,OpCostGen,4172.267528
Baseline,BRIDGE,w33,OpCostGen,4731.911535
Baseline,BRIDGE,w34,OpCostGen,4354.66572
Baseline,BRIDGE,w35,OpCostGen,4885.179414
Baseline,BRIDGE,w36,OpCostGen,3973.476912
Baseline,BRIDGE,w37,OpCostGen,4040.499641
Baseline,BRIDGE,w38,OpCostGen,3819.681662
Baseline,BRIDGE,w39,OpCostGen,4330.08834
Baseline,BRIDGE,w4,OpCostGen,3833.29156
Baseline,BRIDGE,w40,OpCostGen,4000.344301
Baseline,BRIDGE,w41,OpCostGen,4756.384842
Baseline,BRIDGE,w42,OpCostGen,4114.457562
Baseline,BRIDGE,w43,OpCostGen,4299.168875
Baseline,BRIDGE,w44,OpCostGen,5042.663738
Baseline,BRIDGE,w45,OpCostGen,4751.582283
Baseline,BRIDGE,w46,OpCostGen,3973.246497
Baseline,BRIDGE,w47,OpCostGen,4081.156728
Baseline,BRIDGE,w48,OpCostGen,4129.074998
Baseline,BRIDGE,w49,OpCostGen,4762.782418
Baseline,BRIDGE,w5,OpCostGen,3958.147403
Baseline,BRIDGE,w50,OpCostGen,4630.479929
Baseline,BRIDGE,w51,OpCostGen,4931.858174
Baseline,BRIDGE,w52,OpCostGen,4806.818035
Baseline,BRIDGE,w53,OpCostGen,3862.476046
Baseline,BRIDGE,w54,OpCostGen,3760.309637
Baseline,BRIDGE,w55,OpCostGen,3692.50893
Baseline,BRIDGE,w56,OpCostGen,4119.938658
Baseline,BRIDGE,w57,OpCostGen,4131.669154
Baseline,BRIDGE,w58,OpCostGen,4027.739395
Baseline,BRIDGE,w59,OpCostGen,4066.79008
Baseline,BRIDGE,w6,OpCostGen,5212.679147
Baseline,BRIDGE,w60,OpCostGen,4170.396317
Baseline,BRIDGE,w61,OpCostGen,4947.996815
Baseline,BRIDGE,w62,OpCostGen,4469.996039
Baseline,BRIDGE,w63,OpCostGen,4829.114023
Baseline,BRIDGE,w64,OpCostGen,3873.952693
Baseline,BRIDGE,w65,OpCostGen,4999.129656
Baseline,BRIDGE,w66,OpCostGen,4723.699853
Baseline,BRIDGE,w67,OpCostGen,5334.457954
Baseline,BRIDGE,w68,OpCostGen,4837.841703
Baseline,BRIDGE,w69,OpCostGen,4896.613812
Baseline,BRIDGE,w7,OpCostGen,4505.025522
Baseline,BRIDGE,w70,OpCostGen,4268.347734
Baseline,BRIDGE,w71,OpCostGen,4297.375398
Baseline,BRIDGE,w72,OpCostGen,4817.298928
Baseline,BRIDGE,w73,OpCostGen,4116.757135
Baseline,BRIDGE,w74,OpCostGen,4683.782536
Baseline,BRIDGE,w75,OpCostGen,4756.004195
Baseline,BRIDGE,w76,OpCostGen,3923.090051
Baseline,BRIDGE,w77,OpCostGen,4789.450965
Baseline,BRIDGE,w78,OpCostGen,4918.646648
Baseline,BRIDGE,w79,OpCostGen,4813.223163
Baseline,BRIDGE,w8,OpCostGen,4888.502176
Baseline,BRIDGE,w80,OpCostGen,4179.986522
Baseline,BRIDGE,w81,OpCostGen,4853.563209
Baseline,BRIDGE,w82,OpCostGen,4548.16604
Baseline,BRIDGE,w83,OpCostGen,4599.231647
Baseline,BRIDGE,w84,OpCostGen,4710.713554
Baseline,BRIDGE,w85,OpCostGen,4605.68341
Baseline,BRIDGE,w86,OpCostGen,5306.883778
Baseline,BRIDGE,w87,OpCostGen,4564.728163
Baseline,BRIDGE,w88,OpCostGen,4204.36383
Baseline,BRIDGE,w89,OpCostGen,4178.620163
Baseline,BRIDGE,w9,OpCostGen,4526.517066
Baseline,BRIDGE,w90,OpCostGen,4288.193206
Baseline,BRIDGE,w91,OpCostGen,3990.654593
Baseline,BRIDGE,w92,OpCostGen,3951.847211
Baseline,BRIDGE,w93,OpCostGen,4240.226326
Baseline,BRIDGE,w94,OpCostGen,4545.715371
Baseline,BRIDGE,w95,OpCostGen,4313.654134
Baseline,BRIDGE,w96,OpCostGen,4225.445628
Baseline,BRIDGE,w97,OpCostGen,3934.177642
Baseline,BRIDGE,w98,OpCostGen,4126.415059
Baseline,BRIDGE,w99,OpCostGen,3819.662292
Baseline,NZT,w1,OpCostGen,3193.694168
Baseline,NZT,w10,OpCostGen,2860.310088
Baseline,NZT,w100,OpCostGen,2983.627495
Baseline,NZT,w11,OpCostGen,3024.568723
Baseline,NZT,w12,OpCostGen,2610.056781
Baseline,NZT,w13,OpCostGen,2588.135271
Baseline,NZT,w14,OpCostGen,3006.333802
Baseline,NZT,w15,OpCostGen,3191.704304
Baseline,NZT,w16,OpCostGen,2577.755989
Baseline,NZT,w17,OpCostGen,3101.619666
Baseline,NZT,w18,OpCostGen,3105.312967
Baseline,NZT,w19,OpCostGen,2774.310489
Baseline,NZT,w2,OpCostGen,3205.736967
Baseline,NZT,w20,OpCostGen,2662.388828
Baseline,NZT,w21,OpCostGen,2651.962037
Baseline,NZT,w22,OpCostGen,2912.309815
Baseline,NZT,w23,OpCostGen,2713.570449
Baseline,NZT,w24,OpCostGen,3285.228239
Baseline,NZT,w25,OpCostGen,4259.89901
Baseline,NZT,w26,OpCostGen,2695.299464
Baseline,NZT,w27,OpCostGen,2631.400859
Baseline,NZT,w28,OpCostGen,2741.666635
Baseline,NZT,w29,OpCostGen,2635.45992
Baseline,NZT,w3,OpCostGen,2898.6465
Baseline,NZT,w30,OpCostGen,2920.721748
Baseline,NZT,w31,OpCostGen,2946.059609
Baseline,NZT,w32,OpCostGen,2971.871965
Baseline,NZT,w33,OpCostGen,3015.128792
Baseline,NZT,w34,OpCostGen,2783.779591
Baseline,NZT,w35,OpCostGen,2792.203991
Baseline,NZT,w36,OpCostGen,2598.53761
Baseline,NZT,w37,OpCostGen,2824.309992
Baseline,NZT,w38,OpCostGen,2616.7834
Baseline,NZT,w39,OpCostGen,3126.005661
Baseline,NZT,w4,OpCostGen,2689.692747
Baseline,NZT,w40,OpCostGen,3035.689952
Baseline,NZT,w41,OpCostGen,2678.95346
Baseline,NZT,w42,OpCostGen,3113.33589
Baseline,NZT,w43,OpCostGen,2589.563409
Baseline,NZT,w44,OpCostGen,2936.747995
Baseline,NZT,w45,OpCostGen,2860.938114
Baseline,NZT,w46,OpCostGen,2952.128071
Baseline,NZT,w47,OpCostGen,3078.817099
Baseline,NZT,w48,OpCostGen,2722.713968
Baseline,NZT,w49,OpCostGen,3242.237605
Baseline,NZT,w5,OpCostGen,2812.537606
Baseline,NZT,w50,OpCostGen,3044.516485
Baseline,NZT,w51,OpCostGen,2665.958129
Baseline,NZT,w52,OpCostGen,2630.66144
Baseline,NZT,w53,OpCostGen,2787.053491
Baseline,NZT,w54,OpCostGen,3052.079661
Baseline,NZT,w55,OpCostGen,2683.621756
Baseline,NZT,w56,OpCostGen,2918.897187
Baseline,NZT,w57,OpCostGen,2646.095136
Baseline,NZT,w58,OpCostGen,2668.177154
Baseline,NZT,w59,OpCostGen,2872.011468
Baseline,NZT,w6,OpCostGen,2456.250685
Baseline,NZT,w60,OpCostGen,2940.805971
Baseline,NZT,w61,OpCostGen,2929.11496
Baseline,NZT,w62,OpCostGen,2894.468282
Baseline,NZT,w63,OpCostGen,3031.397549
Baseline,NZT,w64,OpCostGen,3271.745458
Baseline,NZT,w65,OpCostGen,2745.70442
Baseline,NZT,w66,OpCostGen,2940.457636
Baseline,NZT,w67,OpCostGen,2861.789176
Baseline,NZT,w68,OpCostGen,2978.961115
Baseline,NZT,w69,OpCostGen,3040.63032
Baseline,NZT,w7,OpCostGen,3679.024287
Baseline,NZT,w70,OpCostGen,2739.600282
Baseline,NZT,w71,OpCostGen,3017.479087
Baseline,NZT,w72,OpCostGen,2603.659744
Baseline,NZT,w73,OpCostGen,3088.228341
Baseline,NZT,w74,OpCostGen,3203.124727
Baseline,NZT,w75,OpCostGen,2792.632944
Baseline,NZT,w76,OpCostGen,3089.103553
Baseline,NZT,w77,OpCostGen,2653.04325
Baseline,NZT,w78,OpCostGen,3054.57261
Baseline,NZT,w79,OpCostGen,3048.954846
Baseline,NZT,w8,OpCostGen,2587.986337
Baseline,NZT,w80,OpCostGen,2797.102197
Baseline,NZT,w81,OpCostGen,2754.82305
Baseline,NZT,w82,OpCostGen,3039.247186
Baseline,NZT,w83,OpCostGen,2783.006871
Baseline,NZT,w84,OpCostGen,3101.479401
Baseline,NZT,w85,OpCostGen,2945.658922
Baseline,NZT,w86,OpCostGen,3157.082661
Baseline,NZT,w87,OpCostGen,3139.692355
Baseline,NZT,w88,OpCostGen,2803.514773
Baseline,NZT,w89,OpCostGen,2717.597395
Baseline,NZT,w9,OpCostGen,2806.613843
Baseline,NZT,w90,OpCostGen,2748.537113
Baseline,NZT,w91,OpCostGen,2835.735563
Baseline,NZT,w92,OpCostGen,2763.75941
Baseline,NZT,w93,OpCostGen,3057.1177
Baseline,NZT,w94,OpCostGen,2970.275771
Baseline,NZT,w95,OpCostGen,3084.403238
Baseline,NZT,w96,OpCostGen,2734.726227
Baseline,NZT,w97,OpCostGen,2675.474554
Baseline,NZT,w98,OpCostGen,2882.601721
Baseline,NZT,w99,OpCostGen,3095.330483
Baseline,REF,w1,OpCostGen,7998.191599
Baseline,REF,w10,OpCostGen,8188.970908
Baseline,REF,w100,OpCostGen,7923.804039
Baseline,REF,w11,OpCostGen,7185.97401
Baseline,REF,w12,OpCostGen,8372.644035
Baseline,REF,w13,OpCostGen,7315.500594
Baseline,REF,w14,OpCostGen,7733.932179
Baseline,REF,w15,OpCostGen,8018.341974
Baseline,REF,w16,OpCostGen,6940.23447
Baseline,REF,w17,OpCostGen,8090.18708
Baseline,REF,w18,OpCostGen,7776.251188
Baseline,REF,w19,OpCostGen,7756.349503
Baseline,REF,w2,OpCostGen,8596.716327
Baseline,REF,w20,OpCostGen,8865.14335
Baseline,REF,w21,OpCostGen,9014.849819
Baseline,REF,w22,OpCostGen,7929.03247
Baseline,REF,w23,OpCostGen,7951.434745
Baseline,REF,w24,OpCostGen,7595.460778
Baseline,REF,w25,OpCostGen,7473.224499
Baseline,REF,w26,OpCostGen,8373.061814
Baseline,REF,w27,OpCostGen,7526.935771
Baseline,REF,w28,OpCostGen,8539.97257
Baseline,REF,w29,OpCostGen,8279.855912
Baseline,REF,w3,OpCostGen,7856.234881
Baseline,REF,w30,OpCostGen,6778.506285
Baseline,REF,w31,OpCostGen,7252.361947
Baseline,REF,w32,OpCostGen,8063.422552
Baseline,REF,w33,OpCostGen,7518.277485
Baseline,REF,w34,OpCostGen,8416.458822
Baseline,REF,w35,OpCostGen,8371.993075
Baseline,REF,w36,OpCostGen,7392.12431
Baseline,REF,w37,OpCostGen,7703.470121
Baseline,REF,w38,OpCostGen,8203.849606
Baseline,REF,w39,OpCostGen,7077.709575
Baseline,REF,w4,OpCostGen,6983.314203
Baseline,REF,w40,OpCostGen,7205.778802
Baseline,REF,w41,OpCostGen,7858.408584
Baseline,REF,w42,OpCostGen,7750.922858
Baseline,REF,w43,OpCostGen,8165.99563
Baseline,REF,w44,OpCostGen,7849.625379
Baseline,REF,w45,OpCostGen,7117.996989
Baseline,REF,w46,OpCostGen,8287.793821
Baseline,REF,w47,OpCostGen,8441.671284
Baseline,REF,w48,OpCostGen,6628.073998
Baseline,REF,w49,OpCostGen,8569.34585
Baseline,REF,w5,OpCostGen,8333.438845
Baseline,REF,w50,OpCostGen,7765.189326
Baseline,REF,w51,OpCostGen,8669.011425
Baseline,REF,w52,OpCostGen,8099.971333
Baseline,REF,w53,OpCostGen,7276.455521
Baseline,REF,w54,OpCostGen,7905.702598
Baseline,REF,w55,OpCostGen,7618.440842
Baseline,REF,w56,OpCostGen,6749.359838
Baseline,REF,w57,OpCostGen,8545.343247
Baseline,REF,w58,OpCostGen,7351.89467
Baseline,REF,w59,OpCostGen,7466.391979
Baseline,REF,w6,OpCostGen,6001.104636
Baseline,REF,w60,OpCostGen,7118.170495
Baseline,REF,w61,OpCostGen,8357.535108
Baseline,REF,w62,OpCostGen,7913.067031
Baseline,REF,w63,OpCostGen,7490.561409
Baseline,REF,w64,OpCostGen,7399.358262
Baseline,REF,w65,OpCostGen,7584.833758
Baseline,REF,w66,OpCostGen,7330.370835
Baseline,REF,w67,OpCostGen,7646.484712
Baseline,REF,w68,OpCostGen,7538.98491
Baseline,REF,w69,OpCostGen,8423.005292
Baseline,REF,w7,OpCostGen,8057.816622
Baseline,REF,w70,OpCostGen,7669.815093
Baseline,REF,w71,OpCostGen,8141.07751
Baseline,REF,w72,OpCostGen,8421.89307
Baseline,REF,w73,OpCostGen,7933.101807
Baseline,REF,w74,OpCostGen,7772.905722
Baseline,REF,w75,OpCostGen,7888.434811
Baseline,REF,w76,OpCostGen,5249.839248
Baseline,REF,w77,OpCostGen,7235.323497
Baseline,REF,w78,OpCostGen,7170.100636
Baseline,REF,w79,OpCostGen,9602.332463
Baseline,REF,w8,OpCostGen,6648.732333
Baseline,REF,w80,OpCostGen,7693.67699
Baseline,REF,w81,OpCostGen,6915.72365
Baseline,REF,w82,OpCostGen,7223.329379
Baseline,REF,w83,OpCostGen,7902.802068
Baseline,REF,w84,OpCostGen,7466.719152
Baseline,REF,w85,OpCostGen,7720.04457
Baseline,REF,w86,OpCostGen,7846.474621
Baseline,REF,w87,OpCostGen,7741.571873
Baseline,REF,w88,OpCostGen,6929.805292
Baseline,REF,w89,OpCostGen,7736.322039
Baseline,REF,w9,OpCostGen,6975.721304
Baseline,REF,w90,OpCostGen,8931.371057
Baseline,REF,w91,OpCostGen,7526.534684
Baseline,REF,w92,OpCostGen,7890.096001
Baseline,REF,w93,OpCostGen,7742.09036
Baseline,REF,w94,OpCostGen,7034.398112
Baseline,REF,w95,OpCostGen,8701.95264
Baseline,REF,w96,OpCostGen,7505.663504
Baseline,REF,w97,OpCostGen,7013.434683
Baseline,REF,w98,OpCostGen,7453.164117
Baseline,REF,w99,OpCostGen,7905.285326
Baseline,BRIDGE,w1,PNSCost,2.690949794
Baseline,BRIDGE,w10,PNSCost,9.598525435
Baseline,BRIDGE,w100,PNSCost,16.84789676
Baseline,BRIDGE,w11,PNSCost,16.63351609
Baseline,BRIDGE,w12,PNSCost,6.259672271
Baseline,BRIDGE,w13,PNSCost,0.2828110349
Baseline,BRIDGE,w14,PNSCost,18.67012471
Baseline,BRIDGE,w15,PNSCost,24.4263295
Baseline,BRIDGE,w16,PNSCost,4.281607225
Baseline,BRIDGE,w17,PNSCost,3.215962883
Baseline,BRIDGE,w18,PNSCost,0.9141708723
Baseline,BRIDGE,w19,PNSCost,26.08039329
Baseline,BRIDGE,w2,PNSCost,23.01788743
Baseline,BRIDGE,w20,PNSCost,0.7387410063
Baseline,BRIDGE,w21,PNSCost,0
Baseline,BRIDGE,w22,PNSCost,1.956700655
Baseline,BRIDGE,w23,PNSCost,1.290750868
Baseline,BRIDGE,w24,PNSCost,0
Baseline,BRIDGE,w25,PNSCost,30.00403926
Baseline,BRIDGE,w26,PNSCost,0
Baseline,BRIDGE,w27,PNSCost,3.725261912
Baseline,BRIDGE,w28,PNSCost,7.507705619
Baseline,BRIDGE,w29,PNSCost,0
Baseline,BRIDGE,w3,PNSCost,42.40262032
Baseline,BRIDGE,w30,PNSCost,0.8514926444
Baseline,BRIDGE,w31,PNSCost,2.72080011
Baseline,BRIDGE,w32,PNSCost,0.6308809127
Baseline,BRIDGE,w33,PNSCost,24.00016106
Baseline,BRIDGE,w34,PNSCost,8.486350534
Baseline,BRIDGE,w35,PNSCost,1.649976679
Baseline,BRIDGE,w36,PNSCost,1.645114154
Baseline,BRIDGE,w37,PNSCost,2.24241444
Baseline,BRIDGE,w38,PNSCost,2.440097236
Baseline,BRIDGE,w39,PNSCost,0
Baseline,BRIDGE,w4,PNSCost,0.3039523078
Baseline,BRIDGE,w40,PNSCost,0
Baseline,BRIDGE,w41,PNSCost,2.757864133
Baseline,BRIDGE,w42,PNSCost,1.45352928
Baseline,BRIDGE,w43,PNSCost,17.29757079
Baseline,BRIDGE,w44,PNSCost,24.0656792
Baseline,BRIDGE,w45,PNSCost,1.522731726
Baseline,BRIDGE,w46,PNSCost,0.08096212973
Baseline,BRIDGE,w47,PNSCost,1.995764593
Baseline,BRIDGE,w48,PNSCost,0
Baseline,BRIDGE,w49,PNSCost,11.60748261
Baseline,BRIDGE,w5,PNSCost,0
Baseline,BRIDGE,w50,PNSCost,4.793662485
Baseline,BRIDGE,w51,PNSCost,5.400477997
Baseline,BRIDGE,w52,PNSCost,9.408432901
Baseline,BRIDGE,w53,PNSCost,11.95362678
Baseline,BRIDGE,w54,PNSCost,2.269996027
Baseline,BRIDGE,w55,PNSCost,1.329991392
Baseline,BRIDGE,w56,PNSCost,0
Baseline,BRIDGE,w57,PNSCost,2.472361288
Baseline,BRIDGE,w58,PNSCost,21.37901303
Baseline,BRIDGE,w59,PNSCost,2.041208787
Baseline,BRIDGE,w6,PNSCost,6.75438843
Baseline,BRIDGE,w60,PNSCost,0
Baseline,BRIDGE,w61,PNSCost,25.84855516
Baseline,BRIDGE,w62,PNSCost,1.585430773
Baseline,BRIDGE,w63,PNSCost,1.080553035
Baseline,BRIDGE,w64,PNSCost,7.2157821
Baseline,BRIDGE,w65,PNSCost,4.348247189
Baseline,BRIDGE,w66,PNSCost,6.222259046
Baseline,BRIDGE,w67,PNSCost,2.194560519
Baseline,BRIDGE,w68,PNSCost,6.182114437
Baseline,BRIDGE,w69,PNSCost,12.39668632
Baseline,BRIDGE,w7,PNSCost,13.44340697
Baseline,BRIDGE,w70,PNSCost,12.26470164
Baseline,BRIDGE,w71,PNSCost,17.75360882
Baseline,BRIDGE,w72,PNSCost,1.2996815
Baseline,BRIDGE,w73,PNSCost,0
Baseline,BRIDGE,w74,PNSCost,1.841427695
Baseline,BRIDGE,w75,PNSCost,1.003399894
Baseline,BRIDGE,w76,PNSCost,3.871300463
Baseline,BRIDGE,w77,PNSCost,31.08815923
Baseline,BRIDGE,w78,PNSCost,1.784000301
Baseline,BRIDGE,w79,PNSCost,21.56532172
Baseline,BRIDGE,w8,PNSCost,41.28736302
Baseline,BRIDGE,w80,PNSCost,34.20463519
Baseline,BRIDGE,w81,PNSCost,25.54871862
Baseline,BRIDGE,w82,PNSCost,20.16783008
Baseline,BRIDGE,w83,PNSCost,18.73559335
Baseline,BRIDGE,w84,PNSCost,28.32334555
Baseline,BRIDGE,w85,PNSCost,8.208566626
Baseline,BRIDGE,w86,PNSCost,35.8915467
Baseline,BRIDGE,w87,PNSCost,14.10555669
Baseline,BRIDGE,w88,PNSCost,0.9052170353
Baseline,BRIDGE,w89,PNSCost,0.05877190874
Baseline,BRIDGE,w9,PNSCost,6.169538753
Baseline,BRIDGE,w90,PNSCost,0
Baseline,BRIDGE,w91,PNSCost,5.564482783
Baseline,BRIDGE,w92,PNSCost,0.4338802874
Baseline,BRIDGE,w93,PNSCost,0
Baseline,BRIDGE,w94,PNSCost,14.74545325
Baseline,BRIDGE,w95,PNSCost,12.49044719
Baseline,BRIDGE,w96,PNSCost,2.349308503
Baseline,BRIDGE,w97,PNSCost,4.137832278
Baseline,BRIDGE,w98,PNSCost,2.172768569
Baseline,BRIDGE,w99,PNSCost,0.5546896947
Baseline,NZT,w1,PNSCost,18.04661437
Baseline,NZT,w10,PNSCost,1.949661906
Baseline,NZT,w100,PNSCost,9.903849994
Baseline,NZT,w11,PNSCost,17.35637109
Baseline,NZT,w12,PNSCost,0
Baseline,NZT,w13,PNSCost,5.226221737
Baseline,NZT,w14,PNSCost,52.53621963
Baseline,NZT,w15,PNSCost,31.56652307
Baseline,NZT,w16,PNSCost,4.08584179
Baseline,NZT,w17,PNSCost,43.56160896
Baseline,NZT,w18,PNSCost,14.15050241
Baseline,NZT,w19,PNSCost,2.914914963
Baseline,NZT,w2,PNSCost,31.63181569
Baseline,NZT,w20,PNSCost,0
Baseline,NZT,w21,PNSCost,0
Baseline,NZT,w22,PNSCost,8.936864351
Baseline,NZT,w23,PNSCost,4.644532102
Baseline,NZT,w24,PNSCost,2.710513989
Baseline,NZT,w25,PNSCost,107.1568811
Baseline,NZT,w26,PNSCost,0
Baseline,NZT,w27,PNSCost,7.512490505
Baseline,NZT,w28,PNSCost,0
Baseline,NZT,w29,PNSCost,0.2267134508
Baseline,NZT,w3,PNSCost,7.135063772
Baseline,NZT,w30,PNSCost,12.58449973
Baseline,NZT,w31,PNSCost,23.73452781
Baseline,NZT,w32,PNSCost,20.79372394
Baseline,NZT,w33,PNSCost,19.23489111
Baseline,NZT,w34,PNSCost,5.926029648
Baseline,NZT,w35,PNSCost,4.119053013
Baseline,NZT,w36,PNSCost,4.707440005
Baseline,NZT,w37,PNSCost,3.675948462
Baseline,NZT,w38,PNSCost,4.700677766
Baseline,NZT,w39,PNSCost,13.80437926
Baseline,NZT,w4,PNSCost,4.759662243
Baseline,NZT,w40,PNSCost,29.66139776
Baseline,NZT,w41,PNSCost,0
Baseline,NZT,w42,PNSCost,30.53042415
Baseline,NZT,w43,PNSCost,0.3050674252
Baseline,NZT,w44,PNSCost,1.364612845
Baseline,NZT,w45,PNSCost,34.40956031
Baseline,NZT,w46,PNSCost,4.392422338
Baseline,NZT,w47,PNSCost,14.40965695
Baseline,NZT,w48,PNSCost,0
Baseline,NZT,w49,PNSCost,67.34513989
Baseline,NZT,w5,PNSCost,2.0844204
Baseline,NZT,w50,PNSCost,5.776114841
Baseline,NZT,w51,PNSCost,3.095265605
Baseline,NZT,w52,PNSCost,0
Baseline,NZT,w53,PNSCost,3.194886946
Baseline,NZT,w54,PNSCost,6.88016733
Baseline,NZT,w55,PNSCost,1.688075173
Baseline,NZT,w56,PNSCost,16.7592182
Baseline,NZT,w57,PNSCost,5.022611983
Baseline,NZT,w58,PNSCost,9.233850549
Baseline,NZT,w59,PNSCost,4.365076536
Baseline,NZT,w6,PNSCost,0
Baseline,NZT,w60,PNSCost,10.61145725
Baseline,NZT,w61,PNSCost,5.313882108
Baseline,NZT,w62,PNSCost,13.35220348
Baseline,NZT,w63,PNSCost,1.807675055
Baseline,NZT,w64,PNSCost,31.18953342
Baseline,NZT,w65,PNSCost,9.669499627
Baseline,NZT,w66,PNSCost,2.762178623
Baseline,NZT,w67,PNSCost,4.869126876
Baseline,NZT,w68,PNSCost,19.33094797
Baseline,NZT,w69,PNSCost,6.742450289
Baseline,NZT,w7,PNSCost,12.46228119
Baseline,NZT,w70,PNSCost,1.582688253
Baseline,NZT,w71,PNSCost,30.48776255
Baseline,NZT,w72,PNSCost,0.5598485182
Baseline,NZT,w73,PNSCost,22.49075327
Baseline,NZT,w74,PNSCost,48.75574017
Baseline,NZT,w75,PNSCost,6.929704711
Baseline,NZT,w76,PNSCost,18.14094673
Baseline,NZT,w77,PNSCost,1.805749436
Baseline,NZT,w78,PNSCost,3.249904964
Baseline,NZT,w79,PNSCost,5.016478806
Baseline,NZT,w8,PNSCost,0
Baseline,NZT,w80,PNSCost,11.86204467
Baseline,NZT,w81,PNSCost,7.475754137
Baseline,NZT,w82,PNSCost,20.7983581
Baseline,NZT,w83,PNSCost,8.302144253
Baseline,NZT,w84,PNSCost,6.639093252
Baseline,NZT,w85,PNSCost,28.92803821
Baseline,NZT,w86,PNSCost,8.506473047
Baseline,NZT,w87,PNSCost,11.70693579
Baseline,NZT,w88,PNSCost,0
Baseline,NZT,w89,PNSCost,2.057202056
Baseline,NZT,w9,PNSCost,4.211227108
Baseline,NZT,w90,PNSCost,13.7292499
Baseline,NZT,w91,PNSCost,9.465610075
Baseline,NZT,w92,PNSCost,4.909145394
Baseline,NZT,w93,PNSCost,6.43594542
Baseline,NZT,w94,PNSCost,6.866253185
Baseline,NZT,w95,PNSCost,4.051631571
Baseline,NZT,w96,PNSCost,2.349308503
Baseline,NZT,w97,PNSCost,0
Baseline,NZT,w98,PNSCost,19.42882474
Baseline,NZT,w99,PNSCost,9.188315654
Baseline,REF,w1,PNSCost,1.981187853
Baseline,REF,w10,PNSCost,1.036001885
Baseline,REF,w100,PNSCost,22.96889881
Baseline,REF,w11,PNSCost,2.60408995
Baseline,REF,w12,PNSCost,77.44775616
Baseline,REF,w13,PNSCost,16.30247933
Baseline,REF,w14,PNSCost,13.15114173
Baseline,REF,w15,PNSCost,17.12114539
Baseline,REF,w16,PNSCost,8.861657417
Baseline,REF,w17,PNSCost,0
Baseline,REF,w18,PNSCost,8.975136609
Baseline,REF,w19,PNSCost,34.92659588
Baseline,REF,w2,PNSCost,24.58457785
Baseline,REF,w20,PNSCost,23.61554
Baseline,REF,w21,PNSCost,25.35871777
Baseline,REF,w22,PNSCost,8.852558215
Baseline,REF,w23,PNSCost,11.87690703
Baseline,REF,w24,PNSCost,42.77124338
Baseline,REF,w25,PNSCost,19.04864144
Baseline,REF,w26,PNSCost,0
Baseline,REF,w27,PNSCost,120.2199987
Baseline,REF,w28,PNSCost,42.60091204
Baseline,REF,w29,PNSCost,0.2267134508
Baseline,REF,w3,PNSCost,12.81302906
Baseline,REF,w30,PNSCost,2.094476453
Baseline,REF,w31,PNSCost,0.1269761073
Baseline,REF,w32,PNSCost,11.15809154
Baseline,REF,w33,PNSCost,1.361750906
Baseline,REF,w34,PNSCost,0
Baseline,REF,w35,PNSCost,133.1355151
Baseline,REF,w36,PNSCost,7.157387346
Baseline,REF,w37,PNSCost,13.86613043
Baseline,REF,w38,PNSCost,1.721196982
Baseline,REF,w39,PNSCost,5.031849819
Baseline,REF,w4,PNSCost,6.404288489
Baseline,REF,w40,PNSCost,11.94360216
Baseline,REF,w41,PNSCost,15.07113873
Baseline,REF,w42,PNSCost,1.587243758
Baseline,REF,w43,PNSCost,3.412921433
Baseline,REF,w44,PNSCost,16.97081063
Baseline,REF,w45,PNSCost,6.967602717
Baseline,REF,w46,PNSCost,74.5165077
Baseline,REF,w47,PNSCost,24.6036329
Baseline,REF,w48,PNSCost,1.036001885
Baseline,REF,w49,PNSCost,30.80158263
Baseline,REF,w5,PNSCost,32.9532142
Baseline,REF,w50,PNSCost,21.46571758
Baseline,REF,w51,PNSCost,52.58643399
Baseline,REF,w52,PNSCost,14.45467504
Baseline,REF,w53,PNSCost,1.639508327
Baseline,REF,w54,PNSCost,1.036001885
Baseline,REF,w55,PNSCost,26.09264894
Baseline,REF,w56,PNSCost,2.142939329
Baseline,REF,w57,PNSCost,1.445992456
Baseline,REF,w58,PNSCost,1.036001885
Baseline,REF,w59,PNSCost,2.21426128
Baseline,REF,w6,PNSCost,6.704674312
Baseline,REF,w60,PNSCost,2.705560042
Baseline,REF,w61,PNSCost,45.78654899
Baseline,REF,w62,PNSCost,2.181477403
Baseline,REF,w63,PNSCost,10.92520822
Baseline,REF,w64,PNSCost,2.480303511
Baseline,REF,w65,PNSCost,35.89976498
Baseline,REF,w66,PNSCost,28.28190632
Baseline,REF,w67,PNSCost,3.116275256
Baseline,REF,w68,PNSCost,13.15290049
Baseline,REF,w69,PNSCost,23.09757866
Baseline,REF,w7,PNSCost,15.40235298
Baseline,REF,w70,PNSCost,0.9918492478
Baseline,REF,w71,PNSCost,22.01661244
Baseline,REF,w72,PNSCost,14.54780973
Baseline,REF,w73,PNSCost,23.17014696
Baseline,REF,w74,PNSCost,10.87855314
Baseline,REF,w75,PNSCost,12.89379806
Baseline,REF,w76,PNSCost,2.690668921
Baseline,REF,w77,PNSCost,9.973360745
Baseline,REF,w78,PNSCost,6.973431349
Baseline,REF,w79,PNSCost,9.733906584
Baseline,REF,w8,PNSCost,14.2345199
Baseline,REF,w80,PNSCost,13.38042829
Baseline,REF,w81,PNSCost,5.423527093
Baseline,REF,w82,PNSCost,21.57336951
Baseline,REF,w83,PNSCost,1.036001885
Baseline,REF,w84,PNSCost,1.656428725
Baseline,REF,w85,PNSCost,1.580870031
Baseline,REF,w86,PNSCost,44.76350314
Baseline,REF,w87,PNSCost,33.86596222
Baseline,REF,w88,PNSCost,9.060459902
Baseline,REF,w89,PNSCost,3.751529785
Baseline,REF,w9,PNSCost,18.1136636
Baseline,REF,w90,PNSCost,23.2983589
Baseline,REF,w91,PNSCost,15.11381734
Baseline,REF,w92,PNSCost,18.04918648
Baseline,REF,w93,PNSCost,19.07695895
Baseline,REF,w94,PNSCost,8.315514025
Baseline,REF,w95,PNSCost,11.69603023
Baseline,REF,w96,PNSCost,6.484136699
Baseline,REF,w97,PNSCost,6.27210275
Baseline,REF,w98,PNSCost,18.48966281
Baseline,REF,w99,PNSCost,5.393796995
Baseline,BRIDGE,w1,TransmissionCost,312.5873464
Baseline,BRIDGE,w10,TransmissionCost,313.0813707
Baseline,BRIDGE,w100,TransmissionCost,345.1330118
Baseline,BRIDGE,w11,TransmissionCost,296.2867623
Baseline,BRIDGE,w12,TransmissionCost,295.2189436
Baseline,BRIDGE,w13,TransmissionCost,295.7373022
Baseline,BRIDGE,w14,TransmissionCost,295.2189436
Baseline,BRIDGE,w15,TransmissionCost,295.7373022
Baseline,BRIDGE,w16,TransmissionCost,300.4856482
Baseline,BRIDGE,w17,TransmissionCost,328.1351261
Baseline,BRIDGE,w18,TransmissionCost,395.7373022
Baseline,BRIDGE,w19,TransmissionCost,309.6464984
Baseline,BRIDGE,w2,TransmissionCost,296.2867623
Baseline,BRIDGE,w20,TransmissionCost,397.5746543
Baseline,BRIDGE,w21,TransmissionCost,560.8721055
Baseline,BRIDGE,w22,TransmissionCost,395.7373022
Baseline,BRIDGE,w23,TransmissionCost,397.0562958
Baseline,BRIDGE,w24,TransmissionCost,399.3745688
Baseline,BRIDGE,w25,TransmissionCost,295.7373022
Baseline,BRIDGE,w26,TransmissionCost,395.7373022
Baseline,BRIDGE,w27,TransmissionCost,397.5746543
Baseline,BRIDGE,w28,TransmissionCost,318.8703608
Baseline,BRIDGE,w29,TransmissionCost,542.179329
Baseline,BRIDGE,w3,TransmissionCost,368.5823901
Baseline,BRIDGE,w30,TransmissionCost,397.5746543
Baseline,BRIDGE,w31,TransmissionCost,399.3745688
Baseline,BRIDGE,w32,TransmissionCost,395.7373022
Baseline,BRIDGE,w33,TransmissionCost,316.8183642
Baseline,BRIDGE,w34,TransmissionCost,295.7373022
Baseline,BRIDGE,w35,TransmissionCost,295.7373022
Baseline,BRIDGE,w36,TransmissionCost,396.2867623
Baseline,BRIDGE,w37,TransmissionCost,295.2189436
Baseline,BRIDGE,w38,TransmissionCost,295.7373022
Baseline,BRIDGE,w39,TransmissionCost,610.0918078
Baseline,BRIDGE,w4,TransmissionCost,295.2189436
Baseline,BRIDGE,w40,TransmissionCost,395.2189436
Baseline,BRIDGE,w41,TransmissionCost,296.2867623
Baseline,BRIDGE,w42,TransmissionCost,295.7373022
Baseline,BRIDGE,w43,TransmissionCost,295.7373022
Baseline,BRIDGE,w44,TransmissionCost,295.7373022
Baseline,BRIDGE,w45,TransmissionCost,313.0159214
Baseline,BRIDGE,w46,TransmissionCost,295.7373022
Baseline,BRIDGE,w47,TransmissionCost,396.2867623
Baseline,BRIDGE,w48,TransmissionCost,295.7373022
Baseline,BRIDGE,w49,TransmissionCost,296.2867623
Baseline,BRIDGE,w5,TransmissionCost,395.7373022
Baseline,BRIDGE,w50,TransmissionCost,295.2189436
Baseline,BRIDGE,w51,TransmissionCost,300.4548888
Baseline,BRIDGE,w52,TransmissionCost,296.2867623
Baseline,BRIDGE,w53,TransmissionCost,294.2685888
Baseline,BRIDGE,w54,TransmissionCost,295.2189436
Baseline,BRIDGE,w55,TransmissionCost,295.7373022
Baseline,BRIDGE,w56,TransmissionCost,559.8042869
Baseline,BRIDGE,w57,TransmissionCost,296.2867623
Baseline,BRIDGE,w58,TransmissionCost,295.7373022
Baseline,BRIDGE,w59,TransmissionCost,396.2867623
Baseline,BRIDGE,w6,TransmissionCost,399.6985153
Baseline,BRIDGE,w60,TransmissionCost,395.2189436
Baseline,BRIDGE,w61,TransmissionCost,295.7373022
Baseline,BRIDGE,w62,TransmissionCost,474.3993563
Baseline,BRIDGE,w63,TransmissionCost,295.7373022
Baseline,BRIDGE,w64,TransmissionCost,397.9300406
Baseline,BRIDGE,w65,TransmissionCost,295.2189436
Baseline,BRIDGE,w66,TransmissionCost,295.2189436
Baseline,BRIDGE,w67,TransmissionCost,315.8366245
Baseline,BRIDGE,w68,TransmissionCost,296.2867623
Baseline,BRIDGE,w69,TransmissionCost,296.2867623
Baseline,BRIDGE,w7,TransmissionCost,295.2189436
Baseline,BRIDGE,w70,TransmissionCost,382.4938814
Baseline,BRIDGE,w71,TransmissionCost,549.1529134
Baseline,BRIDGE,w72,TransmissionCost,299.4742957
Baseline,BRIDGE,w73,TransmissionCost,494.207018
Baseline,BRIDGE,w74,TransmissionCost,344.0649261
Baseline,BRIDGE,w75,TransmissionCost,468.2092158
Baseline,BRIDGE,w76,TransmissionCost,397.5746543
Baseline,BRIDGE,w77,TransmissionCost,310.6551029
Baseline,BRIDGE,w78,TransmissionCost,295.2189436
Baseline,BRIDGE,w79,TransmissionCost,296.2867623
Baseline,BRIDGE,w8,TransmissionCost,294.7299261
Baseline,BRIDGE,w80,TransmissionCost,317.3678243
Baseline,BRIDGE,w81,TransmissionCost,295.2189436
Baseline,BRIDGE,w82,TransmissionCost,628.5873576
Baseline,BRIDGE,w83,TransmissionCost,342.0806533
Baseline,BRIDGE,w84,TransmissionCost,333.343168
Baseline,BRIDGE,w85,TransmissionCost,295.2189436
Baseline,BRIDGE,w86,TransmissionCost,296.2867623
Baseline,BRIDGE,w87,TransmissionCost,291.2975022
Baseline,BRIDGE,w88,TransmissionCost,398.9978593
Baseline,BRIDGE,w89,TransmissionCost,423.3609259
Baseline,BRIDGE,w9,TransmissionCost,286.579634
Baseline,BRIDGE,w90,TransmissionCost,600.5283895
Baseline,BRIDGE,w91,TransmissionCost,318.5188066
Baseline,BRIDGE,w92,TransmissionCost,310.2997166
Baseline,BRIDGE,w93,TransmissionCost,396.2867623
Baseline,BRIDGE,w94,TransmissionCost,295.2189436
Baseline,BRIDGE,w95,TransmissionCost,300.4548888
Baseline,BRIDGE,w96,TransmissionCost,395.2189436
Baseline,BRIDGE,w97,TransmissionCost,398.4483992
Baseline,BRIDGE,w98,TransmissionCost,560.3226454
Baseline,BRIDGE,w99,TransmissionCost,399.3745688
Baseline,NZT,w1,TransmissionCost,505.1399062
Baseline,NZT,w10,TransmissionCost,286.579634
Baseline,NZT,w100,TransmissionCost,442.8757552
Baseline,NZT,w11,TransmissionCost,442.8757552
Baseline,NZT,w12,TransmissionCost,546.164037
Baseline,NZT,w13,TransmissionCost,286.579634
Baseline,NZT,w14,TransmissionCost,493.4438329
Baseline,NZT,w15,TransmissionCost,425.6826255
Baseline,NZT,w16,TransmissionCost,373.8545717
Baseline,NZT,w17,TransmissionCost,442.8757552
Baseline,NZT,w18,TransmissionCost,442.8757552
Baseline,NZT,w19,TransmissionCost,483.899886
Baseline,NZT,w2,TransmissionCost,452.2535225
Baseline,NZT,w20,TransmissionCost,546.164037
Baseline,NZT,w21,TransmissionCost,373.8545717
Baseline,NZT,w22,TransmissionCost,452.2535225
Baseline,NZT,w23,TransmissionCost,465.2092777
Baseline,NZT,w24,TransmissionCost,434.028805
Baseline,NZT,w25,TransmissionCost,493.3744285
Baseline,NZT,w26,TransmissionCost,373.8545717
Baseline,NZT,w27,TransmissionCost,373.8545717
Baseline,NZT,w28,TransmissionCost,558.0032521
Baseline,NZT,w29,TransmissionCost,373.8545717
Baseline,NZT,w3,TransmissionCost,452.2535225
Baseline,NZT,w30,TransmissionCost,452.2535225
Baseline,NZT,w31,TransmissionCost,286.579634
Baseline,NZT,w32,TransmissionCost,286.579634
Baseline,NZT,w33,TransmissionCost,483.899886
Baseline,NZT,w34,TransmissionCost,442.8757552
Baseline,NZT,w35,TransmissionCost,286.579634
Baseline,NZT,w36,TransmissionCost,286.579634
Baseline,NZT,w37,TransmissionCost,286.579634
Baseline,NZT,w38,TransmissionCost,286.579634
Baseline,NZT,w39,TransmissionCost,452.2535225
Baseline,NZT,w4,TransmissionCost,286.579634
Baseline,NZT,w40,TransmissionCost,452.2535225
Baseline,NZT,w41,TransmissionCost,546.164037
Baseline,NZT,w42,TransmissionCost,452.2535225
Baseline,NZT,w43,TransmissionCost,286.579634
Baseline,NZT,w44,TransmissionCost,516.5298961
Baseline,NZT,w45,TransmissionCost,471.6677791
Baseline,NZT,w46,TransmissionCost,483.899886
Baseline,NZT,w47,TransmissionCost,452.2535225
Baseline,NZT,w48,TransmissionCost,558.0032521
Baseline,NZT,w49,TransmissionCost,434.028805
Baseline,NZT,w5,TransmissionCost,286.579634
Baseline,NZT,w50,TransmissionCost,469.4484429
Baseline,NZT,w51,TransmissionCost,286.579634
Baseline,NZT,w52,TransmissionCost,558.0032521
Baseline,NZT,w53,TransmissionCost,286.579634
Baseline,NZT,w54,TransmissionCost,442.8757552
Baseline,NZT,w55,TransmissionCost,286.579634
Baseline,NZT,w56,TransmissionCost,442.8757552
Baseline,NZT,w57,TransmissionCost,286.579634
Baseline,NZT,w58,TransmissionCost,286.579634
Baseline,NZT,w59,TransmissionCost,452.2535225
Baseline,NZT,w6,TransmissionCost,558.0032521
Baseline,NZT,w60,TransmissionCost,452.2535225
Baseline,NZT,w61,TransmissionCost,442.8757552
Baseline,NZT,w62,TransmissionCost,442.8757552
Baseline,NZT,w63,TransmissionCost,462.1939558
Baseline,NZT,w64,TransmissionCost,434.028805
Baseline,NZT,w65,TransmissionCost,373.8545717
Baseline,NZT,w66,TransmissionCost,462.1939558
Baseline,NZT,w67,TransmissionCost,373.8545717
Baseline,NZT,w68,TransmissionCost,373.8545717
Baseline,NZT,w69,TransmissionCost,442.8757552
Baseline,NZT,w7,TransmissionCost,442.8757552
Baseline,NZT,w70,TransmissionCost,373.8545717
Baseline,NZT,w71,TransmissionCost,425.6826255
Baseline,NZT,w72,TransmissionCost,546.164037
Baseline,NZT,w73,TransmissionCost,442.8757552
Baseline,NZT,w74,TransmissionCost,442.8757552
Baseline,NZT,w75,TransmissionCost,373.8545717
Baseline,NZT,w76,TransmissionCost,472.7308151
Baseline,NZT,w77,TransmissionCost,546.164037
Baseline,NZT,w78,TransmissionCost,462.1939558
Baseline,NZT,w79,TransmissionCost,505.1399062
Baseline,NZT,w8,TransmissionCost,558.0032521
Baseline,NZT,w80,TransmissionCost,373.8545717
Baseline,NZT,w81,TransmissionCost,373.8545717
Baseline,NZT,w82,TransmissionCost,442.8757552
Baseline,NZT,w83,TransmissionCost,452.2535225
Baseline,NZT,w84,TransmissionCost,434.028805
Baseline,NZT,w85,TransmissionCost,442.8757552
Baseline,NZT,w86,TransmissionCost,452.2535225
Baseline,NZT,w87,TransmissionCost,452.2535225
Baseline,NZT,w88,TransmissionCost,558.0032521
Baseline,NZT,w89,TransmissionCost,373.8545717
Baseline,NZT,w9,TransmissionCost,286.579634
Baseline,NZT,w90,TransmissionCost,385.0493498
Baseline,NZT,w91,TransmissionCost,452.2535225
Baseline,NZT,w92,TransmissionCost,442.8757552
Baseline,NZT,w93,TransmissionCost,434.028805
Baseline,NZT,w94,TransmissionCost,452.2535225
Baseline,NZT,w95,TransmissionCost,452.2535225
Baseline,NZT,w96,TransmissionCost,373.8545717
Baseline,NZT,w97,TransmissionCost,558.0032521
Baseline,NZT,w98,TransmissionCost,373.8545717
Baseline,NZT,w99,TransmissionCost,452.2535225
Baseline,REF,w1,TransmissionCost,341.4534249
Baseline,REF,w10,TransmissionCost,718.1310856
Baseline,REF,w100,TransmissionCost,291.2975022
Baseline,REF,w11,TransmissionCost,9244.923899
Baseline,REF,w12,TransmissionCost,705.949855
Baseline,REF,w13,TransmissionCost,666.6829455
Baseline,REF,w14,TransmissionCost,575.379351
Baseline,REF,w15,TransmissionCost,300.2198839
Baseline,REF,w16,TransmissionCost,708.7186645
Baseline,REF,w17,TransmissionCost,610.1512288
Baseline,REF,w18,TransmissionCost,398.697654
Baseline,REF,w19,TransmissionCost,291.5805743
Baseline,REF,w2,TransmissionCost,632.99303
Baseline,REF,w20,TransmissionCost,300.7382425
Baseline,REF,w21,TransmissionCost,313.9870684
Baseline,REF,w22,TransmissionCost,401.4801003
Baseline,REF,w23,TransmissionCost,299.7308663
Baseline,REF,w24,TransmissionCost,433.0798661
Baseline,REF,w25,TransmissionCost,366.2198839
Baseline,REF,w26,TransmissionCost,571.483123
Baseline,REF,w27,TransmissionCost,433.9840173
Baseline,REF,w28,TransmissionCost,330.832381
Baseline,REF,w29,TransmissionCost,330.7159649
Baseline,REF,w3,TransmissionCost,607.3809385
Baseline,REF,w30,TransmissionCost,357.5805743
Baseline,REF,w31,TransmissionCost,616.1692775
Baseline,REF,w32,TransmissionCost,646.2977603
Baseline,REF,w33,TransmissionCost,650.5002339
Baseline,REF,w34,TransmissionCost,560.9220117
Baseline,REF,w35,TransmissionCost,460.7335805
Baseline,REF,w36,TransmissionCost,514.1874135
Baseline,REF,w37,TransmissionCost,640.10435
Baseline,REF,w38,TransmissionCost,9244.923899
Baseline,REF,w39,TransmissionCost,828.1686796
Baseline,REF,w4,TransmissionCost,327.9001212
Baseline,REF,w40,TransmissionCost,741.8647642
Baseline,REF,w41,TransmissionCost,580.1224326
Baseline,REF,w42,TransmissionCost,424.8321891
Baseline,REF,w43,TransmissionCost,9215.052984
Baseline,REF,w44,TransmissionCost,555.889702
Baseline,REF,w45,TransmissionCost,669.4347668
Baseline,REF,w46,TransmissionCost,602.5846377
Baseline,REF,w47,TransmissionCost,661.5800974
Baseline,REF,w48,TransmissionCost,700.1066565
Baseline,REF,w49,TransmissionCost,487.6175198
Baseline,REF,w5,TransmissionCost,584.6463895
Baseline,REF,w50,TransmissionCost,478.0318119
Baseline,REF,w51,TransmissionCost,349.6155935
Baseline,REF,w52,TransmissionCost,571.483123
Baseline,REF,w53,TransmissionCost,724.6266317
Baseline,REF,w54,TransmissionCost,636.1849865
Baseline,REF,w55,TransmissionCost,775.0530929
Baseline,REF,w56,TransmissionCost,637.483123
Baseline,REF,w57,TransmissionCost,301.2877025
Baseline,REF,w58,TransmissionCost,571.483123
Baseline,REF,w59,TransmissionCost,547.9480089
Baseline,REF,w6,TransmissionCost,1442.374434
Baseline,REF,w60,TransmissionCost,9244.923899
Baseline,REF,w61,TransmissionCost,635.4201296
Baseline,REF,w62,TransmissionCost,729.7689285
Baseline,REF,w63,TransmissionCost,646.350092
Baseline,REF,w64,TransmissionCost,553.7709599
Baseline,REF,w65,TransmissionCost,582.1330034
Baseline,REF,w66,TransmissionCost,680.2293701
Baseline,REF,w67,TransmissionCost,329.5609354
Baseline,REF,w68,TransmissionCost,365.9368118
Baseline,REF,w69,TransmissionCost,377.8406226
Baseline,REF,w7,TransmissionCost,396.5719515
Baseline,REF,w70,TransmissionCost,400.3861315
Baseline,REF,w71,TransmissionCost,362.4840348
Baseline,REF,w72,TransmissionCost,659.4137164
Baseline,REF,w73,TransmissionCost,386.2251145
Baseline,REF,w74,TransmissionCost,368.6060242
Baseline,REF,w75,TransmissionCost,677.2239473
Baseline,REF,w76,TransmissionCost,7129.622593
Baseline,REF,w77,TransmissionCost,807.3915861
Baseline,REF,w78,TransmissionCost,650.3160187
Baseline,REF,w79,TransmissionCost,407.4910407
Baseline,REF,w8,TransmissionCost,679.0900382
Baseline,REF,w80,TransmissionCost,385.2608116
Baseline,REF,w81,TransmissionCost,451.2881529
Baseline,REF,w82,TransmissionCost,628.3965041
Baseline,REF,w83,TransmissionCost,654.2900398
Baseline,REF,w84,TransmissionCost,410.0832842
Baseline,REF,w85,TransmissionCost,9244.923899
Baseline,REF,w86,TransmissionCost,413.3081215
Baseline,REF,w87,TransmissionCost,610.3911241
Baseline,REF,w88,TransmissionCost,922.2456738
Baseline,REF,w89,TransmissionCost,308.6997002
Baseline,REF,w9,TransmissionCost,456.9713907
Baseline,REF,w90,TransmissionCost,326.5262361
Baseline,REF,w91,TransmissionCost,621.9658839
Baseline,REF,w92,TransmissionCost,644.9510931
Baseline,REF,w93,TransmissionCost,287.896632
Baseline,REF,w94,TransmissionCost,322.2342574
Baseline,REF,w95,TransmissionCost,526.3090795
Baseline,REF,w96,TransmissionCost,325.4565702
Baseline,REF,w97,TransmissionCost,377.6943848
Baseline,REF,w98,TransmissionCost,662.5280908
Baseline,REF,w99,TransmissionCost,300.2198839
Baseline,BRIDGE,w1,NewGenBuiltCost,13788.79496
Baseline,BRIDGE,w10,NewGenBuiltCost,14916.97439
Baseline,BRIDGE,w100,NewGenBuiltCost,13711.64102
Baseline,BRIDGE,w11,NewGenBuiltCost,15347.71647
Baseline,BRIDGE,w12,NewGenBuiltCost,15393.44404
Baseline,BRIDGE,w13,NewGenBuiltCost,15937.41205
Baseline,BRIDGE,w14,NewGenBuiltCost,13736.2095
Baseline,BRIDGE,w15,NewGenBuiltCost,14317.28227
Baseline,BRIDGE,w16,NewGenBuiltCost,15234.28249
Baseline,BRIDGE,w17,NewGenBuiltCost,14055.10613
Baseline,BRIDGE,w18,NewGenBuiltCost,14895.95161
Baseline,BRIDGE,w19,NewGenBuiltCost,13953.02782
Baseline,BRIDGE,w2,NewGenBuiltCost,15523.73783
Baseline,BRIDGE,w20,NewGenBuiltCost,16486.52293
Baseline,BRIDGE,w21,NewGenBuiltCost,14929.69608
Baseline,BRIDGE,w22,NewGenBuiltCost,17785.22978
Baseline,BRIDGE,w23,NewGenBuiltCost,14980.02871
Baseline,BRIDGE,w24,NewGenBuiltCost,15668.21522
Baseline,BRIDGE,w25,NewGenBuiltCost,14390.05531
Baseline,BRIDGE,w26,NewGenBuiltCost,14898.00597
Baseline,BRIDGE,w27,NewGenBuiltCost,15547.38635
Baseline,BRIDGE,w28,NewGenBuiltCost,14425.2354
Baseline,BRIDGE,w29,NewGenBuiltCost,14997.81271
Baseline,BRIDGE,w3,NewGenBuiltCost,13393.11627
Baseline,BRIDGE,w30,NewGenBuiltCost,16022.32554
Baseline,BRIDGE,w31,NewGenBuiltCost,15550.65083
Baseline,BRIDGE,w32,NewGenBuiltCost,15457.05873
Baseline,BRIDGE,w33,NewGenBuiltCost,14111.83459
Baseline,BRIDGE,w34,NewGenBuiltCost,14657.34258
Baseline,BRIDGE,w35,NewGenBuiltCost,14028.64302
Baseline,BRIDGE,w36,NewGenBuiltCost,15781.92568
Baseline,BRIDGE,w37,NewGenBuiltCost,15252.62782
Baseline,BRIDGE,w38,NewGenBuiltCost,18152.39775
Baseline,BRIDGE,w39,NewGenBuiltCost,14638.31731
Baseline,BRIDGE,w4,NewGenBuiltCost,15664.2811
Baseline,BRIDGE,w40,NewGenBuiltCost,15714.73788
Baseline,BRIDGE,w41,NewGenBuiltCost,14136.3781
Baseline,BRIDGE,w42,NewGenBuiltCost,15416.24352
Baseline,BRIDGE,w43,NewGenBuiltCost,14966.55168
Baseline,BRIDGE,w44,NewGenBuiltCost,13943.02942
Baseline,BRIDGE,w45,NewGenBuiltCost,14047.59973
Baseline,BRIDGE,w46,NewGenBuiltCost,15541.84627
Baseline,BRIDGE,w47,NewGenBuiltCost,15352.24954
Baseline,BRIDGE,w48,NewGenBuiltCost,15213.36185
Baseline,BRIDGE,w49,NewGenBuiltCost,14241.56454
Baseline,BRIDGE,w5,NewGenBuiltCost,15899.46488
Baseline,BRIDGE,w50,NewGenBuiltCost,14256.60925
Baseline,BRIDGE,w51,NewGenBuiltCost,14192.52528
Baseline,BRIDGE,w52,NewGenBuiltCost,14121.89062
Baseline,BRIDGE,w53,NewGenBuiltCost,17252.85167
Baseline,BRIDGE,w54,NewGenBuiltCost,16749.3358
Baseline,BRIDGE,w55,NewGenBuiltCost,18370.10878
Baseline,BRIDGE,w56,NewGenBuiltCost,14954.37581
Baseline,BRIDGE,w57,NewGenBuiltCost,15388.92866
Baseline,BRIDGE,w58,NewGenBuiltCost,17706.65744
Baseline,BRIDGE,w59,NewGenBuiltCost,15703.10036
Baseline,BRIDGE,w6,NewGenBuiltCost,13942.77091
Baseline,BRIDGE,w60,NewGenBuiltCost,15023.19862
Baseline,BRIDGE,w61,NewGenBuiltCost,13926.30539
Baseline,BRIDGE,w62,NewGenBuiltCost,14896.03327
Baseline,BRIDGE,w63,NewGenBuiltCost,14106.16715
Baseline,BRIDGE,w64,NewGenBuiltCost,16013.6098
Baseline,BRIDGE,w65,NewGenBuiltCost,13844.32347
Baseline,BRIDGE,w66,NewGenBuiltCost,14004.80813
Baseline,BRIDGE,w67,NewGenBuiltCost,13641.66494
Baseline,BRIDGE,w68,NewGenBuiltCost,14144.18371
Baseline,BRIDGE,w69,NewGenBuiltCost,13984.57421
Baseline,BRIDGE,w7,NewGenBuiltCost,14447.12583
Baseline,BRIDGE,w70,NewGenBuiltCost,15187.25927
Baseline,BRIDGE,w71,NewGenBuiltCost,14741.52921
Baseline,BRIDGE,w72,NewGenBuiltCost,14101.17962
Baseline,BRIDGE,w73,NewGenBuiltCost,15453.73036
Baseline,BRIDGE,w74,NewGenBuiltCost,14092.69923
Baseline,BRIDGE,w75,NewGenBuiltCost,14456.46934
Baseline,BRIDGE,w76,NewGenBuiltCost,15807.39976
Baseline,BRIDGE,w77,NewGenBuiltCost,14145.54772
Baseline,BRIDGE,w78,NewGenBuiltCost,13905.91186
Baseline,BRIDGE,w79,NewGenBuiltCost,14359.24277
Baseline,BRIDGE,w8,NewGenBuiltCost,14314.6124
Baseline,BRIDGE,w80,NewGenBuiltCost,15342.90803
Baseline,BRIDGE,w81,NewGenBuiltCost,14093.7064
Baseline,BRIDGE,w82,NewGenBuiltCost,14323.11102
Baseline,BRIDGE,w83,NewGenBuiltCost,14499.9154
Baseline,BRIDGE,w84,NewGenBuiltCost,14126.8586
Baseline,BRIDGE,w85,NewGenBuiltCost,14270.58059
Baseline,BRIDGE,w86,NewGenBuiltCost,13703.91696
Baseline,BRIDGE,w87,NewGenBuiltCost,14632.08315
Baseline,BRIDGE,w88,NewGenBuiltCost,15103.2982
Baseline,BRIDGE,w89,NewGenBuiltCost,15612.81953
Baseline,BRIDGE,w9,NewGenBuiltCost,14612.02079
Baseline,BRIDGE,w90,NewGenBuiltCost,14820.62194
Baseline,BRIDGE,w91,NewGenBuiltCost,15559.72826
Baseline,BRIDGE,w92,NewGenBuiltCost,15817.51946
Baseline,BRIDGE,w93,NewGenBuiltCost,15019.04361
Baseline,BRIDGE,w94,NewGenBuiltCost,14374.98339
Baseline,BRIDGE,w95,NewGenBuiltCost,15223.71935
Baseline,BRIDGE,w96,NewGenBuiltCost,14967.26671
Baseline,BRIDGE,w97,NewGenBuiltCost,15593.78362
Baseline,BRIDGE,w98,NewGenBuiltCost,14933.24515
Baseline,BRIDGE,w99,NewGenBuiltCost,16073.10257
Baseline,NZT,w1,NewGenBuiltCost,16553.10896
Baseline,NZT,w10,NewGenBuiltCost,18750.08619
Baseline,NZT,w100,NewGenBuiltCost,17373.0323
Baseline,NZT,w11,NewGenBuiltCost,16898.13647
Baseline,NZT,w12,NewGenBuiltCost,18862.07947
Baseline,NZT,w13,NewGenBuiltCost,20152.64488
Baseline,NZT,w14,NewGenBuiltCost,16832.88343
Baseline,NZT,w15,NewGenBuiltCost,16647.60955
Baseline,NZT,w16,NewGenBuiltCost,20287.9936
Baseline,NZT,w17,NewGenBuiltCost,16754.84896
Baseline,NZT,w18,NewGenBuiltCost,16723.05619
Baseline,NZT,w19,NewGenBuiltCost,17579.75626
Baseline,NZT,w2,NewGenBuiltCost,16738.24564
Baseline,NZT,w20,NewGenBuiltCost,18375.35453
Baseline,NZT,w21,NewGenBuiltCost,19338.98516
Baseline,NZT,w22,NewGenBuiltCost,17486.64821
Baseline,NZT,w23,NewGenBuiltCost,17510.2695
Baseline,NZT,w24,NewGenBuiltCost,16498.63503
Baseline,NZT,w25,NewGenBuiltCost,16157.85931
Baseline,NZT,w26,NewGenBuiltCost,18783.63481
Baseline,NZT,w27,NewGenBuiltCost,19162.31774
Baseline,NZT,w28,NewGenBuiltCost,17287.60511
Baseline,NZT,w29,NewGenBuiltCost,19022.07505
Baseline,NZT,w3,NewGenBuiltCost,17686.13991
Baseline,NZT,w30,NewGenBuiltCost,17541.42587
Baseline,NZT,w31,NewGenBuiltCost,18391.14891
Baseline,NZT,w32,NewGenBuiltCost,18549.93646
Baseline,NZT,w33,NewGenBuiltCost,16821.67758
Baseline,NZT,w34,NewGenBuiltCost,17618.62376
Baseline,NZT,w35,NewGenBuiltCost,18857.13232
Baseline,NZT,w36,NewGenBuiltCost,19643.45501
Baseline,NZT,w37,NewGenBuiltCost,18782.0166
Baseline,NZT,w38,NewGenBuiltCost,19810.96519
Baseline,NZT,w39,NewGenBuiltCost,16505.86607
Baseline,NZT,w4,NewGenBuiltCost,18817.28949
Baseline,NZT,w40,NewGenBuiltCost,17537.15095
Baseline,NZT,w41,NewGenBuiltCost,17655.32847
Baseline,NZT,w42,NewGenBuiltCost,16799.32605
Baseline,NZT,w43,NewGenBuiltCost,20158.13815
Baseline,NZT,w44,NewGenBuiltCost,17494.67284
Baseline,NZT,w45,NewGenBuiltCost,17581.11198
Baseline,NZT,w46,NewGenBuiltCost,17333.09042
Baseline,NZT,w47,NewGenBuiltCost,16560.5752
Baseline,NZT,w48,NewGenBuiltCost,17823.98415
Baseline,NZT,w49,NewGenBuiltCost,16420.99908
Baseline,NZT,w5,NewGenBuiltCost,18419.58054
Baseline,NZT,w50,NewGenBuiltCost,16991.90276
Baseline,NZT,w51,NewGenBuiltCost,19493.29477
Baseline,NZT,w52,NewGenBuiltCost,18965.15025
Baseline,NZT,w53,NewGenBuiltCost,18793.87336
Baseline,NZT,w54,NewGenBuiltCost,17231.72762
Baseline,NZT,w55,NewGenBuiltCost,19830.41277
Baseline,NZT,w56,NewGenBuiltCost,16948.385
Baseline,NZT,w57,NewGenBuiltCost,20408.11374
Baseline,NZT,w58,NewGenBuiltCost,19177.82406
Baseline,NZT,w59,NewGenBuiltCost,17758.9
Baseline,NZT,w6,NewGenBuiltCost,19254.8908
Baseline,NZT,w60,NewGenBuiltCost,17417.58748
Baseline,NZT,w61,NewGenBuiltCost,16971.62157
Baseline,NZT,w62,NewGenBuiltCost,17420.87857
Baseline,NZT,w63,NewGenBuiltCost,16689.40219
Baseline,NZT,w64,NewGenBuiltCost,16690.58346
Baseline,NZT,w65,NewGenBuiltCost,18755.35758
Baseline,NZT,w66,NewGenBuiltCost,17421.32232
Baseline,NZT,w67,NewGenBuiltCost,18006.69013
Baseline,NZT,w68,NewGenBuiltCost,18571.4169
Baseline,NZT,w69,NewGenBuiltCost,17397.51738
Baseline,NZT,w7,NewGenBuiltCost,16246.14401
Baseline,NZT,w70,NewGenBuiltCost,19263.27067
Baseline,NZT,w71,NewGenBuiltCost,17317.07958
Baseline,NZT,w72,NewGenBuiltCost,19226.23374
Baseline,NZT,w73,NewGenBuiltCost,17333.77936
Baseline,NZT,w74,NewGenBuiltCost,16621.49418
Baseline,NZT,w75,NewGenBuiltCost,18170.26086
Baseline,NZT,w76,NewGenBuiltCost,17305.54229
Baseline,NZT,w77,NewGenBuiltCost,18720.77712
Baseline,NZT,w78,NewGenBuiltCost,16770.62813
Baseline,NZT,w79,NewGenBuiltCost,17257.38292
Baseline,NZT,w8,NewGenBuiltCost,19305.44595
Baseline,NZT,w80,NewGenBuiltCost,18639.64789
Baseline,NZT,w81,NewGenBuiltCost,19147.98352
Baseline,NZT,w82,NewGenBuiltCost,17499.43532
Baseline,NZT,w83,NewGenBuiltCost,17713.01425
Baseline,NZT,w84,NewGenBuiltCost,17563.18505
Baseline,NZT,w85,NewGenBuiltCost,16948.385
Baseline,NZT,w86,NewGenBuiltCost,17360.14303
Baseline,NZT,w87,NewGenBuiltCost,16657.15924
Baseline,NZT,w88,NewGenBuiltCost,17425.21084
Baseline,NZT,w89,NewGenBuiltCost,18170.66701
Baseline,NZT,w9,NewGenBuiltCost,18548.00409
Baseline,NZT,w90,NewGenBuiltCost,18455.57751
Baseline,NZT,w91,NewGenBuiltCost,17041.86997
Baseline,NZT,w92,NewGenBuiltCost,17643.21989
Baseline,NZT,w93,NewGenBuiltCost,16658.27244
Baseline,NZT,w94,NewGenBuiltCost,16918.71079
Baseline,NZT,w95,NewGenBuiltCost,16836.26788
Baseline,NZT,w96,NewGenBuiltCost,18849.12277
Baseline,NZT,w97,NewGenBuiltCost,18935.78841
Baseline,NZT,w98,NewGenBuiltCost,18344.87875
Baseline,NZT,w99,NewGenBuiltCost,16678.54492
Baseline,REF,w1,NewGenBuiltCost,15094.88386
Baseline,REF,w10,NewGenBuiltCost,15645.94694
Baseline,REF,w100,NewGenBuiltCost,14970.9759
Baseline,REF,w11,NewGenBuiltCost,32219.86248
Baseline,REF,w12,NewGenBuiltCost,15549.76672
Baseline,REF,w13,NewGenBuiltCost,14731.79598
Baseline,REF,w14,NewGenBuiltCost,14736.31149
Baseline,REF,w15,NewGenBuiltCost,14859.12106
Baseline,REF,w16,NewGenBuiltCost,14997.65926
Baseline,REF,w17,NewGenBuiltCost,14642.51992
Baseline,REF,w18,NewGenBuiltCost,16303.12591
Baseline,REF,w19,NewGenBuiltCost,14796.18
Baseline,REF,w2,NewGenBuiltCost,15686.91205
Baseline,REF,w20,NewGenBuiltCost,14448.33918
Baseline,REF,w21,NewGenBuiltCost,14318.74609
Baseline,REF,w22,NewGenBuiltCost,15803.07313
Baseline,REF,w23,NewGenBuiltCost,14653.59235
Baseline,REF,w24,NewGenBuiltCost,14619.33807
Baseline,REF,w25,NewGenBuiltCost,14865.06099
Baseline,REF,w26,NewGenBuiltCost,15106.45456
Baseline,REF,w27,NewGenBuiltCost,15843.27228
Baseline,REF,w28,NewGenBuiltCost,14972.69546
Baseline,REF,w29,NewGenBuiltCost,16982.5063
Baseline,REF,w3,NewGenBuiltCost,14813.17603
Baseline,REF,w30,NewGenBuiltCost,16302.94685
Baseline,REF,w31,NewGenBuiltCost,14659.22072
Baseline,REF,w32,NewGenBuiltCost,14946.20231
Baseline,REF,w33,NewGenBuiltCost,15020.03693
Baseline,REF,w34,NewGenBuiltCost,14650.44492
Baseline,REF,w35,NewGenBuiltCost,15823.96159
Baseline,REF,w36,NewGenBuiltCost,15167.90189
Baseline,REF,w37,NewGenBuiltCost,14787.2547
Baseline,REF,w38,NewGenBuiltCost,32292.85842
Baseline,REF,w39,NewGenBuiltCost,14845.95257
Baseline,REF,w4,NewGenBuiltCost,17191.09855
Baseline,REF,w40,NewGenBuiltCost,14976.60758
Baseline,REF,w41,NewGenBuiltCost,15100.10138
Baseline,REF,w42,NewGenBuiltCost,14953.60685
Baseline,REF,w43,NewGenBuiltCost,32263.49212
Baseline,REF,w44,NewGenBuiltCost,14819.34097
Baseline,REF,w45,NewGenBuiltCost,16635.91611
Baseline,REF,w46,NewGenBuiltCost,14650.11672
Baseline,REF,w47,NewGenBuiltCost,15473.7098
Baseline,REF,w48,NewGenBuiltCost,15967.2273
Baseline,REF,w49,NewGenBuiltCost,14830.79433
Baseline,REF,w5,NewGenBuiltCost,14957.39822
Baseline,REF,w50,NewGenBuiltCost,15339.61401
Baseline,REF,w51,NewGenBuiltCost,15274.22531
Baseline,REF,w52,NewGenBuiltCost,14631.62403
Baseline,REF,w53,NewGenBuiltCost,14796.43045
Baseline,REF,w54,NewGenBuiltCost,14587.41593
Baseline,REF,w55,NewGenBuiltCost,14584.41818
Baseline,REF,w56,NewGenBuiltCost,14950.6547
Baseline,REF,w57,NewGenBuiltCost,14615.20538
Baseline,REF,w58,NewGenBuiltCost,15073.08528
Baseline,REF,w59,NewGenBuiltCost,14703.80065
Baseline,REF,w6,NewGenBuiltCost,16260.43644
Baseline,REF,w60,NewGenBuiltCost,32218.31003
Baseline,REF,w61,NewGenBuiltCost,15941.80298
Baseline,REF,w62,NewGenBuiltCost,14712.98668
Baseline,REF,w63,NewGenBuiltCost,14674.00229
Baseline,REF,w64,NewGenBuiltCost,16511.19474
Baseline,REF,w65,NewGenBuiltCost,16316.49968
Baseline,REF,w66,NewGenBuiltCost,14999.71898
Baseline,REF,w67,NewGenBuiltCost,15872.42325
Baseline,REF,w68,NewGenBuiltCost,14744.85011
Baseline,REF,w69,NewGenBuiltCost,14640.09652
Baseline,REF,w7,NewGenBuiltCost,14796.30114
Baseline,REF,w70,NewGenBuiltCost,14554.4843
Baseline,REF,w71,NewGenBuiltCost,14624.7891
Baseline,REF,w72,NewGenBuiltCost,15002.52694
Baseline,REF,w73,NewGenBuiltCost,15855.50483
Baseline,REF,w74,NewGenBuiltCost,15735.01212
Baseline,REF,w75,NewGenBuiltCost,14313.32667
Baseline,REF,w76,NewGenBuiltCost,27964.10465
Baseline,REF,w77,NewGenBuiltCost,14713.68967
Baseline,REF,w78,NewGenBuiltCost,15461.39442
Baseline,REF,w79,NewGenBuiltCost,15371.09154
Baseline,REF,w8,NewGenBuiltCost,17046.4734
Baseline,REF,w80,NewGenBuiltCost,14774.63841
Baseline,REF,w81,NewGenBuiltCost,15658.71688
Baseline,REF,w82,NewGenBuiltCost,15765.70299
Baseline,REF,w83,NewGenBuiltCost,14890.19063
Baseline,REF,w84,NewGenBuiltCost,14717.78717
Baseline,REF,w85,NewGenBuiltCost,32229.21608
Baseline,REF,w86,NewGenBuiltCost,14512.51158
Baseline,REF,w87,NewGenBuiltCost,14640.17613
Baseline,REF,w88,NewGenBuiltCost,16703.66367
Baseline,REF,w89,NewGenBuiltCost,14807.79237
Baseline,REF,w9,NewGenBuiltCost,17512.94406
Baseline,REF,w90,NewGenBuiltCost,14465.82817
Baseline,REF,w91,NewGenBuiltCost,14582.19118
Baseline,REF,w92,NewGenBuiltCost,14783.53028
Baseline,REF,w93,NewGenBuiltCost,16204.22465
Baseline,REF,w94,NewGenBuiltCost,17010.18948
Baseline,REF,w95,NewGenBuiltCost,14824.96021
Baseline,REF,w96,NewGenBuiltCost,14858.11795
Baseline,REF,w97,NewGenBuiltCost,15111.13377
Baseline,REF,w98,NewGenBuiltCost,14525.47139
Baseline,REF,w99,NewGenBuiltCost,14982.10371
Baseline,BRIDGE,w1,FixedCosts,7451.027438
Baseline,BRIDGE,w10,FixedCosts,7648.422657
Baseline,BRIDGE,w100,FixedCosts,7440.046572
Baseline,BRIDGE,w11,FixedCosts,7786.493076
Baseline,BRIDGE,w12,FixedCosts,7742.722207
Baseline,BRIDGE,w13,FixedCosts,7901.218503
Baseline,BRIDGE,w14,FixedCosts,7445.205466
Baseline,BRIDGE,w15,FixedCosts,7502.429744
Baseline,BRIDGE,w16,FixedCosts,7689.210806
Baseline,BRIDGE,w17,FixedCosts,7475.919807
Baseline,BRIDGE,w18,FixedCosts,7633.64115
Baseline,BRIDGE,w19,FixedCosts,7456.245517
Baseline,BRIDGE,w2,FixedCosts,7756.272825
Baseline,BRIDGE,w20,FixedCosts,8011.970422
Baseline,BRIDGE,w21,FixedCosts,7676.569784
Baseline,BRIDGE,w22,FixedCosts,8155.099723
Baseline,BRIDGE,w23,FixedCosts,7729.696268
Baseline,BRIDGE,w24,FixedCosts,7804.253499
Baseline,BRIDGE,w25,FixedCosts,7521.778767
Baseline,BRIDGE,w26,FixedCosts,7639.830842
Baseline,BRIDGE,w27,FixedCosts,7793.470498
Baseline,BRIDGE,w28,FixedCosts,7509.538186
Baseline,BRIDGE,w29,FixedCosts,7703.05245
Baseline,BRIDGE,w3,FixedCosts,7352.944868
Baseline,BRIDGE,w30,FixedCosts,7892.093471
Baseline,BRIDGE,w31,FixedCosts,7790.87509
Baseline,BRIDGE,w32,FixedCosts,7729.818453
Baseline,BRIDGE,w33,FixedCosts,7496.267857
Baseline,BRIDGE,w34,FixedCosts,7578.393155
Baseline,BRIDGE,w35,FixedCosts,7485.036708
Baseline,BRIDGE,w36,FixedCosts,7762.429075
Baseline,BRIDGE,w37,FixedCosts,7763.611898
Baseline,BRIDGE,w38,FixedCosts,8281.66725
Baseline,BRIDGE,w39,FixedCosts,7592.144978
Baseline,BRIDGE,w4,FixedCosts,7823.897918
Baseline,BRIDGE,w40,FixedCosts,7824.011792
Baseline,BRIDGE,w41,FixedCosts,7502.033135
Baseline,BRIDGE,w42,FixedCosts,7736.091361
Baseline,BRIDGE,w43,FixedCosts,7634.935094
Baseline,BRIDGE,w44,FixedCosts,7510.710719
Baseline,BRIDGE,w45,FixedCosts,7489.205108
Baseline,BRIDGE,w46,FixedCosts,7830.332639
Baseline,BRIDGE,w47,FixedCosts,7729.597058
Baseline,BRIDGE,w48,FixedCosts,7735.532097
Baseline,BRIDGE,w49,FixedCosts,7547.4868
Baseline,BRIDGE,w5,FixedCosts,7829.613449
Baseline,BRIDGE,w50,FixedCosts,7560.195844
Baseline,BRIDGE,w51,FixedCosts,7520.3615
Baseline,BRIDGE,w52,FixedCosts,7495.825838
Baseline,BRIDGE,w53,FixedCosts,8117.087139
Baseline,BRIDGE,w54,FixedCosts,7999.885141
Baseline,BRIDGE,w55,FixedCosts,8247.877543
Baseline,BRIDGE,w56,FixedCosts,7700.421023
Baseline,BRIDGE,w57,FixedCosts,7788.54337
Baseline,BRIDGE,w58,FixedCosts,8193.997359
Baseline,BRIDGE,w59,FixedCosts,7821.452813
Baseline,BRIDGE,w6,FixedCosts,7430.083349
Baseline,BRIDGE,w60,FixedCosts,7675.556436
Baseline,BRIDGE,w61,FixedCosts,7499.217976
Baseline,BRIDGE,w62,FixedCosts,7563.735884
Baseline,BRIDGE,w63,FixedCosts,7484.37089
Baseline,BRIDGE,w64,FixedCosts,7865.740583
Baseline,BRIDGE,w65,FixedCosts,7503.577042
Baseline,BRIDGE,w66,FixedCosts,7516.519827
Baseline,BRIDGE,w67,FixedCosts,7437.467428
Baseline,BRIDGE,w68,FixedCosts,7502.290562
Baseline,BRIDGE,w69,FixedCosts,7456.039944
Baseline,BRIDGE,w7,FixedCosts,7604.277926
Baseline,BRIDGE,w70,FixedCosts,7672.28929
Baseline,BRIDGE,w71,FixedCosts,7619.654237
Baseline,BRIDGE,w72,FixedCosts,7533.00012
Baseline,BRIDGE,w73,FixedCosts,7736.965178
Baseline,BRIDGE,w74,FixedCosts,7480.41201
Baseline,BRIDGE,w75,FixedCosts,7519.979281
Baseline,BRIDGE,w76,FixedCosts,7861.783727
Baseline,BRIDGE,w77,FixedCosts,7488.134181
Baseline,BRIDGE,w78,FixedCosts,7530.537245
Baseline,BRIDGE,w79,FixedCosts,7506.27893
Baseline,BRIDGE,w8,FixedCosts,7513.530295
Baseline,BRIDGE,w80,FixedCosts,7700.545551
Baseline,BRIDGE,w81,FixedCosts,7444.126731
Baseline,BRIDGE,w82,FixedCosts,7581.815362
Baseline,BRIDGE,w83,FixedCosts,7559.292331
Baseline,BRIDGE,w84,FixedCosts,7507.683686
Baseline,BRIDGE,w85,FixedCosts,7545.100904
Baseline,BRIDGE,w86,FixedCosts,7453.092948
Baseline,BRIDGE,w87,FixedCosts,7590.858544
Baseline,BRIDGE,w88,FixedCosts,7725.08773
Baseline,BRIDGE,w89,FixedCosts,7731.056007
Baseline,BRIDGE,w9,FixedCosts,7642.279164
Baseline,BRIDGE,w90,FixedCosts,7638.983746
Baseline,BRIDGE,w91,FixedCosts,7769.056423
Baseline,BRIDGE,w92,FixedCosts,7846.795567
Baseline,BRIDGE,w93,FixedCosts,7715.32608
Baseline,BRIDGE,w94,FixedCosts,7572.721357
Baseline,BRIDGE,w95,FixedCosts,7677.337502
Baseline,BRIDGE,w96,FixedCosts,7694.232565
Baseline,BRIDGE,w97,FixedCosts,7776.767452
Baseline,BRIDGE,w98,FixedCosts,7682.54726
Baseline,BRIDGE,w99,FixedCosts,7851.633165
Baseline,NZT,w1,FixedCosts,8052.843672
Baseline,NZT,w10,FixedCosts,8452.227315
Baseline,NZT,w100,FixedCosts,8136.869745
Baseline,NZT,w11,FixedCosts,8144.446682
Baseline,NZT,w12,FixedCosts,8397.561654
Baseline,NZT,w13,FixedCosts,8890.500226
Baseline,NZT,w14,FixedCosts,8132.455633
Baseline,NZT,w15,FixedCosts,8053.543126
Baseline,NZT,w16,FixedCosts,8925.604134
Baseline,NZT,w17,FixedCosts,8122.431409
Baseline,NZT,w18,FixedCosts,8119.571776
Baseline,NZT,w19,FixedCosts,8137.540499
Baseline,NZT,w2,FixedCosts,8111.957745
Baseline,NZT,w20,FixedCosts,8301.413815
Baseline,NZT,w21,FixedCosts,8816.612604
Baseline,NZT,w22,FixedCosts,8166.464828
Baseline,NZT,w23,FixedCosts,8189.259082
Baseline,NZT,w24,FixedCosts,8057.239457
Baseline,NZT,w25,FixedCosts,7896.547702
Baseline,NZT,w26,FixedCosts,8311.443055
Baseline,NZT,w27,FixedCosts,8734.646584
Baseline,NZT,w28,FixedCosts,8266.529222
Baseline,NZT,w29,FixedCosts,8744.213893
Baseline,NZT,w3,FixedCosts,8117.289399
Baseline,NZT,w30,FixedCosts,8133.266269
Baseline,NZT,w31,FixedCosts,8283.731232
Baseline,NZT,w32,FixedCosts,8394.210081
Baseline,NZT,w33,FixedCosts,8152.425571
Baseline,NZT,w34,FixedCosts,8183.826831
Baseline,NZT,w35,FixedCosts,8417.815821
Baseline,NZT,w36,FixedCosts,8754.16046
Baseline,NZT,w37,FixedCosts,8436.570916
Baseline,NZT,w38,FixedCosts,8940.09833
Baseline,NZT,w39,FixedCosts,8096.605026
Baseline,NZT,w4,FixedCosts,8333.53571
Baseline,NZT,w40,FixedCosts,8161.954059
Baseline,NZT,w41,FixedCosts,8272.593984
Baseline,NZT,w42,FixedCosts,8096.926611
Baseline,NZT,w43,FixedCosts,8904.330504
Baseline,NZT,w44,FixedCosts,8052.487369
Baseline,NZT,w45,FixedCosts,8191.825244
Baseline,NZT,w46,FixedCosts,8132.162881
Baseline,NZT,w47,FixedCosts,8078.727869
Baseline,NZT,w48,FixedCosts,8253.803041
Baseline,NZT,w49,FixedCosts,8068.036799
Baseline,NZT,w5,FixedCosts,8342.78197
Baseline,NZT,w50,FixedCosts,8125.228511
Baseline,NZT,w51,FixedCosts,8805.456573
Baseline,NZT,w52,FixedCosts,8429.314699
Baseline,NZT,w53,FixedCosts,8380.880664
Baseline,NZT,w54,FixedCosts,8099.274622
Baseline,NZT,w55,FixedCosts,8800.152556
Baseline,NZT,w56,FixedCosts,8113.545421
Baseline,NZT,w57,FixedCosts,9055.114694
Baseline,NZT,w58,FixedCosts,8812.593068
Baseline,NZT,w59,FixedCosts,8178.350457
Baseline,NZT,w6,FixedCosts,8700.79738
Baseline,NZT,w60,FixedCosts,8135.545697
Baseline,NZT,w61,FixedCosts,8125.459356
Baseline,NZT,w62,FixedCosts,8154.881275
Baseline,NZT,w63,FixedCosts,8116.913977
Baseline,NZT,w64,FixedCosts,8065.476165
Baseline,NZT,w65,FixedCosts,8426.52899
Baseline,NZT,w66,FixedCosts,8124.841659
Baseline,NZT,w67,FixedCosts,8336.844135
Baseline,NZT,w68,FixedCosts,8332.127262
Baseline,NZT,w69,FixedCosts,8143.443183
Baseline,NZT,w7,FixedCosts,7936.7087
Baseline,NZT,w70,FixedCosts,8468.797387
Baseline,NZT,w71,FixedCosts,8127.864498
Baseline,NZT,w72,FixedCosts,8430.653105
Baseline,NZT,w73,FixedCosts,8131.801759
Baseline,NZT,w74,FixedCosts,8086.630035
Baseline,NZT,w75,FixedCosts,8551.299188
Baseline,NZT,w76,FixedCosts,8124.767116
Baseline,NZT,w77,FixedCosts,8420.13013
Baseline,NZT,w78,FixedCosts,8108.805426
Baseline,NZT,w79,FixedCosts,8050.0868
Baseline,NZT,w8,FixedCosts,8508.279495
Baseline,NZT,w80,FixedCosts,8295.617207
Baseline,NZT,w81,FixedCosts,8418.242065
Baseline,NZT,w82,FixedCosts,8133.131194
Baseline,NZT,w83,FixedCosts,8137.804743
Baseline,NZT,w84,FixedCosts,8125.807427
Baseline,NZT,w85,FixedCosts,8113.545421
Baseline,NZT,w86,FixedCosts,8139.425618
Baseline,NZT,w87,FixedCosts,8054.337025
Baseline,NZT,w88,FixedCosts,8219.982983
Baseline,NZT,w89,FixedCosts,8338.719944
Baseline,NZT,w9,FixedCosts,8306.525006
Baseline,NZT,w90,FixedCosts,8336.53934
Baseline,NZT,w91,FixedCosts,8145.020257
Baseline,NZT,w92,FixedCosts,8140.167873
Baseline,NZT,w93,FixedCosts,8113.340108
Baseline,NZT,w94,FixedCosts,8145.873461
Baseline,NZT,w95,FixedCosts,8137.366438
Baseline,NZT,w96,FixedCosts,8338.553859
Baseline,NZT,w97,FixedCosts,8397.006157
Baseline,NZT,w98,FixedCosts,8389.261546
Baseline,NZT,w99,FixedCosts,8113.149318
Baseline,REF,w1,FixedCosts,7379.031852
Baseline,REF,w10,FixedCosts,7398.337787
Baseline,REF,w100,FixedCosts,7619.556664
Baseline,REF,w11,FixedCosts,11932.72334
Baseline,REF,w12,FixedCosts,7327.712785
Baseline,REF,w13,FixedCosts,7360.349377
Baseline,REF,w14,FixedCosts,7368.444814
Baseline,REF,w15,FixedCosts,7565.681589
Baseline,REF,w16,FixedCosts,7617.364224
Baseline,REF,w17,FixedCosts,7317.907996
Baseline,REF,w18,FixedCosts,7591.590637
Baseline,REF,w19,FixedCosts,7576.22137
Baseline,REF,w2,FixedCosts,7441.181465
Baseline,REF,w20,FixedCosts,7512.656859
Baseline,REF,w21,FixedCosts,7242.008307
Baseline,REF,w22,FixedCosts,7368.023944
Baseline,REF,w23,FixedCosts,7547.626579
Baseline,REF,w24,FixedCosts,7302.546941
Baseline,REF,w25,FixedCosts,7571.223463
Baseline,REF,w26,FixedCosts,7342.811402
Baseline,REF,w27,FixedCosts,7429.011239
Baseline,REF,w28,FixedCosts,7400.411319
Baseline,REF,w29,FixedCosts,7787.987945
Baseline,REF,w3,FixedCosts,7336.551779
Baseline,REF,w30,FixedCosts,7786.662733
Baseline,REF,w31,FixedCosts,7312.554185
Baseline,REF,w32,FixedCosts,7335.300571
Baseline,REF,w33,FixedCosts,7620.145112
Baseline,REF,w34,FixedCosts,7297.083471
Baseline,REF,w35,FixedCosts,7426.344739
Baseline,REF,w36,FixedCosts,7443.836764
Baseline,REF,w37,FixedCosts,7580.572874
Baseline,REF,w38,FixedCosts,11962.13725
Baseline,REF,w39,FixedCosts,7361.83505
Baseline,REF,w4,FixedCosts,7781.410246
Baseline,REF,w40,FixedCosts,7611.157643
Baseline,REF,w41,FixedCosts,7640.186647
Baseline,REF,w42,FixedCosts,7617.930071
Baseline,REF,w43,FixedCosts,11952.90206
Baseline,REF,w44,FixedCosts,7587.285928
Baseline,REF,w45,FixedCosts,7623.467824
Baseline,REF,w46,FixedCosts,7313.281494
Baseline,REF,w47,FixedCosts,7319.570889
Baseline,REF,w48,FixedCosts,7814.94782
Baseline,REF,w49,FixedCosts,7358.794808
Baseline,REF,w5,FixedCosts,7596.901876
Baseline,REF,w50,FixedCosts,7688.889517
Baseline,REF,w51,FixedCosts,7408.244312
Baseline,REF,w52,FixedCosts,7331.787987
Baseline,REF,w53,FixedCosts,7327.862702
Baseline,REF,w54,FixedCosts,7563.566513
Baseline,REF,w55,FixedCosts,7291.482103
Baseline,REF,w56,FixedCosts,7633.358371
Baseline,REF,w57,FixedCosts,7562.449188
Baseline,REF,w58,FixedCosts,7650.31843
Baseline,REF,w59,FixedCosts,7327.80487
Baseline,REF,w6,FixedCosts,7835.720268
Baseline,REF,w60,FixedCosts,11934.72036
Baseline,REF,w61,FixedCosts,7427.051964
Baseline,REF,w62,FixedCosts,7323.172523
Baseline,REF,w63,FixedCosts,7357.736129
Baseline,REF,w64,FixedCosts,7620.407988
Baseline,REF,w65,FixedCosts,7604.035675
Baseline,REF,w66,FixedCosts,7581.636346
Baseline,REF,w67,FixedCosts,7666.807054
Baseline,REF,w68,FixedCosts,7540.216036
Baseline,REF,w69,FixedCosts,7296.790219
Baseline,REF,w7,FixedCosts,7568.26255
Baseline,REF,w70,FixedCosts,7286.41363
Baseline,REF,w71,FixedCosts,7283.903301
Baseline,REF,w72,FixedCosts,7333.620537
Baseline,REF,w73,FixedCosts,7484.674836
Baseline,REF,w74,FixedCosts,7539.644914
Baseline,REF,w75,FixedCosts,7322.228555
Baseline,REF,w76,FixedCosts,11110.4514
Baseline,REF,w77,FixedCosts,7361.822579
Baseline,REF,w78,FixedCosts,7673.93265
Baseline,REF,w79,FixedCosts,7391.027425
Baseline,REF,w8,FixedCosts,7526.706559
Baseline,REF,w80,FixedCosts,7561.385453
Baseline,REF,w81,FixedCosts,7486.9654
Baseline,REF,w82,FixedCosts,7471.515993
Baseline,REF,w83,FixedCosts,7597.555714
Baseline,REF,w84,FixedCosts,7316.276025
Baseline,REF,w85,FixedCosts,11948.86827
Baseline,REF,w86,FixedCosts,7273.272063
Baseline,REF,w87,FixedCosts,7304.39644
Baseline,REF,w88,FixedCosts,7670.373533
Baseline,REF,w89,FixedCosts,7579.860581
Baseline,REF,w9,FixedCosts,8092.948895
Baseline,REF,w90,FixedCosts,7281.02033
Baseline,REF,w91,FixedCosts,7292.222598
Baseline,REF,w92,FixedCosts,7575.565848
Baseline,REF,w93,FixedCosts,7431.269528
Baseline,REF,w94,FixedCosts,7982.089224
Baseline,REF,w95,FixedCosts,7271.90009
Baseline,REF,w96,FixedCosts,7594.326786
Baseline,REF,w97,FixedCosts,7624.15602
Baseline,REF,w98,FixedCosts,7291.774871
Baseline,REF,w99,FixedCosts,7591.379137
Baseline,BRIDGE,w1,EmissionCosts,857.4679788
Baseline,BRIDGE,w10,EmissionCosts,693.760378
Baseline,BRIDGE,w100,EmissionCosts,919.9275861
Baseline,BRIDGE,w11,EmissionCosts,660.4559299
Baseline,BRIDGE,w12,EmissionCosts,639.6309938
Baseline,BRIDGE,w13,EmissionCosts,626.5033223
Baseline,BRIDGE,w14,EmissionCosts,950.096236
Baseline,BRIDGE,w15,EmissionCosts,814.7211173
Baseline,BRIDGE,w16,EmissionCosts,668.7494512
Baseline,BRIDGE,w17,EmissionCosts,828.5160906
Baseline,BRIDGE,w18,EmissionCosts,732.5006571
Baseline,BRIDGE,w19,EmissionCosts,826.4245672
Baseline,BRIDGE,w2,EmissionCosts,647.8857553
Baseline,BRIDGE,w20,EmissionCosts,621.2667513
Baseline,BRIDGE,w21,EmissionCosts,680.5916351
Baseline,BRIDGE,w22,EmissionCosts,613.2835059
Baseline,BRIDGE,w23,EmissionCosts,698.937499
Baseline,BRIDGE,w24,EmissionCosts,618.3118234
Baseline,BRIDGE,w25,EmissionCosts,809.2891203
Baseline,BRIDGE,w26,EmissionCosts,737.7311058
Baseline,BRIDGE,w27,EmissionCosts,628.8061364
Baseline,BRIDGE,w28,EmissionCosts,783.9209708
Baseline,BRIDGE,w29,EmissionCosts,677.9977173
Baseline,BRIDGE,w3,EmissionCosts,966.0020743
Baseline,BRIDGE,w30,EmissionCosts,606.559491
Baseline,BRIDGE,w31,EmissionCosts,650.7163113
Baseline,BRIDGE,w32,EmissionCosts,673.0961604
Baseline,BRIDGE,w33,EmissionCosts,805.7457888
Baseline,BRIDGE,w34,EmissionCosts,733.4828415
Baseline,BRIDGE,w35,EmissionCosts,846.3498884
Baseline,BRIDGE,w36,EmissionCosts,633.7084596
Baseline,BRIDGE,w37,EmissionCosts,646.8592632
Baseline,BRIDGE,w38,EmissionCosts,611.073872
Baseline,BRIDGE,w39,EmissionCosts,711.4567746
Baseline,BRIDGE,w4,EmissionCosts,610.6038793
Baseline,BRIDGE,w40,EmissionCosts,645.5237116
Baseline,BRIDGE,w41,EmissionCosts,817.4498816
Baseline,BRIDGE,w42,EmissionCosts,664.2549567
Baseline,BRIDGE,w43,EmissionCosts,699.3960057
Baseline,BRIDGE,w44,EmissionCosts,875.1462768
Baseline,BRIDGE,w45,EmissionCosts,817.4178697
Baseline,BRIDGE,w46,EmissionCosts,632.2662706
Baseline,BRIDGE,w47,EmissionCosts,663.5941252
Baseline,BRIDGE,w48,EmissionCosts,688.6100406
Baseline,BRIDGE,w49,EmissionCosts,827.6738024
Baseline,BRIDGE,w5,EmissionCosts,641.6605875
Baseline,BRIDGE,w50,EmissionCosts,801.8302632
Baseline,BRIDGE,w51,EmissionCosts,831.2253853
Baseline,BRIDGE,w52,EmissionCosts,829.3865284
Baseline,BRIDGE,w53,EmissionCosts,609.0062997
Baseline,BRIDGE,w54,EmissionCosts,597.8549842
Baseline,BRIDGE,w55,EmissionCosts,570.7217542
Baseline,BRIDGE,w56,EmissionCosts,671.6147781
Baseline,BRIDGE,w57,EmissionCosts,677.2259153
Baseline,BRIDGE,w58,EmissionCosts,643.329262
Baseline,BRIDGE,w59,EmissionCosts,664.3777737
Baseline,BRIDGE,w6,EmissionCosts,881.4100998
Baseline,BRIDGE,w60,EmissionCosts,685.8068306
Baseline,BRIDGE,w61,EmissionCosts,862.3746024
Baseline,BRIDGE,w62,EmissionCosts,733.4077247
Baseline,BRIDGE,w63,EmissionCosts,830.2076921
Baseline,BRIDGE,w64,EmissionCosts,616.3503075
Baseline,BRIDGE,w65,EmissionCosts,863.5737423
Baseline,BRIDGE,w66,EmissionCosts,831.6488483
Baseline,BRIDGE,w67,EmissionCosts,949.2477894
Baseline,BRIDGE,w68,EmissionCosts,829.4344635
Baseline,BRIDGE,w69,EmissionCosts,843.9328162
Baseline,BRIDGE,w7,EmissionCosts,758.5324294
Baseline,BRIDGE,w70,EmissionCosts,723.2806675
Baseline,BRIDGE,w71,EmissionCosts,685.3832981
Baseline,BRIDGE,w72,EmissionCosts,819.8275004
Baseline,BRIDGE,w73,EmissionCosts,666.417614
Baseline,BRIDGE,w74,EmissionCosts,834.9697532
Baseline,BRIDGE,w75,EmissionCosts,802.0479778
Baseline,BRIDGE,w76,EmissionCosts,632.2186264
Baseline,BRIDGE,w77,EmissionCosts,819.7686828
Baseline,BRIDGE,w78,EmissionCosts,865.8261562
Baseline,BRIDGE,w79,EmissionCosts,810.0141223
Baseline,BRIDGE,w8,EmissionCosts,832.5355652
Baseline,BRIDGE,w80,EmissionCosts,660.0125873
Baseline,BRIDGE,w81,EmissionCosts,835.8005111
Baseline,BRIDGE,w82,EmissionCosts,777.7950785
Baseline,BRIDGE,w83,EmissionCosts,754.4270355
Baseline,BRIDGE,w84,EmissionCosts,792.0779893
Baseline,BRIDGE,w85,EmissionCosts,788.1913474
Baseline,BRIDGE,w86,EmissionCosts,935.4180581
Baseline,BRIDGE,w87,EmissionCosts,746.6275704
Baseline,BRIDGE,w88,EmissionCosts,697.6576831
Baseline,BRIDGE,w89,EmissionCosts,696.8742096
Baseline,BRIDGE,w9,EmissionCosts,755.1655663
Baseline,BRIDGE,w90,EmissionCosts,707.5458796
Baseline,BRIDGE,w91,EmissionCosts,635.9847723
Baseline,BRIDGE,w92,EmissionCosts,639.9328592
Baseline,BRIDGE,w93,EmissionCosts,726.1821203
Baseline,BRIDGE,w94,EmissionCosts,769.1770569
Baseline,BRIDGE,w95,EmissionCosts,706.5294085
Baseline,BRIDGE,w96,EmissionCosts,705.703525
Baseline,BRIDGE,w97,EmissionCosts,633.33049
Baseline,BRIDGE,w98,EmissionCosts,664.1852881
Baseline,BRIDGE,w99,EmissionCosts,596.2164451
Baseline,NZT,w1,EmissionCosts,1750.318244
Baseline,NZT,w10,EmissionCosts,2130.097254
Baseline,NZT,w100,EmissionCosts,1623.814516
Baseline,NZT,w11,EmissionCosts,1686.3957
Baseline,NZT,w12,EmissionCosts,1547.800648
Baseline,NZT,w13,EmissionCosts,1896.025458
Baseline,NZT,w14,EmissionCosts,1561.092227
Baseline,NZT,w15,EmissionCosts,1607.394678
Baseline,NZT,w16,EmissionCosts,1769.297397
Baseline,NZT,w17,EmissionCosts,1634.820561
Baseline,NZT,w18,EmissionCosts,1618.075582
Baseline,NZT,w19,EmissionCosts,1529.957741
Baseline,NZT,w2,EmissionCosts,1703.462114
Baseline,NZT,w20,EmissionCosts,1594.265641
Baseline,NZT,w21,EmissionCosts,1706.585912
Baseline,NZT,w22,EmissionCosts,1543.954969
Baseline,NZT,w23,EmissionCosts,1503.921004
Baseline,NZT,w24,EmissionCosts,1693.341559
Baseline,NZT,w25,EmissionCosts,1884.313318
Baseline,NZT,w26,EmissionCosts,1742.509535
Baseline,NZT,w27,EmissionCosts,1868.151169
Baseline,NZT,w28,EmissionCosts,1622.021611
Baseline,NZT,w29,EmissionCosts,1778.695865
Baseline,NZT,w3,EmissionCosts,1520.937099
Baseline,NZT,w30,EmissionCosts,1603.725844
Baseline,NZT,w31,EmissionCosts,1989.513934
Baseline,NZT,w32,EmissionCosts,2055.481029
Baseline,NZT,w33,EmissionCosts,1607.628053
Baseline,NZT,w34,EmissionCosts,1561.215986
Baseline,NZT,w35,EmissionCosts,1935.778724
Baseline,NZT,w36,EmissionCosts,1889.680228
Baseline,NZT,w37,EmissionCosts,1989.322281
Baseline,NZT,w38,EmissionCosts,2003.575839
Baseline,NZT,w39,EmissionCosts,1606.322229
Baseline,NZT,w4,EmissionCosts,1854.834487
Baseline,NZT,w40,EmissionCosts,1607.663192
Baseline,NZT,w41,EmissionCosts,1573.22973
Baseline,NZT,w42,EmissionCosts,1690.12882
Baseline,NZT,w43,EmissionCosts,1954.163149
Baseline,NZT,w44,EmissionCosts,1539.382025
Baseline,NZT,w45,EmissionCosts,1573.077318
Baseline,NZT,w46,EmissionCosts,1600.047089
Baseline,NZT,w47,EmissionCosts,1581.019911
Baseline,NZT,w48,EmissionCosts,1666.42609
Baseline,NZT,w49,EmissionCosts,1843.163968
Baseline,NZT,w5,EmissionCosts,1939.093522
Baseline,NZT,w50,EmissionCosts,1598.127392
Baseline,NZT,w51,EmissionCosts,2022.195676
Baseline,NZT,w52,EmissionCosts,1579.454516
Baseline,NZT,w53,EmissionCosts,2055.149236
Baseline,NZT,w54,EmissionCosts,1588.618653
Baseline,NZT,w55,EmissionCosts,1999.265425
Baseline,NZT,w56,EmissionCosts,1596.801742
Baseline,NZT,w57,EmissionCosts,1943.941895
Baseline,NZT,w58,EmissionCosts,1937.376813
Baseline,NZT,w59,EmissionCosts,1578.101263
Baseline,NZT,w6,EmissionCosts,1473.829061
Baseline,NZT,w60,EmissionCosts,1553.490386
Baseline,NZT,w61,EmissionCosts,1593.870374
Baseline,NZT,w62,EmissionCosts,1622.344829
Baseline,NZT,w63,EmissionCosts,1570.350911
Baseline,NZT,w64,EmissionCosts,1730.495907
Baseline,NZT,w65,EmissionCosts,1890.508307
Baseline,NZT,w66,EmissionCosts,1568.406551
Baseline,NZT,w67,EmissionCosts,1918.99989
Baseline,NZT,w68,EmissionCosts,1851.093567
Baseline,NZT,w69,EmissionCosts,1620.508852
Baseline,NZT,w7,EmissionCosts,1801.489098
Baseline,NZT,w70,EmissionCosts,1900.767169
Baseline,NZT,w71,EmissionCosts,1613.255711
Baseline,NZT,w72,EmissionCosts,1552.91908
Baseline,NZT,w73,EmissionCosts,1632.25348
Baseline,NZT,w74,EmissionCosts,1664.117225
Baseline,NZT,w75,EmissionCosts,1755.225748
Baseline,NZT,w76,EmissionCosts,1597.620459
Baseline,NZT,w77,EmissionCosts,1572.996175
Baseline,NZT,w78,EmissionCosts,1597.847932
Baseline,NZT,w79,EmissionCosts,1595.241629
Baseline,NZT,w8,EmissionCosts,1519.786655
Baseline,NZT,w80,EmissionCosts,1806.016377
Baseline,NZT,w81,EmissionCosts,1875.391336
Baseline,NZT,w82,EmissionCosts,1555.620258
Baseline,NZT,w83,EmissionCosts,1535.639917
Baseline,NZT,w84,EmissionCosts,1620.365832
Baseline,NZT,w85,EmissionCosts,1635.930339
Baseline,NZT,w86,EmissionCosts,1617.7002
Baseline,NZT,w87,EmissionCosts,1640.169343
Baseline,NZT,w88,EmissionCosts,1673.325277
Baseline,NZT,w89,EmissionCosts,1884.606055
Baseline,NZT,w9,EmissionCosts,1962.2923
Baseline,NZT,w90,EmissionCosts,1861.352772
Baseline,NZT,w91,EmissionCosts,1595.732183
Baseline,NZT,w92,EmissionCosts,1508.711378
Baseline,NZT,w93,EmissionCosts,1607.551699
Baseline,NZT,w94,EmissionCosts,1641.061363
Baseline,NZT,w95,EmissionCosts,1717.049058
Baseline,NZT,w96,EmissionCosts,1805.046659
Baseline,NZT,w97,EmissionCosts,1604.610789
Baseline,NZT,w98,EmissionCosts,1816.264903
Baseline,NZT,w99,EmissionCosts,1589.85099
Baseline,REF,w1,EmissionCosts,224.9374237
Baseline,REF,w10,EmissionCosts,211.0703718
Baseline,REF,w100,EmissionCosts,206.860363
Baseline,REF,w11,EmissionCosts,193.8483962
Baseline,REF,w12,EmissionCosts,226.2067496
Baseline,REF,w13,EmissionCosts,185.8107189
Baseline,REF,w14,EmissionCosts,201.9651443
Baseline,REF,w15,EmissionCosts,212.6460319
Baseline,REF,w16,EmissionCosts,181.1331266
Baseline,REF,w17,EmissionCosts,208.4397527
Baseline,REF,w18,EmissionCosts,190.4476777
Baseline,REF,w19,EmissionCosts,211.4897964
Baseline,REF,w2,EmissionCosts,206.0428224
Baseline,REF,w20,EmissionCosts,277.966619
Baseline,REF,w21,EmissionCosts,250.5019247
Baseline,REF,w22,EmissionCosts,235.402793
Baseline,REF,w23,EmissionCosts,228.3339979
Baseline,REF,w24,EmissionCosts,215.8046951
Baseline,REF,w25,EmissionCosts,201.7063042
Baseline,REF,w26,EmissionCosts,262.6833539
Baseline,REF,w27,EmissionCosts,206.392544
Baseline,REF,w28,EmissionCosts,261.5019927
Baseline,REF,w29,EmissionCosts,261.0202929
Baseline,REF,w3,EmissionCosts,212.6498056
Baseline,REF,w30,EmissionCosts,210.1804852
Baseline,REF,w31,EmissionCosts,199.2911549
Baseline,REF,w32,EmissionCosts,217.5193522
Baseline,REF,w33,EmissionCosts,185.8403976
Baseline,REF,w34,EmissionCosts,266.8807775
Baseline,REF,w35,EmissionCosts,236.6161218
Baseline,REF,w36,EmissionCosts,191.3936492
Baseline,REF,w37,EmissionCosts,194.556181
Baseline,REF,w38,EmissionCosts,251.7782362
Baseline,REF,w39,EmissionCosts,183.9161673
Baseline,REF,w4,EmissionCosts,162.1166227
Baseline,REF,w40,EmissionCosts,187.2670286
Baseline,REF,w41,EmissionCosts,217.1770837
Baseline,REF,w42,EmissionCosts,212.736346
Baseline,REF,w43,EmissionCosts,248.7199609
Baseline,REF,w44,EmissionCosts,213.0673028
Baseline,REF,w45,EmissionCosts,158.5593111
Baseline,REF,w46,EmissionCosts,214.4393638
Baseline,REF,w47,EmissionCosts,228.3746569
Baseline,REF,w48,EmissionCosts,210.9033815
Baseline,REF,w49,EmissionCosts,234.6611899
Baseline,REF,w5,EmissionCosts,216.4559313
Baseline,REF,w50,EmissionCosts,214.7888682
Baseline,REF,w51,EmissionCosts,253.6812816
Baseline,REF,w52,EmissionCosts,221.0397115
Baseline,REF,w53,EmissionCosts,211.812176
Baseline,REF,w54,EmissionCosts,209.6351028
Baseline,REF,w55,EmissionCosts,202.6119223
Baseline,REF,w56,EmissionCosts,174.7676151
Baseline,REF,w57,EmissionCosts,261.1878331
Baseline,REF,w58,EmissionCosts,185.8601339
Baseline,REF,w59,EmissionCosts,202.0649313
Baseline,REF,w6,EmissionCosts,131.4052117
Baseline,REF,w60,EmissionCosts,194.319828
Baseline,REF,w61,EmissionCosts,230.4200885
Baseline,REF,w62,EmissionCosts,218.1653789
Baseline,REF,w63,EmissionCosts,191.235961
Baseline,REF,w64,EmissionCosts,206.3180528
Baseline,REF,w65,EmissionCosts,179.1857432
Baseline,REF,w66,EmissionCosts,186.5586337
Baseline,REF,w67,EmissionCosts,214.1869304
Baseline,REF,w68,EmissionCosts,211.546948
Baseline,REF,w69,EmissionCosts,238.2869213
Baseline,REF,w7,EmissionCosts,217.7497767
Baseline,REF,w70,EmissionCosts,216.7795754
Baseline,REF,w71,EmissionCosts,242.3834541
Baseline,REF,w72,EmissionCosts,253.6056624
Baseline,REF,w73,EmissionCosts,200.3439335
Baseline,REF,w74,EmissionCosts,234.3321227
Baseline,REF,w75,EmissionCosts,220.2781636
Baseline,REF,w76,EmissionCosts,104.6695488
Baseline,REF,w77,EmissionCosts,178.5630714
Baseline,REF,w78,EmissionCosts,178.9416447
Baseline,REF,w79,EmissionCosts,304.3283634
Baseline,REF,w8,EmissionCosts,147.2719732
Baseline,REF,w80,EmissionCosts,211.8745345
Baseline,REF,w81,EmissionCosts,199.6333533
Baseline,REF,w82,EmissionCosts,208.6176611
Baseline,REF,w83,EmissionCosts,220.4972779
Baseline,REF,w84,EmissionCosts,230.2279916
Baseline,REF,w85,EmissionCosts,226.6434992
Baseline,REF,w86,EmissionCosts,216.678531
Baseline,REF,w87,EmissionCosts,202.090147
Baseline,REF,w88,EmissionCosts,124.5313794
Baseline,REF,w89,EmissionCosts,214.5135073
Baseline,REF,w9,EmissionCosts,158.0267345
Baseline,REF,w90,EmissionCosts,248.0784313
Baseline,REF,w91,EmissionCosts,207.8358114
Baseline,REF,w92,EmissionCosts,209.1881545
Baseline,REF,w93,EmissionCosts,223.6311947
Baseline,REF,w94,EmissionCosts,156.7019993
Baseline,REF,w95,EmissionCosts,272.5718976
Baseline,REF,w96,EmissionCosts,199.744413
Baseline,REF,w97,EmissionCosts,194.5904524
Baseline,REF,w98,EmissionCosts,199.7359014
Baseline,REF,w99,EmissionCosts,225.9588261
Baseline,BRIDGE,w1,ReserveCosts,48.22066022
Baseline,BRIDGE,w10,ReserveCosts,43.3177895
Baseline,BRIDGE,w100,ReserveCosts,50.66114499
Baseline,BRIDGE,w11,ReserveCosts,41.92023711
Baseline,BRIDGE,w12,ReserveCosts,41.28952313
Baseline,BRIDGE,w13,ReserveCosts,39.10067535
Baseline,BRIDGE,w14,ReserveCosts,49.15234292
Baseline,BRIDGE,w15,ReserveCosts,49.08712776
Baseline,BRIDGE,w16,ReserveCosts,42.06830081
Baseline,BRIDGE,w17,ReserveCosts,49.66819613
Baseline,BRIDGE,w18,ReserveCosts,46.88335132
Baseline,BRIDGE,w19,ReserveCosts,51.28755123
Baseline,BRIDGE,w2,ReserveCosts,42.26294634
Baseline,BRIDGE,w20,ReserveCosts,36.50138811
Baseline,BRIDGE,w21,ReserveCosts,42.02624555
Baseline,BRIDGE,w22,ReserveCosts,38.62308798
Baseline,BRIDGE,w23,ReserveCosts,47.40833854
Baseline,BRIDGE,w24,ReserveCosts,41.02632842
Baseline,BRIDGE,w25,ReserveCosts,49.10150519
Baseline,BRIDGE,w26,ReserveCosts,46.15202159
Baseline,BRIDGE,w27,ReserveCosts,40.43566492
Baseline,BRIDGE,w28,ReserveCosts,46.58076001
Baseline,BRIDGE,w29,ReserveCosts,43.29012837
Baseline,BRIDGE,w3,ReserveCosts,50.78278968
Baseline,BRIDGE,w30,ReserveCosts,39.31849326
Baseline,BRIDGE,w31,ReserveCosts,42.16668592
Baseline,BRIDGE,w32,ReserveCosts,42.46730374
Baseline,BRIDGE,w33,ReserveCosts,49.24517454
Baseline,BRIDGE,w34,ReserveCosts,46.02772302
Baseline,BRIDGE,w35,ReserveCosts,48.51101367
Baseline,BRIDGE,w36,ReserveCosts,41.30326198
Baseline,BRIDGE,w37,ReserveCosts,43.81456645
Baseline,BRIDGE,w38,ReserveCosts,34.15191467
Baseline,BRIDGE,w39,ReserveCosts,45.71044498
Baseline,BRIDGE,w4,ReserveCosts,40.8962015
Baseline,BRIDGE,w40,ReserveCosts,42.38003063
Baseline,BRIDGE,w41,ReserveCosts,50.26376357
Baseline,BRIDGE,w42,ReserveCosts,42.25569703
Baseline,BRIDGE,w43,ReserveCosts,44.00543894
Baseline,BRIDGE,w44,ReserveCosts,50.16087718
Baseline,BRIDGE,w45,ReserveCosts,48.99957678
Baseline,BRIDGE,w46,ReserveCosts,43.45742115
Baseline,BRIDGE,w47,ReserveCosts,43.44188117
Baseline,BRIDGE,w48,ReserveCosts,44.60909274
Baseline,BRIDGE,w49,ReserveCosts,49.73499241
Baseline,BRIDGE,w5,ReserveCosts,39.72716476
Baseline,BRIDGE,w50,ReserveCosts,49.38846475
Baseline,BRIDGE,w51,ReserveCosts,48.22761902
Baseline,BRIDGE,w52,ReserveCosts,49.27006908
Baseline,BRIDGE,w53,ReserveCosts,36.50501977
Baseline,BRIDGE,w54,ReserveCosts,34.80806021
Baseline,BRIDGE,w55,ReserveCosts,33.5291667
Baseline,BRIDGE,w56,ReserveCosts,42.48121283
Baseline,BRIDGE,w57,ReserveCosts,44.42112733
Baseline,BRIDGE,w58,ReserveCosts,34.89815933
Baseline,BRIDGE,w59,ReserveCosts,43.29078982
Baseline,BRIDGE,w6,ReserveCosts,50.33723408
Baseline,BRIDGE,w60,ReserveCosts,45.41211317
Baseline,BRIDGE,w61,ReserveCosts,51.04469898
Baseline,BRIDGE,w62,ReserveCosts,47.40778297
Baseline,BRIDGE,w63,ReserveCosts,50.21748432
Baseline,BRIDGE,w64,ReserveCosts,38.9809643
Baseline,BRIDGE,w65,ReserveCosts,49.71297871
Baseline,BRIDGE,w66,ReserveCosts,47.6330651
Baseline,BRIDGE,w67,ReserveCosts,49.55207315
Baseline,BRIDGE,w68,ReserveCosts,50.28890229
Baseline,BRIDGE,w69,ReserveCosts,49.25490742
Baseline,BRIDGE,w7,ReserveCosts,47.68581327
Baseline,BRIDGE,w70,ReserveCosts,43.98743211
Baseline,BRIDGE,w71,ReserveCosts,44.84879149
Baseline,BRIDGE,w72,ReserveCosts,48.455983
Baseline,BRIDGE,w73,ReserveCosts,42.97514345
Baseline,BRIDGE,w74,ReserveCosts,47.54416475
Baseline,BRIDGE,w75,ReserveCosts,49.11687675
Baseline,BRIDGE,w76,ReserveCosts,38.6807399
Baseline,BRIDGE,w77,ReserveCosts,49.28847122
Baseline,BRIDGE,w78,ReserveCosts,50.81555292
Baseline,BRIDGE,w79,ReserveCosts,48.40216335
Baseline,BRIDGE,w8,ReserveCosts,49.6751043
Baseline,BRIDGE,w80,ReserveCosts,41.54075069
Baseline,BRIDGE,w81,ReserveCosts,49.45993735
Baseline,BRIDGE,w82,ReserveCosts,48.94914344
Baseline,BRIDGE,w83,ReserveCosts,46.25725127
Baseline,BRIDGE,w84,ReserveCosts,48.12633668
Baseline,BRIDGE,w85,ReserveCosts,48.81320521
Baseline,BRIDGE,w86,ReserveCosts,50.45298215
Baseline,BRIDGE,w87,ReserveCosts,45.94028461
Baseline,BRIDGE,w88,ReserveCosts,45.14020639
Baseline,BRIDGE,w89,ReserveCosts,42.17896569
Baseline,BRIDGE,w9,ReserveCosts,46.14016378
Baseline,BRIDGE,w90,ReserveCosts,43.59631623
Baseline,BRIDGE,w91,ReserveCosts,41.02237139
Baseline,BRIDGE,w92,ReserveCosts,38.8249303
Baseline,BRIDGE,w93,ReserveCosts,47.19031062
Baseline,BRIDGE,w94,ReserveCosts,49.46276804
Baseline,BRIDGE,w95,ReserveCosts,42.94435364
Baseline,BRIDGE,w96,ReserveCosts,45.144589
Baseline,BRIDGE,w97,ReserveCosts,41.35771547
Baseline,BRIDGE,w98,ReserveCosts,43.20761706
Baseline,BRIDGE,w99,ReserveCosts,38.92863567
Baseline,NZT,w1,ReserveCosts,51.92100921
Baseline,NZT,w10,ReserveCosts,47.81804476
Baseline,NZT,w100,ReserveCosts,52.52122358
Baseline,NZT,w11,ReserveCosts,51.86590221
Baseline,NZT,w12,ReserveCosts,46.61140893
Baseline,NZT,w13,ReserveCosts,43.06298668
Baseline,NZT,w14,ReserveCosts,48.76048197
Baseline,NZT,w15,ReserveCosts,50.40503224
Baseline,NZT,w16,ReserveCosts,41.28946614
Baseline,NZT,w17,ReserveCosts,50.85400049
Baseline,NZT,w18,ReserveCosts,53.07755912
Baseline,NZT,w19,ReserveCosts,52.35580059
Baseline,NZT,w2,ReserveCosts,52.79436523
Baseline,NZT,w20,ReserveCosts,48.93728516
Baseline,NZT,w21,ReserveCosts,42.75524451
Baseline,NZT,w22,ReserveCosts,52.23042465
Baseline,NZT,w23,ReserveCosts,50.7118591
Baseline,NZT,w24,ReserveCosts,54.11612178
Baseline,NZT,w25,ReserveCosts,54.47091818
Baseline,NZT,w26,ReserveCosts,49.26319552
Baseline,NZT,w27,ReserveCosts,43.78642131
Baseline,NZT,w28,ReserveCosts,49.15120233
Baseline,NZT,w29,ReserveCosts,46.11434036
Baseline,NZT,w3,ReserveCosts,50.47349891
Baseline,NZT,w30,ReserveCosts,51.83573313
Baseline,NZT,w31,ReserveCosts,50.86587798
Baseline,NZT,w32,ReserveCosts,46.35909959
Baseline,NZT,w33,ReserveCosts,51.01328504
Baseline,NZT,w34,ReserveCosts,52.21725473
Baseline,NZT,w35,ReserveCosts,50.54803066
Baseline,NZT,w36,ReserveCosts,47.49418619
Baseline,NZT,w37,ReserveCosts,47.94683997
Baseline,NZT,w38,ReserveCosts,41.25960852
Baseline,NZT,w39,ReserveCosts,50.44192228
Baseline,NZT,w4,ReserveCosts,47.63208751
Baseline,NZT,w40,ReserveCosts,52.51203279
Baseline,NZT,w41,ReserveCosts,48.23386126
Baseline,NZT,w42,ReserveCosts,52.49905232
Baseline,NZT,w43,ReserveCosts,41.43126732
Baseline,NZT,w44,ReserveCosts,50.39501592
Baseline,NZT,w45,ReserveCosts,51.54962804
Baseline,NZT,w46,ReserveCosts,52.3329471
Baseline,NZT,w47,ReserveCosts,51.03056722
Baseline,NZT,w48,ReserveCosts,48.19546064
Baseline,NZT,w49,ReserveCosts,50.47618459
Baseline,NZT,w5,ReserveCosts,48.33881096
Baseline,NZT,w50,ReserveCosts,52.76724899
Baseline,NZT,w51,ReserveCosts,42.53020173
Baseline,NZT,w52,ReserveCosts,47.49185909
Baseline,NZT,w53,ReserveCosts,50.47478419
Baseline,NZT,w54,ReserveCosts,52.68170081
Baseline,NZT,w55,ReserveCosts,42.34955496
Baseline,NZT,w56,ReserveCosts,51.46769279
Baseline,NZT,w57,ReserveCosts,41.79210789
Baseline,NZT,w58,ReserveCosts,41.75625407
Baseline,NZT,w59,ReserveCosts,53.42737937
Baseline,NZT,w6,ReserveCosts,41.49256323
Baseline,NZT,w60,ReserveCosts,51.22569776
Baseline,NZT,w61,ReserveCosts,52.34306053
Baseline,NZT,w62,ReserveCosts,50.76075926
Baseline,NZT,w63,ReserveCosts,52.48830434
Baseline,NZT,w64,ReserveCosts,50.70882612
Baseline,NZT,w65,ReserveCosts,47.75909907
Baseline,NZT,w66,ReserveCosts,51.94411293
Baseline,NZT,w67,ReserveCosts,48.20134399
Baseline,NZT,w68,ReserveCosts,50.05813071
Baseline,NZT,w69,ReserveCosts,51.87580988
Baseline,NZT,w7,ReserveCosts,54.71342927
Baseline,NZT,w70,ReserveCosts,46.00925315
Baseline,NZT,w71,ReserveCosts,52.96913648
Baseline,NZT,w72,ReserveCosts,43.01285053
Baseline,NZT,w73,ReserveCosts,52.44048518
Baseline,NZT,w74,ReserveCosts,51.65861865
Baseline,NZT,w75,ReserveCosts,48.59567417
Baseline,NZT,w76,ReserveCosts,51.90102582
Baseline,NZT,w77,ReserveCosts,46.65149769
Baseline,NZT,w78,ReserveCosts,50.1411246
Baseline,NZT,w79,ReserveCosts,53.02078843
Baseline,NZT,w8,ReserveCosts,47.18339209
Baseline,NZT,w80,ReserveCosts,48.96156422
Baseline,NZT,w81,ReserveCosts,48.86032702
Baseline,NZT,w82,ReserveCosts,52.15368531
Baseline,NZT,w83,ReserveCosts,52.99000716
Baseline,NZT,w84,ReserveCosts,52.20232009
Baseline,NZT,w85,ReserveCosts,52.64544933
Baseline,NZT,w86,ReserveCosts,53.04184184
Baseline,NZT,w87,ReserveCosts,52.09850895
Baseline,NZT,w88,ReserveCosts,47.44964627
Baseline,NZT,w89,ReserveCosts,49.72231487
Baseline,NZT,w9,ReserveCosts,49.05241489
Baseline,NZT,w90,ReserveCosts,49.28971254
Baseline,NZT,w91,ReserveCosts,52.0956726
Baseline,NZT,w92,ReserveCosts,50.41105819
Baseline,NZT,w93,ReserveCosts,51.85624442
Baseline,NZT,w94,ReserveCosts,52.00214291
Baseline,NZT,w95,ReserveCosts,52.24214717
Baseline,NZT,w96,ReserveCosts,47.37214595
Baseline,NZT,w97,ReserveCosts,46.94979522
Baseline,NZT,w98,ReserveCosts,48.5025049
Baseline,NZT,w99,ReserveCosts,51.89665014
Baseline,REF,w1,ReserveCosts,44.26252013
Baseline,REF,w10,ReserveCosts,29.36603798
Baseline,REF,w100,ReserveCosts,38.45357475
Baseline,REF,w11,ReserveCosts,30.55933858
Baseline,REF,w12,ReserveCosts,33.96691385
Baseline,REF,w13,ReserveCosts,45.34575559
Baseline,REF,w14,ReserveCosts,47.6699185
Baseline,REF,w15,ReserveCosts,37.23692943
Baseline,REF,w16,ReserveCosts,43.01134388
Baseline,REF,w17,ReserveCosts,42.29378826
Baseline,REF,w18,ReserveCosts,25.48185439
Baseline,REF,w19,ReserveCosts,39.2997087
Baseline,REF,w2,ReserveCosts,29.05210943
Baseline,REF,w20,ReserveCosts,37.25634023
Baseline,REF,w21,ReserveCosts,38.55638301
Baseline,REF,w22,ReserveCosts,33.84381653
Baseline,REF,w23,ReserveCosts,41.66294602
Baseline,REF,w24,ReserveCosts,46.15821874
Baseline,REF,w25,ReserveCosts,43.61936664
Baseline,REF,w26,ReserveCosts,37.66937215
Baseline,REF,w27,ReserveCosts,39.92511999
Baseline,REF,w28,ReserveCosts,36.05007503
Baseline,REF,w29,ReserveCosts,29.68564496
Baseline,REF,w3,ReserveCosts,41.49089384
Baseline,REF,w30,ReserveCosts,46.44538715
Baseline,REF,w31,ReserveCosts,45.5889938
Baseline,REF,w32,ReserveCosts,41.55790204
Baseline,REF,w33,ReserveCosts,36.92386886
Baseline,REF,w34,ReserveCosts,38.76044712
Baseline,REF,w35,ReserveCosts,26.80949103
Baseline,REF,w36,ReserveCosts,46.72953154
Baseline,REF,w37,ReserveCosts,41.33644077
Baseline,REF,w38,ReserveCosts,30.15200727
Baseline,REF,w39,ReserveCosts,45.95680834
Baseline,REF,w4,ReserveCosts,38.5780828
Baseline,REF,w40,ReserveCosts,44.61826765
Baseline,REF,w41,ReserveCosts,35.0060722
Baseline,REF,w42,ReserveCosts,39.81439331
Baseline,REF,w43,ReserveCosts,30.24991074
Baseline,REF,w44,ReserveCosts,41.97750341
Baseline,REF,w45,ReserveCosts,32.22206457
Baseline,REF,w46,ReserveCosts,38.51423275
Baseline,REF,w47,ReserveCosts,39.48544953
Baseline,REF,w48,ReserveCosts,46.11956526
Baseline,REF,w49,ReserveCosts,33.95216829
Baseline,REF,w5,ReserveCosts,32.06420522
Baseline,REF,w50,ReserveCosts,39.26313833
Baseline,REF,w51,ReserveCosts,36.90400869
Baseline,REF,w52,ReserveCosts,36.48447811
Baseline,REF,w53,ReserveCosts,46.46977151
Baseline,REF,w54,ReserveCosts,39.72134942
Baseline,REF,w55,ReserveCosts,47.35238641
Baseline,REF,w56,ReserveCosts,43.0892835
Baseline,REF,w57,ReserveCosts,38.05376198
Baseline,REF,w58,ReserveCosts,38.49136995
Baseline,REF,w59,ReserveCosts,46.88018824
Baseline,REF,w6,ReserveCosts,40.06249824
Baseline,REF,w60,ReserveCosts,30.2792241
Baseline,REF,w61,ReserveCosts,27.3526853
Baseline,REF,w62,ReserveCosts,41.88441786
Baseline,REF,w63,ReserveCosts,45.80610066
Baseline,REF,w64,ReserveCosts,32.96835721
Baseline,REF,w65,ReserveCosts,28.93174645
Baseline,REF,w66,ReserveCosts,43.90538024
Baseline,REF,w67,ReserveCosts,37.44240929
Baseline,REF,w68,ReserveCosts,44.58502866
Baseline,REF,w69,ReserveCosts,40.78132569
Baseline,REF,w7,ReserveCosts,35.63938112
Baseline,REF,w70,ReserveCosts,46.74326671
Baseline,REF,w71,ReserveCosts,44.4377259
Baseline,REF,w72,ReserveCosts,37.37615406
Baseline,REF,w73,ReserveCosts,33.05348494
Baseline,REF,w74,ReserveCosts,43.30878212
Baseline,REF,w75,ReserveCosts,47.52653067
Baseline,REF,w76,ReserveCosts,34.70661865
Baseline,REF,w77,ReserveCosts,41.77715982
Baseline,REF,w78,ReserveCosts,40.11510046
Baseline,REF,w79,ReserveCosts,31.81966224
Baseline,REF,w8,ReserveCosts,43.84892089
Baseline,REF,w80,ReserveCosts,44.41806439
Baseline,REF,w81,ReserveCosts,36.24808563
Baseline,REF,w82,ReserveCosts,44.7084397
Baseline,REF,w83,ReserveCosts,40.31318614
Baseline,REF,w84,ReserveCosts,45.89453099
Baseline,REF,w85,ReserveCosts,30.01267443
Baseline,REF,w86,ReserveCosts,47.69222177
Baseline,REF,w87,ReserveCosts,44.97815608
Baseline,REF,w88,ReserveCosts,36.06239423
Baseline,REF,w89,ReserveCosts,37.88675323
Baseline,REF,w9,ReserveCosts,25.75585381
Baseline,REF,w90,ReserveCosts,33.55119904
Baseline,REF,w91,ReserveCosts,45.57488112
Baseline,REF,w92,ReserveCosts,34.69737393
Baseline,REF,w93,ReserveCosts,32.27673286
Baseline,REF,w94,ReserveCosts,30.19574711
Baseline,REF,w95,ReserveCosts,38.49033171
Baseline,REF,w96,ReserveCosts,40.20307972
Baseline,REF,w97,ReserveCosts,44.08528276
Baseline,REF,w98,ReserveCosts,46.50531075
Baseline,REF,w99,ReserveCosts,36.67425773
Baseline,BRIDGE,w1,CurtailedCosts,0
Baseline,BRIDGE,w10,CurtailedCosts,0
Baseline,BRIDGE,w100,CurtailedCosts,0
Baseline,BRIDGE,w11,CurtailedCosts,0
Baseline,BRIDGE,w12,CurtailedCosts,0
Baseline,BRIDGE,w13,CurtailedCosts,0
Baseline,BRIDGE,w14,CurtailedCosts,0
Baseline,BRIDGE,w15,CurtailedCosts,0
Baseline,BRIDGE,w16,CurtailedCosts,0
Baseline,BRIDGE,w17,CurtailedCosts,0
Baseline,BRIDGE,w18,CurtailedCosts,0
Baseline,BRIDGE,w19,CurtailedCosts,0
Baseline,BRIDGE,w2,CurtailedCosts,15.5364868
Baseline,BRIDGE,w20,CurtailedCosts,0
Baseline,BRIDGE,w21,CurtailedCosts,0
Baseline,BRIDGE,w22,CurtailedCosts,0
Baseline,BRIDGE,w23,CurtailedCosts,0
Baseline,BRIDGE,w24,CurtailedCosts,0
Baseline,BRIDGE,w25,CurtailedCosts,0
Baseline,BRIDGE,w26,CurtailedCosts,0
Baseline,BRIDGE,w27,CurtailedCosts,0
Baseline,BRIDGE,w28,CurtailedCosts,0
Baseline,BRIDGE,w29,CurtailedCosts,0
Baseline,BRIDGE,w3,CurtailedCosts,0
Baseline,BRIDGE,w30,CurtailedCosts,0
Baseline,BRIDGE,w31,CurtailedCosts,0
Baseline,BRIDGE,w32,CurtailedCosts,0
Baseline,BRIDGE,w33,CurtailedCosts,0
Baseline,BRIDGE,w34,CurtailedCosts,0
Baseline,BRIDGE,w35,CurtailedCosts,0
Baseline,BRIDGE,w36,CurtailedCosts,0
Baseline,BRIDGE,w37,CurtailedCosts,0
Baseline,BRIDGE,w38,CurtailedCosts,0
Baseline,BRIDGE,w39,CurtailedCosts,0
Baseline,BRIDGE,w4,CurtailedCosts,0
Baseline,BRIDGE,w40,CurtailedCosts,0
Baseline,BRIDGE,w41,CurtailedCosts,0
Baseline,BRIDGE,w42,CurtailedCosts,0
Baseline,BRIDGE,w43,CurtailedCosts,0
Baseline,BRIDGE,w44,CurtailedCosts,0
Baseline,BRIDGE,w45,CurtailedCosts,0
Baseline,BRIDGE,w46,CurtailedCosts,0
Baseline,BRIDGE,w47,CurtailedCosts,0
Baseline,BRIDGE,w48,CurtailedCosts,0
Baseline,BRIDGE,w49,CurtailedCosts,0
Baseline,BRIDGE,w5,CurtailedCosts,0
Baseline,BRIDGE,w50,CurtailedCosts,0
Baseline,BRIDGE,w51,CurtailedCosts,0
Baseline,BRIDGE,w52,CurtailedCosts,0
Baseline,BRIDGE,w53,CurtailedCosts,0
Baseline,BRIDGE,w54,CurtailedCosts,0
Baseline,BRIDGE,w55,CurtailedCosts,0
Baseline,BRIDGE,w56,CurtailedCosts,0
Baseline,BRIDGE,w57,CurtailedCosts,0
Baseline,BRIDGE,w58,CurtailedCosts,0
Baseline,BRIDGE,w59,CurtailedCosts,0
Baseline,BRIDGE,w6,CurtailedCosts,0
Baseline,BRIDGE,w60,CurtailedCosts,0
Baseline,BRIDGE,w61,CurtailedCosts,0
Baseline,BRIDGE,w62,CurtailedCosts,0
Baseline,BRIDGE,w63,CurtailedCosts,0
Baseline,BRIDGE,w64,CurtailedCosts,0
Baseline,BRIDGE,w65,CurtailedCosts,0
Baseline,BRIDGE,w66,CurtailedCosts,0
Baseline,BRIDGE,w67,CurtailedCosts,0
Baseline,BRIDGE,w68,CurtailedCosts,0
Baseline,BRIDGE,w69,CurtailedCosts,0
Baseline,BRIDGE,w7,CurtailedCosts,0
Baseline,BRIDGE,w70,CurtailedCosts,0
Baseline,BRIDGE,w71,CurtailedCosts,0
Baseline,BRIDGE,w72,CurtailedCosts,0
Baseline,BRIDGE,w73,CurtailedCosts,0
Baseline,BRIDGE,w74,CurtailedCosts,0
Baseline,BRIDGE,w75,CurtailedCosts,0
Baseline,BRIDGE,w76,CurtailedCosts,0
Baseline,BRIDGE,w77,CurtailedCosts,0
Baseline,BRIDGE,w78,CurtailedCosts,0
Baseline,BRIDGE,w79,CurtailedCosts,0
Baseline,BRIDGE,w8,CurtailedCosts,0
Baseline,BRIDGE,w80,CurtailedCosts,0
Baseline,BRIDGE,w81,CurtailedCosts,0
Baseline,BRIDGE,w82,CurtailedCosts,9.912054367
Baseline,BRIDGE,w83,CurtailedCosts,0
Baseline,BRIDGE,w84,CurtailedCosts,0
Baseline,BRIDGE,w85,CurtailedCosts,0
Baseline,BRIDGE,w86,CurtailedCosts,38.15399053
Baseline,BRIDGE,w87,CurtailedCosts,0
Baseline,BRIDGE,w88,CurtailedCosts,0
Baseline,BRIDGE,w89,CurtailedCosts,0
Baseline,BRIDGE,w9,CurtailedCosts,0
Baseline,BRIDGE,w90,CurtailedCosts,0
Baseline,BRIDGE,w91,CurtailedCosts,0
Baseline,BRIDGE,w92,CurtailedCosts,0
Baseline,BRIDGE,w93,CurtailedCosts,0
Baseline,BRIDGE,w94,CurtailedCosts,0
Baseline,BRIDGE,w95,CurtailedCosts,0
Baseline,BRIDGE,w96,CurtailedCosts,0
Baseline,BRIDGE,w97,CurtailedCosts,0
Baseline,BRIDGE,w98,CurtailedCosts,0
Baseline,BRIDGE,w99,CurtailedCosts,0
Baseline,NZT,w1,CurtailedCosts,0
Baseline,NZT,w10,CurtailedCosts,0
Baseline,NZT,w100,CurtailedCosts,0
Baseline,NZT,w11,CurtailedCosts,0
Baseline,NZT,w12,CurtailedCosts,0
Baseline,NZT,w13,CurtailedCosts,0
Baseline,NZT,w14,CurtailedCosts,0
Baseline,NZT,w15,CurtailedCosts,0
Baseline,NZT,w16,CurtailedCosts,0
Baseline,NZT,w17,CurtailedCosts,0
Baseline,NZT,w18,CurtailedCosts,0
Baseline,NZT,w19,CurtailedCosts,0
Baseline,NZT,w2,CurtailedCosts,0
Baseline,NZT,w20,CurtailedCosts,0
Baseline,NZT,w21,CurtailedCosts,0
Baseline,NZT,w22,CurtailedCosts,0
Baseline,NZT,w23,CurtailedCosts,0
Baseline,NZT,w24,CurtailedCosts,0
Baseline,NZT,w25,CurtailedCosts,0
Baseline,NZT,w26,CurtailedCosts,0
Baseline,NZT,w27,CurtailedCosts,0
Baseline,NZT,w28,CurtailedCosts,0
Baseline,NZT,w29,CurtailedCosts,0
Baseline,NZT,w3,CurtailedCosts,0
Baseline,NZT,w30,CurtailedCosts,0
Baseline,NZT,w31,CurtailedCosts,0
Baseline,NZT,w32,CurtailedCosts,0
Baseline,NZT,w33,CurtailedCosts,0
Baseline,NZT,w34,CurtailedCosts,0
Baseline,NZT,w35,CurtailedCosts,0
Baseline,NZT,w36,CurtailedCosts,0
Baseline,NZT,w37,CurtailedCosts,0
Baseline,NZT,w38,CurtailedCosts,0
Baseline,NZT,w39,CurtailedCosts,0
Baseline,NZT,w4,CurtailedCosts,0
Baseline,NZT,w40,CurtailedCosts,0
Baseline,NZT,w41,CurtailedCosts,0
Baseline,NZT,w42,CurtailedCosts,0
Baseline,NZT,w43,CurtailedCosts,0
Baseline,NZT,w44,CurtailedCosts,0
Baseline,NZT,w45,CurtailedCosts,0
Baseline,NZT,w46,CurtailedCosts,0
Baseline,NZT,w47,CurtailedCosts,0
Baseline,NZT,w48,CurtailedCosts,0
Baseline,NZT,w49,CurtailedCosts,0
Baseline,NZT,w5,CurtailedCosts,0
Baseline,NZT,w50,CurtailedCosts,0
Baseline,NZT,w51,CurtailedCosts,0
Baseline,NZT,w52,CurtailedCosts,0
Baseline,NZT,w53,CurtailedCosts,0
Baseline,NZT,w54,CurtailedCosts,0
Baseline,NZT,w55,CurtailedCosts,0
Baseline,NZT,w56,CurtailedCosts,0
Baseline,NZT,w57,CurtailedCosts,0
Baseline,NZT,w58,CurtailedCosts,0
Baseline,NZT,w59,CurtailedCosts,0
Baseline,NZT,w6,CurtailedCosts,0
Baseline,NZT,w60,CurtailedCosts,0
Baseline,NZT,w61,CurtailedCosts,0
Baseline,NZT,w62,CurtailedCosts,0
Baseline,NZT,w63,CurtailedCosts,0
Baseline,NZT,w64,CurtailedCosts,0
Baseline,NZT,w65,CurtailedCosts,0
Baseline,NZT,w66,CurtailedCosts,0
Baseline,NZT,w67,CurtailedCosts,0
Baseline,NZT,w68,CurtailedCosts,0
Baseline,NZT,w69,CurtailedCosts,0
Baseline,NZT,w7,CurtailedCosts,0
Baseline,NZT,w70,CurtailedCosts,0
Baseline,NZT,w71,CurtailedCosts,0
Baseline,NZT,w72,CurtailedCosts,0
Baseline,NZT,w73,CurtailedCosts,0
Baseline,NZT,w74,CurtailedCosts,0
Baseline,NZT,w75,CurtailedCosts,0
Baseline,NZT,w76,CurtailedCosts,0
Baseline,NZT,w77,CurtailedCosts,0
Baseline,NZT,w78,CurtailedCosts,0
Baseline,NZT,w79,CurtailedCosts,0
Baseline,NZT,w8,CurtailedCosts,0
Baseline,NZT,w80,CurtailedCosts,0
Baseline,NZT,w81,CurtailedCosts,0
Baseline,NZT,w82,CurtailedCosts,0
Baseline,NZT,w83,CurtailedCosts,0
Baseline,NZT,w84,CurtailedCosts,0
Baseline,NZT,w85,CurtailedCosts,0
Baseline,NZT,w86,CurtailedCosts,0
Baseline,NZT,w87,CurtailedCosts,0
Baseline,NZT,w88,CurtailedCosts,0
Baseline,NZT,w89,CurtailedCosts,0
Baseline,NZT,w9,CurtailedCosts,0
Baseline,NZT,w90,CurtailedCosts,0
Baseline,NZT,w91,CurtailedCosts,0
Baseline,NZT,w92,CurtailedCosts,0
Baseline,NZT,w93,CurtailedCosts,0
Baseline,NZT,w94,CurtailedCosts,0
Baseline,NZT,w95,CurtailedCosts,0
Baseline,NZT,w96,CurtailedCosts,0
Baseline,NZT,w97,CurtailedCosts,0
Baseline,NZT,w98,CurtailedCosts,0
Baseline,NZT,w99,CurtailedCosts,0
Baseline,REF,w1,CurtailedCosts,0
Baseline,REF,w10,CurtailedCosts,0
Baseline,REF,w100,CurtailedCosts,0
Baseline,REF,w11,CurtailedCosts,0
Baseline,REF,w12,CurtailedCosts,217.6716527
Baseline,REF,w13,CurtailedCosts,0
Baseline,REF,w14,CurtailedCosts,0
Baseline,REF,w15,CurtailedCosts,0
Baseline,REF,w16,CurtailedCosts,0
Baseline,REF,w17,CurtailedCosts,0
Baseline,REF,w18,CurtailedCosts,0
Baseline,REF,w19,CurtailedCosts,0
Baseline,REF,w2,CurtailedCosts,0
Baseline,REF,w20,CurtailedCosts,70.91861785
Baseline,REF,w21,CurtailedCosts,0
Baseline,REF,w22,CurtailedCosts,0
Baseline,REF,w23,CurtailedCosts,0
Baseline,REF,w24,CurtailedCosts,0
Baseline,REF,w25,CurtailedCosts,0
Baseline,REF,w26,CurtailedCosts,0
Baseline,REF,w27,CurtailedCosts,331.2724243
Baseline,REF,w28,CurtailedCosts,125.784397
Baseline,REF,w29,CurtailedCosts,0
Baseline,REF,w3,CurtailedCosts,0
Baseline,REF,w30,CurtailedCosts,0
Baseline,REF,w31,CurtailedCosts,0
Baseline,REF,w32,CurtailedCosts,0
Baseline,REF,w33,CurtailedCosts,0
Baseline,REF,w34,CurtailedCosts,0
Baseline,REF,w35,CurtailedCosts,470.4855865
Baseline,REF,w36,CurtailedCosts,0
Baseline,REF,w37,CurtailedCosts,0
Baseline,REF,w38,CurtailedCosts,0
Baseline,REF,w39,CurtailedCosts,0
Baseline,REF,w4,CurtailedCosts,0
Baseline,REF,w40,CurtailedCosts,0
Baseline,REF,w41,CurtailedCosts,0
Baseline,REF,w42,CurtailedCosts,0
Baseline,REF,w43,CurtailedCosts,0
Baseline,REF,w44,CurtailedCosts,0
Baseline,REF,w45,CurtailedCosts,0
Baseline,REF,w46,CurtailedCosts,903.4236903
Baseline,REF,w47,CurtailedCosts,58.75955822
Baseline,REF,w48,CurtailedCosts,0
Baseline,REF,w49,CurtailedCosts,0
Baseline,REF,w5,CurtailedCosts,220.6491706
Baseline,REF,w50,CurtailedCosts,0
Baseline,REF,w51,CurtailedCosts,174.0917111
Baseline,REF,w52,CurtailedCosts,0
Baseline,REF,w53,CurtailedCosts,0
Baseline,REF,w54,CurtailedCosts,0
Baseline,REF,w55,CurtailedCosts,145.7891663
Baseline,REF,w56,CurtailedCosts,0
Baseline,REF,w57,CurtailedCosts,0
Baseline,REF,w58,CurtailedCosts,0
Baseline,REF,w59,CurtailedCosts,0
Baseline,REF,w6,CurtailedCosts,0
Baseline,REF,w60,CurtailedCosts,0
Baseline,REF,w61,CurtailedCosts,304.0478824
Baseline,REF,w62,CurtailedCosts,0
Baseline,REF,w63,CurtailedCosts,0
Baseline,REF,w64,CurtailedCosts,0
Baseline,REF,w65,CurtailedCosts,0
Baseline,REF,w66,CurtailedCosts,0
Baseline,REF,w67,CurtailedCosts,0
Baseline,REF,w68,CurtailedCosts,0
Baseline,REF,w69,CurtailedCosts,2.413367639
Baseline,REF,w7,CurtailedCosts,0
Baseline,REF,w70,CurtailedCosts,0
Baseline,REF,w71,CurtailedCosts,0
Baseline,REF,w72,CurtailedCosts,0
Baseline,REF,w73,CurtailedCosts,0
Baseline,REF,w74,CurtailedCosts,0
Baseline,REF,w75,CurtailedCosts,0
Baseline,REF,w76,CurtailedCosts,0
Baseline,REF,w77,CurtailedCosts,0
Baseline,REF,w78,CurtailedCosts,0
Baseline,REF,w79,CurtailedCosts,0
Baseline,REF,w8,CurtailedCosts,0
Baseline,REF,w80,CurtailedCosts,0
Baseline,REF,w81,CurtailedCosts,0
Baseline,REF,w82,CurtailedCosts,0
Baseline,REF,w83,CurtailedCosts,0
Baseline,REF,w84,CurtailedCosts,0
Baseline,REF,w85,CurtailedCosts,0
Baseline,REF,w86,CurtailedCosts,13.14565282
Baseline,REF,w87,CurtailedCosts,0
Baseline,REF,w88,CurtailedCosts,0
Baseline,REF,w89,CurtailedCosts,0
Baseline,REF,w9,CurtailedCosts,0
Baseline,REF,w90,CurtailedCosts,0
Baseline,REF,w91,CurtailedCosts,0
Baseline,REF,w92,CurtailedCosts,0
Baseline,REF,w93,CurtailedCosts,2.668290057
Baseline,REF,w94,CurtailedCosts,0
Baseline,REF,w95,CurtailedCosts,0
Baseline,REF,w96,CurtailedCosts,0
Baseline,REF,w97,CurtailedCosts,0
Baseline,REF,w98,CurtailedCosts,0
Baseline,REF,w99,CurtailedCosts,0
Adverse,BRIDGE,w1,TotalCost_w,44323.61657
Adverse,BRIDGE,w2,TotalCost_w,44003.12873
Adverse,BRIDGE,w3,TotalCost_w,42198.95755
Adverse,BRIDGE,w4,TotalCost_w,45532.45055
Adverse,BRIDGE,w5,TotalCost_w,42867.03877
Adverse,NZT,w1,TotalCost_w,50783.61526
Adverse,NZT,w2,TotalCost_w,51317.15375
Adverse,NZT,w3,TotalCost_w,50311.69239
Adverse,NZT,w4,TotalCost_w,51199.84913
Adverse,NZT,w5,TotalCost_w,50708.50378
Adverse,REF,w1,TotalCost_w,55343.00652
Adverse,REF,w2,TotalCost_w,51879.06526
Adverse,REF,w3,TotalCost_w,50140.97221
Adverse,REF,w4,TotalCost_w,51836.81654
Adverse,REF,w5,TotalCost_w,50921.00477
Adverse,BRIDGE,w1,OpCostGen,8322.242145
Adverse,BRIDGE,w2,OpCostGen,8901.509408
Adverse,BRIDGE,w3,OpCostGen,9768.590793
Adverse,BRIDGE,w4,OpCostGen,8382.903508
Adverse,BRIDGE,w5,OpCostGen,9299.065504
Adverse,NZT,w1,OpCostGen,8609.351172
Adverse,NZT,w2,OpCostGen,8889.537619
Adverse,NZT,w3,OpCostGen,8604.898569
Adverse,NZT,w4,OpCostGen,8718.689783
Adverse,NZT,w5,OpCostGen,8296.907676
Adverse,REF,w1,OpCostGen,15769.5073
Adverse,REF,w2,OpCostGen,19009.09817
Adverse,REF,w3,OpCostGen,17921.74007
Adverse,REF,w4,OpCostGen,17339.99115
Adverse,REF,w5,OpCostGen,17871.47754
Adverse,BRIDGE,w1,PNSCost,0
Adverse,BRIDGE,w2,PNSCost,0
Adverse,BRIDGE,w3,PNSCost,12.70586749
Adverse,BRIDGE,w4,PNSCost,0
Adverse,BRIDGE,w5,PNSCost,4.07487142
Adverse,NZT,w1,PNSCost,341.0866991
Adverse,NZT,w2,PNSCost,352.3793718
Adverse,NZT,w3,PNSCost,335.0834568
Adverse,NZT,w4,PNSCost,426.164001
Adverse,NZT,w5,PNSCost,362.3149577
Adverse,REF,w1,PNSCost,0
Adverse,REF,w2,PNSCost,149.6962374
Adverse,REF,w3,PNSCost,22.01001876
Adverse,REF,w4,PNSCost,10.82780558
Adverse,REF,w5,PNSCost,7.241921964
Adverse,BRIDGE,w1,TransmissionCost,302.1576135
Adverse,BRIDGE,w2,TransmissionCost,236.5752896
Adverse,BRIDGE,w3,TransmissionCost,236.5752896
Adverse,BRIDGE,w4,TransmissionCost,302.1576135
Adverse,BRIDGE,w5,TransmissionCost,302.1576135
Adverse,NZT,w1,TransmissionCost,550.9076123
Adverse,NZT,w2,TransmissionCost,499.29355
Adverse,NZT,w3,TransmissionCost,560.2172811
Adverse,NZT,w4,TransmissionCost,488.3764122
Adverse,NZT,w5,TransmissionCost,528.8698143
Adverse,REF,w1,TransmissionCost,402.2688815
Adverse,REF,w2,TransmissionCost,572.4626959
Adverse,REF,w3,TransmissionCost,816.8939081
Adverse,REF,w4,TransmissionCost,446.6791343
Adverse,REF,w5,TransmissionCost,685.4331175
Adverse,BRIDGE,w1,NewGenBuiltCost,23433.89853
Adverse,BRIDGE,w2,NewGenBuiltCost,22586.74715
Adverse,BRIDGE,w3,NewGenBuiltCost,20189.54673
Adverse,BRIDGE,w4,NewGenBuiltCost,24332.17347
Adverse,BRIDGE,w5,NewGenBuiltCost,21100.39835
Adverse,NZT,w1,NewGenBuiltCost,23490.92744
Adverse,NZT,w2,NewGenBuiltCost,23210.62669
Adverse,NZT,w3,NewGenBuiltCost,23739.1334
Adverse,NZT,w4,NewGenBuiltCost,23609.88252
Adverse,NZT,w5,NewGenBuiltCost,23867.148
Adverse,REF,w1,NewGenBuiltCost,27930.77462
Adverse,REF,w2,NewGenBuiltCost,21413.5142
Adverse,REF,w3,NewGenBuiltCost,21214.09076
Adverse,REF,w4,NewGenBuiltCost,23311.07237
Adverse,REF,w5,NewGenBuiltCost,21915.6032
Adverse,BRIDGE,w1,FixedCosts,10280.23232
Adverse,BRIDGE,w2,FixedCosts,10123.20952
Adverse,BRIDGE,w3,FixedCosts,9669.538415
Adverse,BRIDGE,w4,FixedCosts,10522.57336
Adverse,BRIDGE,w5,FixedCosts,9900.366892
Adverse,NZT,w1,FixedCosts,10390.00317
Adverse,NZT,w2,FixedCosts,10351.43882
Adverse,NZT,w3,FixedCosts,10414.95908
Adverse,NZT,w4,FixedCosts,10388.88844
Adverse,NZT,w5,FixedCosts,10536.6143
Adverse,REF,w1,FixedCosts,10565.02998
Adverse,REF,w2,FixedCosts,9476.080862
Adverse,REF,w3,FixedCosts,9237.394743
Adverse,REF,w4,FixedCosts,9865.633138
Adverse,REF,w5,FixedCosts,9538.438085
Adverse,BRIDGE,w1,EmissionCosts,1881.876763
Adverse,BRIDGE,w2,EmissionCosts,2046.614128
Adverse,BRIDGE,w3,EmissionCosts,2210.78622
Adverse,BRIDGE,w4,EmissionCosts,1888.290597
Adverse,BRIDGE,w5,EmissionCosts,2149.183093
Adverse,NZT,w1,EmissionCosts,7319.470114
Adverse,NZT,w2,EmissionCosts,7929.67243
Adverse,NZT,w3,EmissionCosts,6575.281213
Adverse,NZT,w4,EmissionCosts,7483.356873
Adverse,NZT,w5,EmissionCosts,7037.573863
Adverse,REF,w1,EmissionCosts,602.6818007
Adverse,REF,w2,EmissionCosts,847.1558591
Adverse,REF,w3,EmissionCosts,845.3087239
Adverse,REF,w4,EmissionCosts,778.6838461
Adverse,REF,w5,EmissionCosts,817.6301572
Adverse,BRIDGE,w1,ReserveCosts,103.2091952
Adverse,BRIDGE,w2,ReserveCosts,108.4732376
Adverse,BRIDGE,w3,ReserveCosts,111.2142349
Adverse,BRIDGE,w4,ReserveCosts,104.3519973
Adverse,BRIDGE,w5,ReserveCosts,111.7924527
Adverse,NZT,w1,ReserveCosts,81.8690521
Adverse,NZT,w2,ReserveCosts,84.2052697
Adverse,NZT,w3,ReserveCosts,82.11939306
Adverse,NZT,w4,ReserveCosts,84.49109966
Adverse,NZT,w5,ReserveCosts,79.07517384
Adverse,REF,w1,ReserveCosts,72.74393655
Adverse,REF,w2,ReserveCosts,82.48369674
Adverse,REF,w3,ReserveCosts,83.53398685
Adverse,REF,w4,ReserveCosts,83.9290924
Adverse,REF,w5,ReserveCosts,85.18074651
Adverse,BRIDGE,w1,CurtailedCosts,0
Adverse,BRIDGE,w2,CurtailedCosts,0
Adverse,BRIDGE,w3,CurtailedCosts,0
Adverse,BRIDGE,w4,CurtailedCosts,0
Adverse,BRIDGE,w5,CurtailedCosts,0
Adverse,NZT,w1,CurtailedCosts,0
Adverse,NZT,w2,CurtailedCosts,0
Adverse,NZT,w3,CurtailedCosts,0
Adverse,NZT,w4,CurtailedCosts,0
Adverse,NZT,w5,CurtailedCosts,0
Adverse,REF,w1,CurtailedCosts,0
Adverse,REF,w2,CurtailedCosts,328.5735388
Adverse,REF,w3,CurtailedCosts,0
Adverse,REF,w4,CurtailedCosts,0
Adverse,REF,w5,CurtailedCosts,0
