Hydrology,Scenario,Representative_w,Date,Year,Month,MW,ENS_GWh,CO2_kt
Baseline,REF,w23,2025-01-01,2025,1,240.2249129,0,785.2247322
Baseline,REF,w23,2025-02-01,2025,2,239.0240003,0,735.8390383
Baseline,REF,w23,2025-03-01,2025,3,243.1903119,0,278.2518292
Baseline,REF,w23,2025-04-01,2025,4,244.4267438,0,288.6058484
Baseline,REF,w23,2025-05-01,2025,5,243.2169108,0,222.6607648
Baseline,REF,w23,2025-06-01,2025,6,237.8651957,0,253.1786881
Baseline,REF,w23,2025-07-01,2025,7,234.7117399,0,232.639938
Baseline,REF,w23,2025-08-01,2025,8,234.0693722,0,737.29826
Baseline,REF,w23,2025-09-01,2025,9,239.5397644,0,741.2213093
Baseline,REF,w23,2025-10-01,2025,10,240.3247001,0,704.480751
Baseline,REF,w23,2025-11-01,2025,11,245.1879513,0,791.7505642
Baseline,REF,w23,2025-12-01,2025,12,251.0498501,0,820.9023559
Baseline,REF,w23,2026-01-01,2026,1,249.0651897,0,653.7107887
Baseline,REF,w23,2026-02-01,2026,2,247.8200835,0,601.9901638
Baseline,REF,w23,2026-03-01,2026,3,252.1397154,0,96.7691522
Baseline,REF,w23,2026-04-01,2026,4,253.421648,0,81.85936426
Baseline,REF,w23,2026-05-01,2026,5,252.1672931,0,77.84267116
Baseline,REF,w23,2026-06-01,2026,6,246.6186349,0,80.26803687
Baseline,REF,w23,2026-07-01,2026,7,243.349132,0,90.59945913
Baseline,REF,w23,2026-08-01,2026,8,242.6831251,0,509.6612035
Baseline,REF,w23,2026-09-01,2026,9,248.3548277,0,556.3198425
Baseline,REF,w23,2026-10-01,2026,10,249.1686491,0,563.4819611
Baseline,REF,w23,2026-11-01,2026,11,254.2108679,0,648.9723775
Baseline,REF,w23,2026-12-01,2026,12,260.2884846,0,704.4626887
Baseline,REF,w23,2027-01-01,2027,1,256.039015,0,450.0617182
Baseline,REF,w23,2027-02-01,2027,2,254.7590459,0,527.5834694
Baseline,REF,w23,2027-03-01,2027,3,259.1996274,0,29.04442129
Baseline,REF,w23,2027-04-01,2027,4,260.5174541,0,16.33378266
Baseline,REF,w23,2027-05-01,2027,5,259.2279774,0,13.3364012
Baseline,REF,w23,2027-06-01,2027,6,253.5239567,0,24.40430606
Baseline,REF,w23,2027-07-01,2027,7,250.1629077,0,23.29204481
Baseline,REF,w23,2027-08-01,2027,8,249.4782526,0,528.7667331
Baseline,REF,w23,2027-09-01,2027,9,255.3087629,0,534.5041742
Baseline,REF,w23,2027-10-01,2027,10,256.1453713,0,521.956851
Baseline,REF,w23,2027-11-01,2027,11,261.3287722,0,601.3080258
Baseline,REF,w23,2027-12-01,2027,12,267.5765622,0,613.7590415
Baseline,REF,w23,2028-01-01,2028,1,265.5124586,0,652.6089753
Baseline,REF,w23,2028-02-01,2028,2,264.1851306,0,496.6570836
Baseline,REF,w23,2028-03-01,2028,3,268.7900136,0,23.05819406
Baseline,REF,w23,2028-04-01,2028,4,270.1565999,0,23.90024792
Baseline,REF,w23,2028-05-01,2028,5,268.8194125,0,30.5409594
Baseline,REF,w23,2028-06-01,2028,6,262.9043431,0,31.29015275
Baseline,REF,w23,2028-07-01,2028,7,259.4189353,0,31.30828355
Baseline,REF,w23,2028-08-01,2028,8,258.708948,0,538.5280469
Baseline,REF,w23,2028-09-01,2028,9,264.7551871,0,640.1337669
Baseline,REF,w23,2028-10-01,2028,10,265.62275,0,500.6141235
Baseline,REF,w23,2028-11-01,2028,11,270.9979368,0,624.0176431
Baseline,REF,w23,2028-12-01,2028,12,277.476895,0,722.2428788
Baseline,REF,w23,2029-01-01,2029,1,276.6639818,0,718.1955572
Baseline,REF,w23,2029-02-01,2029,2,275.280906,0,547.9541689
Baseline,REF,w23,2029-03-01,2029,3,280.0791942,0,121.7630768
Baseline,REF,w23,2029-04-01,2029,4,281.5031771,0,110.1114819
Baseline,REF,w23,2029-05-01,2029,5,280.1098278,0,106.1627566
Baseline,REF,w23,2029-06-01,2029,6,273.9463255,0,32.85394341
Baseline,REF,w23,2029-07-01,2029,7,270.3145305,0,88.85159173
Baseline,REF,w23,2029-08-01,2029,8,269.5747238,0,549.3082673
Baseline,REF,w23,2029-09-01,2029,9,275.874905,0,623.5971829
Baseline,REF,w23,2029-10-01,2029,10,276.7789055,0,623.2734305
Baseline,REF,w23,2029-11-01,2029,11,282.3798501,0,687.6854073
Baseline,REF,w23,2029-12-01,2029,12,289.1309245,0,763.3536188
Baseline,REF,w23,2030-01-01,2030,1,288.560533,0,204.3357579
Baseline,REF,w23,2030-02-01,2030,2,287.117985,0,320.9621115
Baseline,REF,w23,2030-03-01,2030,3,292.1225996,0,0
Baseline,REF,w23,2030-04-01,2030,4,293.6078137,0,0
Baseline,REF,w23,2030-05-01,2030,5,292.1545504,0,0
Baseline,REF,w23,2030-06-01,2030,6,285.7260175,0,0
Baseline,REF,w23,2030-07-01,2030,7,281.9380553,0,0
Baseline,REF,w23,2030-08-01,2030,8,281.1664369,0,235.446271
Baseline,REF,w23,2030-09-01,2030,9,287.7375259,0,298.4326146
Baseline,REF,w23,2030-10-01,2030,10,288.6803985,0,235.0766081
Baseline,REF,w23,2030-11-01,2030,11,294.5221837,0,287.992344
Baseline,REF,w23,2030-12-01,2030,12,301.5635543,0,278.5789708
Baseline,REF,w23,2031-01-01,2031,1,300.1029544,0,343.4769368
Baseline,REF,w23,2031-02-01,2031,2,298.6027044,0,325.3008036
Baseline,REF,w23,2031-03-01,2031,3,303.8075036,0,0
Baseline,REF,w23,2031-04-01,2031,4,305.3521263,0,0
Baseline,REF,w23,2031-05-01,2031,5,303.8407325,0,0
Baseline,REF,w23,2031-06-01,2031,6,297.1550582,0,0
Baseline,REF,w23,2031-07-01,2031,7,293.2155776,0,0
Baseline,REF,w23,2031-08-01,2031,8,292.4130944,0,293.2503418
Baseline,REF,w23,2031-09-01,2031,9,299.2470269,0,342.7513405
Baseline,REF,w23,2031-10-01,2031,10,300.2276144,0,358.8549784
Baseline,REF,w23,2031-11-01,2031,11,306.303071,0,351.3496007
Baseline,REF,w23,2031-12-01,2031,12,313.6260965,0,395.8087422
Baseline,REF,w23,2032-01-01,2032,1,312.1070725,0,228.2185497
Baseline,REF,w23,2032-02-01,2032,2,310.5468126,0,225.3938147
Baseline,REF,w23,2032-03-01,2032,3,315.9598037,0,0
Baseline,REF,w23,2032-04-01,2032,4,317.5662113,0,0
Baseline,REF,w23,2032-05-01,2032,5,315.9943618,0,0
Baseline,REF,w23,2032-06-01,2032,6,309.0412605,0,0
Baseline,REF,w23,2032-07-01,2032,7,304.9442007,0,0
Baseline,REF,w23,2032-08-01,2032,8,304.1096182,0,174.648899
Baseline,REF,w23,2032-09-01,2032,9,311.216908,0,318.1347956
Baseline,REF,w23,2032-10-01,2032,10,312.236719,0,292.3614395
Baseline,REF,w23,2032-11-01,2032,11,318.5551938,0,393.1937313
Baseline,REF,w23,2032-12-01,2032,12,326.1711403,0,374.981627
Baseline,REF,w23,2033-01-01,2033,1,318.349214,0,159.9820856
Baseline,REF,w23,2033-02-01,2033,2,316.7577488,0,147.7663932
Baseline,REF,w23,2033-03-01,2033,3,322.2789998,0,0
Baseline,REF,w23,2033-04-01,2033,4,323.9175355,0,0
Baseline,REF,w23,2033-05-01,2033,5,322.314249,0,0
Baseline,REF,w23,2033-06-01,2033,6,315.2220857,0,0
Baseline,REF,w23,2033-07-01,2033,7,311.0430847,0,0
Baseline,REF,w23,2033-08-01,2033,8,310.1918105,0,103.0748105
Baseline,REF,w23,2033-09-01,2033,9,317.4412461,0,142.8458408
Baseline,REF,w23,2033-10-01,2033,10,318.4814533,0,159.3027597
Baseline,REF,w23,2033-11-01,2033,11,324.9262977,0,209.6889772
Baseline,REF,w23,2033-12-01,2033,12,332.6945631,0,302.055388
Baseline,REF,w23,2034-01-01,2034,1,324.7161983,0,136.4036708
Baseline,REF,w23,2034-02-01,2034,2,323.0929038,0,140.436824
Baseline,REF,w23,2034-03-01,2034,3,328.7245798,0,0
Baseline,REF,w23,2034-04-01,2034,4,330.3958863,0,24.37097138
Baseline,REF,w23,2034-05-01,2034,5,328.760534,0,0
Baseline,REF,w23,2034-06-01,2034,6,321.5265274,0,0
Baseline,REF,w23,2034-07-01,2034,7,317.2639464,0,0
Baseline,REF,w23,2034-08-01,2034,8,316.3956467,0,51.00296964
Baseline,REF,w23,2034-09-01,2034,9,323.7900711,0,29.81696965
Baseline,REF,w23,2034-10-01,2034,10,324.8510824,0,174.8330943
Baseline,REF,w23,2034-11-01,2034,11,331.4248237,0,138.9664278
Baseline,REF,w23,2034-12-01,2034,12,339.3484544,0,232.5670599
Baseline,REF,w23,2035-01-01,2035,1,331.2105222,0,97.57032351
Baseline,REF,w23,2035-02-01,2035,2,329.5547619,0,141.191185
Baseline,REF,w23,2035-03-01,2035,3,335.2990714,0,0
Baseline,REF,w23,2035-04-01,2035,4,337.003804,0,0
Baseline,REF,w23,2035-05-01,2035,5,335.3357447,0,23.94971473
Baseline,REF,w23,2035-06-01,2035,6,327.957058,0,0
Baseline,REF,w23,2035-07-01,2035,7,323.6092253,0,0
Baseline,REF,w23,2035-08-01,2035,8,322.7235597,0,5.950260747
Baseline,REF,w23,2035-09-01,2035,9,330.2658725,0,99.15005637
Baseline,REF,w23,2035-10-01,2035,10,331.3481041,0,73.72718942
Baseline,REF,w23,2035-11-01,2035,11,338.0533201,0,155.8503448
Baseline,REF,w23,2035-12-01,2035,12,346.1354235,0,228.6994739
Baseline,REF,w23,2036-01-01,2036,1,337.8347327,0,46.32382019
Baseline,REF,w23,2036-02-01,2036,2,336.1458571,0,115.2065792
Baseline,REF,w23,2036-03-01,2036,3,342.0050528,0,0
Baseline,REF,w23,2036-04-01,2036,4,343.7438801,0,24.03216831
Baseline,REF,w23,2036-05-01,2036,5,342.0424595,0.01597979894,0
Baseline,REF,w23,2036-06-01,2036,6,334.5161991,0,24.76399856
Baseline,REF,w23,2036-07-01,2036,7,330.0814098,0,0
Baseline,REF,w23,2036-08-01,2036,8,329.1780309,0,6.082028435
Baseline,REF,w23,2036-09-01,2036,9,336.8711899,0,189.5248665
Baseline,REF,w23,2036-10-01,2036,10,337.9750661,0,6.374316894
Baseline,REF,w23,2036-11-01,2036,11,344.8143865,0,252.9975417
Baseline,REF,w23,2036-12-01,2036,12,353.058132,0,311.3713066
Baseline,REF,w23,2037-01-01,2037,1,344.5914273,0,80.0615903
Baseline,REF,w23,2037-02-01,2037,2,342.8687743,0,34.13846576
Baseline,REF,w23,2037-03-01,2037,3,348.8451538,0,24.30544517
Baseline,REF,w23,2037-04-01,2037,4,350.6187577,0,24.94854432
Baseline,REF,w23,2037-05-01,2037,5,348.8833087,0,25.19255888
Baseline,REF,w23,2037-06-01,2037,6,341.2065231,0,24.18248431
Baseline,REF,w23,2037-07-01,2037,7,336.683038,0,0
Baseline,REF,w23,2037-08-01,2037,8,335.7615915,0,5.582275967
Baseline,REF,w23,2037-09-01,2037,9,343.6086137,0,6.566386347
Baseline,REF,w23,2037-10-01,2037,10,344.7345675,0,212.0155478
Baseline,REF,w23,2037-11-01,2037,11,351.7106743,0,87.23978453
Baseline,REF,w23,2037-12-01,2037,12,360.1192946,0,179.4174551
Baseline,REF,w23,2038-01-01,2038,1,351.4832559,0,87.03143565
Baseline,REF,w23,2038-02-01,2038,2,349.7261497,0,66.37312725
Baseline,REF,w23,2038-03-01,2038,3,355.8220569,0,24.45657455
Baseline,REF,w23,2038-04-01,2038,4,357.6311328,0,23.65628183
Baseline,REF,w23,2038-05-01,2038,5,355.8609749,0,24.87365861
Baseline,REF,w23,2038-06-01,2038,6,348.0306536,0,24.20219486
Baseline,REF,w23,2038-07-01,2038,7,343.4166988,0,24.45668909
Baseline,REF,w23,2038-08-01,2038,8,342.4768233,0,74.4000391
Baseline,REF,w23,2038-09-01,2038,9,350.480786,0,101.6509823
Baseline,REF,w23,2038-10-01,2038,10,351.6292588,0,86.04775171
Baseline,REF,w23,2038-11-01,2038,11,358.7448878,0,153.2595527
Baseline,REF,w23,2038-12-01,2038,12,367.3216805,0,247.3354954
Baseline,REF,w23,2039-01-01,2039,1,358.512921,0,110.4793438
Baseline,REF,w23,2039-02-01,2039,2,356.7206727,0,110.046819
Baseline,REF,w23,2039-03-01,2039,3,362.9384981,0,24.11782073
Baseline,REF,w23,2039-04-01,2039,4,364.7837555,0,24.48972867
Baseline,REF,w23,2039-05-01,2039,5,362.9781944,0,25.75430503
Baseline,REF,w23,2039-06-01,2039,6,354.9912667,0,24.96364596
Baseline,REF,w23,2039-07-01,2039,7,350.2850327,0,24.31210662
Baseline,REF,w23,2039-08-01,2039,8,349.3263598,0,64.43242211
Baseline,REF,w23,2039-09-01,2039,9,357.4904017,0,110.5321234
Baseline,REF,w23,2039-10-01,2039,10,358.661844,0,122.0789364
Baseline,REF,w23,2039-11-01,2039,11,365.9197855,0,154.3879665
Baseline,REF,w23,2039-12-01,2039,12,374.6681141,0,234.6010787
Baseline,REF,w23,2040-01-01,2040,1,365.6831794,0,106.0651694
Baseline,REF,w23,2040-02-01,2040,2,363.8550862,0,88.45359486
Baseline,REF,w23,2040-03-01,2040,3,370.197268,0,25.00141514
Baseline,REF,w23,2040-04-01,2040,4,372.0794306,0,25.05979685
Baseline,REF,w23,2040-05-01,2040,5,370.2377583,0,26.87229638
Baseline,REF,w23,2040-06-01,2040,6,362.091092,0,24.57692621
Baseline,REF,w23,2040-07-01,2040,7,357.2907334,0,25.03608361
Baseline,REF,w23,2040-08-01,2040,8,356.312887,0,6.352931999
Baseline,REF,w23,2040-09-01,2040,9,364.6402098,0,48.12347581
Baseline,REF,w23,2040-10-01,2040,10,365.8350809,0,74.1730472
Baseline,REF,w23,2040-11-01,2040,11,373.2381812,0,77.43739078
Baseline,REF,w23,2040-12-01,2040,12,382.1614764,0,236.7166204
Baseline,REF,w23,2041-01-01,2041,1,372.996843,0,30.84162906
Baseline,REF,w23,2041-02-01,2041,2,371.1321879,0,107.5807472
Baseline,REF,w23,2041-03-01,2041,3,377.6012134,0,32.53462446
Baseline,REF,w23,2041-04-01,2041,4,379.5210192,0,34.98406846
Baseline,REF,w23,2041-05-01,2041,5,377.6425135,0,31.04503833
Baseline,REF,w23,2041-06-01,2041,6,369.3329138,0,26.90645972
Baseline,REF,w23,2041-07-01,2041,7,364.4365481,0,24.54952704
Baseline,REF,w23,2041-08-01,2041,8,363.4391447,0,28.95217417
Baseline,REF,w23,2041-09-01,2041,9,371.933014,0,159.463258
Baseline,REF,w23,2041-10-01,2041,10,373.1517825,0,68.63145602
Baseline,REF,w23,2041-11-01,2041,11,380.7029449,0,187.4790552
Baseline,REF,w23,2041-12-01,2041,12,389.8047059,0,209.8835357
Baseline,REF,w23,2042-01-01,2042,1,380.4567798,0,99.68489881
Baseline,REF,w23,2042-02-01,2042,2,378.5548317,0,191.2643541
Baseline,REF,w23,2042-03-01,2042,3,385.1532376,0,29.82807689
Baseline,REF,w23,2042-04-01,2042,4,387.1114396,0,28.5793358
Baseline,REF,w23,2042-05-01,2042,5,385.1953637,0,31.43767934
Baseline,REF,w23,2042-06-01,2042,6,376.7195721,0,23.6960256
Baseline,REF,w23,2042-07-01,2042,7,371.725279,0,24.57273262
Baseline,REF,w23,2042-08-01,2042,8,370.7079276,0,30.78046744
Baseline,REF,w23,2042-09-01,2042,9,379.3716742,0,125.1749943
Baseline,REF,w23,2042-10-01,2042,10,380.6148181,0,120.2108085
Baseline,REF,w23,2042-11-01,2042,11,388.3170038,0,247.8978196
Baseline,REF,w23,2042-12-01,2042,12,397.6008,0,340.9032139
Baseline,REF,w23,2043-01-01,2043,1,388.0659154,0,256.5267004
Baseline,REF,w23,2043-02-01,2043,2,386.1259283,0,280.0261608
Baseline,REF,w23,2043-03-01,2043,3,392.8563024,0,32.73076633
Baseline,REF,w23,2043-04-01,2043,4,394.8536684,0,39.74057673
Baseline,REF,w23,2043-05-01,2043,5,392.899271,0,33.67709783
Baseline,REF,w23,2043-06-01,2043,6,384.2539636,0,28.71264793
Baseline,REF,w23,2043-07-01,2043,7,379.1597846,0,33.65927304
Baseline,REF,w23,2043-08-01,2043,8,378.1220862,0,156.3318392
Baseline,REF,w23,2043-09-01,2043,9,386.9591077,0,173.5520432
Baseline,REF,w23,2043-10-01,2043,10,388.2271145,0,246.0847204
Baseline,REF,w23,2043-11-01,2043,11,396.0833438,0,303.6305043
Baseline,REF,w23,2043-12-01,2043,12,405.552816,0,366.8072485
Baseline,REF,w23,2044-01-01,2044,1,395.8272338,0,358.4781474
Baseline,REF,w23,2044-02-01,2044,2,393.8484469,0,280.4069708
Baseline,REF,w23,2044-03-01,2044,3,400.7134284,0,39.43323752
Baseline,REF,w23,2044-04-01,2044,4,402.7507417,0,44.1273232
Baseline,REF,w23,2044-05-01,2044,5,400.7572564,0,40.30119053
Baseline,REF,w23,2044-06-01,2044,6,391.9390428,0,37.96239437
Baseline,REF,w23,2044-07-01,2044,7,386.7429803,0,27.67983218
Baseline,REF,w23,2044-08-01,2044,8,385.6845279,0,179.1587208
Baseline,REF,w23,2044-09-01,2044,9,394.6982899,0,307.392825
Baseline,REF,w23,2044-10-01,2044,10,395.9916568,0,289.9298685
Baseline,REF,w23,2044-11-01,2044,11,404.0050107,0,373.4674669
Baseline,REF,w23,2044-12-01,2044,12,413.6638724,0,494.9062571
Baseline,REF,w23,2045-01-01,2045,1,403.7437784,0,135.6004307
Baseline,REF,w23,2045-02-01,2045,2,401.7254158,0,148.7403825
Baseline,REF,w23,2045-03-01,2045,3,408.727697,0,21.43771256
Baseline,REF,w23,2045-04-01,2045,4,410.8057566,0,24.01160741
Baseline,REF,w23,2045-05-01,2045,5,408.7724016,0,34.31489021
Baseline,REF,w23,2045-06-01,2045,6,399.7778237,0,20.80481823
Baseline,REF,w23,2045-07-01,2045,7,394.4778399,0,16.66249857
Baseline,REF,w23,2045-08-01,2045,8,393.3982184,0,152.9707419
Baseline,REF,w23,2045-09-01,2045,9,402.5922557,0,198.2371257
Baseline,REF,w23,2045-10-01,2045,10,403.9114899,0,223.3022279
Baseline,REF,w23,2045-11-01,2045,11,412.0851109,0,203.4275702
Baseline,REF,w23,2045-12-01,2045,12,421.9371498,0,240.1738466
Baseline,REF,w23,2046-01-01,2046,1,411.818654,0,234.746891
Baseline,REF,w23,2046-02-01,2046,2,409.7599241,0,210.4070734
Baseline,REF,w23,2046-03-01,2046,3,416.902251,0,27.14088024
Baseline,REF,w23,2046-04-01,2046,4,419.0218717,0,23.72116285
Baseline,REF,w23,2046-05-01,2046,5,416.9478496,0,24.87260676
Baseline,REF,w23,2046-06-01,2046,6,407.7733802,0,19.29226915
Baseline,REF,w23,2046-07-01,2046,7,402.3673967,0,21.29781188
Baseline,REF,w23,2046-08-01,2046,8,401.2661828,0,140.2033261
Baseline,REF,w23,2046-09-01,2046,9,410.6441008,0,243.3033598
Baseline,REF,w23,2046-10-01,2046,10,411.9897197,0,213.5045226
Baseline,REF,w23,2046-11-01,2046,11,420.3268131,0,229.9905427
Baseline,REF,w23,2046-12-01,2046,12,430.3758928,0,342.4513248
Baseline,REF,w23,2047-01-01,2047,1,420.0550271,0,263.1583422
Baseline,REF,w23,2047-02-01,2047,2,417.9551226,0,273.8080932
Baseline,REF,w23,2047-03-01,2047,3,425.240296,0,34.03098311
Baseline,REF,w23,2047-04-01,2047,4,427.4023091,0,30.71847997
Baseline,REF,w23,2047-05-01,2047,5,425.2868066,0,26.24745081
Baseline,REF,w23,2047-06-01,2047,6,415.9288478,0,25.39898068
Baseline,REF,w23,2047-07-01,2047,7,410.4147446,0,23.89263832
Baseline,REF,w23,2047-08-01,2047,8,409.2915065,0,196.5506517
Baseline,REF,w23,2047-09-01,2047,9,418.8569828,0,266.1899011
Baseline,REF,w23,2047-10-01,2047,10,420.2295141,0,281.7150833
Baseline,REF,w23,2047-11-01,2047,11,428.7333494,0,253.5564077
Baseline,REF,w23,2047-12-01,2047,12,438.9834106,0,348.960274
Baseline,REF,w23,2048-01-01,2048,1,428.4561276,0,354.9684763
Baseline,REF,w23,2048-02-01,2048,2,426.3142251,0,284.3802562
Baseline,REF,w23,2048-03-01,2048,3,433.7451019,0,34.6713747
Baseline,REF,w23,2048-04-01,2048,4,435.9503553,0,31.93753564
Baseline,REF,w23,2048-05-01,2048,5,433.7925427,0,29.64963555
Baseline,REF,w23,2048-06-01,2048,6,424.2474247,0,28.95905932
Baseline,REF,w23,2048-07-01,2048,7,418.6230395,0,28.76452918
Baseline,REF,w23,2048-08-01,2048,8,417.4773366,0,283.292577
Baseline,REF,w23,2048-09-01,2048,9,427.2341225,0,278.6687418
Baseline,REF,w23,2048-10-01,2048,10,428.6341044,0,275.7204774
Baseline,REF,w23,2048-11-01,2048,11,437.3080164,0,372.0266019
Baseline,REF,w23,2048-12-01,2048,12,447.7630789,0.03803973099,362.9207821
Baseline,REF,w23,2049-01-01,2049,1,437.0252502,0,296.5702004
Baseline,REF,w23,2049-02-01,2049,2,434.8405096,0,341.670242
Baseline,REF,w23,2049-03-01,2049,3,442.4200039,0,32.90386558
Baseline,REF,w23,2049-04-01,2049,4,444.6693624,0,38.9184336
Baseline,REF,w23,2049-05-01,2049,5,442.4683936,0,34.15766651
Baseline,REF,w23,2049-06-01,2049,6,432.7323732,0,32.93440411
Baseline,REF,w23,2049-07-01,2049,7,426.9955003,0,26.62237176
Baseline,REF,w23,2049-08-01,2049,8,425.8268833,0,318.5342106
Baseline,REF,w23,2049-09-01,2049,9,435.7788049,0,391.7755791
Baseline,REF,w23,2049-10-01,2049,10,437.2067865,0,373.2489447
Baseline,REF,w23,2049-11-01,2049,11,446.0541767,0,411.4559576
Baseline,REF,w23,2049-12-01,2049,12,456.7183404,0.001882376829,420.5728163
Baseline,REF,w23,2050-01-01,2050,1,445.7657552,0,412.1770146
Baseline,REF,w23,2050-02-01,2050,2,443.5373198,0,373.6349374
Baseline,REF,w23,2050-03-01,2050,3,451.268404,0,44.84469333
Baseline,REF,w23,2050-04-01,2050,4,453.5627497,0,38.82443358
Baseline,REF,w23,2050-05-01,2050,5,451.3177614,0,42.36043061
Baseline,REF,w23,2050-06-01,2050,6,441.3870207,0,32.25404044
Baseline,REF,w23,2050-07-01,2050,7,435.5354103,0,32.14207203
Baseline,REF,w23,2050-08-01,2050,8,434.343421,0,391.9899147
Baseline,REF,w23,2050-09-01,2050,9,444.494381,0,396.575989
Baseline,REF,w23,2050-10-01,2050,10,445.9509222,0,360.8389668
Baseline,REF,w23,2050-11-01,2050,11,454.9752602,0,419.0541168
Baseline,REF,w23,2050-12-01,2050,12,465.8527072,0.2515752765,416.3681535
Baseline,BRIDGE,w17,2025-01-01,2025,1,360.3373693,0,656.6283727
Baseline,BRIDGE,w17,2025-02-01,2025,2,358.5360005,0,661.2554381
Baseline,BRIDGE,w17,2025-03-01,2025,3,364.7854679,0,187.8503733
Baseline,BRIDGE,w17,2025-04-01,2025,4,366.6401157,0,266.3603925
Baseline,BRIDGE,w17,2025-05-01,2025,5,364.8253662,0,192.9336183
Baseline,BRIDGE,w17,2025-06-01,2025,6,356.7977936,0,151.4378988
Baseline,BRIDGE,w17,2025-07-01,2025,7,352.0676099,0,132.3342653
Baseline,BRIDGE,w17,2025-08-01,2025,8,351.1040583,0,554.2017159
Baseline,BRIDGE,w17,2025-09-01,2025,9,359.3096466,0,626.7247313
Baseline,BRIDGE,w17,2025-10-01,2025,10,360.4870502,0,628.9791494
Baseline,BRIDGE,w17,2025-11-01,2025,11,367.7819269,0,655.8148767
Baseline,BRIDGE,w17,2025-12-01,2025,12,376.5747752,0,664.191846
Baseline,BRIDGE,w17,2026-01-01,2026,1,373.5977845,0,472.6637847
Baseline,BRIDGE,w17,2026-02-01,2026,2,371.7301253,0,447.6899808
Baseline,BRIDGE,w17,2026-03-01,2026,3,378.2095731,0,80.44825257
Baseline,BRIDGE,w17,2026-04-01,2026,4,380.1324719,0,25.78143866
Baseline,BRIDGE,w17,2026-05-01,2026,5,378.2509397,0,62.9570564
Baseline,BRIDGE,w17,2026-06-01,2026,6,369.9279524,0,26.85047006
Baseline,BRIDGE,w17,2026-07-01,2026,7,365.023698,0,9.814861216
Baseline,BRIDGE,w17,2026-08-01,2026,8,364.0246877,0,403.2069829
Baseline,BRIDGE,w17,2026-09-01,2026,9,372.5322416,0,507.3978235
Baseline,BRIDGE,w17,2026-10-01,2026,10,373.7529737,0,549.6227618
Baseline,BRIDGE,w17,2026-11-01,2026,11,381.3163018,0,599.1736095
Baseline,BRIDGE,w17,2026-12-01,2026,12,390.4327269,0,619.2342999
Baseline,BRIDGE,w17,2027-01-01,2027,1,384.0585225,0,462.0985413
Baseline,BRIDGE,w17,2027-02-01,2027,2,382.1385688,0,496.658597
Baseline,BRIDGE,w17,2027-03-01,2027,3,388.7994411,0,10.55241797
Baseline,BRIDGE,w17,2027-04-01,2027,4,390.7761812,0,11.38509813
Baseline,BRIDGE,w17,2027-05-01,2027,5,388.841966,0,10.57033112
Baseline,BRIDGE,w17,2027-06-01,2027,6,380.285935,0,9.935197296
Baseline,BRIDGE,w17,2027-07-01,2027,7,375.2443615,0,9.744710691
Baseline,BRIDGE,w17,2027-08-01,2027,8,374.2173789,0,467.9252614
Baseline,BRIDGE,w17,2027-09-01,2027,9,382.9631443,0,409.9086042
Baseline,BRIDGE,w17,2027-10-01,2027,10,384.2180569,0,460.3353887
Baseline,BRIDGE,w17,2027-11-01,2027,11,391.9931583,0,542.8902108
Baseline,BRIDGE,w17,2027-12-01,2027,12,401.3648432,0,668.8732383
Baseline,BRIDGE,w17,2028-01-01,2028,1,398.2686878,0,493.9315325
Baseline,BRIDGE,w17,2028-02-01,2028,2,396.2776958,0,422.2549256
Baseline,BRIDGE,w17,2028-03-01,2028,3,403.1850205,0,0
Baseline,BRIDGE,w17,2028-04-01,2028,4,405.2348999,0,0
Baseline,BRIDGE,w17,2028-05-01,2028,5,403.2291188,0,0
Baseline,BRIDGE,w17,2028-06-01,2028,6,394.3565146,0,0
Baseline,BRIDGE,w17,2028-07-01,2028,7,389.1284029,0,0
Baseline,BRIDGE,w17,2028-08-01,2028,8,388.063422,0,451.9375812
Baseline,BRIDGE,w17,2028-09-01,2028,9,397.1327807,0,397.094348
Baseline,BRIDGE,w17,2028-10-01,2028,10,398.434125,0,402.1629013
Baseline,BRIDGE,w17,2028-11-01,2028,11,406.4969051,0,599.4384563
Baseline,BRIDGE,w17,2028-12-01,2028,12,416.2153424,0,631.0536468
Baseline,BRIDGE,w17,2029-01-01,2029,1,414.9959727,0,594.0290756
Baseline,BRIDGE,w17,2029-02-01,2029,2,412.9213591,0,725.1900888
Baseline,BRIDGE,w17,2029-03-01,2029,3,420.1187913,0,0
Baseline,BRIDGE,w17,2029-04-01,2029,4,422.2547656,0,0
Baseline,BRIDGE,w17,2029-05-01,2029,5,420.1647418,0,0
Baseline,BRIDGE,w17,2029-06-01,2029,6,410.9194882,0,0
Baseline,BRIDGE,w17,2029-07-01,2029,7,405.4717958,0,0
Baseline,BRIDGE,w17,2029-08-01,2029,8,404.3620857,0,488.1032558
Baseline,BRIDGE,w17,2029-09-01,2029,9,413.8123574,0,513.7064562
Baseline,BRIDGE,w17,2029-10-01,2029,10,415.1683583,0,512.7932461
Baseline,BRIDGE,w17,2029-11-01,2029,11,423.5697752,0,511.4590275
Baseline,BRIDGE,w17,2029-12-01,2029,12,433.6963868,0,551.850811
Baseline,BRIDGE,w17,2030-01-01,2030,1,432.8407995,0,95.09811648
Baseline,BRIDGE,w17,2030-02-01,2030,2,430.6769775,0,111.5136544
Baseline,BRIDGE,w17,2030-03-01,2030,3,438.1838994,0,24.09934006
Baseline,BRIDGE,w17,2030-04-01,2030,4,440.4117206,0,23.57035085
Baseline,BRIDGE,w17,2030-05-01,2030,5,438.2318257,0,23.55462499
Baseline,BRIDGE,w17,2030-06-01,2030,6,428.5890262,0,0
Baseline,BRIDGE,w17,2030-07-01,2030,7,422.907083,0,0
Baseline,BRIDGE,w17,2030-08-01,2030,8,421.7496554,0,102.8487453
Baseline,BRIDGE,w17,2030-09-01,2030,9,431.6062888,0,208.272427
Baseline,BRIDGE,w17,2030-10-01,2030,10,433.0205977,0,53.90035289
Baseline,BRIDGE,w17,2030-11-01,2030,11,441.7832755,0,197.8614069
Baseline,BRIDGE,w17,2030-12-01,2030,12,452.3453315,0,312.0384292
Baseline,BRIDGE,w17,2031-01-01,2031,1,450.1544315,0,281.0542364
Baseline,BRIDGE,w17,2031-02-01,2031,2,447.9040566,0,84.64179027
Baseline,BRIDGE,w17,2031-03-01,2031,3,455.7112553,0,0
Baseline,BRIDGE,w17,2031-04-01,2031,4,458.0281894,0,0
Baseline,BRIDGE,w17,2031-05-01,2031,5,455.7610987,0,0
Baseline,BRIDGE,w17,2031-06-01,2031,6,445.7325873,0,0
Baseline,BRIDGE,w17,2031-07-01,2031,7,439.8233663,0,0
Baseline,BRIDGE,w17,2031-08-01,2031,8,438.6196416,0,141.0948197
Baseline,BRIDGE,w17,2031-09-01,2031,9,448.8705404,0,213.2886865
Baseline,BRIDGE,w17,2031-10-01,2031,10,450.3414216,0,128.4801369
Baseline,BRIDGE,w17,2031-11-01,2031,11,459.4546065,0,175.8213221
Baseline,BRIDGE,w17,2031-12-01,2031,12,470.4391447,0,280.8617677
Baseline,BRIDGE,w17,2032-01-01,2032,1,468.1606088,0,83.92700861
Baseline,BRIDGE,w17,2032-02-01,2032,2,465.8202189,0,184.5948939
Baseline,BRIDGE,w17,2032-03-01,2032,3,473.9397055,0,0
Baseline,BRIDGE,w17,2032-04-01,2032,4,476.349317,0,0
Baseline,BRIDGE,w17,2032-05-01,2032,5,473.9915426,0,0
Baseline,BRIDGE,w17,2032-06-01,2032,6,463.5618908,0,0
Baseline,BRIDGE,w17,2032-07-01,2032,7,457.416301,0,0
Baseline,BRIDGE,w17,2032-08-01,2032,8,456.1644272,0,44.60497241
Baseline,BRIDGE,w17,2032-09-01,2032,9,466.825362,0,68.51905064
Baseline,BRIDGE,w17,2032-10-01,2032,10,468.3550785,0,92.27914583
Baseline,BRIDGE,w17,2032-11-01,2032,11,477.8327908,0,154.1854687
Baseline,BRIDGE,w17,2032-12-01,2032,12,489.2567105,0,352.5873251
Baseline,BRIDGE,w17,2033-01-01,2033,1,477.523821,0,90.9154774
Baseline,BRIDGE,w17,2033-02-01,2033,2,475.1366232,0,69.4438855
Baseline,BRIDGE,w17,2033-03-01,2033,3,483.4184996,0,0
Baseline,BRIDGE,w17,2033-04-01,2033,4,485.8763033,0,0
Baseline,BRIDGE,w17,2033-05-01,2033,5,483.4713735,0,0
Baseline,BRIDGE,w17,2033-06-01,2033,6,472.8331286,0,0
Baseline,BRIDGE,w17,2033-07-01,2033,7,466.564627,0,0
Baseline,BRIDGE,w17,2033-08-01,2033,8,465.2877158,0,69.99736009
Baseline,BRIDGE,w17,2033-09-01,2033,9,476.1618692,0,67.32785146
Baseline,BRIDGE,w17,2033-10-01,2033,10,477.72218,0,72.36414742
Baseline,BRIDGE,w17,2033-11-01,2033,11,487.3894466,0,225.6107775
Baseline,BRIDGE,w17,2033-12-01,2033,12,499.0418447,0,283.1913911
Baseline,BRIDGE,w17,2034-01-01,2034,1,487.0742974,0,190.0323119
Baseline,BRIDGE,w17,2034-02-01,2034,2,484.6393557,0,92.12687264
Baseline,BRIDGE,w17,2034-03-01,2034,3,493.0868696,0,0
Baseline,BRIDGE,w17,2034-04-01,2034,4,495.5938294,0,0
Baseline,BRIDGE,w17,2034-05-01,2034,5,493.140801,0,0
Baseline,BRIDGE,w17,2034-06-01,2034,6,482.2897912,0,0
Baseline,BRIDGE,w17,2034-07-01,2034,7,475.8959196,0,0
Baseline,BRIDGE,w17,2034-08-01,2034,8,474.5934701,0,83.56648652
Baseline,BRIDGE,w17,2034-09-01,2034,9,485.6851066,0,94.50118407
Baseline,BRIDGE,w17,2034-10-01,2034,10,487.2766236,0,274.3025076
Baseline,BRIDGE,w17,2034-11-01,2034,11,497.1372355,0,269.7034398
Baseline,BRIDGE,w17,2034-12-01,2034,12,509.0226816,0,213.0174437
Baseline,BRIDGE,w17,2035-01-01,2035,1,496.8157833,0,223.4863282
Baseline,BRIDGE,w17,2035-02-01,2035,2,494.3321428,0,71.41459337
Baseline,BRIDGE,w17,2035-03-01,2035,3,502.948607,0,0
Baseline,BRIDGE,w17,2035-04-01,2035,4,505.505706,0,0
Baseline,BRIDGE,w17,2035-05-01,2035,5,503.003617,0,25.07203574
Baseline,BRIDGE,w17,2035-06-01,2035,6,491.935587,0.01659368854,0
Baseline,BRIDGE,w17,2035-07-01,2035,7,485.4138379,0,0
Baseline,BRIDGE,w17,2035-08-01,2035,8,484.0853395,0,46.41541479
Baseline,BRIDGE,w17,2035-09-01,2035,9,495.3988087,0,132.7209551
Baseline,BRIDGE,w17,2035-10-01,2035,10,497.0221561,0,93.21671158
Baseline,BRIDGE,w17,2035-11-01,2035,11,507.0799802,0,96.18499492
Baseline,BRIDGE,w17,2035-12-01,2035,12,519.2031352,0,266.3220682
Baseline,BRIDGE,w17,2036-01-01,2036,1,506.752099,0,68.98794173
Baseline,BRIDGE,w17,2036-02-01,2036,2,504.2187857,0,0
Baseline,BRIDGE,w17,2036-03-01,2036,3,513.0075792,0,24.15969309
Baseline,BRIDGE,w17,2036-04-01,2036,4,515.6158201,0,24.62549436
Baseline,BRIDGE,w17,2036-05-01,2036,5,513.0636893,0,0
Baseline,BRIDGE,w17,2036-06-01,2036,6,501.7742987,0.009721098175,0
Baseline,BRIDGE,w17,2036-07-01,2036,7,495.1221147,0,0
Baseline,BRIDGE,w17,2036-08-01,2036,8,493.7670463,0,0
Baseline,BRIDGE,w17,2036-09-01,2036,9,505.3067849,0,0
Baseline,BRIDGE,w17,2036-10-01,2036,10,506.9625992,0,24.19288038
Baseline,BRIDGE,w17,2036-11-01,2036,11,517.2215798,0.0125039679,0
Baseline,BRIDGE,w17,2036-12-01,2036,12,529.5871979,0,92.89431745
Baseline,BRIDGE,w17,2037-01-01,2037,1,516.887141,0,24.34332932
Baseline,BRIDGE,w17,2037-02-01,2037,2,514.3031614,0,70.93292836
Baseline,BRIDGE,w17,2037-03-01,2037,3,523.2677308,0,24.4452966
Baseline,BRIDGE,w17,2037-04-01,2037,4,525.9281365,0,23.52293985
Baseline,BRIDGE,w17,2037-05-01,2037,5,523.3249631,0,24.70509115
Baseline,BRIDGE,w17,2037-06-01,2037,6,511.8097847,0,24.36643
Baseline,BRIDGE,w17,2037-07-01,2037,7,505.024557,0,24.25662445
Baseline,BRIDGE,w17,2037-08-01,2037,8,503.6423872,0,0
Baseline,BRIDGE,w17,2037-09-01,2037,9,515.4129206,0,94.34566494
Baseline,BRIDGE,w17,2037-10-01,2037,10,517.1018512,0,26.35837206
Baseline,BRIDGE,w17,2037-11-01,2037,11,527.5660114,0,24.8857858
Baseline,BRIDGE,w17,2037-12-01,2037,12,540.1789419,0,156.9696904
Baseline,BRIDGE,w17,2038-01-01,2038,1,527.2248838,0,27.13936933
Baseline,BRIDGE,w17,2038-02-01,2038,2,524.5892246,0,70.16639894
Baseline,BRIDGE,w17,2038-03-01,2038,3,533.7330854,0,24.26104929
Baseline,BRIDGE,w17,2038-04-01,2038,4,536.4466992,0,23.68023478
Baseline,BRIDGE,w17,2038-05-01,2038,5,533.7914624,0,24.61434615
Baseline,BRIDGE,w17,2038-06-01,2038,6,522.0459804,0,23.86120471
Baseline,BRIDGE,w17,2038-07-01,2038,7,515.1250481,0,25.17579269
Baseline,BRIDGE,w17,2038-08-01,2038,8,513.715235,0,0
Baseline,BRIDGE,w17,2038-09-01,2038,9,525.721179,0,70.34722744
Baseline,BRIDGE,w17,2038-10-01,2038,10,527.4438882,0,82.15330995
Baseline,BRIDGE,w17,2038-11-01,2038,11,538.1173316,0,93.05705974
Baseline,BRIDGE,w17,2038-12-01,2038,12,550.9825207,0,106.4841631
Baseline,BRIDGE,w17,2039-01-01,2039,1,537.7693815,0,24.78500109
Baseline,BRIDGE,w17,2039-02-01,2039,2,535.0810091,0,24.32129357
Baseline,BRIDGE,w17,2039-03-01,2039,3,544.4077471,0,24.30056726
Baseline,BRIDGE,w17,2039-04-01,2039,4,547.1756332,0,24.30608137
Baseline,BRIDGE,w17,2039-05-01,2039,5,544.4672916,0,24.44371398
Baseline,BRIDGE,w17,2039-06-01,2039,6,532.4869,0,24.52349886
Baseline,BRIDGE,w17,2039-07-01,2039,7,525.4275491,0,23.41506816
Baseline,BRIDGE,w17,2039-08-01,2039,8,523.9895397,0,70.83683681
Baseline,BRIDGE,w17,2039-09-01,2039,9,536.2356026,0,28.74790014
Baseline,BRIDGE,w17,2039-10-01,2039,10,537.992766,0,37.09601867
Baseline,BRIDGE,w17,2039-11-01,2039,11,548.8796783,0,92.85533207
Baseline,BRIDGE,w17,2039-12-01,2039,12,562.0021712,0,177.0102652
Baseline,BRIDGE,w17,2040-01-01,2040,1,548.5247691,0,91.14433145
Baseline,BRIDGE,w17,2040-02-01,2040,2,545.7826293,0,93.98263759
Baseline,BRIDGE,w17,2040-03-01,2040,3,555.295902,0,25.76964328
Baseline,BRIDGE,w17,2040-04-01,2040,4,558.1191459,0,23.95493266
Baseline,BRIDGE,w17,2040-05-01,2040,5,555.3566374,0,25.81848609
Baseline,BRIDGE,w17,2040-06-01,2040,6,543.136638,0,23.90605879
Baseline,BRIDGE,w17,2040-07-01,2040,7,535.9361001,0,25.36741293
Baseline,BRIDGE,w17,2040-08-01,2040,8,534.4693305,0,24.55189799
Baseline,BRIDGE,w17,2040-09-01,2040,9,546.9603147,0,25.14864993
Baseline,BRIDGE,w17,2040-10-01,2040,10,548.7526213,0,93.57078281
Baseline,BRIDGE,w17,2040-11-01,2040,11,559.8572718,0,94.53635398
Baseline,BRIDGE,w17,2040-12-01,2040,12,573.2422146,0,216.4040731
Baseline,BRIDGE,w17,2041-01-01,2041,1,559.4952645,0,85.55825739
Baseline,BRIDGE,w17,2041-02-01,2041,2,556.6982819,0,97.5790331
Baseline,BRIDGE,w17,2041-03-01,2041,3,566.4018201,0,32.23493496
Baseline,BRIDGE,w17,2041-04-01,2041,4,569.2815288,0,27.03564964
Baseline,BRIDGE,w17,2041-05-01,2041,5,566.4637702,0,32.73461971
Baseline,BRIDGE,w17,2041-06-01,2041,6,553.9993708,0,23.37255335
Baseline,BRIDGE,w17,2041-07-01,2041,7,546.6548221,0,24.04597891
Baseline,BRIDGE,w17,2041-08-01,2041,8,545.1587171,0,43.37969937
Baseline,BRIDGE,w17,2041-09-01,2041,9,557.8995209,0,73.27861719
Baseline,BRIDGE,w17,2041-10-01,2041,10,559.7276737,0,99.42228017
Baseline,BRIDGE,w17,2041-11-01,2041,11,571.0544173,0,121.7791507
Baseline,BRIDGE,w17,2041-12-01,2041,12,584.7070589,0,250.6268376
Baseline,BRIDGE,w17,2042-01-01,2042,1,570.6851698,0,105.6521728
Baseline,BRIDGE,w17,2042-02-01,2042,2,567.8322475,0,136.3653651
Baseline,BRIDGE,w17,2042-03-01,2042,3,577.7298565,0,28.76051444
Baseline,BRIDGE,w17,2042-04-01,2042,4,580.6671594,0,37.11222109
Baseline,BRIDGE,w17,2042-05-01,2042,5,577.7930456,0,30.98905622
Baseline,BRIDGE,w17,2042-06-01,2042,6,565.0793582,0,24.64545786
Baseline,BRIDGE,w17,2042-07-01,2042,7,557.5879185,0,23.83806037
Baseline,BRIDGE,w17,2042-08-01,2042,8,556.0618914,0,30.9990758
Baseline,BRIDGE,w17,2042-09-01,2042,9,569.0575114,0,49.05666258
Baseline,BRIDGE,w17,2042-10-01,2042,10,570.9222272,0,128.116635
Baseline,BRIDGE,w17,2042-11-01,2042,11,582.4755056,0,179.3555923
Baseline,BRIDGE,w17,2042-12-01,2042,12,596.4012,0,293.793599
Baseline,BRIDGE,w17,2043-01-01,2043,1,582.0988732,0,123.2190883
Baseline,BRIDGE,w17,2043-02-01,2043,2,579.1888925,0,192.2513261
Baseline,BRIDGE,w17,2043-03-01,2043,3,589.2844536,0,36.97367253
Baseline,BRIDGE,w17,2043-04-01,2043,4,592.2805025,0,39.97390696
Baseline,BRIDGE,w17,2043-05-01,2043,5,589.3489065,0,41.81823735
Baseline,BRIDGE,w17,2043-06-01,2043,6,576.3809453,0,26.07157997
Baseline,BRIDGE,w17,2043-07-01,2043,7,568.7396769,0,31.57411975
Baseline,BRIDGE,w17,2043-08-01,2043,8,567.1831292,0,81.6557735
Baseline,BRIDGE,w17,2043-09-01,2043,9,580.4386616,0,106.6440326
Baseline,BRIDGE,w17,2043-10-01,2043,10,582.3406718,0,159.1754656
Baseline,BRIDGE,w17,2043-11-01,2043,11,594.1250157,0,187.1765705
Baseline,BRIDGE,w17,2043-12-01,2043,12,608.329224,0,313.5549462
Baseline,BRIDGE,w17,2044-01-01,2044,1,593.7408506,0,275.2183312
Baseline,BRIDGE,w17,2044-02-01,2044,2,590.7726703,0,200.5299479
Baseline,BRIDGE,w17,2044-03-01,2044,3,601.0701427,0,37.90105366
Baseline,BRIDGE,w17,2044-04-01,2044,4,604.1261126,0,38.91427312
Baseline,BRIDGE,w17,2044-05-01,2044,5,601.1358846,0,38.30448614
Baseline,BRIDGE,w17,2044-06-01,2044,6,587.9085642,0,35.78882099
Baseline,BRIDGE,w17,2044-07-01,2044,7,580.1144704,0,41.42711467
Baseline,BRIDGE,w17,2044-08-01,2044,8,578.5267918,0,194.4422324
Baseline,BRIDGE,w17,2044-09-01,2044,9,592.0474348,0,177.2305673
Baseline,BRIDGE,w17,2044-10-01,2044,10,593.9874852,0,228.0397633
Baseline,BRIDGE,w17,2044-11-01,2044,11,606.0075161,0,285.0465927
Baseline,BRIDGE,w17,2044-12-01,2044,12,620.4958085,0,284.138277
Baseline,BRIDGE,w17,2045-01-01,2045,1,605.6156676,0,184.6243771
Baseline,BRIDGE,w17,2045-02-01,2045,2,602.5881237,0,212.3221478
Baseline,BRIDGE,w17,2045-03-01,2045,3,613.0915455,0,33.59469849
Baseline,BRIDGE,w17,2045-04-01,2045,4,616.2086348,0,25.22777789
Baseline,BRIDGE,w17,2045-05-01,2045,5,613.1586023,0,21.33673275
Baseline,BRIDGE,w17,2045-06-01,2045,6,599.6667355,0,19.2047261
Baseline,BRIDGE,w17,2045-07-01,2045,7,591.7167598,0,17.57442752
Baseline,BRIDGE,w17,2045-08-01,2045,8,590.0973277,0,94.93103395
Baseline,BRIDGE,w17,2045-09-01,2045,9,603.8883835,0,183.5018987
Baseline,BRIDGE,w17,2045-10-01,2045,10,605.8672349,0,231.7626899
Baseline,BRIDGE,w17,2045-11-01,2045,11,618.1276664,0,246.8232896
Baseline,BRIDGE,w17,2045-12-01,2045,12,632.9057247,0,314.3703812
Baseline,BRIDGE,w17,2046-01-01,2046,1,617.727981,0,213.5137812
Baseline,BRIDGE,w17,2046-02-01,2046,2,614.6398862,0,274.8712911
Baseline,BRIDGE,w17,2046-03-01,2046,3,625.3533764,0,40.0960933
Baseline,BRIDGE,w17,2046-04-01,2046,4,628.5328075,0,76.57392614
Baseline,BRIDGE,w17,2046-05-01,2046,5,625.4217744,0,48.64972362
Baseline,BRIDGE,w17,2046-06-01,2046,6,611.6600702,0,19.54383203
Baseline,BRIDGE,w17,2046-07-01,2046,7,603.551095,0,18.57678378
Baseline,BRIDGE,w17,2046-08-01,2046,8,601.8992742,0,144.8324592
Baseline,BRIDGE,w17,2046-09-01,2046,9,615.9661512,0,287.6043882
Baseline,BRIDGE,w17,2046-10-01,2046,10,617.9845796,0,271.5670426
Baseline,BRIDGE,w17,2046-11-01,2046,11,630.4902197,0,302.235929
Baseline,BRIDGE,w17,2046-12-01,2046,12,645.5638392,0,366.9161772
Baseline,BRIDGE,w17,2047-01-01,2047,1,630.0825406,0,281.979791
Baseline,BRIDGE,w17,2047-02-01,2047,2,626.9326839,0,285.603556
Baseline,BRIDGE,w17,2047-03-01,2047,3,637.860444,0,68.9388444
Baseline,BRIDGE,w17,2047-04-01,2047,4,641.1034637,0,55.23937925
Baseline,BRIDGE,w17,2047-05-01,2047,5,637.9302099,0,69.30595455
Baseline,BRIDGE,w17,2047-06-01,2047,6,623.8932716,0,49.4803848
Baseline,BRIDGE,w17,2047-07-01,2047,7,615.6221169,0,24.97833718
Baseline,BRIDGE,w17,2047-08-01,2047,8,613.9372597,0,232.1063854
Baseline,BRIDGE,w17,2047-09-01,2047,9,628.2854742,0,302.3990926
Baseline,BRIDGE,w17,2047-10-01,2047,10,630.3442712,0,223.4999224
Baseline,BRIDGE,w17,2047-11-01,2047,11,643.1000241,0,275.6867766
Baseline,BRIDGE,w17,2047-12-01,2047,12,658.475116,0,416.9083685
Baseline,BRIDGE,w17,2048-01-01,2048,1,642.6841914,0,304.9446462
Baseline,BRIDGE,w17,2048-02-01,2048,2,639.4713376,0,314.6514978
Baseline,BRIDGE,w17,2048-03-01,2048,3,650.6176528,0,77.58594265
Baseline,BRIDGE,w17,2048-04-01,2048,4,653.925533,0,78.9143885
Baseline,BRIDGE,w17,2048-05-01,2048,5,650.6888141,0,64.52330155
Baseline,BRIDGE,w17,2048-06-01,2048,6,636.3711371,0,66.06477707
Baseline,BRIDGE,w17,2048-07-01,2048,7,627.9345593,0,45.89790731
Baseline,BRIDGE,w17,2048-08-01,2048,8,626.2160049,0,282.4202844
Baseline,BRIDGE,w17,2048-09-01,2048,9,640.8511837,0,304.5447182
Baseline,BRIDGE,w17,2048-10-01,2048,10,642.9511566,0,309.2332796
Baseline,BRIDGE,w17,2048-11-01,2048,11,655.9620246,0,417.3865108
Baseline,BRIDGE,w17,2048-12-01,2048,12,671.6446183,0,410.3441451
Baseline,BRIDGE,w17,2049-01-01,2049,1,655.5378753,0,389.1480815
Baseline,BRIDGE,w17,2049-02-01,2049,2,652.2607644,0,388.7463428
Baseline,BRIDGE,w17,2049-03-01,2049,3,663.6300059,0,94.77958602
Baseline,BRIDGE,w17,2049-04-01,2049,4,667.0040436,0,101.9685651
Baseline,BRIDGE,w17,2049-05-01,2049,5,663.7025903,0,93.37752583
Baseline,BRIDGE,w17,2049-06-01,2049,6,649.0985598,0,63.54238106
Baseline,BRIDGE,w17,2049-07-01,2049,7,640.4932505,0,88.2852978
Baseline,BRIDGE,w17,2049-08-01,2049,8,638.740325,0,266.3594562
Baseline,BRIDGE,w17,2049-09-01,2049,9,653.6682074,0,333.3129207
Baseline,BRIDGE,w17,2049-10-01,2049,10,655.8101797,0,385.7308932
Baseline,BRIDGE,w17,2049-11-01,2049,11,669.0812651,0,421.2874997
Baseline,BRIDGE,w17,2049-12-01,2049,12,685.0775107,0,432.2497785
Baseline,BRIDGE,w17,2050-01-01,2050,1,668.6486328,0,421.840505
Baseline,BRIDGE,w17,2050-02-01,2050,2,665.3059796,0,415.7405457
Baseline,BRIDGE,w17,2050-03-01,2050,3,676.902606,0,140.4064903
Baseline,BRIDGE,w17,2050-04-01,2050,4,680.3441245,0,137.2692711
Baseline,BRIDGE,w17,2050-05-01,2050,5,676.9766422,0,129.938429
Baseline,BRIDGE,w17,2050-06-01,2050,6,662.080531,0,92.4773813
Baseline,BRIDGE,w17,2050-07-01,2050,7,653.3031155,0,83.39589252
Baseline,BRIDGE,w17,2050-08-01,2050,8,651.5151315,0,345.8634569
Baseline,BRIDGE,w17,2050-09-01,2050,9,666.7415715,0,412.2624054
Baseline,BRIDGE,w17,2050-10-01,2050,10,668.9263833,0,418.1086796
Baseline,BRIDGE,w17,2050-11-01,2050,11,682.4628904,0,422.0378555
Baseline,BRIDGE,w17,2050-12-01,2050,12,698.7790609,0,411.2549952
Baseline,NZT,w22,2025-01-01,2025,1,480.4498258,0,474.3224681
Baseline,NZT,w22,2025-02-01,2025,2,478.0480006,0,494.9712662
Baseline,NZT,w22,2025-03-01,2025,3,486.3806238,0,171.3478514
Baseline,NZT,w22,2025-04-01,2025,4,488.8534876,0,219.099838
Baseline,NZT,w22,2025-05-01,2025,5,486.4338217,0,162.1126615
Baseline,NZT,w22,2025-06-01,2025,6,475.7303914,0,147.1946326
Baseline,NZT,w22,2025-07-01,2025,7,469.4234799,0,155.019432
Baseline,NZT,w22,2025-08-01,2025,8,468.1387444,0,382.2245075
Baseline,NZT,w22,2025-09-01,2025,9,479.0795287,0,449.9591323
Baseline,NZT,w22,2025-10-01,2025,10,480.6494003,0,424.7475122
Baseline,NZT,w22,2025-11-01,2025,11,490.3759026,0,504.4944059
Baseline,NZT,w22,2025-12-01,2025,12,502.0997002,0,526.4818387
Baseline,NZT,w22,2026-01-01,2026,1,498.1303794,0,322.1300747
Baseline,NZT,w22,2026-02-01,2026,2,495.640167,0,313.0915488
Baseline,NZT,w22,2026-03-01,2026,3,504.2794308,0,42.04311878
Baseline,NZT,w22,2026-04-01,2026,4,506.8432959,0,48.8155511
Baseline,NZT,w22,2026-05-01,2026,5,504.3345863,0,41.76163473
Baseline,NZT,w22,2026-06-01,2026,6,493.2372698,0,40.6756259
Baseline,NZT,w22,2026-07-01,2026,7,486.6982639,0.007161941645,0
Baseline,NZT,w22,2026-08-01,2026,8,485.3662502,0,213.3994465
Baseline,NZT,w22,2026-09-01,2026,9,496.7096554,0,286.0207426
Baseline,NZT,w22,2026-10-01,2026,10,498.3372982,0,275.8956226
Baseline,NZT,w22,2026-11-01,2026,11,508.4217358,0,291.9835968
Baseline,NZT,w22,2026-12-01,2026,12,520.5769692,0,463.6236317
Baseline,NZT,w22,2027-01-01,2027,1,512.07803,0,198.2455821
Baseline,NZT,w22,2027-02-01,2027,2,509.5180917,0,204.493523
Baseline,NZT,w22,2027-03-01,2027,3,518.3992549,0,10.55241797
Baseline,NZT,w22,2027-04-01,2027,4,521.0349082,0,11.38509813
Baseline,NZT,w22,2027-05-01,2027,5,518.4559547,0,10.57033112
Baseline,NZT,w22,2027-06-01,2027,6,507.0479134,0,9.541709394
Baseline,NZT,w22,2027-07-01,2027,7,500.3258153,0,9.525037404
Baseline,NZT,w22,2027-08-01,2027,8,498.9565053,0,187.4336228
Baseline,NZT,w22,2027-09-01,2027,9,510.6175258,0,230.2330172
Baseline,NZT,w22,2027-10-01,2027,10,512.2907426,0,204.0645787
Baseline,NZT,w22,2027-11-01,2027,11,522.6575444,0,233.9558554
Baseline,NZT,w22,2027-12-01,2027,12,535.1531243,0,291.2621809
Baseline,NZT,w22,2028-01-01,2028,1,531.0249171,0,249.4574575
Baseline,NZT,w22,2028-02-01,2028,2,528.3702611,0,172.9638988
Baseline,NZT,w22,2028-03-01,2028,3,537.5800273,0,0
Baseline,NZT,w22,2028-04-01,2028,4,540.3131998,0,0
Baseline,NZT,w22,2028-05-01,2028,5,537.638825,0,0
Baseline,NZT,w22,2028-06-01,2028,6,525.8086862,0,0
Baseline,NZT,w22,2028-07-01,2028,7,518.8378705,0,0
Baseline,NZT,w22,2028-08-01,2028,8,517.4178959,0,213.7911771
Baseline,NZT,w22,2028-09-01,2028,9,529.5103742,0,242.0110999
Baseline,NZT,w22,2028-10-01,2028,10,531.2455,0,178.8689053
Baseline,NZT,w22,2028-11-01,2028,11,541.9958735,0,324.7567696
Baseline,NZT,w22,2028-12-01,2028,12,554.9537899,0,270.8358003
Baseline,NZT,w22,2029-01-01,2029,1,553.3279636,0,356.0178775
Baseline,NZT,w22,2029-02-01,2029,2,550.5618121,0,196.8665923
Baseline,NZT,w22,2029-03-01,2029,3,560.1583884,0,0
Baseline,NZT,w22,2029-04-01,2029,4,563.0063542,0,0
Baseline,NZT,w22,2029-05-01,2029,5,560.2196557,0,0
Baseline,NZT,w22,2029-06-01,2029,6,547.892651,0,0
Baseline,NZT,w22,2029-07-01,2029,7,540.6290611,0,0
Baseline,NZT,w22,2029-08-01,2029,8,539.1494476,0,208.3046297
Baseline,NZT,w22,2029-09-01,2029,9,551.7498099,0,245.8526386
Baseline,NZT,w22,2029-10-01,2029,10,553.557811,0,218.7042047
Baseline,NZT,w22,2029-11-01,2029,11,564.7597002,0,374.9698201
Baseline,NZT,w22,2029-12-01,2029,12,578.2618491,0,452.182798
Baseline,NZT,w22,2030-01-01,2030,1,577.1210661,0,26.17979761
Baseline,NZT,w22,2030-02-01,2030,2,574.23597,0,26.4871787
Baseline,NZT,w22,2030-03-01,2030,3,584.2451991,0.005001357501,0
Baseline,NZT,w22,2030-04-01,2030,4,587.2156274,0.0009595525835,0
Baseline,NZT,w22,2030-05-01,2030,5,584.3091009,0,0
Baseline,NZT,w22,2030-06-01,2030,6,571.452035,0,0
Baseline,NZT,w22,2030-07-01,2030,7,563.8761107,0,0
Baseline,NZT,w22,2030-08-01,2030,8,562.3328738,0,2.913337323
Baseline,NZT,w22,2030-09-01,2030,9,575.4750517,0,3.950589172
Baseline,NZT,w22,2030-10-01,2030,10,577.3607969,0,49.70926954
Baseline,NZT,w22,2030-11-01,2030,11,589.0443673,0,104.6278664
Baseline,NZT,w22,2030-12-01,2030,12,603.1271086,0,104.047761
Baseline,NZT,w22,2031-01-01,2031,1,600.2059087,0,79.62541381
Baseline,NZT,w22,2031-02-01,2031,2,597.2054088,0,74.23395456
Baseline,NZT,w22,2031-03-01,2031,3,607.6150071,0,0
Baseline,NZT,w22,2031-04-01,2031,4,610.7042525,0,0
Baseline,NZT,w22,2031-05-01,2031,5,607.6814649,0,0
Baseline,NZT,w22,2031-06-01,2031,6,594.3101164,0,0
Baseline,NZT,w22,2031-07-01,2031,7,586.4311551,0,0
Baseline,NZT,w22,2031-08-01,2031,8,584.8261888,0,96.54302319
Baseline,NZT,w22,2031-09-01,2031,9,598.4940538,0,76.73680707
Baseline,NZT,w22,2031-10-01,2031,10,600.4552288,0,77.16049892
Baseline,NZT,w22,2031-11-01,2031,11,612.606142,0,51.61655755
Baseline,NZT,w22,2031-12-01,2031,12,627.2521929,0,160.8806944
Baseline,NZT,w22,2032-01-01,2032,1,624.2141451,0,148.1854202
Baseline,NZT,w22,2032-02-01,2032,2,621.0936252,0,94.38662897
Baseline,NZT,w22,2032-03-01,2032,3,631.9196074,0,0
Baseline,NZT,w22,2032-04-01,2032,4,635.1324226,0,0
Baseline,NZT,w22,2032-05-01,2032,5,631.9887235,0,0
Baseline,NZT,w22,2032-06-01,2032,6,618.082521,0,0
Baseline,NZT,w22,2032-07-01,2032,7,609.8884013,0,0
Baseline,NZT,w22,2032-08-01,2032,8,608.2192363,0,81.20254476
Baseline,NZT,w22,2032-09-01,2032,9,622.433816,0,97.72124727
Baseline,NZT,w22,2032-10-01,2032,10,624.4734379,0,118.9396704
Baseline,NZT,w22,2032-11-01,2032,11,637.1103877,0,149.0028315
Baseline,NZT,w22,2032-12-01,2032,12,652.3422807,0,159.9181067
Baseline,NZT,w22,2033-01-01,2033,1,636.698428,0,54.99432601
Baseline,NZT,w22,2033-02-01,2033,2,633.5154977,0,3.686984506
Baseline,NZT,w22,2033-03-01,2033,3,644.5579995,0,0
Baseline,NZT,w22,2033-04-01,2033,4,647.8350711,0,0
Baseline,NZT,w22,2033-05-01,2033,5,644.628498,0,0
Baseline,NZT,w22,2033-06-01,2033,6,630.4441714,0,0
Baseline,NZT,w22,2033-07-01,2033,7,622.0861693,0,0
Baseline,NZT,w22,2033-08-01,2033,8,620.3836211,0,2.517285156
Baseline,NZT,w22,2033-09-01,2033,9,634.8824923,0,12.1125203
Baseline,NZT,w22,2033-10-01,2033,10,636.9629067,0,12.93302086
Baseline,NZT,w22,2033-11-01,2033,11,649.8525954,0,103.327324
Baseline,NZT,w22,2033-12-01,2033,12,665.3891263,0,150.0579931
Baseline,NZT,w22,2034-01-01,2034,1,649.4323965,0,2.984110227
Baseline,NZT,w22,2034-02-01,2034,2,646.1858076,0,2.575282437
Baseline,NZT,w22,2034-03-01,2034,3,657.4491595,0.01952995441,0
Baseline,NZT,w22,2034-04-01,2034,4,660.7917725,0,0
Baseline,NZT,w22,2034-05-01,2034,5,657.5210679,0,0
Baseline,NZT,w22,2034-06-01,2034,6,643.0530549,0,0
Baseline,NZT,w22,2034-07-01,2034,7,634.5278927,0,0
Baseline,NZT,w22,2034-08-01,2034,8,632.7912935,0,2.532236448
Baseline,NZT,w22,2034-09-01,2034,9,647.5801421,0,49.26319245
Baseline,NZT,w22,2034-10-01,2034,10,649.7021648,0,4.745752223
Baseline,NZT,w22,2034-11-01,2034,11,662.8496473,0,74.45363927
Baseline,NZT,w22,2034-12-01,2034,12,678.6969088,0,123.1715933
Baseline,NZT,w22,2035-01-01,2035,1,662.4210444,0,25.86593834
Baseline,NZT,w22,2035-02-01,2035,2,659.1095238,0,51.95081143
Baseline,NZT,w22,2035-03-01,2035,3,670.5981427,0,24.95540627
Baseline,NZT,w22,2035-04-01,2035,4,674.007608,0.01406880454,0
Baseline,NZT,w22,2035-05-01,2035,5,670.6714893,0.008868990587,0
Baseline,NZT,w22,2035-06-01,2035,6,655.914116,0,0
Baseline,NZT,w22,2035-07-01,2035,7,647.2184506,0,0
Baseline,NZT,w22,2035-08-01,2035,8,645.4471193,0,5.91454868
Baseline,NZT,w22,2035-09-01,2035,9,660.531745,0,25.58472245
Baseline,NZT,w22,2035-10-01,2035,10,662.6962081,0,53.28051512
Baseline,NZT,w22,2035-11-01,2035,11,676.1066403,0,95.24781502
Baseline,NZT,w22,2035-12-01,2035,12,692.270847,0,149.2809634
Baseline,NZT,w22,2036-01-01,2036,1,675.6694653,0,15.74633035
Baseline,NZT,w22,2036-02-01,2036,2,672.2917142,0,5.594766472
Baseline,NZT,w22,2036-03-01,2036,3,684.0101056,0.01482328372,0
Baseline,NZT,w22,2036-04-01,2036,4,687.4877601,0,24.8710294
Baseline,NZT,w22,2036-05-01,2036,5,684.0849191,0,24.04513236
Baseline,NZT,w22,2036-06-01,2036,6,669.0323983,0,23.69430762
Baseline,NZT,w22,2036-07-01,2036,7,660.1628196,0,0
Baseline,NZT,w22,2036-08-01,2036,8,658.3560617,0,2.527538769
Baseline,NZT,w22,2036-09-01,2036,9,673.7423799,0,2.549536321
Baseline,NZT,w22,2036-10-01,2036,10,675.9501323,0,19.65802872
Baseline,NZT,w22,2036-11-01,2036,11,689.6287731,0,40.24486517
Baseline,NZT,w22,2036-12-01,2036,12,706.1162639,0,76.65345204
Baseline,NZT,w22,2037-01-01,2037,1,689.1828546,0,49.20821704
Baseline,NZT,w22,2037-02-01,2037,2,685.7375485,0,2.433548054
Baseline,NZT,w22,2037-03-01,2037,3,697.6903077,0,24.5613623
Baseline,NZT,w22,2037-04-01,2037,4,701.2375153,0,24.28744144
Baseline,NZT,w22,2037-05-01,2037,5,697.7666175,0,24.23549141
Baseline,NZT,w22,2037-06-01,2037,6,682.4130463,0.02274110605,0
Baseline,NZT,w22,2037-07-01,2037,7,673.366076,0,0
Baseline,NZT,w22,2037-08-01,2037,8,671.523183,0,2.456088429
Baseline,NZT,w22,2037-09-01,2037,9,687.2172275,0,62.89834464
Baseline,NZT,w22,2037-10-01,2037,10,689.4691349,0,76.40307291
Baseline,NZT,w22,2037-11-01,2037,11,703.4213486,0,96.174317
Baseline,NZT,w22,2037-12-01,2037,12,720.2385892,0,118.3681151
Baseline,NZT,w22,2038-01-01,2038,1,702.9665117,0,95.78180377
Baseline,NZT,w22,2038-02-01,2038,2,699.4522995,0,96.18560299
Baseline,NZT,w22,2038-03-01,2038,3,711.6441138,0,24.1057056
Baseline,NZT,w22,2038-04-01,2038,4,715.2622656,0,24.26269829
Baseline,NZT,w22,2038-05-01,2038,5,711.7219498,0,24.45775512
Baseline,NZT,w22,2038-06-01,2038,6,696.0613072,0,24.34552065
Baseline,NZT,w22,2038-07-01,2038,7,686.8333975,0,23.83759526
Baseline,NZT,w22,2038-08-01,2038,8,684.9536466,0,4.287742927
Baseline,NZT,w22,2038-09-01,2038,9,700.961572,0,53.71720017
Baseline,NZT,w22,2038-10-01,2038,10,703.2585176,0,50.84322722
Baseline,NZT,w22,2038-11-01,2038,11,717.4897755,0,151.8096507
Baseline,NZT,w22,2038-12-01,2038,12,734.643361,0,123.6064343
Baseline,NZT,w22,2039-01-01,2039,1,717.025842,0,105.2006076
Baseline,NZT,w22,2039-02-01,2039,2,713.4413455,0,33.61810537
Baseline,NZT,w22,2039-03-01,2039,3,725.8769961,0,0
Baseline,NZT,w22,2039-04-01,2039,4,729.5675109,0,0
Baseline,NZT,w22,2039-05-01,2039,5,725.9563888,0,0
Baseline,NZT,w22,2039-06-01,2039,6,709.9825333,0,0
Baseline,NZT,w22,2039-07-01,2039,7,700.5700655,0,0
Baseline,NZT,w22,2039-08-01,2039,8,698.6527196,0,5.873603278
Baseline,NZT,w22,2039-09-01,2039,9,714.9808035,0,34.61662276
Baseline,NZT,w22,2039-10-01,2039,10,717.323688,0,59.06336731
Baseline,NZT,w22,2039-11-01,2039,11,731.839571,0,59.44367435
Baseline,NZT,w22,2039-12-01,2039,12,749.3362282,0,151.4272431
Baseline,NZT,w22,2040-01-01,2040,1,731.3663588,0,57.61354822
Baseline,NZT,w22,2040-02-01,2040,2,727.7101724,0,62.61335394
Baseline,NZT,w22,2040-03-01,2040,3,740.394536,0,0
Baseline,NZT,w22,2040-04-01,2040,4,744.1588612,0,0
Baseline,NZT,w22,2040-05-01,2040,5,740.4755166,0,0
Baseline,NZT,w22,2040-06-01,2040,6,724.182184,0,0
Baseline,NZT,w22,2040-07-01,2040,7,714.5814668,0,0
Baseline,NZT,w22,2040-08-01,2040,8,712.6257739,0,5.990658178
Baseline,NZT,w22,2040-09-01,2040,9,729.2804195,0,135.1304451
Baseline,NZT,w22,2040-10-01,2040,10,731.6701617,0,152.4594867
Baseline,NZT,w22,2040-11-01,2040,11,746.4763625,0,138.3963801
Baseline,NZT,w22,2040-12-01,2040,12,764.3229528,0,241.4615312
Baseline,NZT,w22,2041-01-01,2041,1,745.993686,0,15.53401227
Baseline,NZT,w22,2041-02-01,2041,2,742.2643758,0,15.7064557
Baseline,NZT,w22,2041-03-01,2041,3,755.2024268,0,0
Baseline,NZT,w22,2041-04-01,2041,4,759.0420384,0,0
Baseline,NZT,w22,2041-05-01,2041,5,755.2850269,0,0
Baseline,NZT,w22,2041-06-01,2041,6,738.6658277,0,0
Baseline,NZT,w22,2041-07-01,2041,7,728.8730961,0,0
Baseline,NZT,w22,2041-08-01,2041,8,726.8782894,0,5.737905818
Baseline,NZT,w22,2041-09-01,2041,9,743.8660279,0,130.4195112
Baseline,NZT,w22,2041-10-01,2041,10,746.303565,0,158.4138281
Baseline,NZT,w22,2041-11-01,2041,11,761.4058897,0,237.3209348
Baseline,NZT,w22,2041-12-01,2041,12,779.6094118,0,300.36784
Baseline,NZT,w22,2042-01-01,2042,1,760.9135597,0,59.30400436
Baseline,NZT,w22,2042-02-01,2042,2,757.1096634,0,67.5759355
Baseline,NZT,w22,2042-03-01,2042,3,770.3064753,0,0
Baseline,NZT,w22,2042-04-01,2042,4,774.2228791,0,0
Baseline,NZT,w22,2042-05-01,2042,5,770.3907275,0,0
Baseline,NZT,w22,2042-06-01,2042,6,753.4391442,0,0
Baseline,NZT,w22,2042-07-01,2042,7,743.450558,0,0
Baseline,NZT,w22,2042-08-01,2042,8,741.4158552,0,15.3430087
Baseline,NZT,w22,2042-09-01,2042,9,758.7433485,0,76.71026859
Baseline,NZT,w22,2042-10-01,2042,10,761.2296363,0,6.273866222
Baseline,NZT,w22,2042-11-01,2042,11,776.6340075,0,211.9472429
Baseline,NZT,w22,2042-12-01,2042,12,795.2016001,0,220.8123979
Baseline,NZT,w22,2043-01-01,2043,1,776.1318309,0,84.21073737
Baseline,NZT,w22,2043-02-01,2043,2,772.2518566,0,141.3008068
Baseline,NZT,w22,2043-03-01,2043,3,785.7126048,0,0
Baseline,NZT,w22,2043-04-01,2043,4,789.7073367,0,0
Baseline,NZT,w22,2043-05-01,2043,5,785.798542,0,0
Baseline,NZT,w22,2043-06-01,2043,6,768.5079271,0,0
Baseline,NZT,w22,2043-07-01,2043,7,758.3195692,0,0
Baseline,NZT,w22,2043-08-01,2043,8,756.2441723,0,5.891809765
Baseline,NZT,w22,2043-09-01,2043,9,773.9182155,0,156.2761905
Baseline,NZT,w22,2043-10-01,2043,10,776.454229,0,15.84767701
Baseline,NZT,w22,2043-11-01,2043,11,792.1666877,0,192.6633179
Baseline,NZT,w22,2043-12-01,2043,12,811.1056321,0,266.4344905
Baseline,NZT,w22,2044-01-01,2044,1,791.6544675,0,182.2166931
Baseline,NZT,w22,2044-02-01,2044,2,787.6968938,0,41.92486793
Baseline,NZT,w22,2044-03-01,2044,3,801.4268569,0,0
Baseline,NZT,w22,2044-04-01,2044,4,805.5014835,0,0
Baseline,NZT,w22,2044-05-01,2044,5,801.5145129,0,0
Baseline,NZT,w22,2044-06-01,2044,6,783.8780857,0,0
Baseline,NZT,w22,2044-07-01,2044,7,773.4859606,0,0
Baseline,NZT,w22,2044-08-01,2044,8,771.3690558,0,6.200198332
Baseline,NZT,w22,2044-09-01,2044,9,789.3965798,0,113.9835078
Baseline,NZT,w22,2044-10-01,2044,10,791.9833136,0,29.87755021
Baseline,NZT,w22,2044-11-01,2044,11,808.0100214,0,189.3480091
Baseline,NZT,w22,2044-12-01,2044,12,827.3277447,0,256.5434713
Baseline,NZT,w22,2045-01-01,2045,1,807.4875569,0,20.82408897
Baseline,NZT,w22,2045-02-01,2045,2,803.4508316,0,17.74681656
Baseline,NZT,w22,2045-03-01,2045,3,817.455394,0,0
Baseline,NZT,w22,2045-04-01,2045,4,821.6115131,0,0
Baseline,NZT,w22,2045-05-01,2045,5,817.5448031,0,0
Baseline,NZT,w22,2045-06-01,2045,6,799.5556474,0,0
Baseline,NZT,w22,2045-07-01,2045,7,788.9556798,0,0
Baseline,NZT,w22,2045-08-01,2045,8,786.7964369,0,2.620860997
Baseline,NZT,w22,2045-09-01,2045,9,805.1845114,0,24.13796297
Baseline,NZT,w22,2045-10-01,2045,10,807.8229799,0,8.202864992
Baseline,NZT,w22,2045-11-01,2045,11,824.1702218,0,62.65780319
Baseline,NZT,w22,2045-12-01,2045,12,843.8742996,0,75.2929921
Baseline,NZT,w22,2046-01-01,2046,1,823.637308,0,7.507821137
Baseline,NZT,w22,2046-02-01,2046,2,819.5198483,0,21.60884876
Baseline,NZT,w22,2046-03-01,2046,3,833.8045019,0,0
Baseline,NZT,w22,2046-04-01,2046,4,838.0437434,0,0
Baseline,NZT,w22,2046-05-01,2046,5,833.8956992,0,0
Baseline,NZT,w22,2046-06-01,2046,6,815.5467603,0,0
Baseline,NZT,w22,2046-07-01,2046,7,804.7347934,0,0
Baseline,NZT,w22,2046-08-01,2046,8,802.5323656,0,5.02480132
Baseline,NZT,w22,2046-09-01,2046,9,821.2882016,0,5.016399647
Baseline,NZT,w22,2046-10-01,2046,10,823.9794395,0,8.023919154
Baseline,NZT,w22,2046-11-01,2046,11,840.6536263,0,27.74793622
Baseline,NZT,w22,2046-12-01,2046,12,860.7517856,0,31.87387708
Baseline,NZT,w22,2047-01-01,2047,1,840.1100542,0,24.84396936
Baseline,NZT,w22,2047-02-01,2047,2,835.9102452,0,27.29237994
Baseline,NZT,w22,2047-03-01,2047,3,850.4805919,0,0
Baseline,NZT,w22,2047-04-01,2047,4,854.8046183,0,0
Baseline,NZT,w22,2047-05-01,2047,5,850.5736132,0,0
Baseline,NZT,w22,2047-06-01,2047,6,831.8576955,0,0
Baseline,NZT,w22,2047-07-01,2047,7,820.8294893,0,0
Baseline,NZT,w22,2047-08-01,2047,8,818.5830129,0,9.931606034
Baseline,NZT,w22,2047-09-01,2047,9,837.7139656,0,13.8606611
Baseline,NZT,w22,2047-10-01,2047,10,840.4590282,0,9.988055436
Baseline,NZT,w22,2047-11-01,2047,11,857.4666988,0,29.42198844
Baseline,NZT,w22,2047-12-01,2047,12,877.9668213,0,46.53017495
Baseline,NZT,w22,2048-01-01,2048,1,856.9122552,0,30.96441957
Baseline,NZT,w22,2048-02-01,2048,2,852.6284501,0,35.50133193
Baseline,NZT,w22,2048-03-01,2048,3,867.4902038,0,0
Baseline,NZT,w22,2048-04-01,2048,4,871.9007106,0,0
Baseline,NZT,w22,2048-05-01,2048,5,867.5850854,0,0
Baseline,NZT,w22,2048-06-01,2048,6,848.4948494,0,0
Baseline,NZT,w22,2048-07-01,2048,7,837.246079,0,0
Baseline,NZT,w22,2048-08-01,2048,8,834.9546732,0,11.08283304
Baseline,NZT,w22,2048-09-01,2048,9,854.4682449,0,14.43665369
Baseline,NZT,w22,2048-10-01,2048,10,857.2682088,0,44.96751499
Baseline,NZT,w22,2048-11-01,2048,11,874.6160328,0,38.93419108
Baseline,NZT,w22,2048-12-01,2048,12,895.5261577,0,88.3413543
Baseline,NZT,w22,2049-01-01,2049,1,874.0505003,0,24.04028734
Baseline,NZT,w22,2049-02-01,2049,2,869.6810191,0,21.26175334
Baseline,NZT,w22,2049-03-01,2049,3,884.8400079,0,0
Baseline,NZT,w22,2049-04-01,2049,4,889.3387248,0,0
Baseline,NZT,w22,2049-05-01,2049,5,884.9367871,0,0
Baseline,NZT,w22,2049-06-01,2049,6,865.4647464,0,0
Baseline,NZT,w22,2049-07-01,2049,7,853.9910006,0,0
Baseline,NZT,w22,2049-08-01,2049,8,851.6537667,0,15.24313007
Baseline,NZT,w22,2049-09-01,2049,9,871.5576098,0,23.57353227
Baseline,NZT,w22,2049-10-01,2049,10,874.413573,0,20.57364333
Baseline,NZT,w22,2049-11-01,2049,11,892.1083534,0,46.45725891
Baseline,NZT,w22,2049-12-01,2049,12,913.4366809,0,48.85039475
Baseline,NZT,w22,2050-01-01,2050,1,891.5315104,0,39.04735595
Baseline,NZT,w22,2050-02-01,2050,2,887.0746395,0,23.34678162
Baseline,NZT,w22,2050-03-01,2050,3,902.536808,0,0
Baseline,NZT,w22,2050-04-01,2050,4,907.1254993,0.015427937,0
Baseline,NZT,w22,2050-05-01,2050,5,902.6355229,0,0
Baseline,NZT,w22,2050-06-01,2050,6,882.7740414,0,0
Baseline,NZT,w22,2050-07-01,2050,7,871.0708206,0,0
Baseline,NZT,w22,2050-08-01,2050,8,868.686842,0,21.71966158
Baseline,NZT,w22,2050-09-01,2050,9,888.988762,0,23.18555595
Baseline,NZT,w22,2050-10-01,2050,10,891.9018444,0,20.52614867
Baseline,NZT,w22,2050-11-01,2050,11,909.9505205,0,22.62373775
Baseline,NZT,w22,2050-12-01,2050,12,931.7054145,0,37.65462758
Adverse,REF,w4,2025-01-01,2025,1,240.2249129,0,592.6730014
Adverse,REF,w4,2025-02-01,2025,2,239.0240003,0,764.1010398
Adverse,REF,w4,2025-03-01,2025,3,243.1903119,0,578.4804371
Adverse,REF,w4,2025-04-01,2025,4,244.4267438,0,656.3987318
Adverse,REF,w4,2025-05-01,2025,5,243.2169108,0,1535.565127
Adverse,REF,w4,2025-06-01,2025,6,237.8651957,0,1394.720414
Adverse,REF,w4,2025-07-01,2025,7,234.7117399,0,1405.604622
Adverse,REF,w4,2025-08-01,2025,8,234.0693722,0,1291.303692
Adverse,REF,w4,2025-09-01,2025,9,239.5397644,0,1465.821506
Adverse,REF,w4,2025-10-01,2025,10,240.3247001,0,1358.820943
Adverse,REF,w4,2025-11-01,2025,11,245.1879513,0,578.3796472
Adverse,REF,w4,2025-12-01,2025,12,251.0498501,0,762.7646197
Adverse,REF,w4,2026-01-01,2026,1,249.0651897,0,511.4652426
Adverse,REF,w4,2026-02-01,2026,2,247.8200835,0,401.918812
Adverse,REF,w4,2026-03-01,2026,3,252.1397154,0,441.8734912
Adverse,REF,w4,2026-04-01,2026,4,253.421648,0,421.6657318
Adverse,REF,w4,2026-05-01,2026,5,252.1672931,0,1402.941644
Adverse,REF,w4,2026-06-01,2026,6,246.6186349,0,1245.740497
Adverse,REF,w4,2026-07-01,2026,7,243.349132,0,1318.178557
Adverse,REF,w4,2026-08-01,2026,8,242.6831251,0,1224.809128
Adverse,REF,w4,2026-09-01,2026,9,248.3548277,0,1207.699698
Adverse,REF,w4,2026-10-01,2026,10,249.1686491,0,1279.291749
Adverse,REF,w4,2026-11-01,2026,11,254.2108679,0,419.232142
Adverse,REF,w4,2026-12-01,2026,12,260.2884846,0,514.4639369
Adverse,REF,w4,2027-01-01,2027,1,256.039015,0,209.1731019
Adverse,REF,w4,2027-02-01,2027,2,254.7590459,0,239.1713842
Adverse,REF,w4,2027-03-01,2027,3,259.1996274,0,270.0552324
Adverse,REF,w4,2027-04-01,2027,4,260.5174541,0,368.3422277
Adverse,REF,w4,2027-05-01,2027,5,259.2279774,0,1330.220201
Adverse,REF,w4,2027-06-01,2027,6,253.5239567,0,1189.88711
Adverse,REF,w4,2027-07-01,2027,7,250.1629077,0,1085.126967
Adverse,REF,w4,2027-08-01,2027,8,249.4782526,0,1265.286639
Adverse,REF,w4,2027-09-01,2027,9,255.3087629,0,1260.712345
Adverse,REF,w4,2027-10-01,2027,10,256.1453713,0,1274.820427
Adverse,REF,w4,2027-11-01,2027,11,261.3287722,0,209.97734
Adverse,REF,w4,2027-12-01,2027,12,267.5765622,0,397.6424963
Adverse,REF,w4,2028-01-01,2028,1,265.5124586,0,258.1031598
Adverse,REF,w4,2028-02-01,2028,2,264.1851306,0,217.8998448
Adverse,REF,w4,2028-03-01,2028,3,268.7900136,0,186.3239878
Adverse,REF,w4,2028-04-01,2028,4,270.1565999,0,290.4502512
Adverse,REF,w4,2028-05-01,2028,5,268.8194125,0,1276.840031
Adverse,REF,w4,2028-06-01,2028,6,262.9043431,0,1319.405074
Adverse,REF,w4,2028-07-01,2028,7,259.4189353,0,1158.522673
Adverse,REF,w4,2028-08-01,2028,8,258.708948,0,1178.693845
Adverse,REF,w4,2028-09-01,2028,9,264.7551871,0,1284.668689
Adverse,REF,w4,2028-10-01,2028,10,265.62275,0,1310.671813
Adverse,REF,w4,2028-11-01,2028,11,270.9979368,0,210.6925969
Adverse,REF,w4,2028-12-01,2028,12,277.476895,0,391.4233076
Adverse,REF,w4,2029-01-01,2029,1,276.6639818,0,394.0186
Adverse,REF,w4,2029-02-01,2029,2,275.280906,0,315.6649066
Adverse,REF,w4,2029-03-01,2029,3,280.0791942,0,371.2898304
Adverse,REF,w4,2029-04-01,2029,4,281.5031771,0,354.9408231
Adverse,REF,w4,2029-05-01,2029,5,280.1098278,0,1260.43651
Adverse,REF,w4,2029-06-01,2029,6,273.9463255,0,1275.860513
Adverse,REF,w4,2029-07-01,2029,7,270.3145305,0,1273.045533
Adverse,REF,w4,2029-08-01,2029,8,269.5747238,0,1220.24691
Adverse,REF,w4,2029-09-01,2029,9,275.874905,0,1302.984694
Adverse,REF,w4,2029-10-01,2029,10,276.7789055,0,1227.981365
Adverse,REF,w4,2029-11-01,2029,11,282.3798501,0,382.9935309
Adverse,REF,w4,2029-12-01,2029,12,289.1309245,0,474.4930518
Adverse,REF,w4,2030-01-01,2030,1,288.560533,0,64.67040889
Adverse,REF,w4,2030-02-01,2030,2,287.117985,0,46.17814153
Adverse,REF,w4,2030-03-01,2030,3,292.1225996,0,77.94713626
Adverse,REF,w4,2030-04-01,2030,4,293.6078137,0,95.5800348
Adverse,REF,w4,2030-05-01,2030,5,292.1545504,0,1002.417661
Adverse,REF,w4,2030-06-01,2030,6,285.7260175,0,993.4954768
Adverse,REF,w4,2030-07-01,2030,7,281.9380553,0,984.8908377
Adverse,REF,w4,2030-08-01,2030,8,281.1664369,0,964.9317038
Adverse,REF,w4,2030-09-01,2030,9,287.7375259,0,1015.957873
Adverse,REF,w4,2030-10-01,2030,10,288.6803985,0,1220.455068
Adverse,REF,w4,2030-11-01,2030,11,294.5221837,0,49.27674481
Adverse,REF,w4,2030-12-01,2030,12,301.5635543,0,60.49071649
Adverse,REF,w4,2031-01-01,2031,1,300.1029544,0,60.38494023
Adverse,REF,w4,2031-02-01,2031,2,298.6027044,0,56.44475807
Adverse,REF,w4,2031-03-01,2031,3,303.8075036,0,104.7591541
Adverse,REF,w4,2031-04-01,2031,4,305.3521263,0,63.72524908
Adverse,REF,w4,2031-05-01,2031,5,303.8407325,0,1060.079689
Adverse,REF,w4,2031-06-01,2031,6,297.1550582,0,999.1542213
Adverse,REF,w4,2031-07-01,2031,7,293.2155776,0,1103.339161
Adverse,REF,w4,2031-08-01,2031,8,292.4130944,0,1031.795405
Adverse,REF,w4,2031-09-01,2031,9,299.2470269,0,1035.476162
Adverse,REF,w4,2031-10-01,2031,10,300.2276144,0,1002.175887
Adverse,REF,w4,2031-11-01,2031,11,306.303071,0,117.2508862
Adverse,REF,w4,2031-12-01,2031,12,313.6260965,0,72.45187117
Adverse,REF,w4,2032-01-01,2032,1,312.1070725,0,43.18226118
Adverse,REF,w4,2032-02-01,2032,2,310.5468126,0,63.51905067
Adverse,REF,w4,2032-03-01,2032,3,315.9598037,0,83.02573933
Adverse,REF,w4,2032-04-01,2032,4,317.5662113,0,79.58641112
Adverse,REF,w4,2032-05-01,2032,5,315.9943618,0,928.3417789
Adverse,REF,w4,2032-06-01,2032,6,309.0412605,0,946.2899971
Adverse,REF,w4,2032-07-01,2032,7,304.9442007,0,978.0614826
Adverse,REF,w4,2032-08-01,2032,8,304.1096182,0,959.3192803
Adverse,REF,w4,2032-09-01,2032,9,311.216908,0,876.3203052
Adverse,REF,w4,2032-10-01,2032,10,312.236719,0,839.1396793
Adverse,REF,w4,2032-11-01,2032,11,318.5551938,0,93.2224649
Adverse,REF,w4,2032-12-01,2032,12,326.1711403,0,137.8855067
Adverse,REF,w4,2033-01-01,2033,1,318.349214,0,41.72785871
Adverse,REF,w4,2033-02-01,2033,2,316.7577488,0,68.70264474
Adverse,REF,w4,2033-03-01,2033,3,322.2789998,0,101.6311647
Adverse,REF,w4,2033-04-01,2033,4,323.9175355,0,94.04836645
Adverse,REF,w4,2033-05-01,2033,5,322.314249,0,1026.21315
Adverse,REF,w4,2033-06-01,2033,6,315.2220857,0,877.8651244
Adverse,REF,w4,2033-07-01,2033,7,311.0430847,0,835.6956402
Adverse,REF,w4,2033-08-01,2033,8,310.1918105,0,557.0698481
Adverse,REF,w4,2033-09-01,2033,9,317.4412461,0,931.7093469
Adverse,REF,w4,2033-10-01,2033,10,318.4814533,0,1003.672821
Adverse,REF,w4,2033-11-01,2033,11,324.9262977,0,94.40743821
Adverse,REF,w4,2033-12-01,2033,12,332.6945631,0,122.5203295
Adverse,REF,w4,2034-01-01,2034,1,324.7161983,0,39.99145397
Adverse,REF,w4,2034-02-01,2034,2,323.0929038,0,31.70346263
Adverse,REF,w4,2034-03-01,2034,3,328.7245798,0,33.19165634
Adverse,REF,w4,2034-04-01,2034,4,330.3958863,0,41.36818797
Adverse,REF,w4,2034-05-01,2034,5,328.760534,0,1013.022286
Adverse,REF,w4,2034-06-01,2034,6,321.5265274,0,972.7239339
Adverse,REF,w4,2034-07-01,2034,7,317.2639464,0,948.2325331
Adverse,REF,w4,2034-08-01,2034,8,316.3956467,0,979.3953179
Adverse,REF,w4,2034-09-01,2034,9,323.7900711,0,871.9272598
Adverse,REF,w4,2034-10-01,2034,10,324.8510824,0,896.683944
Adverse,REF,w4,2034-11-01,2034,11,331.4248237,0,63.40516893
Adverse,REF,w4,2034-12-01,2034,12,339.3484544,0,79.20180911
Adverse,REF,w4,2035-01-01,2035,1,331.2105222,0,130.8515295
Adverse,REF,w4,2035-02-01,2035,2,329.5547619,0,44.18594487
Adverse,REF,w4,2035-03-01,2035,3,335.2990714,0,47.43720191
Adverse,REF,w4,2035-04-01,2035,4,337.003804,0,115.7922103
Adverse,REF,w4,2035-05-01,2035,5,335.3357447,0,828.5249977
Adverse,REF,w4,2035-06-01,2035,6,327.957058,0,970.6253118
Adverse,REF,w4,2035-07-01,2035,7,323.6092253,0,1077.907965
Adverse,REF,w4,2035-08-01,2035,8,322.7235597,0,853.4544329
Adverse,REF,w4,2035-09-01,2035,9,330.2658725,0,866.5670696
Adverse,REF,w4,2035-10-01,2035,10,331.3481041,0,1039.825324
Adverse,REF,w4,2035-11-01,2035,11,338.0533201,0,90.60396782
Adverse,REF,w4,2035-12-01,2035,12,346.1354235,0,77.4952067
Adverse,REF,w4,2036-01-01,2036,1,337.8347327,0,51.36309005
Adverse,REF,w4,2036-02-01,2036,2,336.1458571,0,38.73812691
Adverse,REF,w4,2036-03-01,2036,3,342.0050528,0,62.50331359
Adverse,REF,w4,2036-04-01,2036,4,343.7438801,0,98.35251594
Adverse,REF,w4,2036-05-01,2036,5,342.0424595,0,957.0069735
Adverse,REF,w4,2036-06-01,2036,6,334.5161991,0,938.9425487
Adverse,REF,w4,2036-07-01,2036,7,330.0814098,0,804.2709886
Adverse,REF,w4,2036-08-01,2036,8,329.1780309,0,950.6386591
Adverse,REF,w4,2036-09-01,2036,9,336.8711899,0,912.3162374
Adverse,REF,w4,2036-10-01,2036,10,337.9750661,0,999.9081881
Adverse,REF,w4,2036-11-01,2036,11,344.8143865,0,42.353276
Adverse,REF,w4,2036-12-01,2036,12,353.058132,0,56.3196621
Adverse,REF,w4,2037-01-01,2037,1,344.5914273,0,56.79394461
Adverse,REF,w4,2037-02-01,2037,2,342.8687743,0,125.9467759
Adverse,REF,w4,2037-03-01,2037,3,348.8451538,0,86.5814695
Adverse,REF,w4,2037-04-01,2037,4,350.6187577,0,69.66097552
Adverse,REF,w4,2037-05-01,2037,5,348.8833087,0,1069.142091
Adverse,REF,w4,2037-06-01,2037,6,341.2065231,0,1042.076218
Adverse,REF,w4,2037-07-01,2037,7,336.683038,0,1045.962787
Adverse,REF,w4,2037-08-01,2037,8,335.7615915,0,1091.741525
Adverse,REF,w4,2037-09-01,2037,9,343.6086137,0,832.7826594
Adverse,REF,w4,2037-10-01,2037,10,344.7345675,0,1122.970356
Adverse,REF,w4,2037-11-01,2037,11,351.7106743,0,48.68112816
Adverse,REF,w4,2037-12-01,2037,12,360.1192946,0,64.65676957
Adverse,REF,w4,2038-01-01,2038,1,351.4832559,0,75.29532749
Adverse,REF,w4,2038-02-01,2038,2,349.7261497,0,52.83831149
Adverse,REF,w4,2038-03-01,2038,3,355.8220569,0,49.20313049
Adverse,REF,w4,2038-04-01,2038,4,357.6311328,0,128.8393846
Adverse,REF,w4,2038-05-01,2038,5,355.8609749,0,1077.601203
Adverse,REF,w4,2038-06-01,2038,6,348.0306536,0,999.9007182
Adverse,REF,w4,2038-07-01,2038,7,343.4166988,0,1042.756007
Adverse,REF,w4,2038-08-01,2038,8,342.4768233,0,1062.649758
Adverse,REF,w4,2038-09-01,2038,9,350.480786,0,954.5930938
Adverse,REF,w4,2038-10-01,2038,10,351.6292588,0,1003.790973
Adverse,REF,w4,2038-11-01,2038,11,358.7448878,0,95.4731673
Adverse,REF,w4,2038-12-01,2038,12,367.3216805,0,111.0328465
Adverse,REF,w4,2039-01-01,2039,1,358.512921,0,121.6765011
Adverse,REF,w4,2039-02-01,2039,2,356.7206727,0,131.2087136
Adverse,REF,w4,2039-03-01,2039,3,362.9384981,0,127.2846751
Adverse,REF,w4,2039-04-01,2039,4,364.7837555,0,78.35824083
Adverse,REF,w4,2039-05-01,2039,5,362.9781944,0,1124.825777
Adverse,REF,w4,2039-06-01,2039,6,354.9912667,0,1092.054877
Adverse,REF,w4,2039-07-01,2039,7,350.2850327,0,1042.309486
Adverse,REF,w4,2039-08-01,2039,8,349.3263598,0,969.6970695
Adverse,REF,w4,2039-09-01,2039,9,357.4904017,0,1079.922244
Adverse,REF,w4,2039-10-01,2039,10,358.661844,0,1176.246724
Adverse,REF,w4,2039-11-01,2039,11,365.9197855,0,63.50081326
Adverse,REF,w4,2039-12-01,2039,12,374.6681141,0,123.8058822
Adverse,REF,w4,2040-01-01,2040,1,365.6831794,0,53.19149493
Adverse,REF,w4,2040-02-01,2040,2,363.8550862,0,56.99870348
Adverse,REF,w4,2040-03-01,2040,3,370.197268,0,56.83163944
Adverse,REF,w4,2040-04-01,2040,4,372.0794306,0,61.03309151
Adverse,REF,w4,2040-05-01,2040,5,370.2377583,0,760.2190511
Adverse,REF,w4,2040-06-01,2040,6,362.091092,0,771.2195346
Adverse,REF,w4,2040-07-01,2040,7,357.2907334,0,685.9957142
Adverse,REF,w4,2040-08-01,2040,8,356.312887,0,662.8215882
Adverse,REF,w4,2040-09-01,2040,9,364.6402098,0,777.1542997
Adverse,REF,w4,2040-10-01,2040,10,365.8350809,0,610.5717464
Adverse,REF,w4,2040-11-01,2040,11,373.2381812,0,60.71816738
Adverse,REF,w4,2040-12-01,2040,12,382.1614764,0,74.24936541
Adverse,REF,w4,2041-01-01,2041,1,372.996843,0,26.42075203
Adverse,REF,w4,2041-02-01,2041,2,371.1321879,0,26.42073677
Adverse,REF,w4,2041-03-01,2041,3,377.6012134,0,25.91615684
Adverse,REF,w4,2041-04-01,2041,4,379.5210192,0,33.97027976
Adverse,REF,w4,2041-05-01,2041,5,377.6425135,0,847.6866359
Adverse,REF,w4,2041-06-01,2041,6,369.3329138,0,614.0223619
Adverse,REF,w4,2041-07-01,2041,7,364.4365481,0,535.3768353
Adverse,REF,w4,2041-08-01,2041,8,363.4391447,0,547.7945656
Adverse,REF,w4,2041-09-01,2041,9,371.933014,0,773.0343371
Adverse,REF,w4,2041-10-01,2041,10,373.1517825,0,693.2463965
Adverse,REF,w4,2041-11-01,2041,11,380.7029449,0,31.08078441
Adverse,REF,w4,2041-12-01,2041,12,389.8047059,0,39.85608955
Adverse,REF,w4,2042-01-01,2042,1,380.4567798,0,30.46839689
Adverse,REF,w4,2042-02-01,2042,2,378.5548317,0,30.96648707
Adverse,REF,w4,2042-03-01,2042,3,385.1532376,0,32.66321209
Adverse,REF,w4,2042-04-01,2042,4,387.1114396,0,44.45381902
Adverse,REF,w4,2042-05-01,2042,5,385.1953637,0,888.6860321
Adverse,REF,w4,2042-06-01,2042,6,376.7195721,0,745.6158445
Adverse,REF,w4,2042-07-01,2042,7,371.725279,0,682.3197637
Adverse,REF,w4,2042-08-01,2042,8,370.7079276,0,761.0557145
Adverse,REF,w4,2042-09-01,2042,9,379.3716742,0,784.1585095
Adverse,REF,w4,2042-10-01,2042,10,380.6148181,0,746.5560388
Adverse,REF,w4,2042-11-01,2042,11,388.3170038,0,46.74574109
Adverse,REF,w4,2042-12-01,2042,12,397.6008,0,53.87023377
Adverse,REF,w4,2043-01-01,2043,1,388.0659154,0,34.02640923
Adverse,REF,w4,2043-02-01,2043,2,386.1259283,0,43.22709348
Adverse,REF,w4,2043-03-01,2043,3,392.8563024,0,46.34088692
Adverse,REF,w4,2043-04-01,2043,4,394.8536684,0,48.10985242
Adverse,REF,w4,2043-05-01,2043,5,392.899271,0,1044.483527
Adverse,REF,w4,2043-06-01,2043,6,384.2539636,0,786.2242068
Adverse,REF,w4,2043-07-01,2043,7,379.1597846,0,808.2093883
Adverse,REF,w4,2043-08-01,2043,8,378.1220862,0,680.7301194
Adverse,REF,w4,2043-09-01,2043,9,386.9591077,0,937.1866207
Adverse,REF,w4,2043-10-01,2043,10,388.2271145,0,744.0985512
Adverse,REF,w4,2043-11-01,2043,11,396.0833438,0,44.73471971
Adverse,REF,w4,2043-12-01,2043,12,405.552816,0,63.34775184
Adverse,REF,w4,2044-01-01,2044,1,395.8272338,0,43.28358128
Adverse,REF,w4,2044-02-01,2044,2,393.8484469,0,44.47407879
Adverse,REF,w4,2044-03-01,2044,3,400.7134284,0,45.73557001
Adverse,REF,w4,2044-04-01,2044,4,402.7507417,0,51.52374807
Adverse,REF,w4,2044-05-01,2044,5,400.7572564,0,998.6597945
Adverse,REF,w4,2044-06-01,2044,6,391.9390428,0,955.0640569
Adverse,REF,w4,2044-07-01,2044,7,386.7429803,0,902.544537
Adverse,REF,w4,2044-08-01,2044,8,385.6845279,0,881.9981267
Adverse,REF,w4,2044-09-01,2044,9,394.6982899,0,947.0660616
Adverse,REF,w4,2044-10-01,2044,10,395.9916568,0,904.9965852
Adverse,REF,w4,2044-11-01,2044,11,404.0050107,0,55.10460157
Adverse,REF,w4,2044-12-01,2044,12,413.6638724,0,60.34978624
Adverse,REF,w4,2045-01-01,2045,1,403.7437784,0,27.4362196
Adverse,REF,w4,2045-02-01,2045,2,401.7254158,0,29.97581232
Adverse,REF,w4,2045-03-01,2045,3,408.727697,0,30.49860276
Adverse,REF,w4,2045-04-01,2045,4,410.8057566,0,34.09700681
Adverse,REF,w4,2045-05-01,2045,5,408.7724016,0,805.3464756
Adverse,REF,w4,2045-06-01,2045,6,399.7778237,0,852.667577
Adverse,REF,w4,2045-07-01,2045,7,394.4778399,0,811.5980101
Adverse,REF,w4,2045-08-01,2045,8,393.3982184,0,810.1190148
Adverse,REF,w4,2045-09-01,2045,9,402.5922557,0,858.9242823
Adverse,REF,w4,2045-10-01,2045,10,403.9114899,0,832.0338105
Adverse,REF,w4,2045-11-01,2045,11,412.0851109,0,38.56182516
Adverse,REF,w4,2045-12-01,2045,12,421.9371498,0,38.15980921
Adverse,REF,w4,2046-01-01,2046,1,411.818654,0,33.08642983
Adverse,REF,w4,2046-02-01,2046,2,409.7599241,0,34.29987638
Adverse,REF,w4,2046-03-01,2046,3,416.902251,0,39.08648158
Adverse,REF,w4,2046-04-01,2046,4,419.0218717,0,39.02713785
Adverse,REF,w4,2046-05-01,2046,5,416.9478496,0,913.8217638
Adverse,REF,w4,2046-06-01,2046,6,407.7733802,0,874.3384339
Adverse,REF,w4,2046-07-01,2046,7,402.3673967,0,802.854025
Adverse,REF,w4,2046-08-01,2046,8,401.2661828,0,757.4285268
Adverse,REF,w4,2046-09-01,2046,9,410.6441008,0,798.3949001
Adverse,REF,w4,2046-10-01,2046,10,411.9897197,0,855.8029424
Adverse,REF,w4,2046-11-01,2046,11,420.3268131,0,34.91336701
Adverse,REF,w4,2046-12-01,2046,12,430.3758928,0,49.1923058
Adverse,REF,w4,2047-01-01,2047,1,420.0550271,0,46.67061622
Adverse,REF,w4,2047-02-01,2047,2,417.9551226,0,40.37430609
Adverse,REF,w4,2047-03-01,2047,3,425.240296,0,47.20300578
Adverse,REF,w4,2047-04-01,2047,4,427.4023091,0,48.4795815
Adverse,REF,w4,2047-05-01,2047,5,425.2868066,0,941.1315897
Adverse,REF,w4,2047-06-01,2047,6,415.9288478,0,922.9279697
Adverse,REF,w4,2047-07-01,2047,7,410.4147446,0,900.859282
Adverse,REF,w4,2047-08-01,2047,8,409.2915065,0,871.7629134
Adverse,REF,w4,2047-09-01,2047,9,418.8569828,0,929.2253308
Adverse,REF,w4,2047-10-01,2047,10,420.2295141,0,911.2232447
Adverse,REF,w4,2047-11-01,2047,11,428.7333494,0,47.8013657
Adverse,REF,w4,2047-12-01,2047,12,438.9834106,0,80.56929736
Adverse,REF,w4,2048-01-01,2048,1,428.4561276,0,46.75866737
Adverse,REF,w4,2048-02-01,2048,2,426.3142251,0,44.24832231
Adverse,REF,w4,2048-03-01,2048,3,433.7451019,0,49.5010219
Adverse,REF,w4,2048-04-01,2048,4,435.9503553,0,54.02597198
Adverse,REF,w4,2048-05-01,2048,5,433.7925427,0,968.8456106
Adverse,REF,w4,2048-06-01,2048,6,424.2474247,0,933.5133413
Adverse,REF,w4,2048-07-01,2048,7,418.6230395,0,907.0112993
Adverse,REF,w4,2048-08-01,2048,8,417.4773366,0,910.431044
Adverse,REF,w4,2048-09-01,2048,9,427.2341225,0,882.1201966
Adverse,REF,w4,2048-10-01,2048,10,428.6341044,0,932.827198
Adverse,REF,w4,2048-11-01,2048,11,437.3080164,0,47.23432429
Adverse,REF,w4,2048-12-01,2048,12,447.7630789,0,82.49667113
Adverse,REF,w4,2049-01-01,2049,1,437.0252502,0,80.55056572
Adverse,REF,w4,2049-02-01,2049,2,434.8405096,0,51.59176773
Adverse,REF,w4,2049-03-01,2049,3,442.4200039,0,82.64477201
Adverse,REF,w4,2049-04-01,2049,4,444.6693624,0,55.0524799
Adverse,REF,w4,2049-05-01,2049,5,442.4683936,0,997.9286511
Adverse,REF,w4,2049-06-01,2049,6,432.7323732,0,991.3168083
Adverse,REF,w4,2049-07-01,2049,7,426.9955003,0,928.037383
Adverse,REF,w4,2049-08-01,2049,8,425.8268833,0,985.3403793
Adverse,REF,w4,2049-09-01,2049,9,435.7788049,0,894.894015
Adverse,REF,w4,2049-10-01,2049,10,437.2067865,0,960.3907593
Adverse,REF,w4,2049-11-01,2049,11,446.0541767,0,82.73345467
Adverse,REF,w4,2049-12-01,2049,12,456.7183404,0,61.77625253
Adverse,REF,w4,2050-01-01,2050,1,445.7657552,0,112.1831822
Adverse,REF,w4,2050-02-01,2050,2,443.5373198,0,115.2304626
Adverse,REF,w4,2050-03-01,2050,3,451.268404,0,85.16046223
Adverse,REF,w4,2050-04-01,2050,4,453.5627497,0,62.1607477
Adverse,REF,w4,2050-05-01,2050,5,451.3177614,0.1234259698,860.3016903
Adverse,REF,w4,2050-06-01,2050,6,441.3870207,0,996.7465881
Adverse,REF,w4,2050-07-01,2050,7,435.5354103,0,990.9370915
Adverse,REF,w4,2050-08-01,2050,8,434.343421,0,970.4299404
Adverse,REF,w4,2050-09-01,2050,9,444.494381,0,975.61288
Adverse,REF,w4,2050-10-01,2050,10,445.9509222,0.1796499612,828.7448393
Adverse,REF,w4,2050-11-01,2050,11,454.9752602,0,85.95841057
Adverse,REF,w4,2050-12-01,2050,12,465.8527072,0,70.0779413
Adverse,BRIDGE,w2,2025-01-01,2025,1,360.3373693,0,400.8865544
Adverse,BRIDGE,w2,2025-02-01,2025,2,358.5360005,0,407.2377627
Adverse,BRIDGE,w2,2025-03-01,2025,3,364.7854679,0,402.581595
Adverse,BRIDGE,w2,2025-04-01,2025,4,366.6401157,0,443.7110772
Adverse,BRIDGE,w2,2025-05-01,2025,5,364.8253662,0,1264.558191
Adverse,BRIDGE,w2,2025-06-01,2025,6,356.7977936,0,1154.507715
Adverse,BRIDGE,w2,2025-07-01,2025,7,352.0676099,0,1190.737161
Adverse,BRIDGE,w2,2025-08-01,2025,8,351.1040583,0,1192.21112
Adverse,BRIDGE,w2,2025-09-01,2025,9,359.3096466,0,1130.578718
Adverse,BRIDGE,w2,2025-10-01,2025,10,360.4870502,0,1137.49925
Adverse,BRIDGE,w2,2025-11-01,2025,11,367.7819269,0,326.7060197
Adverse,BRIDGE,w2,2025-12-01,2025,12,376.5747752,0,394.020127
Adverse,BRIDGE,w2,2026-01-01,2026,1,373.5977845,0,335.0657945
Adverse,BRIDGE,w2,2026-02-01,2026,2,371.7301253,0,266.6381699
Adverse,BRIDGE,w2,2026-03-01,2026,3,378.2095731,0,272.341936
Adverse,BRIDGE,w2,2026-04-01,2026,4,380.1324719,0,277.3987428
Adverse,BRIDGE,w2,2026-05-01,2026,5,378.2509397,0,1071.985805
Adverse,BRIDGE,w2,2026-06-01,2026,6,369.9279524,0,1059.850359
Adverse,BRIDGE,w2,2026-07-01,2026,7,365.023698,0,1081.74271
Adverse,BRIDGE,w2,2026-08-01,2026,8,364.0246877,0,1035.588504
Adverse,BRIDGE,w2,2026-09-01,2026,9,372.5322416,0,1160.846634
Adverse,BRIDGE,w2,2026-10-01,2026,10,373.7529737,0,1197.043944
Adverse,BRIDGE,w2,2026-11-01,2026,11,381.3163018,0,274.5879469
Adverse,BRIDGE,w2,2026-12-01,2026,12,390.4327269,0,307.0957075
Adverse,BRIDGE,w2,2027-01-01,2027,1,384.0585225,0,114.6408604
Adverse,BRIDGE,w2,2027-02-01,2027,2,382.1385688,0,122.3130056
Adverse,BRIDGE,w2,2027-03-01,2027,3,388.7994411,0,113.7764655
Adverse,BRIDGE,w2,2027-04-01,2027,4,390.7761812,0,225.3503021
Adverse,BRIDGE,w2,2027-05-01,2027,5,388.841966,0,1098.356178
Adverse,BRIDGE,w2,2027-06-01,2027,6,380.285935,0,1103.21211
Adverse,BRIDGE,w2,2027-07-01,2027,7,375.2443615,0,1037.604013
Adverse,BRIDGE,w2,2027-08-01,2027,8,374.2173789,0,896.4344748
Adverse,BRIDGE,w2,2027-09-01,2027,9,382.9631443,0,946.0516536
Adverse,BRIDGE,w2,2027-10-01,2027,10,384.2180569,0,1048.316622
Adverse,BRIDGE,w2,2027-11-01,2027,11,391.9931583,0,118.086954
Adverse,BRIDGE,w2,2027-12-01,2027,12,401.3648432,0,219.4902425
Adverse,BRIDGE,w2,2028-01-01,2028,1,398.2686878,0,71.89577488
Adverse,BRIDGE,w2,2028-02-01,2028,2,396.2776958,0,98.84649492
Adverse,BRIDGE,w2,2028-03-01,2028,3,403.1850205,0,116.8076009
Adverse,BRIDGE,w2,2028-04-01,2028,4,405.2348999,0,172.5531324
Adverse,BRIDGE,w2,2028-05-01,2028,5,403.2291188,0,1071.815709
Adverse,BRIDGE,w2,2028-06-01,2028,6,394.3565146,0,847.6883012
Adverse,BRIDGE,w2,2028-07-01,2028,7,389.1284029,0,881.412293
Adverse,BRIDGE,w2,2028-08-01,2028,8,388.063422,0,976.3689049
Adverse,BRIDGE,w2,2028-09-01,2028,9,397.1327807,0,1077.95615
Adverse,BRIDGE,w2,2028-10-01,2028,10,398.434125,0,978.9821893
Adverse,BRIDGE,w2,2028-11-01,2028,11,406.4969051,0,124.6437973
Adverse,BRIDGE,w2,2028-12-01,2028,12,416.2153424,0,204.137718
Adverse,BRIDGE,w2,2029-01-01,2029,1,414.9959727,0,232.6990743
Adverse,BRIDGE,w2,2029-02-01,2029,2,412.9213591,0,202.4278319
Adverse,BRIDGE,w2,2029-03-01,2029,3,420.1187913,0,220.7695657
Adverse,BRIDGE,w2,2029-04-01,2029,4,422.2547656,0,219.0642077
Adverse,BRIDGE,w2,2029-05-01,2029,5,420.1647418,0,1096.484668
Adverse,BRIDGE,w2,2029-06-01,2029,6,410.9194882,0,965.4267484
Adverse,BRIDGE,w2,2029-07-01,2029,7,405.4717958,0,930.4898454
Adverse,BRIDGE,w2,2029-08-01,2029,8,404.3620857,0,983.6095659
Adverse,BRIDGE,w2,2029-09-01,2029,9,413.8123574,0,957.3468941
Adverse,BRIDGE,w2,2029-10-01,2029,10,415.1683583,0,1036.653392
Adverse,BRIDGE,w2,2029-11-01,2029,11,423.5697752,0,231.47175
Adverse,BRIDGE,w2,2029-12-01,2029,12,433.6963868,0,241.1245176
Adverse,BRIDGE,w2,2030-01-01,2030,1,432.8407995,0,85.74913374
Adverse,BRIDGE,w2,2030-02-01,2030,2,430.6769775,0,84.47643981
Adverse,BRIDGE,w2,2030-03-01,2030,3,438.1838994,0,87.84617975
Adverse,BRIDGE,w2,2030-04-01,2030,4,440.4117206,0,88.82433534
Adverse,BRIDGE,w2,2030-05-01,2030,5,438.2318257,0,871.5130084
Adverse,BRIDGE,w2,2030-06-01,2030,6,428.5890262,0,705.248446
Adverse,BRIDGE,w2,2030-07-01,2030,7,422.907083,0,634.2258795
Adverse,BRIDGE,w2,2030-08-01,2030,8,421.7496554,0,852.9410883
Adverse,BRIDGE,w2,2030-09-01,2030,9,431.6062888,0,823.2574092
Adverse,BRIDGE,w2,2030-10-01,2030,10,433.0205977,0,808.4313616
Adverse,BRIDGE,w2,2030-11-01,2030,11,441.7832755,0,199.9469033
Adverse,BRIDGE,w2,2030-12-01,2030,12,452.3453315,0,119.8847702
Adverse,BRIDGE,w2,2031-01-01,2031,1,450.1544315,0,41.93659365
Adverse,BRIDGE,w2,2031-02-01,2031,2,447.9040566,0,40.04337068
Adverse,BRIDGE,w2,2031-03-01,2031,3,455.7112553,0,43.30212003
Adverse,BRIDGE,w2,2031-04-01,2031,4,458.0281894,0,42.91088247
Adverse,BRIDGE,w2,2031-05-01,2031,5,455.7610987,0,593.0241642
Adverse,BRIDGE,w2,2031-06-01,2031,6,445.7325873,0,633.1851705
Adverse,BRIDGE,w2,2031-07-01,2031,7,439.8233663,0,480.029463
Adverse,BRIDGE,w2,2031-08-01,2031,8,438.6196416,0,505.2972425
Adverse,BRIDGE,w2,2031-09-01,2031,9,448.8705404,0,655.8033318
Adverse,BRIDGE,w2,2031-10-01,2031,10,450.3414216,0,547.3701309
Adverse,BRIDGE,w2,2031-11-01,2031,11,459.4546065,0,50.97120152
Adverse,BRIDGE,w2,2031-12-01,2031,12,470.4391447,0,98.3278819
Adverse,BRIDGE,w2,2032-01-01,2032,1,468.1606088,0,46.41547858
Adverse,BRIDGE,w2,2032-02-01,2032,2,465.8202189,0,47.96692034
Adverse,BRIDGE,w2,2032-03-01,2032,3,473.9397055,0,50.53177153
Adverse,BRIDGE,w2,2032-04-01,2032,4,476.349317,0,41.04102758
Adverse,BRIDGE,w2,2032-05-01,2032,5,473.9915426,0,686.948097
Adverse,BRIDGE,w2,2032-06-01,2032,6,463.5618908,0,649.343804
Adverse,BRIDGE,w2,2032-07-01,2032,7,457.416301,0,485.0272723
Adverse,BRIDGE,w2,2032-08-01,2032,8,456.1644272,0,610.5098045
Adverse,BRIDGE,w2,2032-09-01,2032,9,466.825362,0,694.5506488
Adverse,BRIDGE,w2,2032-10-01,2032,10,468.3550785,0,700.1868233
Adverse,BRIDGE,w2,2032-11-01,2032,11,477.8327908,0,51.11807038
Adverse,BRIDGE,w2,2032-12-01,2032,12,489.2567105,0,139.5531235
Adverse,BRIDGE,w2,2033-01-01,2033,1,477.523821,0,52.62858808
Adverse,BRIDGE,w2,2033-02-01,2033,2,475.1366232,0,53.59418446
Adverse,BRIDGE,w2,2033-03-01,2033,3,483.4184996,0,58.59226078
Adverse,BRIDGE,w2,2033-04-01,2033,4,485.8763033,0,52.62657687
Adverse,BRIDGE,w2,2033-05-01,2033,5,483.4713735,0,551.9097588
Adverse,BRIDGE,w2,2033-06-01,2033,6,472.8331286,0,502.2458118
Adverse,BRIDGE,w2,2033-07-01,2033,7,466.564627,0,429.1191425
Adverse,BRIDGE,w2,2033-08-01,2033,8,465.2877158,0,323.9817677
Adverse,BRIDGE,w2,2033-09-01,2033,9,476.1618692,0,540.1842038
Adverse,BRIDGE,w2,2033-10-01,2033,10,477.72218,0,387.0946359
Adverse,BRIDGE,w2,2033-11-01,2033,11,487.3894466,0,53.8484811
Adverse,BRIDGE,w2,2033-12-01,2033,12,499.0418447,0,101.2881391
Adverse,BRIDGE,w2,2034-01-01,2034,1,487.0742974,0,56.3922921
Adverse,BRIDGE,w2,2034-02-01,2034,2,484.6393557,0,56.32854279
Adverse,BRIDGE,w2,2034-03-01,2034,3,493.0868696,0,54.66163652
Adverse,BRIDGE,w2,2034-04-01,2034,4,495.5938294,0,57.60678751
Adverse,BRIDGE,w2,2034-05-01,2034,5,493.140801,0,561.1702764
Adverse,BRIDGE,w2,2034-06-01,2034,6,482.2897912,0,414.375869
Adverse,BRIDGE,w2,2034-07-01,2034,7,475.8959196,0,548.0304919
Adverse,BRIDGE,w2,2034-08-01,2034,8,474.5934701,0,347.3977749
Adverse,BRIDGE,w2,2034-09-01,2034,9,485.6851066,0,436.0024414
Adverse,BRIDGE,w2,2034-10-01,2034,10,487.2766236,0,511.3551792
Adverse,BRIDGE,w2,2034-11-01,2034,11,497.1372355,0,54.99831616
Adverse,BRIDGE,w2,2034-12-01,2034,12,509.0226816,0,71.45641429
Adverse,BRIDGE,w2,2035-01-01,2035,1,496.8157833,0,35.802121
Adverse,BRIDGE,w2,2035-02-01,2035,2,494.3321428,0,37.28473123
Adverse,BRIDGE,w2,2035-03-01,2035,3,502.948607,0,36.52650198
Adverse,BRIDGE,w2,2035-04-01,2035,4,505.505706,0,12.51144626
Adverse,BRIDGE,w2,2035-05-01,2035,5,503.003617,0,535.1275306
Adverse,BRIDGE,w2,2035-06-01,2035,6,491.935587,0,436.535087
Adverse,BRIDGE,w2,2035-07-01,2035,7,485.4138379,0,314.32887
Adverse,BRIDGE,w2,2035-08-01,2035,8,484.0853395,0,518.2141824
Adverse,BRIDGE,w2,2035-09-01,2035,9,495.3988087,0,370.693109
Adverse,BRIDGE,w2,2035-10-01,2035,10,497.0221561,0,543.0702421
Adverse,BRIDGE,w2,2035-11-01,2035,11,507.0799802,0,12.62264476
Adverse,BRIDGE,w2,2035-12-01,2035,12,519.2031352,0,171.1655795
Adverse,BRIDGE,w2,2036-01-01,2036,1,506.752099,0,33.18294196
Adverse,BRIDGE,w2,2036-02-01,2036,2,504.2187857,0,31.24661193
Adverse,BRIDGE,w2,2036-03-01,2036,3,513.0075792,0,37.14980788
Adverse,BRIDGE,w2,2036-04-01,2036,4,515.6158201,0,37.40940306
Adverse,BRIDGE,w2,2036-05-01,2036,5,513.0636893,0,314.8702594
Adverse,BRIDGE,w2,2036-06-01,2036,6,501.7742987,0,259.8011307
Adverse,BRIDGE,w2,2036-07-01,2036,7,495.1221147,0,248.6629337
Adverse,BRIDGE,w2,2036-08-01,2036,8,493.7670463,0,311.9849574
Adverse,BRIDGE,w2,2036-09-01,2036,9,505.3067849,0,316.0374004
Adverse,BRIDGE,w2,2036-10-01,2036,10,506.9625992,0,281.9680634
Adverse,BRIDGE,w2,2036-11-01,2036,11,517.2215798,0,36.65432737
Adverse,BRIDGE,w2,2036-12-01,2036,12,529.5871979,0,36.45475017
Adverse,BRIDGE,w2,2037-01-01,2037,1,516.887141,0,36.94436385
Adverse,BRIDGE,w2,2037-02-01,2037,2,514.3031614,0,37.28739514
Adverse,BRIDGE,w2,2037-03-01,2037,3,523.2677308,0,36.96892529
Adverse,BRIDGE,w2,2037-04-01,2037,4,525.9281365,0,36.45779114
Adverse,BRIDGE,w2,2037-05-01,2037,5,523.3249631,0,314.5072868
Adverse,BRIDGE,w2,2037-06-01,2037,6,511.8097847,0,313.6287339
Adverse,BRIDGE,w2,2037-07-01,2037,7,505.024557,0,260.2380933
Adverse,BRIDGE,w2,2037-08-01,2037,8,503.6423872,0,287.4661979
Adverse,BRIDGE,w2,2037-09-01,2037,9,515.4129206,0,311.3908758
Adverse,BRIDGE,w2,2037-10-01,2037,10,517.1018512,0,309.4566371
Adverse,BRIDGE,w2,2037-11-01,2037,11,527.5660114,0,37.26342139
Adverse,BRIDGE,w2,2037-12-01,2037,12,540.1789419,0,36.56891762
Adverse,BRIDGE,w2,2038-01-01,2038,1,527.2248838,0,35.6843049
Adverse,BRIDGE,w2,2038-02-01,2038,2,524.5892246,0,36.62401307
Adverse,BRIDGE,w2,2038-03-01,2038,3,533.7330854,0,37.50094653
Adverse,BRIDGE,w2,2038-04-01,2038,4,536.4466992,0,36.77795822
Adverse,BRIDGE,w2,2038-05-01,2038,5,533.7914624,0,307.4332586
Adverse,BRIDGE,w2,2038-06-01,2038,6,522.0459804,0,383.4620374
Adverse,BRIDGE,w2,2038-07-01,2038,7,515.1250481,0,315.0236357
Adverse,BRIDGE,w2,2038-08-01,2038,8,513.715235,0,310.2634488
Adverse,BRIDGE,w2,2038-09-01,2038,9,525.721179,0,312.051516
Adverse,BRIDGE,w2,2038-10-01,2038,10,527.4438882,0,395.0753875
Adverse,BRIDGE,w2,2038-11-01,2038,11,538.1173316,0,36.85700872
Adverse,BRIDGE,w2,2038-12-01,2038,12,550.9825207,0,40.5596361
Adverse,BRIDGE,w2,2039-01-01,2039,1,537.7693815,0,37.74338817
Adverse,BRIDGE,w2,2039-02-01,2039,2,535.0810091,0,37.62913218
Adverse,BRIDGE,w2,2039-03-01,2039,3,544.4077471,0,37.40654178
Adverse,BRIDGE,w2,2039-04-01,2039,4,547.1756332,0,38.28941015
Adverse,BRIDGE,w2,2039-05-01,2039,5,544.4672916,0,332.1254647
Adverse,BRIDGE,w2,2039-06-01,2039,6,532.4869,0,570.84309
Adverse,BRIDGE,w2,2039-07-01,2039,7,525.4275491,0,315.3298828
Adverse,BRIDGE,w2,2039-08-01,2039,8,523.9895397,0,284.1812668
Adverse,BRIDGE,w2,2039-09-01,2039,9,536.2356026,0,334.5462662
Adverse,BRIDGE,w2,2039-10-01,2039,10,537.992766,0,307.8761962
Adverse,BRIDGE,w2,2039-11-01,2039,11,548.8796783,0,36.3864591
Adverse,BRIDGE,w2,2039-12-01,2039,12,562.0021712,0,139.1216212
Adverse,BRIDGE,w2,2040-01-01,2040,1,548.5247691,0,36.86579795
Adverse,BRIDGE,w2,2040-02-01,2040,2,545.7826293,0,37.71094266
Adverse,BRIDGE,w2,2040-03-01,2040,3,555.295902,0,39.88079164
Adverse,BRIDGE,w2,2040-04-01,2040,4,558.1191459,0,36.92498006
Adverse,BRIDGE,w2,2040-05-01,2040,5,555.3566374,0,602.7294052
Adverse,BRIDGE,w2,2040-06-01,2040,6,543.136638,0,386.6625763
Adverse,BRIDGE,w2,2040-07-01,2040,7,535.9361001,0,336.434967
Adverse,BRIDGE,w2,2040-08-01,2040,8,534.4693305,0,423.793882
Adverse,BRIDGE,w2,2040-09-01,2040,9,546.9603147,0,424.2890402
Adverse,BRIDGE,w2,2040-10-01,2040,10,548.7526213,0,504.9167094
Adverse,BRIDGE,w2,2040-11-01,2040,11,559.8572718,0,36.00771077
Adverse,BRIDGE,w2,2040-12-01,2040,12,573.2422146,0,42.05699038
Adverse,BRIDGE,w2,2041-01-01,2041,1,559.4952645,0,37.06250735
Adverse,BRIDGE,w2,2041-02-01,2041,2,556.6982819,0,37.12587572
Adverse,BRIDGE,w2,2041-03-01,2041,3,566.4018201,0,44.4148472
Adverse,BRIDGE,w2,2041-04-01,2041,4,569.2815288,0,48.01211491
Adverse,BRIDGE,w2,2041-05-01,2041,5,566.4637702,0,657.4801896
Adverse,BRIDGE,w2,2041-06-01,2041,6,553.9993708,0,573.8638839
Adverse,BRIDGE,w2,2041-07-01,2041,7,546.6548221,0,329.3068018
Adverse,BRIDGE,w2,2041-08-01,2041,8,545.1587171,0,362.3879866
Adverse,BRIDGE,w2,2041-09-01,2041,9,557.8995209,0,500.6286375
Adverse,BRIDGE,w2,2041-10-01,2041,10,559.7276737,0,558.1927267
Adverse,BRIDGE,w2,2041-11-01,2041,11,571.0544173,0,43.24562207
Adverse,BRIDGE,w2,2041-12-01,2041,12,584.7070589,0,85.42172366
Adverse,BRIDGE,w2,2042-01-01,2042,1,570.6851698,0,39.90302076
Adverse,BRIDGE,w2,2042-02-01,2042,2,567.8322475,0,37.17025158
Adverse,BRIDGE,w2,2042-03-01,2042,3,577.7298565,0,47.75107551
Adverse,BRIDGE,w2,2042-04-01,2042,4,580.6671594,0,73.98629545
Adverse,BRIDGE,w2,2042-05-01,2042,5,577.7930456,0,543.2979785
Adverse,BRIDGE,w2,2042-06-01,2042,6,565.0793582,0,750.6186632
Adverse,BRIDGE,w2,2042-07-01,2042,7,557.5879185,0,454.7170733
Adverse,BRIDGE,w2,2042-08-01,2042,8,556.0618914,0,491.9866803
Adverse,BRIDGE,w2,2042-09-01,2042,9,569.0575114,0,561.1401142
Adverse,BRIDGE,w2,2042-10-01,2042,10,570.9222272,0,538.3876586
Adverse,BRIDGE,w2,2042-11-01,2042,11,582.4755056,0,50.81631939
Adverse,BRIDGE,w2,2042-12-01,2042,12,596.4012,0,120.3673469
Adverse,BRIDGE,w2,2043-01-01,2043,1,582.0988732,0,49.21310916
Adverse,BRIDGE,w2,2043-02-01,2043,2,579.1888925,0,40.32551932
Adverse,BRIDGE,w2,2043-03-01,2043,3,589.2844536,0,56.85790211
Adverse,BRIDGE,w2,2043-04-01,2043,4,592.2805025,0,62.20781515
Adverse,BRIDGE,w2,2043-05-01,2043,5,589.3489065,0,612.0000226
Adverse,BRIDGE,w2,2043-06-01,2043,6,576.3809453,0,616.6591125
Adverse,BRIDGE,w2,2043-07-01,2043,7,568.7396769,0,551.6842494
Adverse,BRIDGE,w2,2043-08-01,2043,8,567.1831292,0,394.644458
Adverse,BRIDGE,w2,2043-09-01,2043,9,580.4386616,0,512.0624039
Adverse,BRIDGE,w2,2043-10-01,2043,10,582.3406718,0,427.0540966
Adverse,BRIDGE,w2,2043-11-01,2043,11,594.1250157,0,59.19996258
Adverse,BRIDGE,w2,2043-12-01,2043,12,608.329224,0,146.2194876
Adverse,BRIDGE,w2,2044-01-01,2044,1,593.7408506,0,50.78483543
Adverse,BRIDGE,w2,2044-02-01,2044,2,590.7726703,0,52.82963058
Adverse,BRIDGE,w2,2044-03-01,2044,3,601.0701427,0,147.5920074
Adverse,BRIDGE,w2,2044-04-01,2044,4,604.1261126,0,62.47240509
Adverse,BRIDGE,w2,2044-05-01,2044,5,601.1358846,0,598.1455259
Adverse,BRIDGE,w2,2044-06-01,2044,6,587.9085642,0,379.4271248
Adverse,BRIDGE,w2,2044-07-01,2044,7,580.1144704,0,481.8515718
Adverse,BRIDGE,w2,2044-08-01,2044,8,578.5267918,0,310.8542616
Adverse,BRIDGE,w2,2044-09-01,2044,9,592.0474348,0,328.3256925
Adverse,BRIDGE,w2,2044-10-01,2044,10,593.9874852,0,466.4789617
Adverse,BRIDGE,w2,2044-11-01,2044,11,606.0075161,0,118.7229956
Adverse,BRIDGE,w2,2044-12-01,2044,12,620.4958085,0,206.5057886
Adverse,BRIDGE,w2,2045-01-01,2045,1,605.6156676,0,84.71501322
Adverse,BRIDGE,w2,2045-02-01,2045,2,602.5881237,0,211.3726823
Adverse,BRIDGE,w2,2045-03-01,2045,3,613.0915455,0,196.1071675
Adverse,BRIDGE,w2,2045-04-01,2045,4,616.2086348,0,197.6131431
Adverse,BRIDGE,w2,2045-05-01,2045,5,613.1586023,0,624.7779495
Adverse,BRIDGE,w2,2045-06-01,2045,6,599.6667355,0,764.0261318
Adverse,BRIDGE,w2,2045-07-01,2045,7,591.7167598,0,627.4949689
Adverse,BRIDGE,w2,2045-08-01,2045,8,590.0973277,0,436.8594153
Adverse,BRIDGE,w2,2045-09-01,2045,9,603.8883835,0,613.1832621
Adverse,BRIDGE,w2,2045-10-01,2045,10,605.8672349,0,730.7864042
Adverse,BRIDGE,w2,2045-11-01,2045,11,618.1276664,0,174.9428649
Adverse,BRIDGE,w2,2045-12-01,2045,12,632.9057247,0,248.133365
Adverse,BRIDGE,w2,2046-01-01,2046,1,617.727981,0,173.1202914
Adverse,BRIDGE,w2,2046-02-01,2046,2,614.6398862,0,197.5196285
Adverse,BRIDGE,w2,2046-03-01,2046,3,625.3533764,0,213.9717102
Adverse,BRIDGE,w2,2046-04-01,2046,4,628.5328075,0,258.175395
Adverse,BRIDGE,w2,2046-05-01,2046,5,625.4217744,0,752.3621185
Adverse,BRIDGE,w2,2046-06-01,2046,6,611.6600702,0,635.5932286
Adverse,BRIDGE,w2,2046-07-01,2046,7,603.551095,0,644.3065876
Adverse,BRIDGE,w2,2046-08-01,2046,8,601.8992742,0,548.6569003
Adverse,BRIDGE,w2,2046-09-01,2046,9,615.9661512,0,692.1386622
Adverse,BRIDGE,w2,2046-10-01,2046,10,617.9845796,0,683.0567629
Adverse,BRIDGE,w2,2046-11-01,2046,11,630.4902197,0,214.2679854
Adverse,BRIDGE,w2,2046-12-01,2046,12,645.5638392,0,236.6376706
Adverse,BRIDGE,w2,2047-01-01,2047,1,630.0825406,0,176.5024705
Adverse,BRIDGE,w2,2047-02-01,2047,2,626.9326839,0,203.7977081
Adverse,BRIDGE,w2,2047-03-01,2047,3,637.860444,0,219.2068475
Adverse,BRIDGE,w2,2047-04-01,2047,4,641.1034637,0,233.8879623
Adverse,BRIDGE,w2,2047-05-01,2047,5,637.9302099,0,812.393235
Adverse,BRIDGE,w2,2047-06-01,2047,6,623.8932716,0,794.6794014
Adverse,BRIDGE,w2,2047-07-01,2047,7,615.6221169,0,801.4077216
Adverse,BRIDGE,w2,2047-08-01,2047,8,613.9372597,0,739.2603619
Adverse,BRIDGE,w2,2047-09-01,2047,9,628.2854742,0,801.3329271
Adverse,BRIDGE,w2,2047-10-01,2047,10,630.3442712,0,781.3680858
Adverse,BRIDGE,w2,2047-11-01,2047,11,643.1000241,0,224.0501741
Adverse,BRIDGE,w2,2047-12-01,2047,12,658.475116,0,268.8394601
Adverse,BRIDGE,w2,2048-01-01,2048,1,642.6841914,0,266.1441049
Adverse,BRIDGE,w2,2048-02-01,2048,2,639.4713376,0,260.9537205
Adverse,BRIDGE,w2,2048-03-01,2048,3,650.6176528,0,271.2714299
Adverse,BRIDGE,w2,2048-04-01,2048,4,653.925533,0,269.2788548
Adverse,BRIDGE,w2,2048-05-01,2048,5,650.6888141,0,809.8547581
Adverse,BRIDGE,w2,2048-06-01,2048,6,636.3711371,0,859.1956363
Adverse,BRIDGE,w2,2048-07-01,2048,7,627.9345593,0,772.219666
Adverse,BRIDGE,w2,2048-08-01,2048,8,626.2160049,0,778.4730084
Adverse,BRIDGE,w2,2048-09-01,2048,9,640.8511837,0,870.7822637
Adverse,BRIDGE,w2,2048-10-01,2048,10,642.9511566,0,641.563847
Adverse,BRIDGE,w2,2048-11-01,2048,11,655.9620246,0,270.9033236
Adverse,BRIDGE,w2,2048-12-01,2048,12,671.6446183,0,275.9096078
Adverse,BRIDGE,w2,2049-01-01,2049,1,655.5378753,0,266.204327
Adverse,BRIDGE,w2,2049-02-01,2049,2,652.2607644,0,262.6758569
Adverse,BRIDGE,w2,2049-03-01,2049,3,663.6300059,0,272.3250044
Adverse,BRIDGE,w2,2049-04-01,2049,4,667.0040436,0,273.6117471
Adverse,BRIDGE,w2,2049-05-01,2049,5,663.7025903,0,924.797554
Adverse,BRIDGE,w2,2049-06-01,2049,6,649.0985598,0,786.9166296
Adverse,BRIDGE,w2,2049-07-01,2049,7,640.4932505,0,855.2721245
Adverse,BRIDGE,w2,2049-08-01,2049,8,638.740325,0,832.8800483
Adverse,BRIDGE,w2,2049-09-01,2049,9,653.6682074,0,834.6180033
Adverse,BRIDGE,w2,2049-10-01,2049,10,655.8101797,0,818.4658079
Adverse,BRIDGE,w2,2049-11-01,2049,11,669.0812651,0,273.3522305
Adverse,BRIDGE,w2,2049-12-01,2049,12,685.0775107,0,295.7186441
Adverse,BRIDGE,w2,2050-01-01,2050,1,668.6486328,0,271.2371439
Adverse,BRIDGE,w2,2050-02-01,2050,2,665.3059796,0,268.753068
Adverse,BRIDGE,w2,2050-03-01,2050,3,676.902606,0,279.2670664
Adverse,BRIDGE,w2,2050-04-01,2050,4,680.3441245,0,283.3569326
Adverse,BRIDGE,w2,2050-05-01,2050,5,676.9766422,0,911.3253361
Adverse,BRIDGE,w2,2050-06-01,2050,6,662.080531,0,822.961274
Adverse,BRIDGE,w2,2050-07-01,2050,7,653.3031155,0,818.6696221
Adverse,BRIDGE,w2,2050-08-01,2050,8,651.5151315,0,866.092694
Adverse,BRIDGE,w2,2050-09-01,2050,9,666.7415715,0,836.0869901
Adverse,BRIDGE,w2,2050-10-01,2050,10,668.9263833,0,923.7228464
Adverse,BRIDGE,w2,2050-11-01,2050,11,682.4628904,0,285.7631683
Adverse,BRIDGE,w2,2050-12-01,2050,12,698.7790609,0,345.8038074
Adverse,NZT,w1,2025-01-01,2025,1,480.4498258,0.02228864105,121.3490829
Adverse,NZT,w1,2025-02-01,2025,2,478.0480006,0,103.2564796
Adverse,NZT,w1,2025-03-01,2025,3,486.3806238,0,208.232458
Adverse,NZT,w1,2025-04-01,2025,4,488.8534876,0.07027270047,135.025992
Adverse,NZT,w1,2025-05-01,2025,5,486.4338217,0.3502323516,860.3236166
Adverse,NZT,w1,2025-06-01,2025,6,475.7303914,0.3425258818,882.7241602
Adverse,NZT,w1,2025-07-01,2025,7,469.4234799,0.3379849055,830.6692469
Adverse,NZT,w1,2025-08-01,2025,8,468.1387444,0.337059896,786.477611
Adverse,NZT,w1,2025-09-01,2025,9,479.0795287,0.3449372607,1008.383905
Adverse,NZT,w1,2025-10-01,2025,10,480.6494003,0.3460675682,944.4166027
Adverse,NZT,w1,2025-11-01,2025,11,490.3759026,0,235.2426697
Adverse,NZT,w1,2025-12-01,2025,12,502.0997002,0,196.0543224
Adverse,NZT,w1,2026-01-01,2026,1,498.1303794,0,64.54010874
Adverse,NZT,w1,2026-02-01,2026,2,495.640167,0,45.33082588
Adverse,NZT,w1,2026-03-01,2026,3,504.2794308,0,44.47705444
Adverse,NZT,w1,2026-04-01,2026,4,506.8432959,0,44.10236749
Adverse,NZT,w1,2026-05-01,2026,5,504.3345863,0,782.7588591
Adverse,NZT,w1,2026-06-01,2026,6,493.2372698,0,700.9890106
Adverse,NZT,w1,2026-07-01,2026,7,486.6982639,0,709.9653638
Adverse,NZT,w1,2026-08-01,2026,8,485.3662502,0,728.0258306
Adverse,NZT,w1,2026-09-01,2026,9,496.7096554,0,862.3037539
Adverse,NZT,w1,2026-10-01,2026,10,498.3372982,0,672.9082581
Adverse,NZT,w1,2026-11-01,2026,11,508.4217358,0,98.49550105
Adverse,NZT,w1,2026-12-01,2026,12,520.5769692,0,46.10306626
Adverse,NZT,w1,2027-01-01,2027,1,512.07803,0,24.08138314
Adverse,NZT,w1,2027-02-01,2027,2,509.5180917,0,24.14796614
Adverse,NZT,w1,2027-03-01,2027,3,518.3992549,0,28.38585429
Adverse,NZT,w1,2027-04-01,2027,4,521.0349082,0,26.08378341
Adverse,NZT,w1,2027-05-01,2027,5,518.4559547,0,765.2543009
Adverse,NZT,w1,2027-06-01,2027,6,507.0479134,0,779.5283868
Adverse,NZT,w1,2027-07-01,2027,7,500.3258153,0,727.3172383
Adverse,NZT,w1,2027-08-01,2027,8,498.9565053,0,556.097409
Adverse,NZT,w1,2027-09-01,2027,9,510.6175258,0,804.6411139
Adverse,NZT,w1,2027-10-01,2027,10,512.2907426,0,798.3536645
Adverse,NZT,w1,2027-11-01,2027,11,522.6575444,0,28.58464306
Adverse,NZT,w1,2027-12-01,2027,12,535.1531243,0,37.52425664
Adverse,NZT,w1,2028-01-01,2028,1,531.0249171,0,24.27899411
Adverse,NZT,w1,2028-02-01,2028,2,528.3702611,0,24.92205537
Adverse,NZT,w1,2028-03-01,2028,3,537.5800273,0,19.76558525
Adverse,NZT,w1,2028-04-01,2028,4,540.3131998,0,22.84711519
Adverse,NZT,w1,2028-05-01,2028,5,537.638825,0,588.2189303
Adverse,NZT,w1,2028-06-01,2028,6,525.8086862,0,587.7489842
Adverse,NZT,w1,2028-07-01,2028,7,518.8378705,0,545.4163204
Adverse,NZT,w1,2028-08-01,2028,8,517.4178959,0,517.7579417
Adverse,NZT,w1,2028-09-01,2028,9,529.5103742,0,535.0012502
Adverse,NZT,w1,2028-10-01,2028,10,531.2455,0,632.7359735
Adverse,NZT,w1,2028-11-01,2028,11,541.9958735,0,22.29218343
Adverse,NZT,w1,2028-12-01,2028,12,554.9537899,0,25.73792477
Adverse,NZT,w1,2029-01-01,2029,1,553.3279636,0,30.46923879
Adverse,NZT,w1,2029-02-01,2029,2,550.5618121,0,27.54674527
Adverse,NZT,w1,2029-03-01,2029,3,560.1583884,0,29.75039676
Adverse,NZT,w1,2029-04-01,2029,4,563.0063542,0,29.17802007
Adverse,NZT,w1,2029-05-01,2029,5,560.2196557,0,617.1196713
Adverse,NZT,w1,2029-06-01,2029,6,547.892651,0,380.0085404
Adverse,NZT,w1,2029-07-01,2029,7,540.6290611,0,408.5359729
Adverse,NZT,w1,2029-08-01,2029,8,539.1494476,0,378.1411622
Adverse,NZT,w1,2029-09-01,2029,9,551.7498099,0,466.3938896
Adverse,NZT,w1,2029-10-01,2029,10,553.557811,0,452.0029355
Adverse,NZT,w1,2029-11-01,2029,11,564.7597002,0,28.732516
Adverse,NZT,w1,2029-12-01,2029,12,578.2618491,0,29.4407185
Adverse,NZT,w1,2030-01-01,2030,1,577.1210661,0,39.85007708
Adverse,NZT,w1,2030-02-01,2030,2,574.23597,0,32.28751648
Adverse,NZT,w1,2030-03-01,2030,3,584.2451991,0,37.68864028
Adverse,NZT,w1,2030-04-01,2030,4,587.2156274,0,38.18368639
Adverse,NZT,w1,2030-05-01,2030,5,584.3091009,0,649.5488291
Adverse,NZT,w1,2030-06-01,2030,6,571.452035,0,405.1578333
Adverse,NZT,w1,2030-07-01,2030,7,563.8761107,0,473.823637
Adverse,NZT,w1,2030-08-01,2030,8,562.3328738,0,440.5267419
Adverse,NZT,w1,2030-09-01,2030,9,575.4750517,0,525.6123771
Adverse,NZT,w1,2030-10-01,2030,10,577.3607969,0,476.1936834
Adverse,NZT,w1,2030-11-01,2030,11,589.0443673,0.01775690982,35.14438657
Adverse,NZT,w1,2030-12-01,2030,12,603.1271086,0,59.16491949
Adverse,NZT,w1,2031-01-01,2031,1,600.2059087,0,41.57269113
Adverse,NZT,w1,2031-02-01,2031,2,597.2054088,0,39.10217639
Adverse,NZT,w1,2031-03-01,2031,3,607.6150071,0,42.98245489
Adverse,NZT,w1,2031-04-01,2031,4,610.7042525,0,46.76003669
Adverse,NZT,w1,2031-05-01,2031,5,607.6814649,0,610.2796092
Adverse,NZT,w1,2031-06-01,2031,6,594.3101164,0,411.13908
Adverse,NZT,w1,2031-07-01,2031,7,586.4311551,0,498.9715097
Adverse,NZT,w1,2031-08-01,2031,8,584.8261888,0,532.4915449
Adverse,NZT,w1,2031-09-01,2031,9,598.4940538,0,606.7847799
Adverse,NZT,w1,2031-10-01,2031,10,600.4552288,0,588.9826458
Adverse,NZT,w1,2031-11-01,2031,11,612.606142,0,40.14477648
Adverse,NZT,w1,2031-12-01,2031,12,627.2521929,0,59.49628799
Adverse,NZT,w1,2032-01-01,2032,1,624.2141451,0,41.64296902
Adverse,NZT,w1,2032-02-01,2032,2,621.0936252,0,37.60909278
Adverse,NZT,w1,2032-03-01,2032,3,631.9196074,0,41.77506229
Adverse,NZT,w1,2032-04-01,2032,4,635.1324226,0,45.9056449
Adverse,NZT,w1,2032-05-01,2032,5,631.9887235,0,692.9240815
Adverse,NZT,w1,2032-06-01,2032,6,618.082521,0,520.9137769
Adverse,NZT,w1,2032-07-01,2032,7,609.8884013,0,445.4305889
Adverse,NZT,w1,2032-08-01,2032,8,608.2192363,0,417.363348
Adverse,NZT,w1,2032-09-01,2032,9,622.433816,0,633.6145218
Adverse,NZT,w1,2032-10-01,2032,10,624.4734379,0,436.237176
Adverse,NZT,w1,2032-11-01,2032,11,637.1103877,0,41.64695515
Adverse,NZT,w1,2032-12-01,2032,12,652.3422807,0,46.83680862
Adverse,NZT,w1,2033-01-01,2033,1,636.698428,0,36.65059041
Adverse,NZT,w1,2033-02-01,2033,2,633.5154977,0,38.1733376
Adverse,NZT,w1,2033-03-01,2033,3,644.5579995,0,35.92878015
Adverse,NZT,w1,2033-04-01,2033,4,647.8350711,0,40.62390697
Adverse,NZT,w1,2033-05-01,2033,5,644.628498,0,372.4106707
Adverse,NZT,w1,2033-06-01,2033,6,630.4441714,0,513.4027474
Adverse,NZT,w1,2033-07-01,2033,7,622.0861693,0,370.0865506
Adverse,NZT,w1,2033-08-01,2033,8,620.3836211,0,425.0451006
Adverse,NZT,w1,2033-09-01,2033,9,634.8824923,0,417.7249695
Adverse,NZT,w1,2033-10-01,2033,10,636.9629067,0,451.2000875
Adverse,NZT,w1,2033-11-01,2033,11,649.8525954,0,35.15071405
Adverse,NZT,w1,2033-12-01,2033,12,665.3891263,0,68.83887513
Adverse,NZT,w1,2034-01-01,2034,1,649.4323965,0,59.43821277
Adverse,NZT,w1,2034-02-01,2034,2,646.1858076,0,33.50270707
Adverse,NZT,w1,2034-03-01,2034,3,657.4491595,0,31.15403027
Adverse,NZT,w1,2034-04-01,2034,4,660.7917725,0,40.57005437
Adverse,NZT,w1,2034-05-01,2034,5,657.5210679,0,402.0655005
Adverse,NZT,w1,2034-06-01,2034,6,643.0530549,0,401.8888002
Adverse,NZT,w1,2034-07-01,2034,7,634.5278927,0,396.8900407
Adverse,NZT,w1,2034-08-01,2034,8,632.7912935,0,424.4910605
Adverse,NZT,w1,2034-09-01,2034,9,647.5801421,0,409.4749179
Adverse,NZT,w1,2034-10-01,2034,10,649.7021648,0,422.8208156
Adverse,NZT,w1,2034-11-01,2034,11,662.8496473,0.0002161364793,33.14286562
Adverse,NZT,w1,2034-12-01,2034,12,678.6969088,0,67.53633881
Adverse,NZT,w1,2035-01-01,2035,1,662.4210444,0.01479230028,37.14494455
Adverse,NZT,w1,2035-02-01,2035,2,659.1095238,0,40.51814483
Adverse,NZT,w1,2035-03-01,2035,3,670.5981427,0,41.85040048
Adverse,NZT,w1,2035-04-01,2035,4,674.007608,0,31.72362527
Adverse,NZT,w1,2035-05-01,2035,5,670.6714893,0,410.7728214
Adverse,NZT,w1,2035-06-01,2035,6,655.914116,0,514.8365497
Adverse,NZT,w1,2035-07-01,2035,7,647.2184506,0,402.1002154
Adverse,NZT,w1,2035-08-01,2035,8,645.4471193,0,358.8448356
Adverse,NZT,w1,2035-09-01,2035,9,660.531745,0,443.7364403
Adverse,NZT,w1,2035-10-01,2035,10,662.6962081,0,356.3697697
Adverse,NZT,w1,2035-11-01,2035,11,676.1066403,0,59.35507397
Adverse,NZT,w1,2035-12-01,2035,12,692.270847,0,76.80962241
Adverse,NZT,w1,2036-01-01,2036,1,675.6694653,0,46.7939881
Adverse,NZT,w1,2036-02-01,2036,2,672.2917142,0.02067209834,32.80243317
Adverse,NZT,w1,2036-03-01,2036,3,684.0101056,0,61.04743239
Adverse,NZT,w1,2036-04-01,2036,4,687.4877601,0,54.45232328
Adverse,NZT,w1,2036-05-01,2036,5,684.0849191,0,414.5899669
Adverse,NZT,w1,2036-06-01,2036,6,669.0323983,0,457.6770566
Adverse,NZT,w1,2036-07-01,2036,7,660.1628196,0,448.9866904
Adverse,NZT,w1,2036-08-01,2036,8,658.3560617,0,363.6361703
Adverse,NZT,w1,2036-09-01,2036,9,673.7423799,0,376.5234463
Adverse,NZT,w1,2036-10-01,2036,10,675.9501323,0,342.3019164
Adverse,NZT,w1,2036-11-01,2036,11,689.6287731,0,60.50195096
Adverse,NZT,w1,2036-12-01,2036,12,706.1162639,0,71.12861334
Adverse,NZT,w1,2037-01-01,2037,1,689.1828546,0,29.86711285
Adverse,NZT,w1,2037-02-01,2037,2,685.7375485,0,29.26019129
Adverse,NZT,w1,2037-03-01,2037,3,697.6903077,0,30.76043783
Adverse,NZT,w1,2037-04-01,2037,4,701.2375153,0,28.91371486
Adverse,NZT,w1,2037-05-01,2037,5,697.7666175,0,459.5389803
Adverse,NZT,w1,2037-06-01,2037,6,682.4130463,0,385.119936
Adverse,NZT,w1,2037-07-01,2037,7,673.366076,0,368.9600695
Adverse,NZT,w1,2037-08-01,2037,8,671.523183,0,319.8515762
Adverse,NZT,w1,2037-09-01,2037,9,687.2172275,0,313.8611286
Adverse,NZT,w1,2037-10-01,2037,10,689.4691349,0,407.8648515
Adverse,NZT,w1,2037-11-01,2037,11,703.4213486,0,29.33197978
Adverse,NZT,w1,2037-12-01,2037,12,720.2385892,0,37.48603517
Adverse,NZT,w1,2038-01-01,2038,1,702.9665117,0,26.94264806
Adverse,NZT,w1,2038-02-01,2038,2,699.4522995,0,25.413642
Adverse,NZT,w1,2038-03-01,2038,3,711.6441138,0,27.52858693
Adverse,NZT,w1,2038-04-01,2038,4,715.2622656,0,29.29916476
Adverse,NZT,w1,2038-05-01,2038,5,711.7219498,0,462.999535
Adverse,NZT,w1,2038-06-01,2038,6,696.0613072,0,409.6002955
Adverse,NZT,w1,2038-07-01,2038,7,686.8333975,0,362.022323
Adverse,NZT,w1,2038-08-01,2038,8,684.9536466,0,266.2672436
Adverse,NZT,w1,2038-09-01,2038,9,700.961572,0,378.0514657
Adverse,NZT,w1,2038-10-01,2038,10,703.2585176,0,358.1461684
Adverse,NZT,w1,2038-11-01,2038,11,717.4897755,0,27.26016746
Adverse,NZT,w1,2038-12-01,2038,12,734.643361,0,26.46875964
Adverse,NZT,w1,2039-01-01,2039,1,717.025842,0,26.28854541
Adverse,NZT,w1,2039-02-01,2039,2,713.4413455,0,13.36503963
Adverse,NZT,w1,2039-03-01,2039,3,725.8769961,0,24.47061485
Adverse,NZT,w1,2039-04-01,2039,4,729.5675109,0,30.71829081
Adverse,NZT,w1,2039-05-01,2039,5,725.9563888,0,417.2090053
Adverse,NZT,w1,2039-06-01,2039,6,709.9825333,0,333.2068975
Adverse,NZT,w1,2039-07-01,2039,7,700.5700655,0,271.2560464
Adverse,NZT,w1,2039-08-01,2039,8,698.6527196,0,284.2150267
Adverse,NZT,w1,2039-09-01,2039,9,714.9808035,0,291.6917332
Adverse,NZT,w1,2039-10-01,2039,10,717.323688,0,325.0683847
Adverse,NZT,w1,2039-11-01,2039,11,731.839571,0,25.0854839
Adverse,NZT,w1,2039-12-01,2039,12,749.3362282,0,30.69221691
Adverse,NZT,w1,2040-01-01,2040,1,731.3663588,0,13.70627701
Adverse,NZT,w1,2040-02-01,2040,2,727.7101724,0,13.03847079
Adverse,NZT,w1,2040-03-01,2040,3,740.394536,0,12.80948107
Adverse,NZT,w1,2040-04-01,2040,4,744.1588612,0,21.52672024
Adverse,NZT,w1,2040-05-01,2040,5,740.4755166,0,385.0115251
Adverse,NZT,w1,2040-06-01,2040,6,724.182184,0,335.4154973
Adverse,NZT,w1,2040-07-01,2040,7,714.5814668,0,230.7740544
Adverse,NZT,w1,2040-08-01,2040,8,712.6257739,0,295.8528718
Adverse,NZT,w1,2040-09-01,2040,9,729.2804195,0,347.8051867
Adverse,NZT,w1,2040-10-01,2040,10,731.6701617,0,302.3231114
Adverse,NZT,w1,2040-11-01,2040,11,746.4763625,0,20.99472524
Adverse,NZT,w1,2040-12-01,2040,12,764.3229528,0,20.74207889
Adverse,NZT,w1,2041-01-01,2041,1,745.993686,0,13.93384797
Adverse,NZT,w1,2041-02-01,2041,2,742.2643758,0,6.611949925
Adverse,NZT,w1,2041-03-01,2041,3,755.2024268,0,10.42463174
Adverse,NZT,w1,2041-04-01,2041,4,759.0420384,0,9.948900941
Adverse,NZT,w1,2041-05-01,2041,5,755.2850269,0,289.7890811
Adverse,NZT,w1,2041-06-01,2041,6,738.6658277,0,262.6109467
Adverse,NZT,w1,2041-07-01,2041,7,728.8730961,0,286.360385
Adverse,NZT,w1,2041-08-01,2041,8,726.8782894,0,266.416258
Adverse,NZT,w1,2041-09-01,2041,9,743.8660279,0,303.3977154
Adverse,NZT,w1,2041-10-01,2041,10,746.303565,0,251.2963716
Adverse,NZT,w1,2041-11-01,2041,11,761.4058897,0,5.588198101
Adverse,NZT,w1,2041-12-01,2041,12,779.6094118,0,20.36025611
Adverse,NZT,w1,2042-01-01,2042,1,760.9135597,0,4.926369914
Adverse,NZT,w1,2042-02-01,2042,2,757.1096634,0,8.422444679
Adverse,NZT,w1,2042-03-01,2042,3,770.3064753,0,0
Adverse,NZT,w1,2042-04-01,2042,4,774.2228791,0,0
Adverse,NZT,w1,2042-05-01,2042,5,770.3907275,0,365.0593685
Adverse,NZT,w1,2042-06-01,2042,6,753.4391442,0,282.6519026
Adverse,NZT,w1,2042-07-01,2042,7,743.450558,0,209.4869647
Adverse,NZT,w1,2042-08-01,2042,8,741.4158552,0,140.036696
Adverse,NZT,w1,2042-09-01,2042,9,758.7433485,0,266.3198933
Adverse,NZT,w1,2042-10-01,2042,10,761.2296363,0,283.1230759
Adverse,NZT,w1,2042-11-01,2042,11,776.6340075,0,3.688597089
Adverse,NZT,w1,2042-12-01,2042,12,795.2016001,0,16.30189806
Adverse,NZT,w1,2043-01-01,2043,1,776.1318309,0,2.541135235
Adverse,NZT,w1,2043-02-01,2043,2,772.2518566,0,0
Adverse,NZT,w1,2043-03-01,2043,3,785.7126048,0,2.750517694
Adverse,NZT,w1,2043-04-01,2043,4,789.7073367,0,2.485332476
Adverse,NZT,w1,2043-05-01,2043,5,785.798542,0,251.4164949
Adverse,NZT,w1,2043-06-01,2043,6,768.5079271,0,165.2847998
Adverse,NZT,w1,2043-07-01,2043,7,758.3195692,0,216.4988329
Adverse,NZT,w1,2043-08-01,2043,8,756.2441723,0,142.0609544
Adverse,NZT,w1,2043-09-01,2043,9,773.9182155,0,285.5998702
Adverse,NZT,w1,2043-10-01,2043,10,776.454229,0,233.3446175
Adverse,NZT,w1,2043-11-01,2043,11,792.1666877,0,2.783685044
Adverse,NZT,w1,2043-12-01,2043,12,811.1056321,0,2.380335876
Adverse,NZT,w1,2044-01-01,2044,1,791.6544675,0,0
Adverse,NZT,w1,2044-02-01,2044,2,787.6968938,0,0
Adverse,NZT,w1,2044-03-01,2044,3,801.4268569,0,0
Adverse,NZT,w1,2044-04-01,2044,4,805.5014835,0,0
Adverse,NZT,w1,2044-05-01,2044,5,801.5145129,0,254.4216684
Adverse,NZT,w1,2044-06-01,2044,6,783.8780857,0,98.01711366
Adverse,NZT,w1,2044-07-01,2044,7,773.4859606,0,70.15877497
Adverse,NZT,w1,2044-08-01,2044,8,771.3690558,0,166.0073522
Adverse,NZT,w1,2044-09-01,2044,9,789.3965798,0,170.9063867
Adverse,NZT,w1,2044-10-01,2044,10,791.9833136,0,166.3462674
Adverse,NZT,w1,2044-11-01,2044,11,808.0100214,0,0
Adverse,NZT,w1,2044-12-01,2044,12,827.3277447,0,0
Adverse,NZT,w1,2045-01-01,2045,1,807.4875569,0,0
Adverse,NZT,w1,2045-02-01,2045,2,803.4508316,0,0
Adverse,NZT,w1,2045-03-01,2045,3,817.455394,0,0
Adverse,NZT,w1,2045-04-01,2045,4,821.6115131,0,0
Adverse,NZT,w1,2045-05-01,2045,5,817.5448031,0,202.1403407
Adverse,NZT,w1,2045-06-01,2045,6,799.5556474,0,101.8570126
Adverse,NZT,w1,2045-07-01,2045,7,788.9556798,0,96.47416633
Adverse,NZT,w1,2045-08-01,2045,8,786.7964369,0,60.30117299
Adverse,NZT,w1,2045-09-01,2045,9,805.1845114,0,121.4775393
Adverse,NZT,w1,2045-10-01,2045,10,807.8229799,0,104.0286038
Adverse,NZT,w1,2045-11-01,2045,11,824.1702218,0,0
Adverse,NZT,w1,2045-12-01,2045,12,843.8742996,0,0
Adverse,NZT,w1,2046-01-01,2046,1,823.637308,0,0
Adverse,NZT,w1,2046-02-01,2046,2,819.5198483,0,0
Adverse,NZT,w1,2046-03-01,2046,3,833.8045019,0,0
Adverse,NZT,w1,2046-04-01,2046,4,838.0437434,0,0
Adverse,NZT,w1,2046-05-01,2046,5,833.8956992,0,95.29376387
Adverse,NZT,w1,2046-06-01,2046,6,815.5467603,0,185.5894263
Adverse,NZT,w1,2046-07-01,2046,7,804.7347934,0,94.60926622
Adverse,NZT,w1,2046-08-01,2046,8,802.5323656,0,135.5519319
Adverse,NZT,w1,2046-09-01,2046,9,821.2882016,0,159.3774309
Adverse,NZT,w1,2046-10-01,2046,10,823.9794395,0,129.5781808
Adverse,NZT,w1,2046-11-01,2046,11,840.6536263,0,0
Adverse,NZT,w1,2046-12-01,2046,12,860.7517856,0,0
Adverse,NZT,w1,2047-01-01,2047,1,840.1100542,0,0
Adverse,NZT,w1,2047-02-01,2047,2,835.9102452,0,0
Adverse,NZT,w1,2047-03-01,2047,3,850.4805919,0,0
Adverse,NZT,w1,2047-04-01,2047,4,854.8046183,0,0
Adverse,NZT,w1,2047-05-01,2047,5,850.5736132,0,96.8297103
Adverse,NZT,w1,2047-06-01,2047,6,831.8576955,0,138.7534619
Adverse,NZT,w1,2047-07-01,2047,7,820.8294893,0,95.67465243
Adverse,NZT,w1,2047-08-01,2047,8,818.5830129,0,96.0148795
Adverse,NZT,w1,2047-09-01,2047,9,837.7139656,0,76.2729891
Adverse,NZT,w1,2047-10-01,2047,10,840.4590282,0,96.45430675
Adverse,NZT,w1,2047-11-01,2047,11,857.4666988,0,0
Adverse,NZT,w1,2047-12-01,2047,12,877.9668213,0,0
Adverse,NZT,w1,2048-01-01,2048,1,856.9122552,0,0
Adverse,NZT,w1,2048-02-01,2048,2,852.6284501,0,0
Adverse,NZT,w1,2048-03-01,2048,3,867.4902038,0,0
Adverse,NZT,w1,2048-04-01,2048,4,871.9007106,0,0
Adverse,NZT,w1,2048-05-01,2048,5,867.5850854,0,61.84052608
Adverse,NZT,w1,2048-06-01,2048,6,848.4948494,0,95.67492863
Adverse,NZT,w1,2048-07-01,2048,7,837.246079,0,62.77763073
Adverse,NZT,w1,2048-08-01,2048,8,834.9546732,0,62.95776929
Adverse,NZT,w1,2048-09-01,2048,9,854.4682449,0,77.93272949
Adverse,NZT,w1,2048-10-01,2048,10,857.2682088,0,174.247939
Adverse,NZT,w1,2048-11-01,2048,11,874.6160328,0,0
Adverse,NZT,w1,2048-12-01,2048,12,895.5261577,0.01092969895,0
Adverse,NZT,w1,2049-01-01,2049,1,874.0505003,0,0
Adverse,NZT,w1,2049-02-01,2049,2,869.6810191,0,0
Adverse,NZT,w1,2049-03-01,2049,3,884.8400079,0,0
Adverse,NZT,w1,2049-04-01,2049,4,889.3387248,0,0
Adverse,NZT,w1,2049-05-01,2049,5,884.9367871,0,235.3463092
Adverse,NZT,w1,2049-06-01,2049,6,865.4647464,0,109.9528041
Adverse,NZT,w1,2049-07-01,2049,7,853.9910006,0,114.1194594
Adverse,NZT,w1,2049-08-01,2049,8,851.6537667,0,112.3758317
Adverse,NZT,w1,2049-09-01,2049,9,871.5576098,0,77.29077501
Adverse,NZT,w1,2049-10-01,2049,10,874.413573,0,188.6082629
Adverse,NZT,w1,2049-11-01,2049,11,892.1083534,0,0
Adverse,NZT,w1,2049-12-01,2049,12,913.4366809,0,19.27578262
Adverse,NZT,w1,2050-01-01,2050,1,891.5315104,0,0
Adverse,NZT,w1,2050-02-01,2050,2,887.0746395,0,2.39316491
Adverse,NZT,w1,2050-03-01,2050,3,902.536808,0.002589320776,9.095616987
Adverse,NZT,w1,2050-04-01,2050,4,907.1254993,0,20.0382059
Adverse,NZT,w1,2050-05-01,2050,5,902.6355229,0.1508931773,204.0467793
Adverse,NZT,w1,2050-06-01,2050,6,882.7740414,0,203.6882197
Adverse,NZT,w1,2050-07-01,2050,7,871.0708206,0,111.4498512
Adverse,NZT,w1,2050-08-01,2050,8,868.686842,0,81.19535111
Adverse,NZT,w1,2050-09-01,2050,9,888.988762,0,133.7415854
Adverse,NZT,w1,2050-10-01,2050,10,891.9018444,0,169.3783641
Adverse,NZT,w1,2050-11-01,2050,11,909.9505205,0.008347054905,4.669035236
Adverse,NZT,w1,2050-12-01,2050,12,931.7054145,0,23.1423689
