Hydrology,Scenario,Representative_w,Year,Month,Tech,GWh,Date
Baseline,REF,w23,2025,1,BIOENERGY,92.85496353,2025-01-01
Baseline,REF,w23,2025,1,DIESEL,185.7596543,2025-01-01
Baseline,REF,w23,2025,1,FUEL OIL,838.5738103,2025-01-01
Baseline,REF,w23,2025,1,GAS,65.95951313,2025-01-01
Baseline,REF,w23,2025,1,GEOTHERMAL,0,2025-01-01
Baseline,REF,w23,2025,1,HYDRO,2215.369408,2025-01-01
Baseline,REF,w23,2025,1,IMPORTS,0,2025-01-01
Baseline,REF,w23,2025,1,NUCLEAR,0,2025-01-01
Baseline,REF,w23,2025,1,PV,9.816097869,2025-01-01
Baseline,REF,w23,2025,1,WIND,50.90529803,2025-01-01
Baseline,REF,w23,2025,2,BIOENERGY,95.94163062,2025-02-01
Baseline,REF,w23,2025,2,DIESEL,67.12420126,2025-02-01
Baseline,REF,w23,2025,2,FUEL OIL,835.4808784,2025-02-01
Baseline,REF,w23,2025,2,GAS,166.4059366,2025-02-01
Baseline,REF,w23,2025,2,GEOTHERMAL,0,2025-02-01
Baseline,REF,w23,2025,2,HYDRO,2215.578765,2025-02-01
Baseline,REF,w23,2025,2,IMPORTS,0,2025-02-01
Baseline,REF,w23,2025,2,NUCLEAR,0,2025-02-01
Baseline,REF,w23,2025,2,PV,10.34355476,2025-02-01
Baseline,REF,w23,2025,2,WIND,51.07063778,2025-02-01
Baseline,REF,w23,2025,3,BIOENERGY,95.20983671,2025-03-01
Baseline,REF,w23,2025,3,DIESEL,111.5588521,2025-03-01
Baseline,REF,w23,2025,3,FUEL OIL,265.3933923,2025-03-01
Baseline,REF,w23,2025,3,GAS,0,2025-03-01
Baseline,REF,w23,2025,3,GEOTHERMAL,0,2025-03-01
Baseline,REF,w23,2025,3,HYDRO,2974.546522,2025-03-01
Baseline,REF,w23,2025,3,IMPORTS,0,2025-03-01
Baseline,REF,w23,2025,3,NUCLEAR,0,2025-03-01
Baseline,REF,w23,2025,3,PV,8.596744899,2025-03-01
Baseline,REF,w23,2025,3,WIND,46.63514348,2025-03-01
Baseline,REF,w23,2025,4,BIOENERGY,98.09217511,2025-04-01
Baseline,REF,w23,2025,4,DIESEL,199.8775153,2025-04-01
Baseline,REF,w23,2025,4,FUEL OIL,195.5904167,2025-04-01
Baseline,REF,w23,2025,4,GAS,0,2025-04-01
Baseline,REF,w23,2025,4,GEOTHERMAL,0,2025-04-01
Baseline,REF,w23,2025,4,HYDRO,2977.209506,2025-04-01
Baseline,REF,w23,2025,4,IMPORTS,0,2025-04-01
Baseline,REF,w23,2025,4,NUCLEAR,0,2025-04-01
Baseline,REF,w23,2025,4,PV,8.463607548,2025-04-01
Baseline,REF,w23,2025,4,WIND,40.51188994,2025-04-01
Baseline,REF,w23,2025,5,BIOENERGY,87.71542913,2025-05-01
Baseline,REF,w23,2025,5,DIESEL,108.5226746,2025-05-01
Baseline,REF,w23,2025,5,FUEL OIL,194.1462211,2025-05-01
Baseline,REF,w23,2025,5,GAS,0,2025-05-01
Baseline,REF,w23,2025,5,GEOTHERMAL,0,2025-05-01
Baseline,REF,w23,2025,5,HYDRO,3061.719939,2025-05-01
Baseline,REF,w23,2025,5,IMPORTS,0,2025-05-01
Baseline,REF,w23,2025,5,NUCLEAR,0,2025-05-01
Baseline,REF,w23,2025,5,PV,9.192761643,2025-05-01
Baseline,REF,w23,2025,5,WIND,41.02649015,2025-05-01
Baseline,REF,w23,2025,6,BIOENERGY,94.73720868,2025-06-01
Baseline,REF,w23,2025,6,DIESEL,98.22835846,2025-06-01
Baseline,REF,w23,2025,6,FUEL OIL,244.5820714,2025-06-01
Baseline,REF,w23,2025,6,GAS,0,2025-06-01
Baseline,REF,w23,2025,6,GEOTHERMAL,0,2025-06-01
Baseline,REF,w23,2025,6,HYDRO,2937.470855,2025-06-01
Baseline,REF,w23,2025,6,IMPORTS,0,2025-06-01
Baseline,REF,w23,2025,6,NUCLEAR,0,2025-06-01
Baseline,REF,w23,2025,6,PV,8.766046755,2025-06-01
Baseline,REF,w23,2025,6,WIND,41.47427817,2025-06-01
Baseline,REF,w23,2025,7,BIOENERGY,95.85905738,2025-07-01
Baseline,REF,w23,2025,7,DIESEL,68.30827181,2025-07-01
Baseline,REF,w23,2025,7,FUEL OIL,245.52142,2025-07-01
Baseline,REF,w23,2025,7,GAS,0,2025-07-01
Baseline,REF,w23,2025,7,GEOTHERMAL,0,2025-07-01
Baseline,REF,w23,2025,7,HYDRO,2920.054335,2025-07-01
Baseline,REF,w23,2025,7,IMPORTS,0,2025-07-01
Baseline,REF,w23,2025,7,NUCLEAR,0,2025-07-01
Baseline,REF,w23,2025,7,PV,8.218911494,2025-07-01
Baseline,REF,w23,2025,7,WIND,41.88705936,2025-07-01
Baseline,REF,w23,2025,8,BIOENERGY,95.37615757,2025-08-01
Baseline,REF,w23,2025,8,DIESEL,94.28933326,2025-08-01
Baseline,REF,w23,2025,8,FUEL OIL,862.8409256,2025-08-01
Baseline,REF,w23,2025,8,GAS,62.76253815,2025-08-01
Baseline,REF,w23,2025,8,GEOTHERMAL,0,2025-08-01
Baseline,REF,w23,2025,8,HYDRO,2197.796269,2025-08-01
Baseline,REF,w23,2025,8,IMPORTS,0,2025-08-01
Baseline,REF,w23,2025,8,NUCLEAR,0,2025-08-01
Baseline,REF,w23,2025,8,PV,10.67295611,2025-08-01
Baseline,REF,w23,2025,8,WIND,46.86078072,2025-08-01
Baseline,REF,w23,2025,9,BIOENERGY,91.57909252,2025-09-01
Baseline,REF,w23,2025,9,DIESEL,116.7277095,2025-09-01
Baseline,REF,w23,2025,9,FUEL OIL,847.0242191,2025-09-01
Baseline,REF,w23,2025,9,GAS,62.3688409,2025-09-01
Baseline,REF,w23,2025,9,GEOTHERMAL,0,2025-09-01
Baseline,REF,w23,2025,9,HYDRO,2275.669228,2025-09-01
Baseline,REF,w23,2025,9,IMPORTS,0,2025-09-01
Baseline,REF,w23,2025,9,NUCLEAR,0,2025-09-01
Baseline,REF,w23,2025,9,PV,9.140804048,2025-09-01
Baseline,REF,w23,2025,9,WIND,46.86271261,2025-09-01
Baseline,REF,w23,2025,10,BIOENERGY,94.19547842,2025-10-01
Baseline,REF,w23,2025,10,DIESEL,174.6956995,2025-10-01
Baseline,REF,w23,2025,10,FUEL OIL,729.0739743,2025-10-01
Baseline,REF,w23,2025,10,GAS,90.92249654,2025-10-01
Baseline,REF,w23,2025,10,GEOTHERMAL,0,2025-10-01
Baseline,REF,w23,2025,10,HYDRO,2315.571809,2025-10-01
Baseline,REF,w23,2025,10,IMPORTS,0,2025-10-01
Baseline,REF,w23,2025,10,NUCLEAR,0,2025-10-01
Baseline,REF,w23,2025,10,PV,9.344691644,2025-10-01
Baseline,REF,w23,2025,10,WIND,46.87153297,2025-10-01
Baseline,REF,w23,2025,11,BIOENERGY,96.31613142,2025-11-01
Baseline,REF,w23,2025,11,DIESEL,41.14403656,2025-11-01
Baseline,REF,w23,2025,11,FUEL OIL,891.1521595,2025-11-01
Baseline,REF,w23,2025,11,GAS,254.5248069,2025-11-01
Baseline,REF,w23,2025,11,GEOTHERMAL,0,2025-11-01
Baseline,REF,w23,2025,11,HYDRO,2188.211596,2025-11-01
Baseline,REF,w23,2025,11,IMPORTS,0,2025-11-01
Baseline,REF,w23,2025,11,NUCLEAR,0,2025-11-01
Baseline,REF,w23,2025,11,PV,10.92845984,2025-11-01
Baseline,REF,w23,2025,11,WIND,48.42930807,2025-11-01
Baseline,REF,w23,2025,12,BIOENERGY,94.06171524,2025-12-01
Baseline,REF,w23,2025,12,DIESEL,196.3684292,2025-12-01
Baseline,REF,w23,2025,12,FUEL OIL,825.3301115,2025-12-01
Baseline,REF,w23,2025,12,GAS,168.8734798,2025-12-01
Baseline,REF,w23,2025,12,GEOTHERMAL,0,2025-12-01
Baseline,REF,w23,2025,12,HYDRO,2268.030038,2025-12-01
Baseline,REF,w23,2025,12,IMPORTS,0,2025-12-01
Baseline,REF,w23,2025,12,NUCLEAR,0,2025-12-01
Baseline,REF,w23,2025,12,PV,10.50507791,2025-12-01
Baseline,REF,w23,2025,12,WIND,51.94898977,2025-12-01
Baseline,REF,w23,2026,1,BIOENERGY,94.00641914,2026-01-01
Baseline,REF,w23,2026,1,DIESEL,94.47963434,2026-01-01
Baseline,REF,w23,2026,1,FUEL OIL,773.9460003,2026-01-01
Baseline,REF,w23,2026,1,GAS,0,2026-01-01
Baseline,REF,w23,2026,1,GEOTHERMAL,123.4149625,2026-01-01
Baseline,REF,w23,2026,1,HYDRO,2440.203806,2026-01-01
Baseline,REF,w23,2026,1,IMPORTS,0,2026-01-01
Baseline,REF,w23,2026,1,NUCLEAR,0,2026-01-01
Baseline,REF,w23,2026,1,PV,11.22855935,2026-01-01
Baseline,REF,w23,2026,1,WIND,49.25934935,2026-01-01
Baseline,REF,w23,2026,2,BIOENERGY,89.78256212,2026-02-01
Baseline,REF,w23,2026,2,DIESEL,112.8492655,2026-02-01
Baseline,REF,w23,2026,2,FUEL OIL,687.3470291,2026-02-01
Baseline,REF,w23,2026,2,GAS,0,2026-02-01
Baseline,REF,w23,2026,2,GEOTHERMAL,127.1382695,2026-02-01
Baseline,REF,w23,2026,2,HYDRO,2491.386795,2026-02-01
Baseline,REF,w23,2026,2,IMPORTS,0,2026-02-01
Baseline,REF,w23,2026,2,NUCLEAR,0,2026-02-01
Baseline,REF,w23,2026,2,PV,9.597476415,2026-02-01
Baseline,REF,w23,2026,2,WIND,50.50780549,2026-02-01
Baseline,REF,w23,2026,3,BIOENERGY,92.82470258,2026-03-01
Baseline,REF,w23,2026,3,DIESEL,0,2026-03-01
Baseline,REF,w23,2026,3,FUEL OIL,121.211061,2026-03-01
Baseline,REF,w23,2026,3,GAS,0,2026-03-01
Baseline,REF,w23,2026,3,GEOTHERMAL,117.2171285,2026-03-01
Baseline,REF,w23,2026,3,HYDRO,3248.120341,2026-03-01
Baseline,REF,w23,2026,3,IMPORTS,0,2026-03-01
Baseline,REF,w23,2026,3,NUCLEAR,0,2026-03-01
Baseline,REF,w23,2026,3,PV,9.097278914,2026-03-01
Baseline,REF,w23,2026,3,WIND,42.34139009,2026-03-01
Baseline,REF,w23,2026,4,BIOENERGY,96.6879793,2026-04-01
Baseline,REF,w23,2026,4,DIESEL,0,2026-04-01
Baseline,REF,w23,2026,4,FUEL OIL,100.7148654,2026-04-01
Baseline,REF,w23,2026,4,GAS,0,2026-04-01
Baseline,REF,w23,2026,4,GEOTHERMAL,126.4643039,2026-04-01
Baseline,REF,w23,2026,4,HYDRO,3278.354567,2026-04-01
Baseline,REF,w23,2026,4,IMPORTS,0,2026-04-01
Baseline,REF,w23,2026,4,NUCLEAR,0,2026-04-01
Baseline,REF,w23,2026,4,PV,7.979155814,2026-04-01
Baseline,REF,w23,2026,4,WIND,39.07085934,2026-04-01
Baseline,REF,w23,2026,5,BIOENERGY,94.29929332,2026-05-01
Baseline,REF,w23,2026,5,DIESEL,0,2026-05-01
Baseline,REF,w23,2026,5,FUEL OIL,95.85160656,2026-05-01
Baseline,REF,w23,2026,5,GAS,0,2026-05-01
Baseline,REF,w23,2026,5,GEOTHERMAL,119.0793248,2026-05-01
Baseline,REF,w23,2026,5,HYDRO,3270.12828,2026-05-01
Baseline,REF,w23,2026,5,IMPORTS,0,2026-05-01
Baseline,REF,w23,2026,5,NUCLEAR,0,2026-05-01
Baseline,REF,w23,2026,5,PV,8.918990506,2026-05-01
Baseline,REF,w23,2026,5,WIND,42.93152609,2026-05-01
Baseline,REF,w23,2026,6,BIOENERGY,93.61887701,2026-06-01
Baseline,REF,w23,2026,6,DIESEL,0,2026-06-01
Baseline,REF,w23,2026,6,FUEL OIL,98.37542148,2026-06-01
Baseline,REF,w23,2026,6,GAS,0,2026-06-01
Baseline,REF,w23,2026,6,GEOTHERMAL,129.7294153,2026-06-01
Baseline,REF,w23,2026,6,HYDRO,3180.394471,2026-06-01
Baseline,REF,w23,2026,6,IMPORTS,0,2026-06-01
Baseline,REF,w23,2026,6,NUCLEAR,0,2026-06-01
Baseline,REF,w23,2026,6,PV,8.828633078,2026-06-01
Baseline,REF,w23,2026,6,WIND,40.36152439,2026-06-01
Baseline,REF,w23,2026,7,BIOENERGY,96.62946311,2026-07-01
Baseline,REF,w23,2026,7,DIESEL,0,2026-07-01
Baseline,REF,w23,2026,7,FUEL OIL,112.9259408,2026-07-01
Baseline,REF,w23,2026,7,GAS,0,2026-07-01
Baseline,REF,w23,2026,7,GEOTHERMAL,118.1000713,2026-07-01
Baseline,REF,w23,2026,7,HYDRO,3124.728434,2026-07-01
Baseline,REF,w23,2026,7,IMPORTS,0,2026-07-01
Baseline,REF,w23,2026,7,NUCLEAR,0,2026-07-01
Baseline,REF,w23,2026,7,PV,9.277004614,2026-07-01
Baseline,REF,w23,2026,7,WIND,42.56658685,2026-07-01
Baseline,REF,w23,2026,8,BIOENERGY,92.93822831,2026-08-01
Baseline,REF,w23,2026,8,DIESEL,0,2026-08-01
Baseline,REF,w23,2026,8,FUEL OIL,637.9900213,2026-08-01
Baseline,REF,w23,2026,8,GAS,67.45235474,2026-08-01
Baseline,REF,w23,2026,8,GEOTHERMAL,124.2263259,2026-08-01
Baseline,REF,w23,2026,8,HYDRO,2515.088744,2026-08-01
Baseline,REF,w23,2026,8,IMPORTS,0,2026-08-01
Baseline,REF,w23,2026,8,NUCLEAR,0,2026-08-01
Baseline,REF,w23,2026,8,PV,10.83891901,2026-08-01
Baseline,REF,w23,2026,8,WIND,46.10240832,2026-08-01
Baseline,REF,w23,2026,9,BIOENERGY,92.6627552,2026-09-01
Baseline,REF,w23,2026,9,DIESEL,0,2026-09-01
Baseline,REF,w23,2026,9,FUEL OIL,684.8599139,2026-09-01
Baseline,REF,w23,2026,9,GAS,98.51650561,2026-09-01
Baseline,REF,w23,2026,9,GEOTHERMAL,124.4760008,2026-09-01
Baseline,REF,w23,2026,9,HYDRO,2512.438766,2026-09-01
Baseline,REF,w23,2026,9,IMPORTS,0,2026-09-01
Baseline,REF,w23,2026,9,NUCLEAR,0,2026-09-01
Baseline,REF,w23,2026,9,PV,10.14627224,2026-09-01
Baseline,REF,w23,2026,9,WIND,53.20930473,2026-09-01
Baseline,REF,w23,2026,10,BIOENERGY,91.05474928,2026-10-01
Baseline,REF,w23,2026,10,DIESEL,72.89267723,2026-10-01
Baseline,REF,w23,2026,10,FUEL OIL,642.0378403,2026-10-01
Baseline,REF,w23,2026,10,GAS,64.28468125,2026-10-01
Baseline,REF,w23,2026,10,GEOTHERMAL,128.2889592,2026-10-01
Baseline,REF,w23,2026,10,HYDRO,2531.901875,2026-10-01
Baseline,REF,w23,2026,10,IMPORTS,0,2026-10-01
Baseline,REF,w23,2026,10,NUCLEAR,0,2026-10-01
Baseline,REF,w23,2026,10,PV,11.90553236,2026-10-01
Baseline,REF,w23,2026,10,WIND,45.66223291,2026-10-01
Baseline,REF,w23,2026,11,BIOENERGY,96.17222886,2026-11-01
Baseline,REF,w23,2026,11,DIESEL,52.58980377,2026-11-01
Baseline,REF,w23,2026,11,FUEL OIL,776.0723563,2026-11-01
Baseline,REF,w23,2026,11,GAS,63.21143328,2026-11-01
Baseline,REF,w23,2026,11,GEOTHERMAL,123.8223867,2026-11-01
Baseline,REF,w23,2026,11,HYDRO,2495.48094,2026-11-01
Baseline,REF,w23,2026,11,IMPORTS,0,2026-11-01
Baseline,REF,w23,2026,11,NUCLEAR,0,2026-11-01
Baseline,REF,w23,2026,11,PV,9.515296837,2026-11-01
Baseline,REF,w23,2026,11,WIND,43.77205181,2026-11-01
Baseline,REF,w23,2026,12,BIOENERGY,91.20222588,2026-12-01
Baseline,REF,w23,2026,12,DIESEL,44.70088473,2026-12-01
Baseline,REF,w23,2026,12,FUEL OIL,821.1320652,2026-12-01
Baseline,REF,w23,2026,12,GAS,137.2157958,2026-12-01
Baseline,REF,w23,2026,12,GEOTHERMAL,122.1233441,2026-12-01
Baseline,REF,w23,2026,12,HYDRO,2471.20949,2026-12-01
Baseline,REF,w23,2026,12,IMPORTS,0,2026-12-01
Baseline,REF,w23,2026,12,NUCLEAR,0,2026-12-01
Baseline,REF,w23,2026,12,PV,9.874119829,2026-12-01
Baseline,REF,w23,2026,12,WIND,50.69625242,2026-12-01
Baseline,REF,w23,2027,1,BIOENERGY,91.5239167,2027-01-01
Baseline,REF,w23,2027,1,DIESEL,0,2027-01-01
Baseline,REF,w23,2027,1,FUEL OIL,500.6257791,2027-01-01
Baseline,REF,w23,2027,1,GAS,184.6041826,2027-01-01
Baseline,REF,w23,2027,1,GEOTHERMAL,125.7767265,2027-01-01
Baseline,REF,w23,2027,1,HYDRO,2688.283757,2027-01-01
Baseline,REF,w23,2027,1,IMPORTS,0,2027-01-01
Baseline,REF,w23,2027,1,NUCLEAR,0,2027-01-01
Baseline,REF,w23,2027,1,PV,10.3523214,2027-01-01
Baseline,REF,w23,2027,1,WIND,85.7951327,2027-01-01
Baseline,REF,w23,2027,2,BIOENERGY,88.19845812,2027-02-01
Baseline,REF,w23,2027,2,DIESEL,0,2027-02-01
Baseline,REF,w23,2027,2,FUEL OIL,663.9290917,2027-02-01
Baseline,REF,w23,2027,2,GAS,63.45731542,2027-02-01
Baseline,REF,w23,2027,2,GEOTHERMAL,123.1488781,2027-02-01
Baseline,REF,w23,2027,2,HYDRO,2637.68795,2027-02-01
Baseline,REF,w23,2027,2,IMPORTS,0,2027-02-01
Baseline,REF,w23,2027,2,NUCLEAR,0,2027-02-01
Baseline,REF,w23,2027,2,PV,10.88112941,2027-02-01
Baseline,REF,w23,2027,2,WIND,81.22743746,2027-02-01
Baseline,REF,w23,2027,3,BIOENERGY,0,2027-03-01
Baseline,REF,w23,2027,3,DIESEL,0,2027-03-01
Baseline,REF,w23,2027,3,FUEL OIL,32.78156985,2027-03-01
Baseline,REF,w23,2027,3,GAS,0,2027-03-01
Baseline,REF,w23,2027,3,GEOTHERMAL,89.16487793,2027-03-01
Baseline,REF,w23,2027,3,HYDRO,3530.079722,2027-03-01
Baseline,REF,w23,2027,3,IMPORTS,0,2027-03-01
Baseline,REF,w23,2027,3,NUCLEAR,0,2027-03-01
Baseline,REF,w23,2027,3,PV,8.351419699,2027-03-01
Baseline,REF,w23,2027,3,WIND,72.09704591,2027-03-01
Baseline,REF,w23,2027,4,BIOENERGY,0,2027-04-01
Baseline,REF,w23,2027,4,DIESEL,0,2027-04-01
Baseline,REF,w23,2027,4,FUEL OIL,15.18013084,2027-04-01
Baseline,REF,w23,2027,4,GAS,0,2027-04-01
Baseline,REF,w23,2027,4,GEOTHERMAL,98.97369054,2027-04-01
Baseline,REF,w23,2027,4,HYDRO,3558.980066,2027-04-01
Baseline,REF,w23,2027,4,IMPORTS,0,2027-04-01
Baseline,REF,w23,2027,4,NUCLEAR,0,2027-04-01
Baseline,REF,w23,2027,4,PV,7.403240681,2027-04-01
Baseline,REF,w23,2027,4,WIND,70.91421071,2027-04-01
Baseline,REF,w23,2027,5,BIOENERGY,0,2027-05-01
Baseline,REF,w23,2027,5,DIESEL,0,2027-05-01
Baseline,REF,w23,2027,5,FUEL OIL,14.09377483,2027-05-01
Baseline,REF,w23,2027,5,GAS,0,2027-05-01
Baseline,REF,w23,2027,5,GEOTHERMAL,55.32140166,2027-05-01
Baseline,REF,w23,2027,5,HYDRO,3580.537832,2027-05-01
Baseline,REF,w23,2027,5,IMPORTS,0,2027-05-01
Baseline,REF,w23,2027,5,NUCLEAR,0,2027-05-01
Baseline,REF,w23,2027,5,PV,8.246535455,2027-05-01
Baseline,REF,w23,2027,5,WIND,74.6833298,2027-05-01
Baseline,REF,w23,2027,6,BIOENERGY,0,2027-06-01
Baseline,REF,w23,2027,6,DIESEL,0,2027-06-01
Baseline,REF,w23,2027,6,FUEL OIL,32.53907475,2027-06-01
Baseline,REF,w23,2027,6,GAS,0,2027-06-01
Baseline,REF,w23,2027,6,GEOTHERMAL,0,2027-06-01
Baseline,REF,w23,2027,6,HYDRO,3526.593623,2027-06-01
Baseline,REF,w23,2027,6,IMPORTS,0,2027-06-01
Baseline,REF,w23,2027,6,NUCLEAR,0,2027-06-01
Baseline,REF,w23,2027,6,PV,9.929825709,2027-06-01
Baseline,REF,w23,2027,6,WIND,81.68245286,2027-06-01
Baseline,REF,w23,2027,7,BIOENERGY,0,2027-07-01
Baseline,REF,w23,2027,7,DIESEL,0,2027-07-01
Baseline,REF,w23,2027,7,FUEL OIL,31.05605975,2027-07-01
Baseline,REF,w23,2027,7,GAS,0,2027-07-01
Baseline,REF,w23,2027,7,GEOTHERMAL,0,2027-07-01
Baseline,REF,w23,2027,7,HYDRO,3478.777774,2027-07-01
Baseline,REF,w23,2027,7,IMPORTS,0,2027-07-01
Baseline,REF,w23,2027,7,NUCLEAR,0,2027-07-01
Baseline,REF,w23,2027,7,PV,9.704262999,2027-07-01
Baseline,REF,w23,2027,7,WIND,82.80777398,2027-07-01
Baseline,REF,w23,2027,8,BIOENERGY,86.11463834,2027-08-01
Baseline,REF,w23,2027,8,DIESEL,0,2027-08-01
Baseline,REF,w23,2027,8,FUEL OIL,665.7219647,2027-08-01
Baseline,REF,w23,2027,8,GAS,63.50586425,2027-08-01
Baseline,REF,w23,2027,8,GEOTHERMAL,119.5617971,2027-08-01
Baseline,REF,w23,2027,8,HYDRO,2563.582032,2027-08-01
Baseline,REF,w23,2027,8,IMPORTS,0,2027-08-01
Baseline,REF,w23,2027,8,NUCLEAR,0,2027-08-01
Baseline,REF,w23,2027,8,PV,10.55430804,2027-08-01
Baseline,REF,w23,2027,8,WIND,83.44623291,2027-08-01
Baseline,REF,w23,2027,9,BIOENERGY,92.14476646,2027-09-01
Baseline,REF,w23,2027,9,DIESEL,0,2027-09-01
Baseline,REF,w23,2027,9,FUEL OIL,674.0820157,2027-09-01
Baseline,REF,w23,2027,9,GAS,61.70482586,2027-09-01
Baseline,REF,w23,2027,9,GEOTHERMAL,122.237537,2027-09-01
Baseline,REF,w23,2027,9,HYDRO,2631.570629,2027-09-01
Baseline,REF,w23,2027,9,IMPORTS,0,2027-09-01
Baseline,REF,w23,2027,9,NUCLEAR,0,2027-09-01
Baseline,REF,w23,2027,9,PV,10.23788146,2027-09-01
Baseline,REF,w23,2027,9,WIND,84.46852972,2027-09-01
Baseline,REF,w23,2027,10,BIOENERGY,89.60367445,2027-10-01
Baseline,REF,w23,2027,10,DIESEL,0,2027-10-01
Baseline,REF,w23,2027,10,FUEL OIL,657.2228345,2027-10-01
Baseline,REF,w23,2027,10,GAS,62.29487003,2027-10-01
Baseline,REF,w23,2027,10,GEOTHERMAL,119.8124648,2027-10-01
Baseline,REF,w23,2027,10,HYDRO,2655.927592,2027-10-01
Baseline,REF,w23,2027,10,IMPORTS,0,2027-10-01
Baseline,REF,w23,2027,10,NUCLEAR,0,2027-10-01
Baseline,REF,w23,2027,10,PV,11.37485762,2027-10-01
Baseline,REF,w23,2027,10,WIND,92.25705298,2027-10-01
Baseline,REF,w23,2027,11,BIOENERGY,82.21201851,2027-11-01
Baseline,REF,w23,2027,11,DIESEL,0,2027-11-01
Baseline,REF,w23,2027,11,FUEL OIL,762.778968,2027-11-01
Baseline,REF,w23,2027,11,GAS,62.93882373,2027-11-01
Baseline,REF,w23,2027,11,GEOTHERMAL,118.728701,2027-11-01
Baseline,REF,w23,2027,11,HYDRO,2632.023413,2027-11-01
Baseline,REF,w23,2027,11,IMPORTS,0,2027-11-01
Baseline,REF,w23,2027,11,NUCLEAR,0,2027-11-01
Baseline,REF,w23,2027,11,PV,11.43024131,2027-11-01
Baseline,REF,w23,2027,11,WIND,93.02215358,2027-11-01
Baseline,REF,w23,2027,12,BIOENERGY,92.83627579,2027-12-01
Baseline,REF,w23,2027,12,DIESEL,39.58855018,2027-12-01
Baseline,REF,w23,2027,12,FUEL OIL,741.9573367,2027-12-01
Baseline,REF,w23,2027,12,GAS,62.58327502,2027-12-01
Baseline,REF,w23,2027,12,GEOTHERMAL,120.5471323,2027-12-01
Baseline,REF,w23,2027,12,HYDRO,2703.47674,2027-12-01
Baseline,REF,w23,2027,12,IMPORTS,0,2027-12-01
Baseline,REF,w23,2027,12,NUCLEAR,0,2027-12-01
Baseline,REF,w23,2027,12,PV,9.347134263,2027-12-01
Baseline,REF,w23,2027,12,WIND,82.76605032,2027-12-01
Baseline,REF,w23,2028,1,BIOENERGY,91.19147189,2028-01-01
Baseline,REF,w23,2028,1,DIESEL,0,2028-01-01
Baseline,REF,w23,2028,1,FUEL OIL,828.3084669,2028-01-01
Baseline,REF,w23,2028,1,GAS,67.24243628,2028-01-01
Baseline,REF,w23,2028,1,GEOTHERMAL,129.9584733,2028-01-01
Baseline,REF,w23,2028,1,HYDRO,2598.802019,2028-01-01
Baseline,REF,w23,2028,1,IMPORTS,0,2028-01-01
Baseline,REF,w23,2028,1,NUCLEAR,0,2028-01-01
Baseline,REF,w23,2028,1,PV,11.73259713,2028-01-01
Baseline,REF,w23,2028,1,WIND,96.1439384,2028-01-01
Baseline,REF,w23,2028,2,BIOENERGY,91.659599,2028-02-01
Baseline,REF,w23,2028,2,DIESEL,45.41927567,2028-02-01
Baseline,REF,w23,2028,2,FUEL OIL,610.8135709,2028-02-01
Baseline,REF,w23,2028,2,GAS,0,2028-02-01
Baseline,REF,w23,2028,2,GEOTHERMAL,125.984394,2028-02-01
Baseline,REF,w23,2028,2,HYDRO,2830.517404,2028-02-01
Baseline,REF,w23,2028,2,IMPORTS,0,2028-02-01
Baseline,REF,w23,2028,2,NUCLEAR,0,2028-02-01
Baseline,REF,w23,2028,2,PV,10.24869735,2028-02-01
Baseline,REF,w23,2028,2,WIND,89.62293865,2028-02-01
Baseline,REF,w23,2028,3,BIOENERGY,64.1455498,2028-03-01
Baseline,REF,w23,2028,3,DIESEL,0,2028-03-01
Baseline,REF,w23,2028,3,FUEL OIL,22.14958169,2028-03-01
Baseline,REF,w23,2028,3,GAS,0,2028-03-01
Baseline,REF,w23,2028,3,GEOTHERMAL,128.9201559,2028-03-01
Baseline,REF,w23,2028,3,HYDRO,3562.136769,2028-03-01
Baseline,REF,w23,2028,3,IMPORTS,0,2028-03-01
Baseline,REF,w23,2028,3,NUCLEAR,0,2028-03-01
Baseline,REF,w23,2028,3,PV,8.065638978,2028-03-01
Baseline,REF,w23,2028,3,WIND,85.15850155,2028-03-01
Baseline,REF,w23,2028,4,BIOENERGY,95.04753712,2028-04-01
Baseline,REF,w23,2028,4,DIESEL,0,2028-04-01
Baseline,REF,w23,2028,4,FUEL OIL,23.30090079,2028-04-01
Baseline,REF,w23,2028,4,GAS,0,2028-04-01
Baseline,REF,w23,2028,4,GEOTHERMAL,128.4914465,2028-04-01
Baseline,REF,w23,2028,4,HYDRO,3558.962479,2028-04-01
Baseline,REF,w23,2028,4,IMPORTS,0,2028-04-01
Baseline,REF,w23,2028,4,NUCLEAR,0,2028-04-01
Baseline,REF,w23,2028,4,PV,9.813471082,2028-04-01
Baseline,REF,w23,2028,4,WIND,74.63920446,2028-04-01
Baseline,REF,w23,2028,5,BIOENERGY,0,2028-05-01
Baseline,REF,w23,2028,5,DIESEL,0,2028-05-01
Baseline,REF,w23,2028,5,FUEL OIL,32.70134011,2028-05-01
Baseline,REF,w23,2028,5,GAS,0,2028-05-01
Baseline,REF,w23,2028,5,GEOTHERMAL,120.2990864,2028-05-01
Baseline,REF,w23,2028,5,HYDRO,3633.517,2028-05-01
Baseline,REF,w23,2028,5,IMPORTS,0,2028-05-01
Baseline,REF,w23,2028,5,NUCLEAR,0,2028-05-01
Baseline,REF,w23,2028,5,PV,8.953502228,2028-05-01
Baseline,REF,w23,2028,5,WIND,75.52861143,2028-05-01
Baseline,REF,w23,2028,6,BIOENERGY,0,2028-06-01
Baseline,REF,w23,2028,6,DIESEL,0,2028-06-01
Baseline,REF,w23,2028,6,FUEL OIL,33.08798556,2028-06-01
Baseline,REF,w23,2028,6,GAS,0,2028-06-01
Baseline,REF,w23,2028,6,GEOTHERMAL,129.4832716,2028-06-01
Baseline,REF,w23,2028,6,HYDRO,3530.555314,2028-06-01
Baseline,REF,w23,2028,6,IMPORTS,0,2028-06-01
Baseline,REF,w23,2028,6,NUCLEAR,0,2028-06-01
Baseline,REF,w23,2028,6,PV,9.36719494,2028-06-01
Baseline,REF,w23,2028,6,WIND,83.32877425,2028-06-01
Baseline,REF,w23,2028,7,BIOENERGY,0,2028-07-01
Baseline,REF,w23,2028,7,DIESEL,0,2028-07-01
Baseline,REF,w23,2028,7,FUEL OIL,33.41816854,2028-07-01
Baseline,REF,w23,2028,7,GAS,0,2028-07-01
Baseline,REF,w23,2028,7,GEOTHERMAL,124.8931429,2028-07-01
Baseline,REF,w23,2028,7,HYDRO,3501.359351,2028-07-01
Baseline,REF,w23,2028,7,IMPORTS,0,2028-07-01
Baseline,REF,w23,2028,7,NUCLEAR,0,2028-07-01
Baseline,REF,w23,2028,7,PV,8.363797202,2028-07-01
Baseline,REF,w23,2028,7,WIND,67.59820832,2028-07-01
Baseline,REF,w23,2028,8,BIOENERGY,89.37691621,2028-08-01
Baseline,REF,w23,2028,8,DIESEL,0,2028-08-01
Baseline,REF,w23,2028,8,FUEL OIL,691.7228828,2028-08-01
Baseline,REF,w23,2028,8,GAS,36.61296705,2028-08-01
Baseline,REF,w23,2028,8,GEOTHERMAL,123.7817406,2028-08-01
Baseline,REF,w23,2028,8,HYDRO,2695.080485,2028-08-01
Baseline,REF,w23,2028,8,IMPORTS,0,2028-08-01
Baseline,REF,w23,2028,8,NUCLEAR,0,2028-08-01
Baseline,REF,w23,2028,8,PV,9.177202711,2028-08-01
Baseline,REF,w23,2028,8,WIND,79.65665661,2028-08-01
Baseline,REF,w23,2028,9,BIOENERGY,98.70796521,2028-09-01
Baseline,REF,w23,2028,9,DIESEL,0,2028-09-01
Baseline,REF,w23,2028,9,FUEL OIL,813.7492228,2028-09-01
Baseline,REF,w23,2028,9,GAS,64.06019966,2028-09-01
Baseline,REF,w23,2028,9,GEOTHERMAL,122.3915174,2028-09-01
Baseline,REF,w23,2028,9,HYDRO,2608.257657,2028-09-01
Baseline,REF,w23,2028,9,IMPORTS,0,2028-09-01
Baseline,REF,w23,2028,9,NUCLEAR,0,2028-09-01
Baseline,REF,w23,2028,9,PV,10.04120627,2028-09-01
Baseline,REF,w23,2028,9,WIND,95.26692592,2028-09-01
Baseline,REF,w23,2028,10,BIOENERGY,97.92061424,2028-10-01
Baseline,REF,w23,2028,10,DIESEL,38.14033913,2028-10-01
Baseline,REF,w23,2028,10,FUEL OIL,591.7300486,2028-10-01
Baseline,REF,w23,2028,10,GAS,64.2618715,2028-10-01
Baseline,REF,w23,2028,10,GEOTHERMAL,119.2010754,2028-10-01
Baseline,REF,w23,2028,10,HYDRO,2816.379484,2028-10-01
Baseline,REF,w23,2028,10,IMPORTS,0,2028-10-01
Baseline,REF,w23,2028,10,NUCLEAR,0,2028-10-01
Baseline,REF,w23,2028,10,PV,9.077622073,2028-10-01
Baseline,REF,w23,2028,10,WIND,88.25654567,2028-10-01
Baseline,REF,w23,2028,11,BIOENERGY,93.08839193,2028-11-01
Baseline,REF,w23,2028,11,DIESEL,38.92400532,2028-11-01
Baseline,REF,w23,2028,11,FUEL OIL,755.2780709,2028-11-01
Baseline,REF,w23,2028,11,GAS,63.67430596,2028-11-01
Baseline,REF,w23,2028,11,GEOTHERMAL,127.2710576,2028-11-01
Baseline,REF,w23,2028,11,HYDRO,2736.551266,2028-11-01
Baseline,REF,w23,2028,11,IMPORTS,0,2028-11-01
Baseline,REF,w23,2028,11,NUCLEAR,0,2028-11-01
Baseline,REF,w23,2028,11,PV,10.02253766,2028-11-01
Baseline,REF,w23,2028,11,WIND,77.56065348,2028-11-01
Baseline,REF,w23,2028,12,BIOENERGY,91.57766459,2028-12-01
Baseline,REF,w23,2028,12,DIESEL,71.57091507,2028-12-01
Baseline,REF,w23,2028,12,FUEL OIL,822.6107799,2028-12-01
Baseline,REF,w23,2028,12,GAS,130.0241077,2028-12-01
Baseline,REF,w23,2028,12,GEOTHERMAL,127.2104863,2028-12-01
Baseline,REF,w23,2028,12,HYDRO,2659.426597,2028-12-01
Baseline,REF,w23,2028,12,IMPORTS,0,2028-12-01
Baseline,REF,w23,2028,12,NUCLEAR,0,2028-12-01
Baseline,REF,w23,2028,12,PV,9.47118616,2028-12-01
Baseline,REF,w23,2028,12,WIND,83.77555067,2028-12-01
Baseline,REF,w23,2029,1,BIOENERGY,89.22482537,2029-01-01
Baseline,REF,w23,2029,1,DIESEL,335.6682061,2029-01-01
Baseline,REF,w23,2029,1,FUEL OIL,491.1125717,2029-01-01
Baseline,REF,w23,2029,1,GAS,284.1491372,2029-01-01
Baseline,REF,w23,2029,1,GEOTHERMAL,128.0304266,2029-01-01
Baseline,REF,w23,2029,1,HYDRO,2563.432509,2029-01-01
Baseline,REF,w23,2029,1,IMPORTS,0,2029-01-01
Baseline,REF,w23,2029,1,NUCLEAR,0,2029-01-01
Baseline,REF,w23,2029,1,PV,10.06502755,2029-01-01
Baseline,REF,w23,2029,1,WIND,82.27863488,2029-01-01
Baseline,REF,w23,2029,2,BIOENERGY,97.43947967,2029-02-01
Baseline,REF,w23,2029,2,DIESEL,108.2833603,2029-02-01
Baseline,REF,w23,2029,2,FUEL OIL,498.426548,2029-02-01
Baseline,REF,w23,2029,2,GAS,245.5290416,2029-02-01
Baseline,REF,w23,2029,2,GEOTHERMAL,128.1465343,2029-02-01
Baseline,REF,w23,2029,2,HYDRO,2784.487977,2029-02-01
Baseline,REF,w23,2029,2,IMPORTS,0,2029-02-01
Baseline,REF,w23,2029,2,NUCLEAR,0,2029-02-01
Baseline,REF,w23,2029,2,PV,11.26971306,2029-02-01
Baseline,REF,w23,2029,2,WIND,90.46239279,2029-02-01
Baseline,REF,w23,2029,3,BIOENERGY,93.22092595,2029-03-01
Baseline,REF,w23,2029,3,DIESEL,0,2029-03-01
Baseline,REF,w23,2029,3,FUEL OIL,154.2844338,2029-03-01
Baseline,REF,w23,2029,3,GAS,0,2029-03-01
Baseline,REF,w23,2029,3,GEOTHERMAL,120.9950284,2029-03-01
Baseline,REF,w23,2029,3,HYDRO,3581.85964,2029-03-01
Baseline,REF,w23,2029,3,IMPORTS,0,2029-03-01
Baseline,REF,w23,2029,3,NUCLEAR,0,2029-03-01
Baseline,REF,w23,2029,3,PV,7.778756686,2029-03-01
Baseline,REF,w23,2029,3,WIND,75.00161217,2029-03-01
Baseline,REF,w23,2029,4,BIOENERGY,97.12606985,2029-04-01
Baseline,REF,w23,2029,4,DIESEL,0,2029-04-01
Baseline,REF,w23,2029,4,FUEL OIL,137.8939344,2029-04-01
Baseline,REF,w23,2029,4,GAS,0,2029-04-01
Baseline,REF,w23,2029,4,GEOTHERMAL,133.8206211,2029-04-01
Baseline,REF,w23,2029,4,HYDRO,3603.236641,2029-04-01
Baseline,REF,w23,2029,4,IMPORTS,0,2029-04-01
Baseline,REF,w23,2029,4,NUCLEAR,0,2029-04-01
Baseline,REF,w23,2029,4,PV,8.817859512,2029-04-01
Baseline,REF,w23,2029,4,WIND,72.75062463,2029-04-01
Baseline,REF,w23,2029,5,BIOENERGY,94.41792048,2029-05-01
Baseline,REF,w23,2029,5,DIESEL,0,2029-05-01
Baseline,REF,w23,2029,5,FUEL OIL,133.5153037,2029-05-01
Baseline,REF,w23,2029,5,GAS,0,2029-05-01
Baseline,REF,w23,2029,5,GEOTHERMAL,120.5255756,2029-05-01
Baseline,REF,w23,2029,5,HYDRO,3595.508698,2029-05-01
Baseline,REF,w23,2029,5,IMPORTS,0,2029-05-01
Baseline,REF,w23,2029,5,NUCLEAR,0,2029-05-01
Baseline,REF,w23,2029,5,PV,7.976588004,2029-05-01
Baseline,REF,w23,2029,5,WIND,81.6374355,2029-05-01
Baseline,REF,w23,2029,6,BIOENERGY,95.13964785,2029-06-01
Baseline,REF,w23,2029,6,DIESEL,0,2029-06-01
Baseline,REF,w23,2029,6,FUEL OIL,35.27255292,2029-06-01
Baseline,REF,w23,2029,6,GAS,0,2029-06-01
Baseline,REF,w23,2029,6,GEOTHERMAL,127.9905745,2029-06-01
Baseline,REF,w23,2029,6,HYDRO,3601.116169,2029-06-01
Baseline,REF,w23,2029,6,IMPORTS,0,2029-06-01
Baseline,REF,w23,2029,6,NUCLEAR,0,2029-06-01
Baseline,REF,w23,2029,6,PV,7.184141499,2029-06-01
Baseline,REF,w23,2029,6,WIND,78.12400148,2029-06-01
Baseline,REF,w23,2029,7,BIOENERGY,92.5240229,2029-07-01
Baseline,REF,w23,2029,7,DIESEL,0,2029-07-01
Baseline,REF,w23,2029,7,FUEL OIL,110.5052629,2029-07-01
Baseline,REF,w23,2029,7,GAS,0,2029-07-01
Baseline,REF,w23,2029,7,GEOTHERMAL,119.4528909,2029-07-01
Baseline,REF,w23,2029,7,HYDRO,3482.373938,2029-07-01
Baseline,REF,w23,2029,7,IMPORTS,0,2029-07-01
Baseline,REF,w23,2029,7,NUCLEAR,0,2029-07-01
Baseline,REF,w23,2029,7,PV,8.393384557,2029-07-01
Baseline,REF,w23,2029,7,WIND,79.27974019,2029-07-01
Baseline,REF,w23,2029,8,BIOENERGY,97.6066984,2029-08-01
Baseline,REF,w23,2029,8,DIESEL,123.4631362,2029-08-01
Baseline,REF,w23,2029,8,FUEL OIL,466.370792,2029-08-01
Baseline,REF,w23,2029,8,GAS,285.3993519,2029-08-01
Baseline,REF,w23,2029,8,GEOTHERMAL,125.4717279,2029-08-01
Baseline,REF,w23,2029,8,HYDRO,2682.804046,2029-08-01
Baseline,REF,w23,2029,8,IMPORTS,0,2029-08-01
Baseline,REF,w23,2029,8,NUCLEAR,0,2029-08-01
Baseline,REF,w23,2029,8,PV,11.07574728,2029-08-01
Baseline,REF,w23,2029,8,WIND,89.68452249,2029-08-01
Baseline,REF,w23,2029,9,BIOENERGY,93.40421188,2029-09-01
Baseline,REF,w23,2029,9,DIESEL,223.2917437,2029-09-01
Baseline,REF,w23,2029,9,FUEL OIL,471.1552175,2029-09-01
Baseline,REF,w23,2029,9,GAS,284.3008039,2029-09-01
Baseline,REF,w23,2029,9,GEOTHERMAL,130.0466856,2029-09-01
Baseline,REF,w23,2029,9,HYDRO,2668.149005,2029-09-01
Baseline,REF,w23,2029,9,IMPORTS,0,2029-09-01
Baseline,REF,w23,2029,9,NUCLEAR,0,2029-09-01
Baseline,REF,w23,2029,9,PV,9.832619845,2029-09-01
Baseline,REF,w23,2029,9,WIND,92.41834456,2029-09-01
Baseline,REF,w23,2029,10,BIOENERGY,91.28576337,2029-10-01
Baseline,REF,w23,2029,10,DIESEL,228.7912622,2029-10-01
Baseline,REF,w23,2029,10,FUEL OIL,471.253037,2029-10-01
Baseline,REF,w23,2029,10,GAS,273.3031038,2029-10-01
Baseline,REF,w23,2029,10,GEOTHERMAL,125.3941636,2029-10-01
Baseline,REF,w23,2029,10,HYDRO,2698.947036,2029-10-01
Baseline,REF,w23,2029,10,IMPORTS,0,2029-10-01
Baseline,REF,w23,2029,10,NUCLEAR,0,2029-10-01
Baseline,REF,w23,2029,10,PV,9.540906402,2029-10-01
Baseline,REF,w23,2029,10,WIND,87.10096677,2029-10-01
Baseline,REF,w23,2029,11,BIOENERGY,93.36743622,2029-11-01
Baseline,REF,w23,2029,11,DIESEL,311.7413981,2029-11-01
Baseline,REF,w23,2029,11,FUEL OIL,473.0771557,2029-11-01
Baseline,REF,w23,2029,11,GAS,285.6341382,2029-11-01
Baseline,REF,w23,2029,11,GEOTHERMAL,117.130335,2029-11-01
Baseline,REF,w23,2029,11,HYDRO,2696.354319,2029-11-01
Baseline,REF,w23,2029,11,IMPORTS,0,2029-11-01
Baseline,REF,w23,2029,11,NUCLEAR,0,2029-11-01
Baseline,REF,w23,2029,11,PV,10.48821068,2029-11-01
Baseline,REF,w23,2029,11,WIND,78.47684898,2029-11-01
Baseline,REF,w23,2029,12,BIOENERGY,95.10373812,2029-12-01
Baseline,REF,w23,2029,12,DIESEL,428.1501343,2029-12-01
Baseline,REF,w23,2029,12,FUEL OIL,466.9284532,2029-12-01
Baseline,REF,w23,2029,12,GAS,278.1962722,2029-12-01
Baseline,REF,w23,2029,12,GEOTHERMAL,124.7612563,2029-12-01
Baseline,REF,w23,2029,12,HYDRO,2675.944396,2029-12-01
Baseline,REF,w23,2029,12,IMPORTS,0,2029-12-01
Baseline,REF,w23,2029,12,NUCLEAR,0,2029-12-01
Baseline,REF,w23,2029,12,PV,9.995927229,2029-12-01
Baseline,REF,w23,2029,12,WIND,84.40513593,2029-12-01
Baseline,REF,w23,2030,1,BIOENERGY,90.14348041,2030-01-01
Baseline,REF,w23,2030,1,DIESEL,0,2030-01-01
Baseline,REF,w23,2030,1,FUEL OIL,233.4242327,2030-01-01
Baseline,REF,w23,2030,1,GAS,63.76818972,2030-01-01
Baseline,REF,w23,2030,1,GEOTHERMAL,113.467064,2030-01-01
Baseline,REF,w23,2030,1,HYDRO,3510.463991,2030-01-01
Baseline,REF,w23,2030,1,IMPORTS,0,2030-01-01
Baseline,REF,w23,2030,1,NUCLEAR,0,2030-01-01
Baseline,REF,w23,2030,1,PV,63.07415623,2030-01-01
Baseline,REF,w23,2030,1,WIND,80.93056175,2030-01-01
Baseline,REF,w23,2030,2,BIOENERGY,84.9576595,2030-02-01
Baseline,REF,w23,2030,2,DIESEL,0,2030-02-01
Baseline,REF,w23,2030,2,FUEL OIL,388.450537,2030-02-01
Baseline,REF,w23,2030,2,GAS,62.98620533,2030-02-01
Baseline,REF,w23,2030,2,GEOTHERMAL,126.3862551,2030-02-01
Baseline,REF,w23,2030,2,HYDRO,3325.775736,2030-02-01
Baseline,REF,w23,2030,2,IMPORTS,0,2030-02-01
Baseline,REF,w23,2030,2,NUCLEAR,0,2030-02-01
Baseline,REF,w23,2030,2,PV,62.23675204,2030-02-01
Baseline,REF,w23,2030,2,WIND,83.70583928,2030-02-01
Baseline,REF,w23,2030,3,BIOENERGY,0,2030-03-01
Baseline,REF,w23,2030,3,DIESEL,0,2030-03-01
Baseline,REF,w23,2030,3,FUEL OIL,0,2030-03-01
Baseline,REF,w23,2030,3,GAS,0,2030-03-01
Baseline,REF,w23,2030,3,GEOTHERMAL,0,2030-03-01
Baseline,REF,w23,2030,3,HYDRO,4082.939463,2030-03-01
Baseline,REF,w23,2030,3,IMPORTS,0,2030-03-01
Baseline,REF,w23,2030,3,NUCLEAR,0,2030-03-01
Baseline,REF,w23,2030,3,PV,54.24631602,2030-03-01
Baseline,REF,w23,2030,3,WIND,69.37965519,2030-03-01
Baseline,REF,w23,2030,4,BIOENERGY,0,2030-04-01
Baseline,REF,w23,2030,4,DIESEL,0,2030-04-01
Baseline,REF,w23,2030,4,FUEL OIL,0,2030-04-01
Baseline,REF,w23,2030,4,GAS,0,2030-04-01
Baseline,REF,w23,2030,4,GEOTHERMAL,0,2030-04-01
Baseline,REF,w23,2030,4,HYDRO,4098.794301,2030-04-01
Baseline,REF,w23,2030,4,IMPORTS,0,2030-04-01
Baseline,REF,w23,2030,4,NUCLEAR,0,2030-04-01
Baseline,REF,w23,2030,4,PV,51.19473498,2030-04-01
Baseline,REF,w23,2030,4,WIND,77.96348139,2030-04-01
Baseline,REF,w23,2030,5,BIOENERGY,0,2030-05-01
Baseline,REF,w23,2030,5,DIESEL,0,2030-05-01
Baseline,REF,w23,2030,5,FUEL OIL,0,2030-05-01
Baseline,REF,w23,2030,5,GAS,0,2030-05-01
Baseline,REF,w23,2030,5,GEOTHERMAL,0,2030-05-01
Baseline,REF,w23,2030,5,HYDRO,4075.810352,2030-05-01
Baseline,REF,w23,2030,5,IMPORTS,0,2030-05-01
Baseline,REF,w23,2030,5,NUCLEAR,0,2030-05-01
Baseline,REF,w23,2030,5,PV,51.33597159,2030-05-01
Baseline,REF,w23,2030,5,WIND,79.87920328,2030-05-01
Baseline,REF,w23,2030,6,BIOENERGY,0,2030-06-01
Baseline,REF,w23,2030,6,DIESEL,0,2030-06-01
Baseline,REF,w23,2030,6,FUEL OIL,0,2030-06-01
Baseline,REF,w23,2030,6,GAS,0,2030-06-01
Baseline,REF,w23,2030,6,GEOTHERMAL,0,2030-06-01
Baseline,REF,w23,2030,6,HYDRO,3990.628137,2030-06-01
Baseline,REF,w23,2030,6,IMPORTS,0,2030-06-01
Baseline,REF,w23,2030,6,NUCLEAR,0,2030-06-01
Baseline,REF,w23,2030,6,PV,45.83965045,2030-06-01
Baseline,REF,w23,2030,6,WIND,77.98686453,2030-06-01
Baseline,REF,w23,2030,7,BIOENERGY,0,2030-07-01
Baseline,REF,w23,2030,7,DIESEL,0,2030-07-01
Baseline,REF,w23,2030,7,FUEL OIL,0,2030-07-01
Baseline,REF,w23,2030,7,GAS,0,2030-07-01
Baseline,REF,w23,2030,7,GEOTHERMAL,0,2030-07-01
Baseline,REF,w23,2030,7,HYDRO,3943.924539,2030-07-01
Baseline,REF,w23,2030,7,IMPORTS,0,2030-07-01
Baseline,REF,w23,2030,7,NUCLEAR,0,2030-07-01
Baseline,REF,w23,2030,7,PV,48.38841225,2030-07-01
Baseline,REF,w23,2030,7,WIND,67.59504534,2030-07-01
Baseline,REF,w23,2030,8,BIOENERGY,83.07962789,2030-08-01
Baseline,REF,w23,2030,8,DIESEL,0,2030-08-01
Baseline,REF,w23,2030,8,FUEL OIL,274.4878038,2030-08-01
Baseline,REF,w23,2030,8,GAS,63.69511368,2030-08-01
Baseline,REF,w23,2030,8,GEOTHERMAL,120.2645216,2030-08-01
Baseline,REF,w23,2030,8,HYDRO,3361.111168,2030-08-01
Baseline,REF,w23,2030,8,IMPORTS,0,2030-08-01
Baseline,REF,w23,2030,8,NUCLEAR,0,2030-08-01
Baseline,REF,w23,2030,8,PV,62.86238688,2030-08-01
Baseline,REF,w23,2030,8,WIND,83.29606973,2030-08-01
Baseline,REF,w23,2030,9,BIOENERGY,87.79280776,2030-09-01
Baseline,REF,w23,2030,9,DIESEL,0,2030-09-01
Baseline,REF,w23,2030,9,FUEL OIL,358.3305344,2030-09-01
Baseline,REF,w23,2030,9,GAS,63.30135622,2030-09-01
Baseline,REF,w23,2030,9,GEOTHERMAL,125.2642397,2030-09-01
Baseline,REF,w23,2030,9,HYDRO,3356.87689,2030-09-01
Baseline,REF,w23,2030,9,IMPORTS,0,2030-09-01
Baseline,REF,w23,2030,9,NUCLEAR,0,2030-09-01
Baseline,REF,w23,2030,9,PV,68.00826823,2030-09-01
Baseline,REF,w23,2030,9,WIND,83.84627585,2030-09-01
Baseline,REF,w23,2030,10,BIOENERGY,90.79812361,2030-10-01
Baseline,REF,w23,2030,10,DIESEL,0,2030-10-01
Baseline,REF,w23,2030,10,FUEL OIL,273.3564374,2030-10-01
Baseline,REF,w23,2030,10,GAS,64.82751326,2030-10-01
Baseline,REF,w23,2030,10,GEOTHERMAL,121.4620036,2030-10-01
Baseline,REF,w23,2030,10,HYDRO,3451.611489,2030-10-01
Baseline,REF,w23,2030,10,IMPORTS,0,2030-10-01
Baseline,REF,w23,2030,10,NUCLEAR,0,2030-10-01
Baseline,REF,w23,2030,10,PV,61.95185322,2030-10-01
Baseline,REF,w23,2030,10,WIND,92.99031748,2030-10-01
Baseline,REF,w23,2030,11,BIOENERGY,85.0508081,2030-11-01
Baseline,REF,w23,2030,11,DIESEL,0,2030-11-01
Baseline,REF,w23,2030,11,FUEL OIL,344.8341589,2030-11-01
Baseline,REF,w23,2030,11,GAS,63.12214574,2030-11-01
Baseline,REF,w23,2030,11,GEOTHERMAL,120.2306184,2030-11-01
Baseline,REF,w23,2030,11,HYDRO,3483.17014,2030-11-01
Baseline,REF,w23,2030,11,IMPORTS,0,2030-11-01
Baseline,REF,w23,2030,11,NUCLEAR,0,2030-11-01
Baseline,REF,w23,2030,11,PV,59.67491183,2030-11-01
Baseline,REF,w23,2030,11,WIND,85.0366617,2030-11-01
Baseline,REF,w23,2030,12,BIOENERGY,88.76704195,2030-12-01
Baseline,REF,w23,2030,12,DIESEL,0,2030-12-01
Baseline,REF,w23,2030,12,FUEL OIL,333.0805055,2030-12-01
Baseline,REF,w23,2030,12,GAS,62.64608716,2030-12-01
Baseline,REF,w23,2030,12,GEOTHERMAL,111.7907878,2030-12-01
Baseline,REF,w23,2030,12,HYDRO,3604.49907,2030-12-01
Baseline,REF,w23,2030,12,IMPORTS,0,2030-12-01
Baseline,REF,w23,2030,12,NUCLEAR,0,2030-12-01
Baseline,REF,w23,2030,12,PV,56.71691255,2030-12-01
Baseline,REF,w23,2030,12,WIND,85.01477667,2030-12-01
Baseline,REF,w23,2031,1,BIOENERGY,91.93686641,2031-01-01
Baseline,REF,w23,2031,1,DIESEL,0,2031-01-01
Baseline,REF,w23,2031,1,FUEL OIL,420.3527378,2031-01-01
Baseline,REF,w23,2031,1,GAS,61.62965486,2031-01-01
Baseline,REF,w23,2031,1,GEOTHERMAL,108.1882236,2031-01-01
Baseline,REF,w23,2031,1,HYDRO,3416.63195,2031-01-01
Baseline,REF,w23,2031,1,IMPORTS,0,2031-01-01
Baseline,REF,w23,2031,1,NUCLEAR,0,2031-01-01
Baseline,REF,w23,2031,1,PV,69.30647124,2031-01-01
Baseline,REF,w23,2031,1,WIND,153.4366383,2031-01-01
Baseline,REF,w23,2031,2,BIOENERGY,87.69999426,2031-02-01
Baseline,REF,w23,2031,2,DIESEL,0,2031-02-01
Baseline,REF,w23,2031,2,FUEL OIL,395.390362,2031-02-01
Baseline,REF,w23,2031,2,GAS,63.03276562,2031-02-01
Baseline,REF,w23,2031,2,GEOTHERMAL,108.7181757,2031-02-01
Baseline,REF,w23,2031,2,HYDRO,3424.189525,2031-02-01
Baseline,REF,w23,2031,2,IMPORTS,0,2031-02-01
Baseline,REF,w23,2031,2,NUCLEAR,0,2031-02-01
Baseline,REF,w23,2031,2,PV,59.13977073,2031-02-01
Baseline,REF,w23,2031,2,WIND,161.70835,2031-02-01
Baseline,REF,w23,2031,3,BIOENERGY,0,2031-03-01
Baseline,REF,w23,2031,3,DIESEL,0,2031-03-01
Baseline,REF,w23,2031,3,FUEL OIL,0,2031-03-01
Baseline,REF,w23,2031,3,GAS,0,2031-03-01
Baseline,REF,w23,2031,3,GEOTHERMAL,0,2031-03-01
Baseline,REF,w23,2031,3,HYDRO,4184.008278,2031-03-01
Baseline,REF,w23,2031,3,IMPORTS,0,2031-03-01
Baseline,REF,w23,2031,3,NUCLEAR,0,2031-03-01
Baseline,REF,w23,2031,3,PV,50.95717798,2031-03-01
Baseline,REF,w23,2031,3,WIND,139.8625952,2031-03-01
Baseline,REF,w23,2031,4,BIOENERGY,0,2031-04-01
Baseline,REF,w23,2031,4,DIESEL,0,2031-04-01
Baseline,REF,w23,2031,4,FUEL OIL,0,2031-04-01
Baseline,REF,w23,2031,4,GAS,0,2031-04-01
Baseline,REF,w23,2031,4,GEOTHERMAL,0,2031-04-01
Baseline,REF,w23,2031,4,HYDRO,4209.868686,2031-04-01
Baseline,REF,w23,2031,4,IMPORTS,0,2031-04-01
Baseline,REF,w23,2031,4,NUCLEAR,0,2031-04-01
Baseline,REF,w23,2031,4,PV,52.24893678,2031-04-01
Baseline,REF,w23,2031,4,WIND,134.9529955,2031-04-01
Baseline,REF,w23,2031,5,BIOENERGY,0,2031-05-01
Baseline,REF,w23,2031,5,DIESEL,0,2031-05-01
Baseline,REF,w23,2031,5,FUEL OIL,0,2031-05-01
Baseline,REF,w23,2031,5,GAS,0,2031-05-01
Baseline,REF,w23,2031,5,GEOTHERMAL,0,2031-05-01
Baseline,REF,w23,2031,5,HYDRO,4173.560059,2031-05-01
Baseline,REF,w23,2031,5,IMPORTS,0,2031-05-01
Baseline,REF,w23,2031,5,NUCLEAR,0,2031-05-01
Baseline,REF,w23,2031,5,PV,58.54454853,2031-05-01
Baseline,REF,w23,2031,5,WIND,143.2019404,2031-05-01
Baseline,REF,w23,2031,6,BIOENERGY,0,2031-06-01
Baseline,REF,w23,2031,6,DIESEL,0,2031-06-01
Baseline,REF,w23,2031,6,FUEL OIL,0,2031-06-01
Baseline,REF,w23,2031,6,GAS,0,2031-06-01
Baseline,REF,w23,2031,6,GEOTHERMAL,0,2031-06-01
Baseline,REF,w23,2031,6,HYDRO,4095.991991,2031-06-01
Baseline,REF,w23,2031,6,IMPORTS,0,2031-06-01
Baseline,REF,w23,2031,6,NUCLEAR,0,2031-06-01
Baseline,REF,w23,2031,6,PV,45.14418524,2031-06-01
Baseline,REF,w23,2031,6,WIND,137.8966618,2031-06-01
Baseline,REF,w23,2031,7,BIOENERGY,0,2031-07-01
Baseline,REF,w23,2031,7,DIESEL,0,2031-07-01
Baseline,REF,w23,2031,7,FUEL OIL,0,2031-07-01
Baseline,REF,w23,2031,7,GAS,0,2031-07-01
Baseline,REF,w23,2031,7,GEOTHERMAL,0,2031-07-01
Baseline,REF,w23,2031,7,HYDRO,4024.497834,2031-07-01
Baseline,REF,w23,2031,7,IMPORTS,0,2031-07-01
Baseline,REF,w23,2031,7,NUCLEAR,0,2031-07-01
Baseline,REF,w23,2031,7,PV,56.63040398,2031-07-01
Baseline,REF,w23,2031,7,WIND,141.1760792,2031-07-01
Baseline,REF,w23,2031,8,BIOENERGY,82.43323607,2031-08-01
Baseline,REF,w23,2031,8,DIESEL,0,2031-08-01
Baseline,REF,w23,2031,8,FUEL OIL,351.4143033,2031-08-01
Baseline,REF,w23,2031,8,GAS,63.24058186,2031-08-01
Baseline,REF,w23,2031,8,GEOTHERMAL,125.8119805,2031-08-01
Baseline,REF,w23,2031,8,HYDRO,3361.377,2031-08-01
Baseline,REF,w23,2031,8,IMPORTS,0,2031-08-01
Baseline,REF,w23,2031,8,NUCLEAR,0,2031-08-01
Baseline,REF,w23,2031,8,PV,63.03052422,2031-08-01
Baseline,REF,w23,2031,8,WIND,163.4409334,2031-08-01
Baseline,REF,w23,2031,9,BIOENERGY,87.1469756,2031-09-01
Baseline,REF,w23,2031,9,DIESEL,0,2031-09-01
Baseline,REF,w23,2031,9,FUEL OIL,411.3976878,2031-09-01
Baseline,REF,w23,2031,9,GAS,77.61711504,2031-09-01
Baseline,REF,w23,2031,9,GEOTHERMAL,109.6948401,2031-09-01
Baseline,REF,w23,2031,9,HYDRO,3395.037563,2031-09-01
Baseline,REF,w23,2031,9,IMPORTS,0,2031-09-01
Baseline,REF,w23,2031,9,NUCLEAR,0,2031-09-01
Baseline,REF,w23,2031,9,PV,63.90644915,2031-09-01
Baseline,REF,w23,2031,9,WIND,164.3565569,2031-09-01
Baseline,REF,w23,2031,10,BIOENERGY,87.60601168,2031-10-01
Baseline,REF,w23,2031,10,DIESEL,37.93592983,2031-10-01
Baseline,REF,w23,2031,10,FUEL OIL,404.0736528,2031-10-01
Baseline,REF,w23,2031,10,GAS,62.74311646,2031-10-01
Baseline,REF,w23,2031,10,GEOTHERMAL,113.0055116,2031-10-01
Baseline,REF,w23,2031,10,HYDRO,3402.14122,2031-10-01
Baseline,REF,w23,2031,10,IMPORTS,0,2031-10-01
Baseline,REF,w23,2031,10,NUCLEAR,0,2031-10-01
Baseline,REF,w23,2031,10,PV,59.76291282,2031-10-01
Baseline,REF,w23,2031,10,WIND,156.0092923,2031-10-01
Baseline,REF,w23,2031,11,BIOENERGY,87.93289972,2031-11-01
Baseline,REF,w23,2031,11,DIESEL,32.02987494,2031-11-01
Baseline,REF,w23,2031,11,FUEL OIL,398.8101634,2031-11-01
Baseline,REF,w23,2031,11,GAS,63.35685933,2031-11-01
Baseline,REF,w23,2031,11,GEOTHERMAL,121.1745801,2031-11-01
Baseline,REF,w23,2031,11,HYDRO,3481.668959,2031-11-01
Baseline,REF,w23,2031,11,IMPORTS,0,2031-11-01
Baseline,REF,w23,2031,11,NUCLEAR,0,2031-11-01
Baseline,REF,w23,2031,11,PV,60.9711006,2031-11-01
Baseline,REF,w23,2031,11,WIND,164.8197856,2031-11-01
Baseline,REF,w23,2031,12,BIOENERGY,92.47382415,2031-12-01
Baseline,REF,w23,2031,12,DIESEL,110.8669823,2031-12-01
Baseline,REF,w23,2031,12,FUEL OIL,384.1134536,2031-12-01
Baseline,REF,w23,2031,12,GAS,61.99785288,2031-12-01
Baseline,REF,w23,2031,12,GEOTHERMAL,121.3777802,2031-12-01
Baseline,REF,w23,2031,12,HYDRO,3524.991808,2031-12-01
Baseline,REF,w23,2031,12,IMPORTS,0,2031-12-01
Baseline,REF,w23,2031,12,NUCLEAR,0,2031-12-01
Baseline,REF,w23,2031,12,PV,58.68265792,2031-12-01
Baseline,REF,w23,2031,12,WIND,161.7114303,2031-12-01
Baseline,REF,w23,2032,1,BIOENERGY,87.29629557,2032-01-01
Baseline,REF,w23,2032,1,DIESEL,0,2032-01-01
Baseline,REF,w23,2032,1,FUEL OIL,264.7834245,2032-01-01
Baseline,REF,w23,2032,1,GAS,64.05421605,2032-01-01
Baseline,REF,w23,2032,1,GEOTHERMAL,118.6184266,2032-01-01
Baseline,REF,w23,2032,1,HYDRO,3737.596827,2032-01-01
Baseline,REF,w23,2032,1,IMPORTS,0,2032-01-01
Baseline,REF,w23,2032,1,NUCLEAR,0,2032-01-01
Baseline,REF,w23,2032,1,PV,57.01242845,2032-01-01
Baseline,REF,w23,2032,1,WIND,164.9802258,2032-01-01
Baseline,REF,w23,2032,2,BIOENERGY,89.0333709,2032-02-01
Baseline,REF,w23,2032,2,DIESEL,0,2032-02-01
Baseline,REF,w23,2032,2,FUEL OIL,261.3444252,2032-02-01
Baseline,REF,w23,2032,2,GAS,63.67001253,2032-02-01
Baseline,REF,w23,2032,2,GEOTHERMAL,116.5518225,2032-02-01
Baseline,REF,w23,2032,2,HYDRO,3727.835827,2032-02-01
Baseline,REF,w23,2032,2,IMPORTS,0,2032-02-01
Baseline,REF,w23,2032,2,NUCLEAR,0,2032-02-01
Baseline,REF,w23,2032,2,PV,59.45006572,2032-02-01
Baseline,REF,w23,2032,2,WIND,153.988577,2032-02-01
Baseline,REF,w23,2032,3,BIOENERGY,0,2032-03-01
Baseline,REF,w23,2032,3,DIESEL,0,2032-03-01
Baseline,REF,w23,2032,3,FUEL OIL,0,2032-03-01
Baseline,REF,w23,2032,3,GAS,0,2032-03-01
Baseline,REF,w23,2032,3,GEOTHERMAL,0,2032-03-01
Baseline,REF,w23,2032,3,HYDRO,4348.930434,2032-03-01
Baseline,REF,w23,2032,3,IMPORTS,0,2032-03-01
Baseline,REF,w23,2032,3,NUCLEAR,0,2032-03-01
Baseline,REF,w23,2032,3,PV,51.20172289,2032-03-01
Baseline,REF,w23,2032,3,WIND,149.6890166,2032-03-01
Baseline,REF,w23,2032,4,BIOENERGY,0,2032-04-01
Baseline,REF,w23,2032,4,DIESEL,0,2032-04-01
Baseline,REF,w23,2032,4,FUEL OIL,0,2032-04-01
Baseline,REF,w23,2032,4,GAS,0,2032-04-01
Baseline,REF,w23,2032,4,GEOTHERMAL,0,2032-04-01
Baseline,REF,w23,2032,4,HYDRO,4381.295771,2032-04-01
Baseline,REF,w23,2032,4,IMPORTS,0,2032-04-01
Baseline,REF,w23,2032,4,NUCLEAR,0,2032-04-01
Baseline,REF,w23,2032,4,PV,56.63439045,2032-04-01
Baseline,REF,w23,2032,4,WIND,135.0232819,2032-04-01
Baseline,REF,w23,2032,5,BIOENERGY,0,2032-05-01
Baseline,REF,w23,2032,5,DIESEL,0,2032-05-01
Baseline,REF,w23,2032,5,FUEL OIL,0,2032-05-01
Baseline,REF,w23,2032,5,GAS,0,2032-05-01
Baseline,REF,w23,2032,5,GEOTHERMAL,0,2032-05-01
Baseline,REF,w23,2032,5,HYDRO,4356.953072,2032-05-01
Baseline,REF,w23,2032,5,IMPORTS,0,2032-05-01
Baseline,REF,w23,2032,5,NUCLEAR,0,2032-05-01
Baseline,REF,w23,2032,5,PV,45.18913659,2032-05-01
Baseline,REF,w23,2032,5,WIND,148.1766003,2032-05-01
Baseline,REF,w23,2032,6,BIOENERGY,0,2032-06-01
Baseline,REF,w23,2032,6,DIESEL,0,2032-06-01
Baseline,REF,w23,2032,6,FUEL OIL,0,2032-06-01
Baseline,REF,w23,2032,6,GAS,0,2032-06-01
Baseline,REF,w23,2032,6,GEOTHERMAL,0,2032-06-01
Baseline,REF,w23,2032,6,HYDRO,4254.309314,2032-06-01
Baseline,REF,w23,2032,6,IMPORTS,0,2032-06-01
Baseline,REF,w23,2032,6,NUCLEAR,0,2032-06-01
Baseline,REF,w23,2032,6,PV,51.57235426,2032-06-01
Baseline,REF,w23,2032,6,WIND,144.3124827,2032-06-01
Baseline,REF,w23,2032,7,BIOENERGY,0,2032-07-01
Baseline,REF,w23,2032,7,DIESEL,0,2032-07-01
Baseline,REF,w23,2032,7,FUEL OIL,0,2032-07-01
Baseline,REF,w23,2032,7,GAS,0,2032-07-01
Baseline,REF,w23,2032,7,GEOTHERMAL,0,2032-07-01
Baseline,REF,w23,2032,7,HYDRO,4191.242777,2032-07-01
Baseline,REF,w23,2032,7,IMPORTS,0,2032-07-01
Baseline,REF,w23,2032,7,NUCLEAR,0,2032-07-01
Baseline,REF,w23,2032,7,PV,59.13212244,2032-07-01
Baseline,REF,w23,2032,7,WIND,140.82159,2032-07-01
Baseline,REF,w23,2032,8,BIOENERGY,85.43915062,2032-08-01
Baseline,REF,w23,2032,8,DIESEL,0,2032-08-01
Baseline,REF,w23,2032,8,FUEL OIL,194.1551132,2032-08-01
Baseline,REF,w23,2032,8,GAS,62.14713597,2032-08-01
Baseline,REF,w23,2032,8,GEOTHERMAL,120.7624756,2032-08-01
Baseline,REF,w23,2032,8,HYDRO,3697.949875,2032-08-01
Baseline,REF,w23,2032,8,IMPORTS,0,2032-08-01
Baseline,REF,w23,2032,8,NUCLEAR,0,2032-08-01
Baseline,REF,w23,2032,8,PV,67.04685844,2032-08-01
Baseline,REF,w23,2032,8,WIND,151.6778928,2032-08-01
Baseline,REF,w23,2032,9,BIOENERGY,90.46850667,2032-09-01
Baseline,REF,w23,2032,9,DIESEL,0,2032-09-01
Baseline,REF,w23,2032,9,FUEL OIL,385.853187,2032-09-01
Baseline,REF,w23,2032,9,GAS,62.81810157,2032-09-01
Baseline,REF,w23,2032,9,GEOTHERMAL,110.044154,2032-09-01
Baseline,REF,w23,2032,9,HYDRO,3615.188026,2032-09-01
Baseline,REF,w23,2032,9,IMPORTS,0,2032-09-01
Baseline,REF,w23,2032,9,NUCLEAR,0,2032-09-01
Baseline,REF,w23,2032,9,PV,61.36711278,2032-09-01
Baseline,REF,w23,2032,9,WIND,155.7843868,2032-09-01
Baseline,REF,w23,2032,10,BIOENERGY,85.83255675,2032-10-01
Baseline,REF,w23,2032,10,DIESEL,0,2032-10-01
Baseline,REF,w23,2032,10,FUEL OIL,352.2611878,2032-10-01
Baseline,REF,w23,2032,10,GAS,61.34649524,2032-10-01
Baseline,REF,w23,2032,10,GEOTHERMAL,109.3469078,2032-10-01
Baseline,REF,w23,2032,10,HYDRO,3653.206038,2032-10-01
Baseline,REF,w23,2032,10,IMPORTS,0,2032-10-01
Baseline,REF,w23,2032,10,NUCLEAR,0,2032-10-01
Baseline,REF,w23,2032,10,PV,59.08565659,2032-10-01
Baseline,REF,w23,2032,10,WIND,175.1299106,2032-10-01
Baseline,REF,w23,2032,11,BIOENERGY,88.54071813,2032-11-01
Baseline,REF,w23,2032,11,DIESEL,77.60540406,2032-11-01
Baseline,REF,w23,2032,11,FUEL OIL,412.1135584,2032-11-01
Baseline,REF,w23,2032,11,GAS,62.44201053,2032-11-01
Baseline,REF,w23,2032,11,GEOTHERMAL,118.1036348,2032-11-01
Baseline,REF,w23,2032,11,HYDRO,3611.845749,2032-11-01
Baseline,REF,w23,2032,11,IMPORTS,0,2032-11-01
Baseline,REF,w23,2032,11,NUCLEAR,0,2032-11-01
Baseline,REF,w23,2032,11,PV,59.49115555,2032-11-01
Baseline,REF,w23,2032,11,WIND,157.0525607,2032-11-01
Baseline,REF,w23,2032,12,BIOENERGY,90.70765034,2032-12-01
Baseline,REF,w23,2032,12,DIESEL,73.95751494,2032-12-01
Baseline,REF,w23,2032,12,FUEL OIL,390.8735604,2032-12-01
Baseline,REF,w23,2032,12,GAS,62.57283575,2032-12-01
Baseline,REF,w23,2032,12,GEOTHERMAL,123.2934373,2032-12-01
Baseline,REF,w23,2032,12,HYDRO,3732.611108,2032-12-01
Baseline,REF,w23,2032,12,IMPORTS,0,2032-12-01
Baseline,REF,w23,2032,12,NUCLEAR,0,2032-12-01
Baseline,REF,w23,2032,12,PV,66.40353885,2032-12-01
Baseline,REF,w23,2032,12,WIND,156.4447755,2032-12-01
Baseline,REF,w23,2033,1,BIOENERGY,96.88562395,2033-01-01
Baseline,REF,w23,2033,1,DIESEL,0,2033-01-01
Baseline,REF,w23,2033,1,FUEL OIL,173.8589008,2033-01-01
Baseline,REF,w23,2033,1,GAS,63.0375024,2033-01-01
Baseline,REF,w23,2033,1,GEOTHERMAL,125.2806813,2033-01-01
Baseline,REF,w23,2033,1,HYDRO,3864.227289,2033-01-01
Baseline,REF,w23,2033,1,IMPORTS,0,2033-01-01
Baseline,REF,w23,2033,1,NUCLEAR,0,2033-01-01
Baseline,REF,w23,2033,1,PV,57.35449951,2033-01-01
Baseline,REF,w23,2033,1,WIND,203.5841846,2033-01-01
Baseline,REF,w23,2033,2,BIOENERGY,88.20803318,2033-02-01
Baseline,REF,w23,2033,2,DIESEL,0,2033-02-01
Baseline,REF,w23,2033,2,FUEL OIL,157.7396891,2033-02-01
Baseline,REF,w23,2033,2,GAS,64.13427644,2033-02-01
Baseline,REF,w23,2033,2,GEOTHERMAL,114.6388816,2033-02-01
Baseline,REF,w23,2033,2,HYDRO,3871.97972,2033-02-01
Baseline,REF,w23,2033,2,IMPORTS,0,2033-02-01
Baseline,REF,w23,2033,2,NUCLEAR,0,2033-02-01
Baseline,REF,w23,2033,2,PV,60.76428944,2033-02-01
Baseline,REF,w23,2033,2,WIND,203.8466932,2033-02-01
Baseline,REF,w23,2033,3,BIOENERGY,0,2033-03-01
Baseline,REF,w23,2033,3,DIESEL,0,2033-03-01
Baseline,REF,w23,2033,3,FUEL OIL,0,2033-03-01
Baseline,REF,w23,2033,3,GAS,0,2033-03-01
Baseline,REF,w23,2033,3,GEOTHERMAL,0,2033-03-01
Baseline,REF,w23,2033,3,HYDRO,4414.49188,2033-03-01
Baseline,REF,w23,2033,3,IMPORTS,0,2033-03-01
Baseline,REF,w23,2033,3,NUCLEAR,0,2033-03-01
Baseline,REF,w23,2033,3,PV,48.37263394,2033-03-01
Baseline,REF,w23,2033,3,WIND,177.9530825,2033-03-01
Baseline,REF,w23,2033,4,BIOENERGY,0,2033-04-01
Baseline,REF,w23,2033,4,DIESEL,0,2033-04-01
Baseline,REF,w23,2033,4,FUEL OIL,0,2033-04-01
Baseline,REF,w23,2033,4,GAS,0,2033-04-01
Baseline,REF,w23,2033,4,GEOTHERMAL,0,2033-04-01
Baseline,REF,w23,2033,4,HYDRO,4424.545189,2033-04-01
Baseline,REF,w23,2033,4,IMPORTS,0,2033-04-01
Baseline,REF,w23,2033,4,NUCLEAR,0,2033-04-01
Baseline,REF,w23,2033,4,PV,49.35683248,2033-04-01
Baseline,REF,w23,2033,4,WIND,190.5104899,2033-04-01
Baseline,REF,w23,2033,5,BIOENERGY,0,2033-05-01
Baseline,REF,w23,2033,5,DIESEL,0,2033-05-01
Baseline,REF,w23,2033,5,FUEL OIL,0,2033-05-01
Baseline,REF,w23,2033,5,GAS,0,2033-05-01
Baseline,REF,w23,2033,5,GEOTHERMAL,0,2033-05-01
Baseline,REF,w23,2033,5,HYDRO,4395.614239,2033-05-01
Baseline,REF,w23,2033,5,IMPORTS,0,2033-05-01
Baseline,REF,w23,2033,5,NUCLEAR,0,2033-05-01
Baseline,REF,w23,2033,5,PV,52.85189476,2033-05-01
Baseline,REF,w23,2033,5,WIND,192.8590519,2033-05-01
Baseline,REF,w23,2033,6,BIOENERGY,0,2033-06-01
Baseline,REF,w23,2033,6,DIESEL,0,2033-06-01
Baseline,REF,w23,2033,6,FUEL OIL,0,2033-06-01
Baseline,REF,w23,2033,6,GAS,0,2033-06-01
Baseline,REF,w23,2033,6,GEOTHERMAL,0,2033-06-01
Baseline,REF,w23,2033,6,HYDRO,4312.958291,2033-06-01
Baseline,REF,w23,2033,6,IMPORTS,0,2033-06-01
Baseline,REF,w23,2033,6,NUCLEAR,0,2033-06-01
Baseline,REF,w23,2033,6,PV,43.84360077,2033-06-01
Baseline,REF,w23,2033,6,WIND,182.3961422,2033-06-01
Baseline,REF,w23,2033,7,BIOENERGY,0,2033-07-01
Baseline,REF,w23,2033,7,DIESEL,0,2033-07-01
Baseline,REF,w23,2033,7,FUEL OIL,0,2033-07-01
Baseline,REF,w23,2033,7,GAS,0,2033-07-01
Baseline,REF,w23,2033,7,GEOTHERMAL,0,2033-07-01
Baseline,REF,w23,2033,7,HYDRO,4254.127461,2033-07-01
Baseline,REF,w23,2033,7,IMPORTS,0,2033-07-01
Baseline,REF,w23,2033,7,NUCLEAR,0,2033-07-01
Baseline,REF,w23,2033,7,PV,45.80406605,2033-07-01
Baseline,REF,w23,2033,7,WIND,179.088892,2033-07-01
Baseline,REF,w23,2033,8,BIOENERGY,88.4243713,2033-08-01
Baseline,REF,w23,2033,8,DIESEL,0,2033-08-01
Baseline,REF,w23,2033,8,FUEL OIL,129.7764939,2033-08-01
Baseline,REF,w23,2033,8,GAS,0,2033-08-01
Baseline,REF,w23,2033,8,GEOTHERMAL,114.8488016,2033-08-01
Baseline,REF,w23,2033,8,HYDRO,3863.810452,2033-08-01
Baseline,REF,w23,2033,8,IMPORTS,0,2033-08-01
Baseline,REF,w23,2033,8,NUCLEAR,0,2033-08-01
Baseline,REF,w23,2033,8,PV,67.8571761,2033-08-01
Baseline,REF,w23,2033,8,WIND,202.0447764,2033-08-01
Baseline,REF,w23,2033,9,BIOENERGY,61.47227231,2033-09-01
Baseline,REF,w23,2033,9,DIESEL,0,2033-09-01
Baseline,REF,w23,2033,9,FUEL OIL,182.0517568,2033-09-01
Baseline,REF,w23,2033,9,GAS,0,2033-09-01
Baseline,REF,w23,2033,9,GEOTHERMAL,126.1404639,2033-09-01
Baseline,REF,w23,2033,9,HYDRO,3948.054408,2033-09-01
Baseline,REF,w23,2033,9,IMPORTS,0,2033-09-01
Baseline,REF,w23,2033,9,NUCLEAR,0,2033-09-01
Baseline,REF,w23,2033,9,PV,58.2406194,2033-09-01
Baseline,REF,w23,2033,9,WIND,195.1944237,2033-09-01
Baseline,REF,w23,2033,10,BIOENERGY,82.72535419,2033-10-01
Baseline,REF,w23,2033,10,DIESEL,0,2033-10-01
Baseline,REF,w23,2033,10,FUEL OIL,173.2917951,2033-10-01
Baseline,REF,w23,2033,10,GAS,61.80770709,2033-10-01
Baseline,REF,w23,2033,10,GEOTHERMAL,129.3012345,2033-10-01
Baseline,REF,w23,2033,10,HYDRO,3886.872096,2033-10-01
Baseline,REF,w23,2033,10,IMPORTS,0,2033-10-01
Baseline,REF,w23,2033,10,NUCLEAR,0,2033-10-01
Baseline,REF,w23,2033,10,PV,58.82397922,2033-10-01
Baseline,REF,w23,2033,10,WIND,193.3107617,2033-10-01
Baseline,REF,w23,2033,11,BIOENERGY,93.62049285,2033-11-01
Baseline,REF,w23,2033,11,DIESEL,0,2033-11-01
Baseline,REF,w23,2033,11,FUEL OIL,227.6388322,2033-11-01
Baseline,REF,w23,2033,11,GAS,89.28143098,2033-11-01
Baseline,REF,w23,2033,11,GEOTHERMAL,118.5144725,2033-11-01
Baseline,REF,w23,2033,11,HYDRO,3896.744129,2033-11-01
Baseline,REF,w23,2033,11,IMPORTS,0,2033-11-01
Baseline,REF,w23,2033,11,NUCLEAR,0,2033-11-01
Baseline,REF,w23,2033,11,PV,57.35761304,2033-11-01
Baseline,REF,w23,2033,11,WIND,195.7817167,2033-11-01
Baseline,REF,w23,2033,12,BIOENERGY,85.03277561,2033-12-01
Baseline,REF,w23,2033,12,DIESEL,38.32621093,2033-12-01
Baseline,REF,w23,2033,12,FUEL OIL,310.5901134,2033-12-01
Baseline,REF,w23,2033,12,GAS,95.19188815,2033-12-01
Baseline,REF,w23,2033,12,GEOTHERMAL,133.6038913,2033-12-01
Baseline,REF,w23,2033,12,HYDRO,3880.416309,2033-12-01
Baseline,REF,w23,2033,12,IMPORTS,0,2033-12-01
Baseline,REF,w23,2033,12,NUCLEAR,0,2033-12-01
Baseline,REF,w23,2033,12,PV,59.6644403,2033-12-01
Baseline,REF,w23,2033,12,WIND,187.9760807,2033-12-01
Baseline,REF,w23,2034,1,BIOENERGY,88.27340175,2034-01-01
Baseline,REF,w23,2034,1,DIESEL,0,2034-01-01
Baseline,REF,w23,2034,1,FUEL OIL,155.6986312,2034-01-01
Baseline,REF,w23,2034,1,GAS,36.12057245,2034-01-01
Baseline,REF,w23,2034,1,GEOTHERMAL,125.301712,2034-01-01
Baseline,REF,w23,2034,1,HYDRO,4006.389827,2034-01-01
Baseline,REF,w23,2034,1,IMPORTS,0,2034-01-01
Baseline,REF,w23,2034,1,NUCLEAR,0,2034-01-01
Baseline,REF,w23,2034,1,PV,60.4128666,2034-01-01
Baseline,REF,w23,2034,1,WIND,203.7162441,2034-01-01
Baseline,REF,w23,2034,2,BIOENERGY,89.10619221,2034-02-01
Baseline,REF,w23,2034,2,DIESEL,0,2034-02-01
Baseline,REF,w23,2034,2,FUEL OIL,166.1931978,2034-02-01
Baseline,REF,w23,2034,2,GAS,26.81754574,2034-02-01
Baseline,REF,w23,2034,2,GEOTHERMAL,117.3886737,2034-02-01
Baseline,REF,w23,2034,2,HYDRO,3989.881058,2034-02-01
Baseline,REF,w23,2034,2,IMPORTS,0,2034-02-01
Baseline,REF,w23,2034,2,NUCLEAR,0,2034-02-01
Baseline,REF,w23,2034,2,PV,63.31395625,2034-02-01
Baseline,REF,w23,2034,2,WIND,199.8371907,2034-02-01
Baseline,REF,w23,2034,3,BIOENERGY,0,2034-03-01
Baseline,REF,w23,2034,3,DIESEL,0,2034-03-01
Baseline,REF,w23,2034,3,FUEL OIL,0,2034-03-01
Baseline,REF,w23,2034,3,GAS,0,2034-03-01
Baseline,REF,w23,2034,3,GEOTHERMAL,0,2034-03-01
Baseline,REF,w23,2034,3,HYDRO,4501.282524,2034-03-01
Baseline,REF,w23,2034,3,IMPORTS,0,2034-03-01
Baseline,REF,w23,2034,3,NUCLEAR,0,2034-03-01
Baseline,REF,w23,2034,3,PV,51.69158842,2034-03-01
Baseline,REF,w23,2034,3,WIND,180.6598357,2034-03-01
Baseline,REF,w23,2034,4,BIOENERGY,0,2034-04-01
Baseline,REF,w23,2034,4,DIESEL,0,2034-04-01
Baseline,REF,w23,2034,4,FUEL OIL,32.49462851,2034-04-01
Baseline,REF,w23,2034,4,GAS,0,2034-04-01
Baseline,REF,w23,2034,4,GEOTHERMAL,0,2034-04-01
Baseline,REF,w23,2034,4,HYDRO,4510.241194,2034-04-01
Baseline,REF,w23,2034,4,IMPORTS,0,2034-04-01
Baseline,REF,w23,2034,4,NUCLEAR,0,2034-04-01
Baseline,REF,w23,2034,4,PV,47.48092012,2034-04-01
Baseline,REF,w23,2034,4,WIND,167.4840195,2034-04-01
Baseline,REF,w23,2034,5,BIOENERGY,0,2034-05-01
Baseline,REF,w23,2034,5,DIESEL,0,2034-05-01
Baseline,REF,w23,2034,5,FUEL OIL,0,2034-05-01
Baseline,REF,w23,2034,5,GAS,0,2034-05-01
Baseline,REF,w23,2034,5,GEOTHERMAL,0,2034-05-01
Baseline,REF,w23,2034,5,HYDRO,4500.902283,2034-05-01
Baseline,REF,w23,2034,5,IMPORTS,0,2034-05-01
Baseline,REF,w23,2034,5,NUCLEAR,0,2034-05-01
Baseline,REF,w23,2034,5,PV,56.51489436,2034-05-01
Baseline,REF,w23,2034,5,WIND,176.7345114,2034-05-01
Baseline,REF,w23,2034,6,BIOENERGY,0,2034-06-01
Baseline,REF,w23,2034,6,DIESEL,0,2034-06-01
Baseline,REF,w23,2034,6,FUEL OIL,0,2034-06-01
Baseline,REF,w23,2034,6,GAS,0,2034-06-01
Baseline,REF,w23,2034,6,GEOTHERMAL,0,2034-06-01
Baseline,REF,w23,2034,6,HYDRO,4393.378878,2034-06-01
Baseline,REF,w23,2034,6,IMPORTS,0,2034-06-01
Baseline,REF,w23,2034,6,NUCLEAR,0,2034-06-01
Baseline,REF,w23,2034,6,PV,51.77821144,2034-06-01
Baseline,REF,w23,2034,6,WIND,184.8249059,2034-06-01
Baseline,REF,w23,2034,7,BIOENERGY,0,2034-07-01
Baseline,REF,w23,2034,7,DIESEL,0,2034-07-01
Baseline,REF,w23,2034,7,FUEL OIL,0,2034-07-01
Baseline,REF,w23,2034,7,GAS,0,2034-07-01
Baseline,REF,w23,2034,7,GEOTHERMAL,0,2034-07-01
Baseline,REF,w23,2034,7,HYDRO,4342.811661,2034-07-01
Baseline,REF,w23,2034,7,IMPORTS,0,2034-07-01
Baseline,REF,w23,2034,7,NUCLEAR,0,2034-07-01
Baseline,REF,w23,2034,7,PV,46.87692742,2034-07-01
Baseline,REF,w23,2034,7,WIND,178.9122388,2034-07-01
Baseline,REF,w23,2034,8,BIOENERGY,91.72983292,2034-08-01
Baseline,REF,w23,2034,8,DIESEL,0,2034-08-01
Baseline,REF,w23,2034,8,FUEL OIL,60.15122209,2034-08-01
Baseline,REF,w23,2034,8,GAS,0,2034-08-01
Baseline,REF,w23,2034,8,GEOTHERMAL,117.7910615,2034-08-01
Baseline,REF,w23,2034,8,HYDRO,4029.916254,2034-08-01
Baseline,REF,w23,2034,8,IMPORTS,0,2034-08-01
Baseline,REF,w23,2034,8,NUCLEAR,0,2034-08-01
Baseline,REF,w23,2034,8,PV,59.22953204,2034-08-01
Baseline,REF,w23,2034,8,WIND,197.2794101,2034-08-01
Baseline,REF,w23,2034,9,BIOENERGY,64.22879207,2034-09-01
Baseline,REF,w23,2034,9,DIESEL,0,2034-09-01
Baseline,REF,w23,2034,9,FUEL OIL,32.45677036,2034-09-01
Baseline,REF,w23,2034,9,GAS,0,2034-09-01
Baseline,REF,w23,2034,9,GEOTHERMAL,109.4878377,2034-09-01
Baseline,REF,w23,2034,9,HYDRO,4175.917333,2034-09-01
Baseline,REF,w23,2034,9,IMPORTS,0,2034-09-01
Baseline,REF,w23,2034,9,NUCLEAR,0,2034-09-01
Baseline,REF,w23,2034,9,PV,67.60410142,2034-09-01
Baseline,REF,w23,2034,9,WIND,212.882189,2034-09-01
Baseline,REF,w23,2034,10,BIOENERGY,86.652266,2034-10-01
Baseline,REF,w23,2034,10,DIESEL,0,2034-10-01
Baseline,REF,w23,2034,10,FUEL OIL,193.5534491,2034-10-01
Baseline,REF,w23,2034,10,GAS,63.63339267,2034-10-01
Baseline,REF,w23,2034,10,GEOTHERMAL,122.4730437,2034-10-01
Baseline,REF,w23,2034,10,HYDRO,3942.289872,2034-10-01
Baseline,REF,w23,2034,10,IMPORTS,0,2034-10-01
Baseline,REF,w23,2034,10,NUCLEAR,0,2034-10-01
Baseline,REF,w23,2034,10,PV,61.79900291,2034-10-01
Baseline,REF,w23,2034,10,WIND,207.4545604,2034-10-01
Baseline,REF,w23,2034,11,BIOENERGY,65.79856351,2034-11-01
Baseline,REF,w23,2034,11,DIESEL,0,2034-11-01
Baseline,REF,w23,2034,11,FUEL OIL,176.7602864,2034-11-01
Baseline,REF,w23,2034,11,GAS,0,2034-11-01
Baseline,REF,w23,2034,11,GEOTHERMAL,127.9242606,2034-11-01
Baseline,REF,w23,2034,11,HYDRO,4140.476342,2034-11-01
Baseline,REF,w23,2034,11,IMPORTS,0,2034-11-01
Baseline,REF,w23,2034,11,NUCLEAR,0,2034-11-01
Baseline,REF,w23,2034,11,PV,63.1125122,2034-11-01
Baseline,REF,w23,2034,11,WIND,198.4454962,2034-11-01
Baseline,REF,w23,2034,12,BIOENERGY,89.03835277,2034-12-01
Baseline,REF,w23,2034,12,DIESEL,0,2034-12-01
Baseline,REF,w23,2034,12,FUEL OIL,247.4986327,2034-12-01
Baseline,REF,w23,2034,12,GAS,110.5986496,2034-12-01
Baseline,REF,w23,2034,12,GEOTHERMAL,120.4317015,2034-12-01
Baseline,REF,w23,2034,12,HYDRO,4065.649173,2034-12-01
Baseline,REF,w23,2034,12,IMPORTS,0,2034-12-01
Baseline,REF,w23,2034,12,NUCLEAR,0,2034-12-01
Baseline,REF,w23,2034,12,PV,55.53331552,2034-12-01
Baseline,REF,w23,2034,12,WIND,197.8679179,2034-12-01
Baseline,REF,w23,2035,1,BIOENERGY,84.25260555,2035-01-01
Baseline,REF,w23,2035,1,DIESEL,0,2035-01-01
Baseline,REF,w23,2035,1,FUEL OIL,121.9585308,2035-01-01
Baseline,REF,w23,2035,1,GAS,0,2035-01-01
Baseline,REF,w23,2035,1,GEOTHERMAL,122.0285077,2035-01-01
Baseline,REF,w23,2035,1,HYDRO,4185.766444,2035-01-01
Baseline,REF,w23,2035,1,IMPORTS,0,2035-01-01
Baseline,REF,w23,2035,1,NUCLEAR,0,2035-01-01
Baseline,REF,w23,2035,1,PV,61.79361073,2035-01-01
Baseline,REF,w23,2035,1,WIND,193.6318207,2035-01-01
Baseline,REF,w23,2035,2,BIOENERGY,88.02424501,2035-02-01
Baseline,REF,w23,2035,2,DIESEL,0,2035-02-01
Baseline,REF,w23,2035,2,FUEL OIL,149.2561308,2035-02-01
Baseline,REF,w23,2035,2,GAS,63.0102706,2035-02-01
Baseline,REF,w23,2035,2,GEOTHERMAL,118.7057351,2035-02-01
Baseline,REF,w23,2035,2,HYDRO,4072.709791,2035-02-01
Baseline,REF,w23,2035,2,IMPORTS,0,2035-02-01
Baseline,REF,w23,2035,2,NUCLEAR,0,2035-02-01
Baseline,REF,w23,2035,2,PV,56.05388659,2035-02-01
Baseline,REF,w23,2035,2,WIND,197.8285115,2035-02-01
Baseline,REF,w23,2035,3,BIOENERGY,0,2035-03-01
Baseline,REF,w23,2035,3,DIESEL,0,2035-03-01
Baseline,REF,w23,2035,3,FUEL OIL,0,2035-03-01
Baseline,REF,w23,2035,3,GAS,0,2035-03-01
Baseline,REF,w23,2035,3,GEOTHERMAL,0,2035-03-01
Baseline,REF,w23,2035,3,HYDRO,4591.720383,2035-03-01
Baseline,REF,w23,2035,3,IMPORTS,0,2035-03-01
Baseline,REF,w23,2035,3,NUCLEAR,0,2035-03-01
Baseline,REF,w23,2035,3,PV,54.93475071,2035-03-01
Baseline,REF,w23,2035,3,WIND,181.6514941,2035-03-01
Baseline,REF,w23,2035,4,BIOENERGY,0,2035-04-01
Baseline,REF,w23,2035,4,DIESEL,0,2035-04-01
Baseline,REF,w23,2035,4,FUEL OIL,0,2035-04-01
Baseline,REF,w23,2035,4,GAS,0,2035-04-01
Baseline,REF,w23,2035,4,GEOTHERMAL,0,2035-04-01
Baseline,REF,w23,2035,4,HYDRO,4618.643444,2035-04-01
Baseline,REF,w23,2035,4,IMPORTS,0,2035-04-01
Baseline,REF,w23,2035,4,NUCLEAR,0,2035-04-01
Baseline,REF,w23,2035,4,PV,54.13971344,2035-04-01
Baseline,REF,w23,2035,4,WIND,180.0716203,2035-04-01
Baseline,REF,w23,2035,5,BIOENERGY,0,2035-05-01
Baseline,REF,w23,2035,5,DIESEL,0,2035-05-01
Baseline,REF,w23,2035,5,FUEL OIL,31.93295298,2035-05-01
Baseline,REF,w23,2035,5,GAS,0,2035-05-01
Baseline,REF,w23,2035,5,GEOTHERMAL,0,2035-05-01
Baseline,REF,w23,2035,5,HYDRO,4574.113456,2035-05-01
Baseline,REF,w23,2035,5,IMPORTS,0,2035-05-01
Baseline,REF,w23,2035,5,NUCLEAR,0,2035-05-01
Baseline,REF,w23,2035,5,PV,46.97351017,2035-05-01
Baseline,REF,w23,2035,5,WIND,175.8148036,2035-05-01
Baseline,REF,w23,2035,6,BIOENERGY,0,2035-06-01
Baseline,REF,w23,2035,6,DIESEL,0,2035-06-01
Baseline,REF,w23,2035,6,FUEL OIL,0,2035-06-01
Baseline,REF,w23,2035,6,GAS,0,2035-06-01
Baseline,REF,w23,2035,6,GEOTHERMAL,0,2035-06-01
Baseline,REF,w23,2035,6,HYDRO,4486.908415,2035-06-01
Baseline,REF,w23,2035,6,IMPORTS,0,2035-06-01
Baseline,REF,w23,2035,6,NUCLEAR,0,2035-06-01
Baseline,REF,w23,2035,6,PV,52.23215841,2035-06-01
Baseline,REF,w23,2035,6,WIND,183.4410611,2035-06-01
Baseline,REF,w23,2035,7,BIOENERGY,0,2035-07-01
Baseline,REF,w23,2035,7,DIESEL,0,2035-07-01
Baseline,REF,w23,2035,7,FUEL OIL,0,2035-07-01
Baseline,REF,w23,2035,7,GAS,0,2035-07-01
Baseline,REF,w23,2035,7,GEOTHERMAL,0,2035-07-01
Baseline,REF,w23,2035,7,HYDRO,4425.855228,2035-07-01
Baseline,REF,w23,2035,7,IMPORTS,0,2035-07-01
Baseline,REF,w23,2035,7,NUCLEAR,0,2035-07-01
Baseline,REF,w23,2035,7,PV,53.95495134,2035-07-01
Baseline,REF,w23,2035,7,WIND,180.1626653,2035-07-01
Baseline,REF,w23,2035,8,BIOENERGY,81.67324827,2035-08-01
Baseline,REF,w23,2035,8,DIESEL,0,2035-08-01
Baseline,REF,w23,2035,8,FUEL OIL,0,2035-08-01
Baseline,REF,w23,2035,8,GAS,0,2035-08-01
Baseline,REF,w23,2035,8,GEOTHERMAL,119.0052149,2035-08-01
Baseline,REF,w23,2035,8,HYDRO,4143.291298,2035-08-01
Baseline,REF,w23,2035,8,IMPORTS,31.41100842,2035-08-01
Baseline,REF,w23,2035,8,NUCLEAR,0,2035-08-01
Baseline,REF,w23,2035,8,PV,69.08992465,2035-08-01
Baseline,REF,w23,2035,8,WIND,202.7485649,2035-08-01
Baseline,REF,w23,2035,9,BIOENERGY,89.09961516,2035-09-01
Baseline,REF,w23,2035,9,DIESEL,0,2035-09-01
Baseline,REF,w23,2035,9,FUEL OIL,124.0084674,2035-09-01
Baseline,REF,w23,2035,9,GAS,0,2035-09-01
Baseline,REF,w23,2035,9,GEOTHERMAL,122.8741164,2035-09-01
Baseline,REF,w23,2035,9,HYDRO,4155.437701,2035-09-01
Baseline,REF,w23,2035,9,IMPORTS,0,2035-09-01
Baseline,REF,w23,2035,9,NUCLEAR,0,2035-09-01
Baseline,REF,w23,2035,9,PV,70.71285245,2035-09-01
Baseline,REF,w23,2035,9,WIND,193.6958119,2035-09-01
Baseline,REF,w23,2035,10,BIOENERGY,92.26942936,2035-10-01
Baseline,REF,w23,2035,10,DIESEL,0,2035-10-01
Baseline,REF,w23,2035,10,FUEL OIL,90.53359781,2035-10-01
Baseline,REF,w23,2035,10,GAS,0,2035-10-01
Baseline,REF,w23,2035,10,GEOTHERMAL,116.5398214,2035-10-01
Baseline,REF,w23,2035,10,HYDRO,4206.522868,2035-10-01
Baseline,REF,w23,2035,10,IMPORTS,0,2035-10-01
Baseline,REF,w23,2035,10,NUCLEAR,0,2035-10-01
Baseline,REF,w23,2035,10,PV,54.82357136,2035-10-01
Baseline,REF,w23,2035,10,WIND,210.7234102,2035-10-01
Baseline,REF,w23,2035,11,BIOENERGY,96.16341398,2035-11-01
Baseline,REF,w23,2035,11,DIESEL,0,2035-11-01
Baseline,REF,w23,2035,11,FUEL OIL,199.7586809,2035-11-01
Baseline,REF,w23,2035,11,GAS,0,2035-11-01
Baseline,REF,w23,2035,11,GEOTHERMAL,120.6266816,2035-11-01
Baseline,REF,w23,2035,11,HYDRO,4189.026583,2035-11-01
Baseline,REF,w23,2035,11,IMPORTS,0,2035-11-01
Baseline,REF,w23,2035,11,NUCLEAR,0,2035-11-01
Baseline,REF,w23,2035,11,PV,60.54903373,2035-11-01
Baseline,REF,w23,2035,11,WIND,201.8434165,2035-11-01
Baseline,REF,w23,2035,12,BIOENERGY,91.15783691,2035-12-01
Baseline,REF,w23,2035,12,DIESEL,0,2035-12-01
Baseline,REF,w23,2035,12,FUEL OIL,265.3278284,2035-12-01
Baseline,REF,w23,2035,12,GAS,62.63027973,2035-12-01
Baseline,REF,w23,2035,12,GEOTHERMAL,130.6079813,2035-12-01
Baseline,REF,w23,2035,12,HYDRO,4180.219502,2035-12-01
Baseline,REF,w23,2035,12,IMPORTS,0,2035-12-01
Baseline,REF,w23,2035,12,NUCLEAR,0,2035-12-01
Baseline,REF,w23,2035,12,PV,52.1381756,2035-12-01
Baseline,REF,w23,2035,12,WIND,202.2684938,2035-12-01
Baseline,REF,w23,2036,1,BIOENERGY,87.00658686,2036-01-01
Baseline,REF,w23,2036,1,DIESEL,0,2036-01-01
Baseline,REF,w23,2036,1,FUEL OIL,53.6815236,2036-01-01
Baseline,REF,w23,2036,1,GAS,0,2036-01-01
Baseline,REF,w23,2036,1,GEOTHERMAL,121.2535499,2036-01-01
Baseline,REF,w23,2036,1,HYDRO,4255.514023,2036-01-01
Baseline,REF,w23,2036,1,IMPORTS,0,2036-01-01
Baseline,REF,w23,2036,1,NUCLEAR,0,2036-01-01
Baseline,REF,w23,2036,1,PV,57.15648816,2036-01-01
Baseline,REF,w23,2036,1,WIND,290.2079788,2036-01-01
Baseline,REF,w23,2036,2,BIOENERGY,87.878624,2036-02-01
Baseline,REF,w23,2036,2,DIESEL,0,2036-02-01
Baseline,REF,w23,2036,2,FUEL OIL,146.3350977,2036-02-01
Baseline,REF,w23,2036,2,GAS,0,2036-02-01
Baseline,REF,w23,2036,2,GEOTHERMAL,109.1051189,2036-02-01
Baseline,REF,w23,2036,2,HYDRO,4156.425188,2036-02-01
Baseline,REF,w23,2036,2,IMPORTS,0,2036-02-01
Baseline,REF,w23,2036,2,NUCLEAR,0,2036-02-01
Baseline,REF,w23,2036,2,PV,55.37425418,2036-02-01
Baseline,REF,w23,2036,2,WIND,285.3820602,2036-02-01
Baseline,REF,w23,2036,3,BIOENERGY,0,2036-03-01
Baseline,REF,w23,2036,3,DIESEL,0,2036-03-01
Baseline,REF,w23,2036,3,FUEL OIL,0,2036-03-01
Baseline,REF,w23,2036,3,GAS,0,2036-03-01
Baseline,REF,w23,2036,3,GEOTHERMAL,0,2036-03-01
Baseline,REF,w23,2036,3,HYDRO,4615.90729,2036-03-01
Baseline,REF,w23,2036,3,IMPORTS,0,2036-03-01
Baseline,REF,w23,2036,3,NUCLEAR,0,2036-03-01
Baseline,REF,w23,2036,3,PV,58.966978,2036-03-01
Baseline,REF,w23,2036,3,WIND,249.998492,2036-03-01
Baseline,REF,w23,2036,4,BIOENERGY,0,2036-04-01
Baseline,REF,w23,2036,4,DIESEL,0,2036-04-01
Baseline,REF,w23,2036,4,FUEL OIL,32.04289108,2036-04-01
Baseline,REF,w23,2036,4,GAS,0,2036-04-01
Baseline,REF,w23,2036,4,GEOTHERMAL,0,2036-04-01
Baseline,REF,w23,2036,4,HYDRO,4623.915524,2036-04-01
Baseline,REF,w23,2036,4,IMPORTS,0,2036-04-01
Baseline,REF,w23,2036,4,NUCLEAR,0,2036-04-01
Baseline,REF,w23,2036,4,PV,49.92628452,2036-04-01
Baseline,REF,w23,2036,4,WIND,244.0271736,2036-04-01
Baseline,REF,w23,2036,5,BIOENERGY,0,2036-05-01
Baseline,REF,w23,2036,5,DIESEL,0,2036-05-01
Baseline,REF,w23,2036,5,FUEL OIL,0,2036-05-01
Baseline,REF,w23,2036,5,GAS,0,2036-05-01
Baseline,REF,w23,2036,5,GEOTHERMAL,0,2036-05-01
Baseline,REF,w23,2036,5,HYDRO,4614.811416,2036-05-01
Baseline,REF,w23,2036,5,IMPORTS,0,2036-05-01
Baseline,REF,w23,2036,5,NUCLEAR,0,2036-05-01
Baseline,REF,w23,2036,5,PV,52.02136681,2036-05-01
Baseline,REF,w23,2036,5,WIND,256.980655,2036-05-01
Baseline,REF,w23,2036,6,BIOENERGY,0,2036-06-01
Baseline,REF,w23,2036,6,DIESEL,0,2036-06-01
Baseline,REF,w23,2036,6,FUEL OIL,33.01866475,2036-06-01
Baseline,REF,w23,2036,6,GAS,0,2036-06-01
Baseline,REF,w23,2036,6,GEOTHERMAL,0,2036-06-01
Baseline,REF,w23,2036,6,HYDRO,4488.872573,2036-06-01
Baseline,REF,w23,2036,6,IMPORTS,0,2036-06-01
Baseline,REF,w23,2036,6,NUCLEAR,0,2036-06-01
Baseline,REF,w23,2036,6,PV,49.99649427,2036-06-01
Baseline,REF,w23,2036,6,WIND,245.1455353,2036-06-01
Baseline,REF,w23,2036,7,BIOENERGY,0,2036-07-01
Baseline,REF,w23,2036,7,DIESEL,0,2036-07-01
Baseline,REF,w23,2036,7,FUEL OIL,0,2036-07-01
Baseline,REF,w23,2036,7,GAS,0,2036-07-01
Baseline,REF,w23,2036,7,GEOTHERMAL,0,2036-07-01
Baseline,REF,w23,2036,7,HYDRO,4452.889794,2036-07-01
Baseline,REF,w23,2036,7,IMPORTS,0,2036-07-01
Baseline,REF,w23,2036,7,NUCLEAR,0,2036-07-01
Baseline,REF,w23,2036,7,PV,53.13199072,2036-07-01
Baseline,REF,w23,2036,7,WIND,247.1505166,2036-07-01
Baseline,REF,w23,2036,8,BIOENERGY,85.05805602,2036-08-01
Baseline,REF,w23,2036,8,DIESEL,0,2036-08-01
Baseline,REF,w23,2036,8,FUEL OIL,0,2036-08-01
Baseline,REF,w23,2036,8,GAS,0,2036-08-01
Baseline,REF,w23,2036,8,GEOTHERMAL,121.6405687,2036-08-01
Baseline,REF,w23,2036,8,HYDRO,4165.88738,2036-08-01
Baseline,REF,w23,2036,8,IMPORTS,31.30607497,2036-08-01
Baseline,REF,w23,2036,8,NUCLEAR,0,2036-08-01
Baseline,REF,w23,2036,8,PV,60.19197939,2036-08-01
Baseline,REF,w23,2036,8,WIND,276.0795854,2036-08-01
Baseline,REF,w23,2036,9,BIOENERGY,92.24802559,2036-09-01
Baseline,REF,w23,2036,9,DIESEL,0,2036-09-01
Baseline,REF,w23,2036,9,FUEL OIL,214.1459326,2036-09-01
Baseline,REF,w23,2036,9,GAS,62.53805326,2036-09-01
Baseline,REF,w23,2036,9,GEOTHERMAL,115.5267467,2036-09-01
Baseline,REF,w23,2036,9,HYDRO,4028.549545,2036-09-01
Baseline,REF,w23,2036,9,IMPORTS,0,2036-09-01
Baseline,REF,w23,2036,9,NUCLEAR,0,2036-09-01
Baseline,REF,w23,2036,9,PV,64.21323382,2036-09-01
Baseline,REF,w23,2036,9,WIND,273.7235984,2036-09-01
Baseline,REF,w23,2036,10,BIOENERGY,80.42433788,2036-10-01
Baseline,REF,w23,2036,10,DIESEL,0,2036-10-01
Baseline,REF,w23,2036,10,FUEL OIL,0,2036-10-01
Baseline,REF,w23,2036,10,GAS,0,2036-10-01
Baseline,REF,w23,2036,10,GEOTHERMAL,127.4863379,2036-10-01
Baseline,REF,w23,2036,10,HYDRO,4315.910518,2036-10-01
Baseline,REF,w23,2036,10,IMPORTS,0,2036-10-01
Baseline,REF,w23,2036,10,NUCLEAR,0,2036-10-01
Baseline,REF,w23,2036,10,PV,58.51128189,2036-10-01
Baseline,REF,w23,2036,10,WIND,284.5084768,2036-10-01
Baseline,REF,w23,2036,11,BIOENERGY,90.38090268,2036-11-01
Baseline,REF,w23,2036,11,DIESEL,0,2036-11-01
Baseline,REF,w23,2036,11,FUEL OIL,299.8346806,2036-11-01
Baseline,REF,w23,2036,11,GAS,60.92982886,2036-11-01
Baseline,REF,w23,2036,11,GEOTHERMAL,111.5498912,2036-11-01
Baseline,REF,w23,2036,11,HYDRO,4071.988459,2036-11-01
Baseline,REF,w23,2036,11,IMPORTS,0,2036-11-01
Baseline,REF,w23,2036,11,NUCLEAR,0,2036-11-01
Baseline,REF,w23,2036,11,PV,62.29470066,2036-11-01
Baseline,REF,w23,2036,11,WIND,268.3487032,2036-11-01
Baseline,REF,w23,2036,12,BIOENERGY,90.64892755,2036-12-01
Baseline,REF,w23,2036,12,DIESEL,0,2036-12-01
Baseline,REF,w23,2036,12,FUEL OIL,376.1553406,2036-12-01
Baseline,REF,w23,2036,12,GAS,63.50634298,2036-12-01
Baseline,REF,w23,2036,12,GEOTHERMAL,115.1490848,2036-12-01
Baseline,REF,w23,2036,12,HYDRO,4113.137922,2036-12-01
Baseline,REF,w23,2036,12,IMPORTS,0,2036-12-01
Baseline,REF,w23,2036,12,NUCLEAR,0,2036-12-01
Baseline,REF,w23,2036,12,PV,59.25734166,2036-12-01
Baseline,REF,w23,2036,12,WIND,266.182141,2036-12-01
Baseline,REF,w23,2037,1,BIOENERGY,88.14151264,2037-01-01
Baseline,REF,w23,2037,1,DIESEL,0,2037-01-01
Baseline,REF,w23,2037,1,FUEL OIL,99.3362173,2037-01-01
Baseline,REF,w23,2037,1,GAS,0,2037-01-01
Baseline,REF,w23,2037,1,GEOTHERMAL,111.1885466,2037-01-01
Baseline,REF,w23,2037,1,HYDRO,4278.749988,2037-01-01
Baseline,REF,w23,2037,1,IMPORTS,0,2037-01-01
Baseline,REF,w23,2037,1,NUCLEAR,0,2037-01-01
Baseline,REF,w23,2037,1,PV,60.9403994,2037-01-01
Baseline,REF,w23,2037,1,WIND,323.7598894,2037-01-01
Baseline,REF,w23,2037,2,BIOENERGY,81.87397781,2037-02-01
Baseline,REF,w23,2037,2,DIESEL,39.34564333,2037-02-01
Baseline,REF,w23,2037,2,FUEL OIL,0,2037-02-01
Baseline,REF,w23,2037,2,GAS,0,2037-02-01
Baseline,REF,w23,2037,2,GEOTHERMAL,124.06118,2037-02-01
Baseline,REF,w23,2037,2,HYDRO,4316.535266,2037-02-01
Baseline,REF,w23,2037,2,IMPORTS,0,2037-02-01
Baseline,REF,w23,2037,2,NUCLEAR,0,2037-02-01
Baseline,REF,w23,2037,2,PV,69.14905385,2037-02-01
Baseline,REF,w23,2037,2,WIND,306.3452283,2037-02-01
Baseline,REF,w23,2037,3,BIOENERGY,0,2037-03-01
Baseline,REF,w23,2037,3,DIESEL,0,2037-03-01
Baseline,REF,w23,2037,3,FUEL OIL,32.40726023,2037-03-01
Baseline,REF,w23,2037,3,GAS,0,2037-03-01
Baseline,REF,w23,2037,3,GEOTHERMAL,0,2037-03-01
Baseline,REF,w23,2037,3,HYDRO,4665.475227,2037-03-01
Baseline,REF,w23,2037,3,IMPORTS,0,2037-03-01
Baseline,REF,w23,2037,3,NUCLEAR,0,2037-03-01
Baseline,REF,w23,2037,3,PV,47.99243757,2037-03-01
Baseline,REF,w23,2037,3,WIND,277.4952901,2037-03-01
Baseline,REF,w23,2037,4,BIOENERGY,0,2037-04-01
Baseline,REF,w23,2037,4,DIESEL,0,2037-04-01
Baseline,REF,w23,2037,4,FUEL OIL,33.26472576,2037-04-01
Baseline,REF,w23,2037,4,GAS,0,2037-04-01
Baseline,REF,w23,2037,4,GEOTHERMAL,0,2037-04-01
Baseline,REF,w23,2037,4,HYDRO,4674.974055,2037-04-01
Baseline,REF,w23,2037,4,IMPORTS,0,2037-04-01
Baseline,REF,w23,2037,4,NUCLEAR,0,2037-04-01
Baseline,REF,w23,2037,4,PV,51.70409677,2037-04-01
Baseline,REF,w23,2037,4,WIND,288.9672324,2037-04-01
Baseline,REF,w23,2037,5,BIOENERGY,0,2037-05-01
Baseline,REF,w23,2037,5,DIESEL,0,2037-05-01
Baseline,REF,w23,2037,5,FUEL OIL,33.59007851,2037-05-01
Baseline,REF,w23,2037,5,GAS,0,2037-05-01
Baseline,REF,w23,2037,5,GEOTHERMAL,0,2037-05-01
Baseline,REF,w23,2037,5,HYDRO,4667.497858,2037-05-01
Baseline,REF,w23,2037,5,IMPORTS,0,2037-05-01
Baseline,REF,w23,2037,5,NUCLEAR,0,2037-05-01
Baseline,REF,w23,2037,5,PV,44.25243367,2037-05-01
Baseline,REF,w23,2037,5,WIND,278.5792761,2037-05-01
Baseline,REF,w23,2037,6,BIOENERGY,0,2037-06-01
Baseline,REF,w23,2037,6,DIESEL,0,2037-06-01
Baseline,REF,w23,2037,6,FUEL OIL,32.24331241,2037-06-01
Baseline,REF,w23,2037,6,GAS,0,2037-06-01
Baseline,REF,w23,2037,6,GEOTHERMAL,0,2037-06-01
Baseline,REF,w23,2037,6,HYDRO,4530.1559,2037-06-01
Baseline,REF,w23,2037,6,IMPORTS,0,2037-06-01
Baseline,REF,w23,2037,6,NUCLEAR,0,2037-06-01
Baseline,REF,w23,2037,6,PV,50.29708767,2037-06-01
Baseline,REF,w23,2037,6,WIND,300.6776334,2037-06-01
Baseline,REF,w23,2037,7,BIOENERGY,0,2037-07-01
Baseline,REF,w23,2037,7,DIESEL,0,2037-07-01
Baseline,REF,w23,2037,7,FUEL OIL,0,2037-07-01
Baseline,REF,w23,2037,7,GAS,0,2037-07-01
Baseline,REF,w23,2037,7,GEOTHERMAL,0,2037-07-01
Baseline,REF,w23,2037,7,HYDRO,4515.898155,2037-07-01
Baseline,REF,w23,2037,7,IMPORTS,0,2037-07-01
Baseline,REF,w23,2037,7,NUCLEAR,0,2037-07-01
Baseline,REF,w23,2037,7,PV,57.54694158,2037-07-01
Baseline,REF,w23,2037,7,WIND,274.7906506,2037-07-01
Baseline,REF,w23,2037,8,BIOENERGY,88.47493737,2037-08-01
Baseline,REF,w23,2037,8,DIESEL,0,2037-08-01
Baseline,REF,w23,2037,8,FUEL OIL,0,2037-08-01
Baseline,REF,w23,2037,8,GAS,0,2037-08-01
Baseline,REF,w23,2037,8,GEOTHERMAL,111.6455193,2037-08-01
Baseline,REF,w23,2037,8,HYDRO,4265.051205,2037-08-01
Baseline,REF,w23,2037,8,IMPORTS,0,2037-08-01
Baseline,REF,w23,2037,8,NUCLEAR,0,2037-08-01
Baseline,REF,w23,2037,8,PV,65.21034216,2037-08-01
Baseline,REF,w23,2037,8,WIND,304.5849137,2037-08-01
Baseline,REF,w23,2037,9,BIOENERGY,95.6360879,2037-09-01
Baseline,REF,w23,2037,9,DIESEL,0,2037-09-01
Baseline,REF,w23,2037,9,FUEL OIL,0,2037-09-01
Baseline,REF,w23,2037,9,GAS,0,2037-09-01
Baseline,REF,w23,2037,9,GEOTHERMAL,131.3277269,2037-09-01
Baseline,REF,w23,2037,9,HYDRO,4266.53138,2037-09-01
Baseline,REF,w23,2037,9,IMPORTS,63.61308308,2037-09-01
Baseline,REF,w23,2037,9,NUCLEAR,0,2037-09-01
Baseline,REF,w23,2037,9,PV,65.29401457,2037-09-01
Baseline,REF,w23,2037,9,WIND,325.5617454,2037-09-01
Baseline,REF,w23,2037,10,BIOENERGY,85.45084815,2037-10-01
Baseline,REF,w23,2037,10,DIESEL,0,2037-10-01
Baseline,REF,w23,2037,10,FUEL OIL,244.195154,2037-10-01
Baseline,REF,w23,2037,10,GAS,62.0242202,2037-10-01
Baseline,REF,w23,2037,10,GEOTHERMAL,118.4044156,2037-10-01
Baseline,REF,w23,2037,10,HYDRO,4086.234297,2037-10-01
Baseline,REF,w23,2037,10,IMPORTS,0,2037-10-01
Baseline,REF,w23,2037,10,NUCLEAR,0,2037-10-01
Baseline,REF,w23,2037,10,PV,57.85106575,2037-10-01
Baseline,REF,w23,2037,10,WIND,310.0177704,2037-10-01
Baseline,REF,w23,2037,11,BIOENERGY,85.68346678,2037-11-01
Baseline,REF,w23,2037,11,DIESEL,0,2037-11-01
Baseline,REF,w23,2037,11,FUEL OIL,90.87194603,2037-11-01
Baseline,REF,w23,2037,11,GAS,36.15761428,2037-11-01
Baseline,REF,w23,2037,11,GEOTHERMAL,114.1501544,2037-11-01
Baseline,REF,w23,2037,11,HYDRO,4360.175786,2037-11-01
Baseline,REF,w23,2037,11,IMPORTS,0,2037-11-01
Baseline,REF,w23,2037,11,NUCLEAR,0,2037-11-01
Baseline,REF,w23,2037,11,PV,64.07481651,2037-11-01
Baseline,REF,w23,2037,11,WIND,313.5199252,2037-11-01
Baseline,REF,w23,2037,12,BIOENERGY,88.33653865,2037-12-01
Baseline,REF,w23,2037,12,DIESEL,0,2037-12-01
Baseline,REF,w23,2037,12,FUEL OIL,217.6452114,2037-12-01
Baseline,REF,w23,2037,12,GAS,26.57464788,2037-12-01
Baseline,REF,w23,2037,12,GEOTHERMAL,127.0185371,2037-12-01
Baseline,REF,w23,2037,12,HYDRO,4338.970205,2037-12-01
Baseline,REF,w23,2037,12,IMPORTS,0,2037-12-01
Baseline,REF,w23,2037,12,NUCLEAR,0,2037-12-01
Baseline,REF,w23,2037,12,PV,69.4043078,2037-12-01
Baseline,REF,w23,2037,12,WIND,317.7683942,2037-12-01
Baseline,REF,w23,2038,1,BIOENERGY,94.05233339,2038-01-01
Baseline,REF,w23,2038,1,DIESEL,0,2038-01-01
Baseline,REF,w23,2038,1,FUEL OIL,107.5025518,2038-01-01
Baseline,REF,w23,2038,1,GAS,0,2038-01-01
Baseline,REF,w23,2038,1,GEOTHERMAL,128.0904365,2038-01-01
Baseline,REF,w23,2038,1,HYDRO,4357.027076,2038-01-01
Baseline,REF,w23,2038,1,IMPORTS,0,2038-01-01
Baseline,REF,w23,2038,1,NUCLEAR,0,2038-01-01
Baseline,REF,w23,2038,1,PV,56.44530787,2038-01-01
Baseline,REF,w23,2038,1,WIND,318.2411792,2038-01-01
Baseline,REF,w23,2038,2,BIOENERGY,92.02382598,2038-02-01
Baseline,REF,w23,2038,2,DIESEL,0,2038-02-01
Baseline,REF,w23,2038,2,FUEL OIL,80.08629713,2038-02-01
Baseline,REF,w23,2038,2,GAS,0,2038-02-01
Baseline,REF,w23,2038,2,GEOTHERMAL,126.1680881,2038-02-01
Baseline,REF,w23,2038,2,HYDRO,4368.190151,2038-02-01
Baseline,REF,w23,2038,2,IMPORTS,0,2038-02-01
Baseline,REF,w23,2038,2,NUCLEAR,0,2038-02-01
Baseline,REF,w23,2038,2,PV,56.14799188,2038-02-01
Baseline,REF,w23,2038,2,WIND,313.440202,2038-02-01
Baseline,REF,w23,2038,3,BIOENERGY,0,2038-03-01
Baseline,REF,w23,2038,3,DIESEL,0,2038-03-01
Baseline,REF,w23,2038,3,FUEL OIL,32.60876606,2038-03-01
Baseline,REF,w23,2038,3,GAS,0,2038-03-01
Baseline,REF,w23,2038,3,GEOTHERMAL,0,2038-03-01
Baseline,REF,w23,2038,3,HYDRO,4756.696899,2038-03-01
Baseline,REF,w23,2038,3,IMPORTS,0,2038-03-01
Baseline,REF,w23,2038,3,NUCLEAR,0,2038-03-01
Baseline,REF,w23,2038,3,PV,50.4341648,2038-03-01
Baseline,REF,w23,2038,3,WIND,284.0977898,2038-03-01
Baseline,REF,w23,2038,4,BIOENERGY,0,2038-04-01
Baseline,REF,w23,2038,4,DIESEL,0,2038-04-01
Baseline,REF,w23,2038,4,FUEL OIL,31.54170911,2038-04-01
Baseline,REF,w23,2038,4,GAS,0,2038-04-01
Baseline,REF,w23,2038,4,GEOTHERMAL,0,2038-04-01
Baseline,REF,w23,2038,4,HYDRO,4796.635128,2038-04-01
Baseline,REF,w23,2038,4,IMPORTS,0,2038-04-01
Baseline,REF,w23,2038,4,NUCLEAR,0,2038-04-01
Baseline,REF,w23,2038,4,PV,45.92438981,2038-04-01
Baseline,REF,w23,2038,4,WIND,275.7870853,2038-04-01
Baseline,REF,w23,2038,5,BIOENERGY,0,2038-05-01
Baseline,REF,w23,2038,5,DIESEL,0,2038-05-01
Baseline,REF,w23,2038,5,FUEL OIL,33.16487815,2038-05-01
Baseline,REF,w23,2038,5,GAS,0,2038-05-01
Baseline,REF,w23,2038,5,GEOTHERMAL,0,2038-05-01
Baseline,REF,w23,2038,5,HYDRO,4765.343321,2038-05-01
Baseline,REF,w23,2038,5,IMPORTS,0,2038-05-01
Baseline,REF,w23,2038,5,NUCLEAR,0,2038-05-01
Baseline,REF,w23,2038,5,PV,47.5709029,2038-05-01
Baseline,REF,w23,2038,5,WIND,278.3189362,2038-05-01
Baseline,REF,w23,2038,6,BIOENERGY,0,2038-06-01
Baseline,REF,w23,2038,6,DIESEL,0,2038-06-01
Baseline,REF,w23,2038,6,FUEL OIL,32.26959315,2038-06-01
Baseline,REF,w23,2038,6,GAS,0,2038-06-01
Baseline,REF,w23,2038,6,GEOTHERMAL,0,2038-06-01
Baseline,REF,w23,2038,6,HYDRO,4643.771299,2038-06-01
Baseline,REF,w23,2038,6,IMPORTS,0,2038-06-01
Baseline,REF,w23,2038,6,NUCLEAR,0,2038-06-01
Baseline,REF,w23,2038,6,PV,49.1177767,2038-06-01
Baseline,REF,w23,2038,6,WIND,286.4827428,2038-06-01
Baseline,REF,w23,2038,7,BIOENERGY,0,2038-07-01
Baseline,REF,w23,2038,7,DIESEL,0,2038-07-01
Baseline,REF,w23,2038,7,FUEL OIL,32.60891878,2038-07-01
Baseline,REF,w23,2038,7,GAS,0,2038-07-01
Baseline,REF,w23,2038,7,GEOTHERMAL,0,2038-07-01
Baseline,REF,w23,2038,7,HYDRO,4585.088974,2038-07-01
Baseline,REF,w23,2038,7,IMPORTS,0,2038-07-01
Baseline,REF,w23,2038,7,NUCLEAR,0,2038-07-01
Baseline,REF,w23,2038,7,PV,47.86465459,2038-07-01
Baseline,REF,w23,2038,7,WIND,279.6379145,2038-07-01
Baseline,REF,w23,2038,8,BIOENERGY,71.3841678,2038-08-01
Baseline,REF,w23,2038,8,DIESEL,0,2038-08-01
Baseline,REF,w23,2038,8,FUEL OIL,91.34316315,2038-08-01
Baseline,REF,w23,2038,8,GAS,0,2038-08-01
Baseline,REF,w23,2038,8,GEOTHERMAL,117.8533348,2038-08-01
Baseline,REF,w23,2038,8,HYDRO,4272.567779,2038-08-01
Baseline,REF,w23,2038,8,IMPORTS,0,2038-08-01
Baseline,REF,w23,2038,8,NUCLEAR,0,2038-08-01
Baseline,REF,w23,2038,8,PV,57.02077565,2038-08-01
Baseline,REF,w23,2038,8,WIND,321.4970352,2038-08-01
Baseline,REF,w23,2038,9,BIOENERGY,98.8619137,2038-09-01
Baseline,REF,w23,2038,9,DIESEL,0,2038-09-01
Baseline,REF,w23,2038,9,FUEL OIL,127.6366036,2038-09-01
Baseline,REF,w23,2038,9,GAS,0,2038-09-01
Baseline,REF,w23,2038,9,GEOTHERMAL,118.470591,2038-09-01
Baseline,REF,w23,2038,9,HYDRO,4329.50689,2038-09-01
Baseline,REF,w23,2038,9,IMPORTS,0,2038-09-01
Baseline,REF,w23,2038,9,NUCLEAR,0,2038-09-01
Baseline,REF,w23,2038,9,PV,56.66865184,2038-09-01
Baseline,REF,w23,2038,9,WIND,315.7786688,2038-09-01
Baseline,REF,w23,2038,10,BIOENERGY,88.23539934,2038-10-01
Baseline,REF,w23,2038,10,DIESEL,0,2038-10-01
Baseline,REF,w23,2038,10,FUEL OIL,106.7749635,2038-10-01
Baseline,REF,w23,2038,10,GAS,0,2038-10-01
Baseline,REF,w23,2038,10,GEOTHERMAL,119.3305818,2038-10-01
Baseline,REF,w23,2038,10,HYDRO,4373.845469,2038-10-01
Baseline,REF,w23,2038,10,IMPORTS,0,2038-10-01
Baseline,REF,w23,2038,10,NUCLEAR,0,2038-10-01
Baseline,REF,w23,2038,10,PV,55.49183829,2038-10-01
Baseline,REF,w23,2038,10,WIND,319.7830745,2038-10-01
Baseline,REF,w23,2038,11,BIOENERGY,95.92808333,2038-11-01
Baseline,REF,w23,2038,11,DIESEL,0,2038-11-01
Baseline,REF,w23,2038,11,FUEL OIL,183.1122691,2038-11-01
Baseline,REF,w23,2038,11,GAS,26.0087605,2038-11-01
Baseline,REF,w23,2038,11,GEOTHERMAL,126.0421899,2038-11-01
Baseline,REF,w23,2038,11,HYDRO,4345.617392,2038-11-01
Baseline,REF,w23,2038,11,IMPORTS,0,2038-11-01
Baseline,REF,w23,2038,11,NUCLEAR,0,2038-11-01
Baseline,REF,w23,2038,11,PV,65.15461516,2038-11-01
Baseline,REF,w23,2038,11,WIND,324.0630743,2038-11-01
Baseline,REF,w23,2038,12,BIOENERGY,94.6471095,2038-12-01
Baseline,REF,w23,2038,12,DIESEL,0,2038-12-01
Baseline,REF,w23,2038,12,FUEL OIL,321.3375654,2038-12-01
Baseline,REF,w23,2038,12,GAS,0,2038-12-01
Baseline,REF,w23,2038,12,GEOTHERMAL,126.6464265,2038-12-01
Baseline,REF,w23,2038,12,HYDRO,4349.633098,2038-12-01
Baseline,REF,w23,2038,12,IMPORTS,0,2038-12-01
Baseline,REF,w23,2038,12,NUCLEAR,0,2038-12-01
Baseline,REF,w23,2038,12,PV,68.10841742,2038-12-01
Baseline,REF,w23,2038,12,WIND,329.0595825,2038-12-01
Baseline,REF,w23,2039,1,BIOENERGY,97.44663286,2039-01-01
Baseline,REF,w23,2039,1,DIESEL,0,2039-01-01
Baseline,REF,w23,2039,1,FUEL OIL,139.1164143,2039-01-01
Baseline,REF,w23,2039,1,GAS,0,2039-01-01
Baseline,REF,w23,2039,1,GEOTHERMAL,122.8406619,2039-01-01
Baseline,REF,w23,2039,1,HYDRO,4429.427693,2039-01-01
Baseline,REF,w23,2039,1,IMPORTS,0,2039-01-01
Baseline,REF,w23,2039,1,NUCLEAR,0,2039-01-01
Baseline,REF,w23,2039,1,PV,62.43213188,2039-01-01
Baseline,REF,w23,2039,1,WIND,311.3225284,2039-01-01
Baseline,REF,w23,2039,2,BIOENERGY,95.47880922,2039-02-01
Baseline,REF,w23,2039,2,DIESEL,0,2039-02-01
Baseline,REF,w23,2039,2,FUEL OIL,138.0159898,2039-02-01
Baseline,REF,w23,2039,2,GAS,0,2039-02-01
Baseline,REF,w23,2039,2,GEOTHERMAL,130.6965325,2039-02-01
Baseline,REF,w23,2039,2,HYDRO,4398.715742,2039-02-01
Baseline,REF,w23,2039,2,IMPORTS,0,2039-02-01
Baseline,REF,w23,2039,2,NUCLEAR,0,2039-02-01
Baseline,REF,w23,2039,2,PV,59.47199143,2039-02-01
Baseline,REF,w23,2039,2,WIND,314.3986224,2039-02-01
Baseline,REF,w23,2039,3,BIOENERGY,0,2039-03-01
Baseline,REF,w23,2039,3,DIESEL,0,2039-03-01
Baseline,REF,w23,2039,3,FUEL OIL,32.15709431,2039-03-01
Baseline,REF,w23,2039,3,GAS,0,2039-03-01
Baseline,REF,w23,2039,3,GEOTHERMAL,0,2039-03-01
Baseline,REF,w23,2039,3,HYDRO,4881.375949,2039-03-01
Baseline,REF,w23,2039,3,IMPORTS,0,2039-03-01
Baseline,REF,w23,2039,3,NUCLEAR,0,2039-03-01
Baseline,REF,w23,2039,3,PV,49.83676709,2039-03-01
Baseline,REF,w23,2039,3,WIND,262.9445613,2039-03-01
Baseline,REF,w23,2039,4,BIOENERGY,0,2039-04-01
Baseline,REF,w23,2039,4,DIESEL,0,2039-04-01
Baseline,REF,w23,2039,4,FUEL OIL,32.65297156,2039-04-01
Baseline,REF,w23,2039,4,GAS,0,2039-04-01
Baseline,REF,w23,2039,4,GEOTHERMAL,0,2039-04-01
Baseline,REF,w23,2039,4,HYDRO,4887.637838,2039-04-01
Baseline,REF,w23,2039,4,IMPORTS,0,2039-04-01
Baseline,REF,w23,2039,4,NUCLEAR,0,2039-04-01
Baseline,REF,w23,2039,4,PV,50.87364815,2039-04-01
Baseline,REF,w23,2039,4,WIND,281.7216211,2039-04-01
Baseline,REF,w23,2039,5,BIOENERGY,0,2039-05-01
Baseline,REF,w23,2039,5,DIESEL,0,2039-05-01
Baseline,REF,w23,2039,5,FUEL OIL,34.33907338,2039-05-01
Baseline,REF,w23,2039,5,GAS,0,2039-05-01
Baseline,REF,w23,2039,5,GEOTHERMAL,0,2039-05-01
Baseline,REF,w23,2039,5,HYDRO,4866.20965,2039-05-01
Baseline,REF,w23,2039,5,IMPORTS,0,2039-05-01
Baseline,REF,w23,2039,5,NUCLEAR,0,2039-05-01
Baseline,REF,w23,2039,5,PV,45.93360321,2039-05-01
Baseline,REF,w23,2039,5,WIND,280.4036734,2039-05-01
Baseline,REF,w23,2039,6,BIOENERGY,0,2039-06-01
Baseline,REF,w23,2039,6,DIESEL,0,2039-06-01
Baseline,REF,w23,2039,6,FUEL OIL,33.28486129,2039-06-01
Baseline,REF,w23,2039,6,GAS,0,2039-06-01
Baseline,REF,w23,2039,6,GEOTHERMAL,0,2039-06-01
Baseline,REF,w23,2039,6,HYDRO,4745.394866,2039-06-01
Baseline,REF,w23,2039,6,IMPORTS,0,2039-06-01
Baseline,REF,w23,2039,6,NUCLEAR,0,2039-06-01
Baseline,REF,w23,2039,6,PV,51.51652643,2039-06-01
Baseline,REF,w23,2039,6,WIND,281.6779865,2039-06-01
Baseline,REF,w23,2039,7,BIOENERGY,0,2039-07-01
Baseline,REF,w23,2039,7,DIESEL,0,2039-07-01
Baseline,REF,w23,2039,7,FUEL OIL,32.41614215,2039-07-01
Baseline,REF,w23,2039,7,GAS,0,2039-07-01
Baseline,REF,w23,2039,7,GEOTHERMAL,0,2039-07-01
Baseline,REF,w23,2039,7,HYDRO,4695.987199,2039-07-01
Baseline,REF,w23,2039,7,IMPORTS,0,2039-07-01
Baseline,REF,w23,2039,7,NUCLEAR,0,2039-07-01
Baseline,REF,w23,2039,7,PV,45.88058546,2039-07-01
Baseline,REF,w23,2039,7,WIND,269.8205446,2039-07-01
Baseline,REF,w23,2039,8,BIOENERGY,0,2039-08-01
Baseline,REF,w23,2039,8,DIESEL,0,2039-08-01
Baseline,REF,w23,2039,8,FUEL OIL,77.97205556,2039-08-01
Baseline,REF,w23,2039,8,GAS,0,2039-08-01
Baseline,REF,w23,2039,8,GEOTHERMAL,119.0676088,2039-08-01
Baseline,REF,w23,2039,8,HYDRO,4465.317686,2039-08-01
Baseline,REF,w23,2039,8,IMPORTS,0,2039-08-01
Baseline,REF,w23,2039,8,NUCLEAR,0,2039-08-01
Baseline,REF,w23,2039,8,PV,59.4988158,2039-08-01
Baseline,REF,w23,2039,8,WIND,308.4434141,2039-08-01
Baseline,REF,w23,2039,9,BIOENERGY,94.77455051,2039-09-01
Baseline,REF,w23,2039,9,DIESEL,0,2039-09-01
Baseline,REF,w23,2039,9,FUEL OIL,139.1751014,2039-09-01
Baseline,REF,w23,2039,9,GAS,0,2039-09-01
Baseline,REF,w23,2039,9,GEOTHERMAL,123.015947,2039-09-01
Baseline,REF,w23,2039,9,HYDRO,4403.024769,2039-09-01
Baseline,REF,w23,2039,9,IMPORTS,0,2039-09-01
Baseline,REF,w23,2039,9,NUCLEAR,0,2039-09-01
Baseline,REF,w23,2039,9,PV,69.62598518,2039-09-01
Baseline,REF,w23,2039,9,WIND,318.2454319,2039-09-01
Baseline,REF,w23,2039,10,BIOENERGY,87.70122611,2039-10-01
Baseline,REF,w23,2039,10,DIESEL,0,2039-10-01
Baseline,REF,w23,2039,10,FUEL OIL,154.1134255,2039-10-01
Baseline,REF,w23,2039,10,GAS,0,2039-10-01
Baseline,REF,w23,2039,10,GEOTHERMAL,129.8773461,2039-10-01
Baseline,REF,w23,2039,10,HYDRO,4405.706333,2039-10-01
Baseline,REF,w23,2039,10,IMPORTS,0,2039-10-01
Baseline,REF,w23,2039,10,NUCLEAR,0,2039-10-01
Baseline,REF,w23,2039,10,PV,63.91101981,2039-10-01
Baseline,REF,w23,2039,10,WIND,323.421203,2039-10-01
Baseline,REF,w23,2039,11,BIOENERGY,97.27083021,2039-11-01
Baseline,REF,w23,2039,11,DIESEL,0,2039-11-01
Baseline,REF,w23,2039,11,FUEL OIL,197.5890839,2039-11-01
Baseline,REF,w23,2039,11,GAS,0,2039-11-01
Baseline,REF,w23,2039,11,GEOTHERMAL,123.9230701,2039-11-01
Baseline,REF,w23,2039,11,HYDRO,4454.465978,2039-11-01
Baseline,REF,w23,2039,11,IMPORTS,0,2039-11-01
Baseline,REF,w23,2039,11,NUCLEAR,0,2039-11-01
Baseline,REF,w23,2039,11,PV,69.99319292,2039-11-01
Baseline,REF,w23,2039,11,WIND,326.0027567,2039-11-01
Baseline,REF,w23,2039,12,BIOENERGY,91.24227748,2039-12-01
Baseline,REF,w23,2039,12,DIESEL,0,2039-12-01
Baseline,REF,w23,2039,12,FUEL OIL,273.7735152,2039-12-01
Baseline,REF,w23,2039,12,GAS,63.34103452,2039-12-01
Baseline,REF,w23,2039,12,GEOTHERMAL,116.6951906,2039-12-01
Baseline,REF,w23,2039,12,HYDRO,4470.848416,2039-12-01
Baseline,REF,w23,2039,12,IMPORTS,0,2039-12-01
Baseline,REF,w23,2039,12,NUCLEAR,0,2039-12-01
Baseline,REF,w23,2039,12,PV,60.17078803,2039-12-01
Baseline,REF,w23,2039,12,WIND,319.1496212,2039-12-01
Baseline,REF,w23,2040,1,BIOENERGY,93.77571489,2040-01-01
Baseline,REF,w23,2040,1,DIESEL,0,2040-01-01
Baseline,REF,w23,2040,1,FUEL OIL,119.5232913,2040-01-01
Baseline,REF,w23,2040,1,GAS,26.91497059,2040-01-01
Baseline,REF,w23,2040,1,GEOTHERMAL,129.2832356,2040-01-01
Baseline,REF,w23,2040,1,HYDRO,4496.643112,2040-01-01
Baseline,REF,w23,2040,1,IMPORTS,0,2040-01-01
Baseline,REF,w23,2040,1,NUCLEAR,0,2040-01-01
Baseline,REF,w23,2040,1,PV,61.68202106,2040-01-01
Baseline,REF,w23,2040,1,WIND,338.0154378,2040-01-01
Baseline,REF,w23,2040,2,BIOENERGY,57.82762418,2040-02-01
Baseline,REF,w23,2040,2,DIESEL,0,2040-02-01
Baseline,REF,w23,2040,2,FUEL OIL,92.83409618,2040-02-01
Baseline,REF,w23,2040,2,GAS,35.43170566,2040-02-01
Baseline,REF,w23,2040,2,GEOTHERMAL,114.3658326,2040-02-01
Baseline,REF,w23,2040,2,HYDRO,4533.691253,2040-02-01
Baseline,REF,w23,2040,2,IMPORTS,0,2040-02-01
Baseline,REF,w23,2040,2,NUCLEAR,0,2040-02-01
Baseline,REF,w23,2040,2,PV,58.03789606,2040-02-01
Baseline,REF,w23,2040,2,WIND,347.3248336,2040-02-01
Baseline,REF,w23,2040,3,BIOENERGY,0,2040-03-01
Baseline,REF,w23,2040,3,DIESEL,0,2040-03-01
Baseline,REF,w23,2040,3,FUEL OIL,33.33522019,2040-03-01
Baseline,REF,w23,2040,3,GAS,0,2040-03-01
Baseline,REF,w23,2040,3,GEOTHERMAL,0,2040-03-01
Baseline,REF,w23,2040,3,HYDRO,4935.590732,2040-03-01
Baseline,REF,w23,2040,3,IMPORTS,0,2040-03-01
Baseline,REF,w23,2040,3,NUCLEAR,0,2040-03-01
Baseline,REF,w23,2040,3,PV,54.23912435,2040-03-01
Baseline,REF,w23,2040,3,WIND,307.6755828,2040-03-01
Baseline,REF,w23,2040,4,BIOENERGY,0,2040-04-01
Baseline,REF,w23,2040,4,DIESEL,0,2040-04-01
Baseline,REF,w23,2040,4,FUEL OIL,33.41306247,2040-04-01
Baseline,REF,w23,2040,4,GAS,0,2040-04-01
Baseline,REF,w23,2040,4,GEOTHERMAL,0,2040-04-01
Baseline,REF,w23,2040,4,HYDRO,4942.500513,2040-04-01
Baseline,REF,w23,2040,4,IMPORTS,0,2040-04-01
Baseline,REF,w23,2040,4,NUCLEAR,0,2040-04-01
Baseline,REF,w23,2040,4,PV,49.46323081,2040-04-01
Baseline,REF,w23,2040,4,WIND,332.5669945,2040-04-01
Baseline,REF,w23,2040,5,BIOENERGY,0,2040-05-01
Baseline,REF,w23,2040,5,DIESEL,0,2040-05-01
Baseline,REF,w23,2040,5,FUEL OIL,35.82972851,2040-05-01
Baseline,REF,w23,2040,5,GAS,0,2040-05-01
Baseline,REF,w23,2040,5,GEOTHERMAL,0,2040-05-01
Baseline,REF,w23,2040,5,HYDRO,4928.922925,2040-05-01
Baseline,REF,w23,2040,5,IMPORTS,0,2040-05-01
Baseline,REF,w23,2040,5,NUCLEAR,0,2040-05-01
Baseline,REF,w23,2040,5,PV,50.85895026,2040-05-01
Baseline,REF,w23,2040,5,WIND,315.8121157,2040-05-01
Baseline,REF,w23,2040,6,BIOENERGY,0,2040-06-01
Baseline,REF,w23,2040,6,DIESEL,0,2040-06-01
Baseline,REF,w23,2040,6,FUEL OIL,32.76923495,2040-06-01
Baseline,REF,w23,2040,6,GAS,0,2040-06-01
Baseline,REF,w23,2040,6,GEOTHERMAL,0,2040-06-01
Baseline,REF,w23,2040,6,HYDRO,4809.12491,2040-06-01
Baseline,REF,w23,2040,6,IMPORTS,0,2040-06-01
Baseline,REF,w23,2040,6,NUCLEAR,0,2040-06-01
Baseline,REF,w23,2040,6,PV,51.1557887,2040-06-01
Baseline,REF,w23,2040,6,WIND,321.0617911,2040-06-01
Baseline,REF,w23,2040,7,BIOENERGY,0,2040-07-01
Baseline,REF,w23,2040,7,DIESEL,0,2040-07-01
Baseline,REF,w23,2040,7,FUEL OIL,33.38144482,2040-07-01
Baseline,REF,w23,2040,7,GAS,0,2040-07-01
Baseline,REF,w23,2040,7,GEOTHERMAL,0,2040-07-01
Baseline,REF,w23,2040,7,HYDRO,4734.109877,2040-07-01
Baseline,REF,w23,2040,7,IMPORTS,0,2040-07-01
Baseline,REF,w23,2040,7,NUCLEAR,0,2040-07-01
Baseline,REF,w23,2040,7,PV,56.97092756,2040-07-01
Baseline,REF,w23,2040,7,WIND,320.5243112,2040-07-01
Baseline,REF,w23,2040,8,BIOENERGY,38.92916353,2040-08-01
Baseline,REF,w23,2040,8,DIESEL,0,2040-08-01
Baseline,REF,w23,2040,8,FUEL OIL,0,2040-08-01
Baseline,REF,w23,2040,8,GAS,0,2040-08-01
Baseline,REF,w23,2040,8,GEOTHERMAL,127.05864,2040-08-01
Baseline,REF,w23,2040,8,HYDRO,4547.79391,2040-08-01
Baseline,REF,w23,2040,8,IMPORTS,0,2040-08-01
Baseline,REF,w23,2040,8,NUCLEAR,0,2040-08-01
Baseline,REF,w23,2040,8,PV,65.74509002,2040-08-01
Baseline,REF,w23,2040,8,WIND,351.3787692,2040-08-01
Baseline,REF,w23,2040,9,BIOENERGY,96.66643207,2040-09-01
Baseline,REF,w23,2040,9,DIESEL,0,2040-09-01
Baseline,REF,w23,2040,9,FUEL OIL,55.39985181,2040-09-01
Baseline,REF,w23,2040,9,GAS,0,2040-09-01
Baseline,REF,w23,2040,9,GEOTHERMAL,131.4717392,2040-09-01
Baseline,REF,w23,2040,9,HYDRO,4569.784915,2040-09-01
Baseline,REF,w23,2040,9,IMPORTS,0,2040-09-01
Baseline,REF,w23,2040,9,NUCLEAR,0,2040-09-01
Baseline,REF,w23,2040,9,PV,56.61639555,2040-09-01
Baseline,REF,w23,2040,9,WIND,340.8796876,2040-09-01
Baseline,REF,w23,2040,10,BIOENERGY,62.53288296,2040-10-01
Baseline,REF,w23,2040,10,DIESEL,0,2040-10-01
Baseline,REF,w23,2040,10,FUEL OIL,90.47840993,2040-10-01
Baseline,REF,w23,2040,10,GAS,0,2040-10-01
Baseline,REF,w23,2040,10,GEOTHERMAL,126.284795,2040-10-01
Baseline,REF,w23,2040,10,HYDRO,4576.96052,2040-10-01
Baseline,REF,w23,2040,10,IMPORTS,0,2040-10-01
Baseline,REF,w23,2040,10,NUCLEAR,0,2040-10-01
Baseline,REF,w23,2040,10,PV,58.70840368,2040-10-01
Baseline,REF,w23,2040,10,WIND,353.0601535,2040-10-01
Baseline,REF,w23,2040,11,BIOENERGY,61.45762788,2040-11-01
Baseline,REF,w23,2040,11,DIESEL,0,2040-11-01
Baseline,REF,w23,2040,11,FUEL OIL,94.7960365,2040-11-01
Baseline,REF,w23,2040,11,GAS,0,2040-11-01
Baseline,REF,w23,2040,11,GEOTHERMAL,126.8072679,2040-11-01
Baseline,REF,w23,2040,11,HYDRO,4657.695311,2040-11-01
Baseline,REF,w23,2040,11,IMPORTS,0,2040-11-01
Baseline,REF,w23,2040,11,NUCLEAR,0,2040-11-01
Baseline,REF,w23,2040,11,PV,63.46735077,2040-11-01
Baseline,REF,w23,2040,11,WIND,370.4062154,2040-11-01
Baseline,REF,w23,2040,12,BIOENERGY,91.16078428,2040-12-01
Baseline,REF,w23,2040,12,DIESEL,0,2040-12-01
Baseline,REF,w23,2040,12,FUEL OIL,294.438286,2040-12-01
Baseline,REF,w23,2040,12,GAS,26.17879523,2040-12-01
Baseline,REF,w23,2040,12,GEOTHERMAL,124.0350327,2040-12-01
Baseline,REF,w23,2040,12,HYDRO,4554.435064,2040-12-01
Baseline,REF,w23,2040,12,IMPORTS,0,2040-12-01
Baseline,REF,w23,2040,12,NUCLEAR,0,2040-12-01
Baseline,REF,w23,2040,12,PV,56.37494539,2040-12-01
Baseline,REF,w23,2040,12,WIND,356.5023523,2040-12-01
Baseline,REF,w23,2041,1,BIOENERGY,93.11762274,2041-01-01
Baseline,REF,w23,2041,1,DIESEL,0,2041-01-01
Baseline,REF,w23,2041,1,FUEL OIL,32.67650955,2041-01-01
Baseline,REF,w23,2041,1,GAS,0,2041-01-01
Baseline,REF,w23,2041,1,GEOTHERMAL,126.684938,2041-01-01
Baseline,REF,w23,2041,1,HYDRO,4604.497945,2041-01-01
Baseline,REF,w23,2041,1,IMPORTS,0,2041-01-01
Baseline,REF,w23,2041,1,NUCLEAR,0,2041-01-01
Baseline,REF,w23,2041,1,PV,114.2490125,2041-01-01
Baseline,REF,w23,2041,1,WIND,399.9285111,2041-01-01
Baseline,REF,w23,2041,2,BIOENERGY,91.82890532,2041-02-01
Baseline,REF,w23,2041,2,DIESEL,0,2041-02-01
Baseline,REF,w23,2041,2,FUEL OIL,135.0883601,2041-02-01
Baseline,REF,w23,2041,2,GAS,0,2041-02-01
Baseline,REF,w23,2041,2,GEOTHERMAL,125.2895439,2041-02-01
Baseline,REF,w23,2041,2,HYDRO,4507.929018,2041-02-01
Baseline,REF,w23,2041,2,IMPORTS,0,2041-02-01
Baseline,REF,w23,2041,2,NUCLEAR,0,2041-02-01
Baseline,REF,w23,2041,2,PV,105.3614979,2041-02-01
Baseline,REF,w23,2041,2,WIND,378.8061811,2041-02-01
Baseline,REF,w23,2041,3,BIOENERGY,0,2041-03-01
Baseline,REF,w23,2041,3,DIESEL,0,2041-03-01
Baseline,REF,w23,2041,3,FUEL OIL,43.37949928,2041-03-01
Baseline,REF,w23,2041,3,GAS,0,2041-03-01
Baseline,REF,w23,2041,3,GEOTHERMAL,0,2041-03-01
Baseline,REF,w23,2041,3,HYDRO,4959.331594,2041-03-01
Baseline,REF,w23,2041,3,IMPORTS,0,2041-03-01
Baseline,REF,w23,2041,3,NUCLEAR,0,2041-03-01
Baseline,REF,w23,2041,3,PV,91.43605037,2041-03-01
Baseline,REF,w23,2041,3,WIND,343.3103287,2041-03-01
Baseline,REF,w23,2041,4,BIOENERGY,0,2041-04-01
Baseline,REF,w23,2041,4,DIESEL,0,2041-04-01
Baseline,REF,w23,2041,4,FUEL OIL,46.64542461,2041-04-01
Baseline,REF,w23,2041,4,GAS,0,2041-04-01
Baseline,REF,w23,2041,4,GEOTHERMAL,0,2041-04-01
Baseline,REF,w23,2041,4,HYDRO,4986.606798,2041-04-01
Baseline,REF,w23,2041,4,IMPORTS,0,2041-04-01
Baseline,REF,w23,2041,4,NUCLEAR,0,2041-04-01
Baseline,REF,w23,2041,4,PV,91.85630508,2041-04-01
Baseline,REF,w23,2041,4,WIND,339.9941482,2041-04-01
Baseline,REF,w23,2041,5,BIOENERGY,0,2041-05-01
Baseline,REF,w23,2041,5,DIESEL,0,2041-05-01
Baseline,REF,w23,2041,5,FUEL OIL,41.39338445,2041-05-01
Baseline,REF,w23,2041,5,GAS,0,2041-05-01
Baseline,REF,w23,2041,5,GEOTHERMAL,0,2041-05-01
Baseline,REF,w23,2041,5,HYDRO,4960.207267,2041-05-01
Baseline,REF,w23,2041,5,IMPORTS,0,2041-05-01
Baseline,REF,w23,2041,5,NUCLEAR,0,2041-05-01
Baseline,REF,w23,2041,5,PV,93.71946557,2041-05-01
Baseline,REF,w23,2041,5,WIND,342.7320773,2041-05-01
Baseline,REF,w23,2041,6,BIOENERGY,0,2041-06-01
Baseline,REF,w23,2041,6,DIESEL,0,2041-06-01
Baseline,REF,w23,2041,6,FUEL OIL,35.87527962,2041-06-01
Baseline,REF,w23,2041,6,GAS,0,2041-06-01
Baseline,REF,w23,2041,6,GEOTHERMAL,0,2041-06-01
Baseline,REF,w23,2041,6,HYDRO,4842.684281,2041-06-01
Baseline,REF,w23,2041,6,IMPORTS,0,2041-06-01
Baseline,REF,w23,2041,6,NUCLEAR,0,2041-06-01
Baseline,REF,w23,2041,6,PV,97.46581051,2041-06-01
Baseline,REF,w23,2041,6,WIND,342.3685879,2041-06-01
Baseline,REF,w23,2041,7,BIOENERGY,0,2041-07-01
Baseline,REF,w23,2041,7,DIESEL,0,2041-07-01
Baseline,REF,w23,2041,7,FUEL OIL,32.73270271,2041-07-01
Baseline,REF,w23,2041,7,GAS,0,2041-07-01
Baseline,REF,w23,2041,7,GEOTHERMAL,0,2041-07-01
Baseline,REF,w23,2041,7,HYDRO,4791.42792,2041-07-01
Baseline,REF,w23,2041,7,IMPORTS,0,2041-07-01
Baseline,REF,w23,2041,7,NUCLEAR,0,2041-07-01
Baseline,REF,w23,2041,7,PV,88.99649542,2041-07-01
Baseline,REF,w23,2041,7,WIND,334.729174,2041-07-01
Baseline,REF,w23,2041,8,BIOENERGY,0,2041-08-01
Baseline,REF,w23,2041,8,DIESEL,0,2041-08-01
Baseline,REF,w23,2041,8,FUEL OIL,32.53526764,2041-08-01
Baseline,REF,w23,2041,8,GAS,0,2041-08-01
Baseline,REF,w23,2041,8,GEOTHERMAL,91.01446885,2041-08-01
Baseline,REF,w23,2041,8,HYDRO,4610.85329,2041-08-01
Baseline,REF,w23,2041,8,IMPORTS,0,2041-08-01
Baseline,REF,w23,2041,8,NUCLEAR,0,2041-08-01
Baseline,REF,w23,2041,8,PV,112.8051203,2041-08-01
Baseline,REF,w23,2041,8,WIND,386.3155369,2041-08-01
Baseline,REF,w23,2041,9,BIOENERGY,95.34845809,2041-09-01
Baseline,REF,w23,2041,9,DIESEL,0,2041-09-01
Baseline,REF,w23,2041,9,FUEL OIL,204.677945,2041-09-01
Baseline,REF,w23,2041,9,GAS,0,2041-09-01
Baseline,REF,w23,2041,9,GEOTHERMAL,119.095986,2041-09-01
Baseline,REF,w23,2041,9,HYDRO,4441.899777,2041-09-01
Baseline,REF,w23,2041,9,IMPORTS,0,2041-09-01
Baseline,REF,w23,2041,9,NUCLEAR,0,2041-09-01
Baseline,REF,w23,2041,9,PV,111.3281756,2041-09-01
Baseline,REF,w23,2041,9,WIND,383.4850591,2041-09-01
Baseline,REF,w23,2041,10,BIOENERGY,96.20957529,2041-10-01
Baseline,REF,w23,2041,10,DIESEL,0,2041-10-01
Baseline,REF,w23,2041,10,FUEL OIL,83.63270182,2041-10-01
Baseline,REF,w23,2041,10,GAS,0,2041-10-01
Baseline,REF,w23,2041,10,GEOTHERMAL,118.1385931,2041-10-01
Baseline,REF,w23,2041,10,HYDRO,4576.288923,2041-10-01
Baseline,REF,w23,2041,10,IMPORTS,0,2041-10-01
Baseline,REF,w23,2041,10,NUCLEAR,0,2041-10-01
Baseline,REF,w23,2041,10,PV,118.079702,2041-10-01
Baseline,REF,w23,2041,10,WIND,381.0361727,2041-10-01
Baseline,REF,w23,2041,11,BIOENERGY,87.67075855,2041-11-01
Baseline,REF,w23,2041,11,DIESEL,0,2041-11-01
Baseline,REF,w23,2041,11,FUEL OIL,228.5285767,2041-11-01
Baseline,REF,w23,2041,11,GAS,26.02046377,2041-11-01
Baseline,REF,w23,2041,11,GEOTHERMAL,129.1010206,2041-11-01
Baseline,REF,w23,2041,11,HYDRO,4504.578675,2041-11-01
Baseline,REF,w23,2041,11,IMPORTS,0,2041-11-01
Baseline,REF,w23,2041,11,NUCLEAR,0,2041-11-01
Baseline,REF,w23,2041,11,PV,107.2759745,2041-11-01
Baseline,REF,w23,2041,11,WIND,398.9469364,2041-11-01
Baseline,REF,w23,2041,12,BIOENERGY,92.7903376,2041-12-01
Baseline,REF,w23,2041,12,DIESEL,0,2041-12-01
Baseline,REF,w23,2041,12,FUEL OIL,241.4586098,2041-12-01
Baseline,REF,w23,2041,12,GAS,61.28186428,2041-12-01
Baseline,REF,w23,2041,12,GEOTHERMAL,122.3057717,2041-12-01
Baseline,REF,w23,2041,12,HYDRO,4601.699053,2041-12-01
Baseline,REF,w23,2041,12,IMPORTS,0,2041-12-01
Baseline,REF,w23,2041,12,NUCLEAR,0,2041-12-01
Baseline,REF,w23,2041,12,PV,118.6122596,2041-12-01
Baseline,REF,w23,2041,12,WIND,375.0398694,2041-12-01
Baseline,REF,w23,2042,1,BIOENERGY,82.75686341,2042-01-01
Baseline,REF,w23,2042,1,DIESEL,0,2042-01-01
Baseline,REF,w23,2042,1,FUEL OIL,93.40650809,2042-01-01
Baseline,REF,w23,2042,1,GAS,63.44733742,2042-01-01
Baseline,REF,w23,2042,1,GEOTHERMAL,123.0900578,2042-01-01
Baseline,REF,w23,2042,1,HYDRO,4572.249051,2042-01-01
Baseline,REF,w23,2042,1,IMPORTS,0,2042-01-01
Baseline,REF,w23,2042,1,NUCLEAR,0,2042-01-01
Baseline,REF,w23,2042,1,PV,123.1437276,2042-01-01
Baseline,REF,w23,2042,1,WIND,420.4840842,2042-01-01
Baseline,REF,w23,2042,2,BIOENERGY,91.32046285,2042-02-01
Baseline,REF,w23,2042,2,DIESEL,0,2042-02-01
Baseline,REF,w23,2042,2,FUEL OIL,246.7307577,2042-02-01
Baseline,REF,w23,2042,2,GAS,0,2042-02-01
Baseline,REF,w23,2042,2,GEOTHERMAL,124.325717,2042-02-01
Baseline,REF,w23,2042,2,HYDRO,4505.109056,2042-02-01
Baseline,REF,w23,2042,2,IMPORTS,0,2042-02-01
Baseline,REF,w23,2042,2,NUCLEAR,0,2042-02-01
Baseline,REF,w23,2042,2,PV,106.5556881,2042-02-01
Baseline,REF,w23,2042,2,WIND,377.1478941,2042-02-01
Baseline,REF,w23,2042,3,BIOENERGY,0,2042-03-01
Baseline,REF,w23,2042,3,DIESEL,0,2042-03-01
Baseline,REF,w23,2042,3,FUEL OIL,39.77076918,2042-03-01
Baseline,REF,w23,2042,3,GAS,0,2042-03-01
Baseline,REF,w23,2042,3,GEOTHERMAL,0,2042-03-01
Baseline,REF,w23,2042,3,HYDRO,5071.528532,2042-03-01
Baseline,REF,w23,2042,3,IMPORTS,0,2042-03-01
Baseline,REF,w23,2042,3,NUCLEAR,0,2042-03-01
Baseline,REF,w23,2042,3,PV,92.30669703,2042-03-01
Baseline,REF,w23,2042,3,WIND,342.6006236,2042-03-01
Baseline,REF,w23,2042,4,BIOENERGY,0,2042-04-01
Baseline,REF,w23,2042,4,DIESEL,0,2042-04-01
Baseline,REF,w23,2042,4,FUEL OIL,38.10578107,2042-04-01
Baseline,REF,w23,2042,4,GAS,0,2042-04-01
Baseline,REF,w23,2042,4,GEOTHERMAL,0,2042-04-01
Baseline,REF,w23,2042,4,HYDRO,5094.712833,2042-04-01
Baseline,REF,w23,2042,4,IMPORTS,0,2042-04-01
Baseline,REF,w23,2042,4,NUCLEAR,0,2042-04-01
Baseline,REF,w23,2042,4,PV,94.62392623,2042-04-01
Baseline,REF,w23,2042,4,WIND,346.9621893,2042-04-01
Baseline,REF,w23,2042,5,BIOENERGY,0,2042-05-01
Baseline,REF,w23,2042,5,DIESEL,0,2042-05-01
Baseline,REF,w23,2042,5,FUEL OIL,41.91690579,2042-05-01
Baseline,REF,w23,2042,5,GAS,0,2042-05-01
Baseline,REF,w23,2042,5,GEOTHERMAL,0,2042-05-01
Baseline,REF,w23,2042,5,HYDRO,5050.229041,2042-05-01
Baseline,REF,w23,2042,5,IMPORTS,0,2042-05-01
Baseline,REF,w23,2042,5,NUCLEAR,0,2042-05-01
Baseline,REF,w23,2042,5,PV,97.80228583,2042-05-01
Baseline,REF,w23,2042,5,WIND,356.8650055,2042-05-01
Baseline,REF,w23,2042,6,BIOENERGY,0,2042-06-01
Baseline,REF,w23,2042,6,DIESEL,0,2042-06-01
Baseline,REF,w23,2042,6,FUEL OIL,31.5947008,2042-06-01
Baseline,REF,w23,2042,6,GAS,0,2042-06-01
Baseline,REF,w23,2042,6,GEOTHERMAL,0,2042-06-01
Baseline,REF,w23,2042,6,HYDRO,4935.166459,2042-06-01
Baseline,REF,w23,2042,6,IMPORTS,0,2042-06-01
Baseline,REF,w23,2042,6,NUCLEAR,0,2042-06-01
Baseline,REF,w23,2042,6,PV,98.31058576,2042-06-01
Baseline,REF,w23,2042,6,WIND,359.6900931,2042-06-01
Baseline,REF,w23,2042,7,BIOENERGY,0,2042-07-01
Baseline,REF,w23,2042,7,DIESEL,0,2042-07-01
Baseline,REF,w23,2042,7,FUEL OIL,32.76364349,2042-07-01
Baseline,REF,w23,2042,7,GAS,0,2042-07-01
Baseline,REF,w23,2042,7,GEOTHERMAL,0,2042-07-01
Baseline,REF,w23,2042,7,HYDRO,4897.297172,2042-07-01
Baseline,REF,w23,2042,7,IMPORTS,0,2042-07-01
Baseline,REF,w23,2042,7,NUCLEAR,0,2042-07-01
Baseline,REF,w23,2042,7,PV,89.75672656,2042-07-01
Baseline,REF,w23,2042,7,WIND,333.0264763,2042-07-01
Baseline,REF,w23,2042,8,BIOENERGY,60.46935392,2042-08-01
Baseline,REF,w23,2042,8,DIESEL,0,2042-08-01
Baseline,REF,w23,2042,8,FUEL OIL,32.50406703,2042-08-01
Baseline,REF,w23,2042,8,GAS,0,2042-08-01
Baseline,REF,w23,2042,8,GEOTHERMAL,128.0483432,2042-08-01
Baseline,REF,w23,2042,8,HYDRO,4593.840721,2042-08-01
Baseline,REF,w23,2042,8,IMPORTS,0,2042-08-01
Baseline,REF,w23,2042,8,NUCLEAR,0,2042-08-01
Baseline,REF,w23,2042,8,PV,112.3953351,2042-08-01
Baseline,REF,w23,2042,8,WIND,410.9363371,2042-08-01
Baseline,REF,w23,2042,9,BIOENERGY,88.18542072,2042-09-01
Baseline,REF,w23,2042,9,DIESEL,0,2042-09-01
Baseline,REF,w23,2042,9,FUEL OIL,158.8613149,2042-09-01
Baseline,REF,w23,2042,9,GAS,0,2042-09-01
Baseline,REF,w23,2042,9,GEOTHERMAL,120.5801622,2042-09-01
Baseline,REF,w23,2042,9,HYDRO,4576.926878,2042-09-01
Baseline,REF,w23,2042,9,IMPORTS,5.23875041,2042-09-01
Baseline,REF,w23,2042,9,NUCLEAR,0,2042-09-01
Baseline,REF,w23,2042,9,PV,122.3606164,2042-09-01
Baseline,REF,w23,2042,9,WIND,390.7989663,2042-09-01
Baseline,REF,w23,2042,10,BIOENERGY,90.88592901,2042-10-01
Baseline,REF,w23,2042,10,DIESEL,0,2042-10-01
Baseline,REF,w23,2042,10,FUEL OIL,151.7108871,2042-10-01
Baseline,REF,w23,2042,10,GAS,0,2042-10-01
Baseline,REF,w23,2042,10,GEOTHERMAL,128.5528634,2042-10-01
Baseline,REF,w23,2042,10,HYDRO,4600.333992,2042-10-01
Baseline,REF,w23,2042,10,IMPORTS,0,2042-10-01
Baseline,REF,w23,2042,10,NUCLEAR,0,2042-10-01
Baseline,REF,w23,2042,10,PV,110.3287011,2042-10-01
Baseline,REF,w23,2042,10,WIND,399.0410083,2042-10-01
Baseline,REF,w23,2042,11,BIOENERGY,89.16989519,2042-11-01
Baseline,REF,w23,2042,11,DIESEL,0,2042-11-01
Baseline,REF,w23,2042,11,FUEL OIL,322.2787261,2042-11-01
Baseline,REF,w23,2042,11,GAS,0,2042-11-01
Baseline,REF,w23,2042,11,GEOTHERMAL,123.7755,2042-11-01
Baseline,REF,w23,2042,11,HYDRO,4540.638339,2042-11-01
Baseline,REF,w23,2042,11,IMPORTS,0,2042-11-01
Baseline,REF,w23,2042,11,NUCLEAR,0,2042-11-01
Baseline,REF,w23,2042,11,PV,115.9211133,2042-11-01
Baseline,REF,w23,2042,11,WIND,399.9812806,2042-11-01
Baseline,REF,w23,2042,12,BIOENERGY,98.53438648,2042-12-01
Baseline,REF,w23,2042,12,DIESEL,0,2042-12-01
Baseline,REF,w23,2042,12,FUEL OIL,433.0897799,2042-12-01
Baseline,REF,w23,2042,12,GAS,26.68876653,2042-12-01
Baseline,REF,w23,2042,12,GEOTHERMAL,124.220707,2042-12-01
Baseline,REF,w23,2042,12,HYDRO,4545.960675,2042-12-01
Baseline,REF,w23,2042,12,IMPORTS,0,2042-12-01
Baseline,REF,w23,2042,12,NUCLEAR,0,2042-12-01
Baseline,REF,w23,2042,12,PV,113.2335425,2042-12-01
Baseline,REF,w23,2042,12,WIND,383.723663,2042-12-01
Baseline,REF,w23,2043,1,BIOENERGY,97.23146057,2043-01-01
Baseline,REF,w23,2043,1,DIESEL,0,2043-01-01
Baseline,REF,w23,2043,1,FUEL OIL,303.354664,2043-01-01
Baseline,REF,w23,2043,1,GAS,62.21162099,2043-01-01
Baseline,REF,w23,2043,1,GEOTHERMAL,119.8480522,2043-01-01
Baseline,REF,w23,2043,1,HYDRO,4491.757908,2043-01-01
Baseline,REF,w23,2043,1,IMPORTS,0,2043-01-01
Baseline,REF,w23,2043,1,NUCLEAR,0,2043-01-01
Baseline,REF,w23,2043,1,PV,102.588252,2043-01-01
Baseline,REF,w23,2043,1,WIND,411.1572247,2043-01-01
Baseline,REF,w23,2043,2,BIOENERGY,95.94016797,2043-02-01
Baseline,REF,w23,2043,2,DIESEL,0,2043-02-01
Baseline,REF,w23,2043,2,FUEL OIL,347.1243199,2043-02-01
Baseline,REF,w23,2043,2,GAS,35.64593441,2043-02-01
Baseline,REF,w23,2043,2,GEOTHERMAL,129.8785029,2043-02-01
Baseline,REF,w23,2043,2,HYDRO,4449.308658,2043-02-01
Baseline,REF,w23,2043,2,IMPORTS,0,2043-02-01
Baseline,REF,w23,2043,2,NUCLEAR,0,2043-02-01
Baseline,REF,w23,2043,2,PV,108.4522838,2043-02-01
Baseline,REF,w23,2043,2,WIND,393.863501,2043-02-01
Baseline,REF,w23,2043,3,BIOENERGY,0,2043-03-01
Baseline,REF,w23,2043,3,DIESEL,0,2043-03-01
Baseline,REF,w23,2043,3,FUEL OIL,43.64102177,2043-03-01
Baseline,REF,w23,2043,3,GAS,0,2043-03-01
Baseline,REF,w23,2043,3,GEOTHERMAL,0,2043-03-01
Baseline,REF,w23,2043,3,HYDRO,5156.677056,2043-03-01
Baseline,REF,w23,2043,3,IMPORTS,0,2043-03-01
Baseline,REF,w23,2043,3,NUCLEAR,0,2043-03-01
Baseline,REF,w23,2043,3,PV,96.08575858,2043-03-01
Baseline,REF,w23,2043,3,WIND,360.7269183,2043-03-01
Baseline,REF,w23,2043,4,BIOENERGY,0,2043-04-01
Baseline,REF,w23,2043,4,DIESEL,0,2043-04-01
Baseline,REF,w23,2043,4,FUEL OIL,52.98743563,2043-04-01
Baseline,REF,w23,2043,4,GAS,0,2043-04-01
Baseline,REF,w23,2043,4,GEOTHERMAL,0,2043-04-01
Baseline,REF,w23,2043,4,HYDRO,5178.684227,2043-04-01
Baseline,REF,w23,2043,4,IMPORTS,0,2043-04-01
Baseline,REF,w23,2043,4,NUCLEAR,0,2043-04-01
Baseline,REF,w23,2043,4,PV,99.88752866,2043-04-01
Baseline,REF,w23,2043,4,WIND,354.3336328,2043-04-01
Baseline,REF,w23,2043,5,BIOENERGY,0,2043-05-01
Baseline,REF,w23,2043,5,DIESEL,0,2043-05-01
Baseline,REF,w23,2043,5,FUEL OIL,44.90279711,2043-05-01
Baseline,REF,w23,2043,5,GAS,0,2043-05-01
Baseline,REF,w23,2043,5,GEOTHERMAL,0,2043-05-01
Baseline,REF,w23,2043,5,HYDRO,5155.716341,2043-05-01
Baseline,REF,w23,2043,5,IMPORTS,0,2043-05-01
Baseline,REF,w23,2043,5,NUCLEAR,0,2043-05-01
Baseline,REF,w23,2043,5,PV,103.0758118,2043-05-01
Baseline,REF,w23,2043,5,WIND,354.0545524,2043-05-01
Baseline,REF,w23,2043,6,BIOENERGY,0,2043-06-01
Baseline,REF,w23,2043,6,DIESEL,0,2043-06-01
Baseline,REF,w23,2043,6,FUEL OIL,38.28353058,2043-06-01
Baseline,REF,w23,2043,6,GAS,0,2043-06-01
Baseline,REF,w23,2043,6,GEOTHERMAL,0,2043-06-01
Baseline,REF,w23,2043,6,HYDRO,5030.490136,2043-06-01
Baseline,REF,w23,2043,6,IMPORTS,0,2043-06-01
Baseline,REF,w23,2043,6,NUCLEAR,0,2043-06-01
Baseline,REF,w23,2043,6,PV,94.36634249,2043-06-01
Baseline,REF,w23,2043,6,WIND,370.1170658,2043-06-01
Baseline,REF,w23,2043,7,BIOENERGY,0,2043-07-01
Baseline,REF,w23,2043,7,DIESEL,0,2043-07-01
Baseline,REF,w23,2043,7,FUEL OIL,44.87903072,2043-07-01
Baseline,REF,w23,2043,7,GAS,0,2043-07-01
Baseline,REF,w23,2043,7,GEOTHERMAL,0,2043-07-01
Baseline,REF,w23,2043,7,HYDRO,4976.17617,2043-07-01
Baseline,REF,w23,2043,7,IMPORTS,0,2043-07-01
Baseline,REF,w23,2043,7,NUCLEAR,0,2043-07-01
Baseline,REF,w23,2043,7,PV,95.10968685,2043-07-01
Baseline,REF,w23,2043,7,WIND,343.7360104,2043-07-01
Baseline,REF,w23,2043,8,BIOENERGY,95.45563791,2043-08-01
Baseline,REF,w23,2043,8,DIESEL,0,2043-08-01
Baseline,REF,w23,2043,8,FUEL OIL,182.4859105,2043-08-01
Baseline,REF,w23,2043,8,GAS,35.9679629,2043-08-01
Baseline,REF,w23,2043,8,GEOTHERMAL,123.1852018,2043-08-01
Baseline,REF,w23,2043,8,HYDRO,4503.408888,2043-08-01
Baseline,REF,w23,2043,8,IMPORTS,0,2043-08-01
Baseline,REF,w23,2043,8,NUCLEAR,0,2043-08-01
Baseline,REF,w23,2043,8,PV,115.8218579,2043-08-01
Baseline,REF,w23,2043,8,WIND,388.6325819,2043-08-01
Baseline,REF,w23,2043,9,BIOENERGY,89.65071753,2043-09-01
Baseline,REF,w23,2043,9,DIESEL,0,2043-09-01
Baseline,REF,w23,2043,9,FUEL OIL,205.230704,2043-09-01
Baseline,REF,w23,2043,9,GAS,36.08482382,2043-09-01
Baseline,REF,w23,2043,9,GEOTHERMAL,125.5526071,2043-09-01
Baseline,REF,w23,2043,9,HYDRO,4601.547363,2043-09-01
Baseline,REF,w23,2043,9,IMPORTS,0,2043-09-01
Baseline,REF,w23,2043,9,NUCLEAR,0,2043-09-01
Baseline,REF,w23,2043,9,PV,112.9173742,2043-09-01
Baseline,REF,w23,2043,9,WIND,401.2275621,2043-09-01
Baseline,REF,w23,2043,10,BIOENERGY,97.1651957,2043-10-01
Baseline,REF,w23,2043,10,DIESEL,0,2043-10-01
Baseline,REF,w23,2043,10,FUEL OIL,306.5090404,2043-10-01
Baseline,REF,w23,2043,10,GAS,26.13655225,2043-10-01
Baseline,REF,w23,2043,10,GEOTHERMAL,130.6483157,2043-10-01
Baseline,REF,w23,2043,10,HYDRO,4514.484563,2043-10-01
Baseline,REF,w23,2043,10,IMPORTS,0,2043-10-01
Baseline,REF,w23,2043,10,NUCLEAR,0,2043-10-01
Baseline,REF,w23,2043,10,PV,111.4230405,2043-10-01
Baseline,REF,w23,2043,10,WIND,404.1037418,2043-10-01
Baseline,REF,w23,2043,11,BIOENERGY,92.31376297,2043-11-01
Baseline,REF,w23,2043,11,DIESEL,0,2043-11-01
Baseline,REF,w23,2043,11,FUEL OIL,382.7312583,2043-11-01
Baseline,REF,w23,2043,11,GAS,27.22668058,2043-11-01
Baseline,REF,w23,2043,11,GEOTHERMAL,130.1637767,2043-11-01
Baseline,REF,w23,2043,11,HYDRO,4555.659298,2043-11-01
Baseline,REF,w23,2043,11,IMPORTS,0,2043-11-01
Baseline,REF,w23,2043,11,NUCLEAR,0,2043-11-01
Baseline,REF,w23,2043,11,PV,123.0986352,2043-11-01
Baseline,REF,w23,2043,11,WIND,392.4067391,2043-11-01
Baseline,REF,w23,2043,12,BIOENERGY,94.22256841,2043-12-01
Baseline,REF,w23,2043,12,DIESEL,0,2043-12-01
Baseline,REF,w23,2043,12,FUEL OIL,449.4544144,2043-12-01
Baseline,REF,w23,2043,12,GAS,64.34659923,2043-12-01
Baseline,REF,w23,2043,12,GEOTHERMAL,118.163919,2043-12-01
Baseline,REF,w23,2043,12,HYDRO,4593.254993,2043-12-01
Baseline,REF,w23,2043,12,IMPORTS,0,2043-12-01
Baseline,REF,w23,2043,12,NUCLEAR,0,2043-12-01
Baseline,REF,w23,2043,12,PV,119.6841811,2043-12-01
Baseline,REF,w23,2043,12,WIND,400.8338761,2043-12-01
Baseline,REF,w23,2044,1,BIOENERGY,93.10717669,2044-01-01
Baseline,REF,w23,2044,1,DIESEL,0,2044-01-01
Baseline,REF,w23,2044,1,FUEL OIL,412.8473585,2044-01-01
Baseline,REF,w23,2044,1,GAS,116.3275841,2044-01-01
Baseline,REF,w23,2044,1,GEOTHERMAL,116.0284488,2044-01-01
Baseline,REF,w23,2044,1,HYDRO,4440.618295,2044-01-01
Baseline,REF,w23,2044,1,IMPORTS,0,2044-01-01
Baseline,REF,w23,2044,1,NUCLEAR,0,2044-01-01
Baseline,REF,w23,2044,1,PV,127.1176079,2044-01-01
Baseline,REF,w23,2044,1,WIND,393.865695,2044-01-01
Baseline,REF,w23,2044,2,BIOENERGY,92.41235018,2044-02-01
Baseline,REF,w23,2044,2,DIESEL,0,2044-02-01
Baseline,REF,w23,2044,2,FUEL OIL,334.6675526,2044-02-01
Baseline,REF,w23,2044,2,GAS,62.51869345,2044-02-01
Baseline,REF,w23,2044,2,GEOTHERMAL,125.487795,2044-02-01
Baseline,REF,w23,2044,2,HYDRO,4542.271104,2044-02-01
Baseline,REF,w23,2044,2,IMPORTS,0,2044-02-01
Baseline,REF,w23,2044,2,NUCLEAR,0,2044-02-01
Baseline,REF,w23,2044,2,PV,120.705539,2044-02-01
Baseline,REF,w23,2044,2,WIND,393.3546003,2044-02-01
Baseline,REF,w23,2044,3,BIOENERGY,0,2044-03-01
Baseline,REF,w23,2044,3,DIESEL,0,2044-03-01
Baseline,REF,w23,2044,3,FUEL OIL,52.57765003,2044-03-01
Baseline,REF,w23,2044,3,GAS,0,2044-03-01
Baseline,REF,w23,2044,3,GEOTHERMAL,0,2044-03-01
Baseline,REF,w23,2044,3,HYDRO,5273.851619,2044-03-01
Baseline,REF,w23,2044,3,IMPORTS,0,2044-03-01
Baseline,REF,w23,2044,3,NUCLEAR,0,2044-03-01
Baseline,REF,w23,2044,3,PV,93.63332113,2044-03-01
Baseline,REF,w23,2044,3,WIND,350.2107794,2044-03-01
Baseline,REF,w23,2044,4,BIOENERGY,0,2044-04-01
Baseline,REF,w23,2044,4,DIESEL,0,2044-04-01
Baseline,REF,w23,2044,4,FUEL OIL,58.83643094,2044-04-01
Baseline,REF,w23,2044,4,GAS,0,2044-04-01
Baseline,REF,w23,2044,4,GEOTHERMAL,0,2044-04-01
Baseline,REF,w23,2044,4,HYDRO,5284.63916,2044-04-01
Baseline,REF,w23,2044,4,IMPORTS,0,2044-04-01
Baseline,REF,w23,2044,4,NUCLEAR,0,2044-04-01
Baseline,REF,w23,2044,4,PV,86.78551188,2044-04-01
Baseline,REF,w23,2044,4,WIND,369.3495778,2044-04-01
Baseline,REF,w23,2044,5,BIOENERGY,0,2044-05-01
Baseline,REF,w23,2044,5,DIESEL,0,2044-05-01
Baseline,REF,w23,2044,5,FUEL OIL,53.73492071,2044-05-01
Baseline,REF,w23,2044,5,GAS,0,2044-05-01
Baseline,REF,w23,2044,5,GEOTHERMAL,0,2044-05-01
Baseline,REF,w23,2044,5,HYDRO,5264.452305,2044-05-01
Baseline,REF,w23,2044,5,IMPORTS,0,2044-05-01
Baseline,REF,w23,2044,5,NUCLEAR,0,2044-05-01
Baseline,REF,w23,2044,5,PV,90.80076597,2044-05-01
Baseline,REF,w23,2044,5,WIND,361.9165007,2044-05-01
Baseline,REF,w23,2044,6,BIOENERGY,0,2044-06-01
Baseline,REF,w23,2044,6,DIESEL,0,2044-06-01
Baseline,REF,w23,2044,6,FUEL OIL,50.61652583,2044-06-01
Baseline,REF,w23,2044,6,GAS,0,2044-06-01
Baseline,REF,w23,2044,6,GEOTHERMAL,0,2044-06-01
Baseline,REF,w23,2044,6,HYDRO,5147.589506,2044-06-01
Baseline,REF,w23,2044,6,IMPORTS,0,2044-06-01
Baseline,REF,w23,2044,6,NUCLEAR,0,2044-06-01
Baseline,REF,w23,2044,6,PV,99.85564664,2044-06-01
Baseline,REF,w23,2044,6,WIND,345.8605387,2044-06-01
Baseline,REF,w23,2044,7,BIOENERGY,0,2044-07-01
Baseline,REF,w23,2044,7,DIESEL,0,2044-07-01
Baseline,REF,w23,2044,7,FUEL OIL,36.9064429,2044-07-01
Baseline,REF,w23,2044,7,GAS,0,2044-07-01
Baseline,REF,w23,2044,7,GEOTHERMAL,0,2044-07-01
Baseline,REF,w23,2044,7,HYDRO,5075.398905,2044-07-01
Baseline,REF,w23,2044,7,IMPORTS,0,2044-07-01
Baseline,REF,w23,2044,7,NUCLEAR,0,2044-07-01
Baseline,REF,w23,2044,7,PV,114.3253617,2044-07-01
Baseline,REF,w23,2044,7,WIND,342.4682071,2044-07-01
Baseline,REF,w23,2044,8,BIOENERGY,98.03572714,2044-08-01
Baseline,REF,w23,2044,8,DIESEL,0,2044-08-01
Baseline,REF,w23,2044,8,FUEL OIL,199.848445,2044-08-01
Baseline,REF,w23,2044,8,GAS,62.90049629,2044-08-01
Baseline,REF,w23,2044,8,GEOTHERMAL,119.9840693,2044-08-01
Baseline,REF,w23,2044,8,HYDRO,4568.039603,2044-08-01
Baseline,REF,w23,2044,8,IMPORTS,0,2044-08-01
Baseline,REF,w23,2044,8,NUCLEAR,0,2044-08-01
Baseline,REF,w23,2044,8,PV,109.2179888,2044-08-01
Baseline,REF,w23,2044,8,WIND,395.8308722,2044-08-01
Baseline,REF,w23,2044,9,BIOENERGY,87.68485803,2044-09-01
Baseline,REF,w23,2044,9,DIESEL,0,2044-09-01
Baseline,REF,w23,2044,9,FUEL OIL,371.5212562,2044-09-01
Baseline,REF,w23,2044,9,GAS,61.35545364,2044-09-01
Baseline,REF,w23,2044,9,GEOTHERMAL,121.0072994,2044-09-01
Baseline,REF,w23,2044,9,HYDRO,4515.33947,2044-09-01
Baseline,REF,w23,2044,9,IMPORTS,0,2044-09-01
Baseline,REF,w23,2044,9,NUCLEAR,0,2044-09-01
Baseline,REF,w23,2044,9,PV,123.8433716,2044-09-01
Baseline,REF,w23,2044,9,WIND,402.9036658,2044-09-01
Baseline,REF,w23,2044,10,BIOENERGY,97.57656929,2044-10-01
Baseline,REF,w23,2044,10,DIESEL,0,2044-10-01
Baseline,REF,w23,2044,10,FUEL OIL,347.0077573,2044-10-01
Baseline,REF,w23,2044,10,GAS,62.87434494,2044-10-01
Baseline,REF,w23,2044,10,GEOTHERMAL,128.2108576,2044-10-01
Baseline,REF,w23,2044,10,HYDRO,4533.757091,2044-10-01
Baseline,REF,w23,2044,10,IMPORTS,0,2044-10-01
Baseline,REF,w23,2044,10,NUCLEAR,0,2044-10-01
Baseline,REF,w23,2044,10,PV,115.4327359,2044-10-01
Baseline,REF,w23,2044,10,WIND,417.4205016,2044-10-01
Baseline,REF,w23,2044,11,BIOENERGY,94.43815661,2044-11-01
Baseline,REF,w23,2044,11,DIESEL,0,2044-11-01
Baseline,REF,w23,2044,11,FUEL OIL,458.7302324,2044-11-01
Baseline,REF,w23,2044,11,GAS,62.12242596,2044-11-01
Baseline,REF,w23,2044,11,GEOTHERMAL,128.6899006,2044-11-01
Baseline,REF,w23,2044,11,HYDRO,4555.984521,2044-11-01
Baseline,REF,w23,2044,11,IMPORTS,0,2044-11-01
Baseline,REF,w23,2044,11,NUCLEAR,0,2044-11-01
Baseline,REF,w23,2044,11,PV,113.1374387,2044-11-01
Baseline,REF,w23,2044,11,WIND,404.5694784,2044-11-01
Baseline,REF,w23,2044,12,BIOENERGY,96.42808168,2044-12-01
Baseline,REF,w23,2044,12,DIESEL,106.8298505,2044-12-01
Baseline,REF,w23,2044,12,FUEL OIL,471.0990518,2044-12-01
Baseline,REF,w23,2044,12,GAS,160.4727842,2044-12-01
Baseline,REF,w23,2044,12,GEOTHERMAL,127.156885,2044-12-01
Baseline,REF,w23,2044,12,HYDRO,4466.90336,2044-12-01
Baseline,REF,w23,2044,12,IMPORTS,0,2044-12-01
Baseline,REF,w23,2044,12,NUCLEAR,0,2044-12-01
Baseline,REF,w23,2044,12,PV,115.8625558,2044-12-01
Baseline,REF,w23,2044,12,WIND,412.007193,2044-12-01
Baseline,REF,w23,2045,1,BIOENERGY,0,2045-01-01
Baseline,REF,w23,2045,1,DIESEL,0,2045-01-01
Baseline,REF,w23,2045,1,FUEL OIL,0,2045-01-01
Baseline,REF,w23,2045,1,GAS,351.401757,2045-01-01
Baseline,REF,w23,2045,1,GEOTHERMAL,111.6356128,2045-01-01
Baseline,REF,w23,2045,1,HYDRO,4817.51434,2045-01-01
Baseline,REF,w23,2045,1,IMPORTS,0,2045-01-01
Baseline,REF,w23,2045,1,NUCLEAR,0,2045-01-01
Baseline,REF,w23,2045,1,PV,155.3619749,2045-01-01
Baseline,REF,w23,2045,1,WIND,377.9967244,2045-01-01
Baseline,REF,w23,2045,2,BIOENERGY,0,2045-02-01
Baseline,REF,w23,2045,2,DIESEL,0,2045-02-01
Baseline,REF,w23,2045,2,FUEL OIL,0,2045-02-01
Baseline,REF,w23,2045,2,GAS,386.533552,2045-02-01
Baseline,REF,w23,2045,2,GEOTHERMAL,114.4593651,2045-02-01
Baseline,REF,w23,2045,2,HYDRO,4748.937908,2045-02-01
Baseline,REF,w23,2045,2,IMPORTS,0,2045-02-01
Baseline,REF,w23,2045,2,NUCLEAR,0,2045-02-01
Baseline,REF,w23,2045,2,PV,155.2414215,2045-02-01
Baseline,REF,w23,2045,2,WIND,379.6737409,2045-02-01
Baseline,REF,w23,2045,3,BIOENERGY,0,2045-03-01
Baseline,REF,w23,2045,3,DIESEL,0,2045-03-01
Baseline,REF,w23,2045,3,FUEL OIL,0,2045-03-01
Baseline,REF,w23,2045,3,GAS,57.93976366,2045-03-01
Baseline,REF,w23,2045,3,GEOTHERMAL,0,2045-03-01
Baseline,REF,w23,2045,3,HYDRO,5384.362455,2045-03-01
Baseline,REF,w23,2045,3,IMPORTS,0,2045-03-01
Baseline,REF,w23,2045,3,NUCLEAR,0,2045-03-01
Baseline,REF,w23,2045,3,PV,130.7155931,2045-03-01
Baseline,REF,w23,2045,3,WIND,312.6610254,2045-03-01
Baseline,REF,w23,2045,4,BIOENERGY,0,2045-04-01
Baseline,REF,w23,2045,4,DIESEL,0,2045-04-01
Baseline,REF,w23,2045,4,FUEL OIL,0,2045-04-01
Baseline,REF,w23,2045,4,GAS,64.89623624,2045-04-01
Baseline,REF,w23,2045,4,GEOTHERMAL,0,2045-04-01
Baseline,REF,w23,2045,4,HYDRO,5385.94135,2045-04-01
Baseline,REF,w23,2045,4,IMPORTS,0,2045-04-01
Baseline,REF,w23,2045,4,NUCLEAR,0,2045-04-01
Baseline,REF,w23,2045,4,PV,138.1867421,2045-04-01
Baseline,REF,w23,2045,4,WIND,326.5785664,2045-04-01
Baseline,REF,w23,2045,5,BIOENERGY,0,2045-05-01
Baseline,REF,w23,2045,5,DIESEL,0,2045-05-01
Baseline,REF,w23,2045,5,FUEL OIL,0,2045-05-01
Baseline,REF,w23,2045,5,GAS,92.74294651,2045-05-01
Baseline,REF,w23,2045,5,GEOTHERMAL,0,2045-05-01
Baseline,REF,w23,2045,5,HYDRO,5341.941383,2045-05-01
Baseline,REF,w23,2045,5,IMPORTS,0,2045-05-01
Baseline,REF,w23,2045,5,NUCLEAR,0,2045-05-01
Baseline,REF,w23,2045,5,PV,123.155664,2045-05-01
Baseline,REF,w23,2045,5,WIND,328.482589,2045-05-01
Baseline,REF,w23,2045,6,BIOENERGY,0,2045-06-01
Baseline,REF,w23,2045,6,DIESEL,0,2045-06-01
Baseline,REF,w23,2045,6,FUEL OIL,0,2045-06-01
Baseline,REF,w23,2045,6,GAS,56.22923845,2045-06-01
Baseline,REF,w23,2045,6,GEOTHERMAL,0,2045-06-01
Baseline,REF,w23,2045,6,HYDRO,5250.724436,2045-06-01
Baseline,REF,w23,2045,6,IMPORTS,0,2045-06-01
Baseline,REF,w23,2045,6,NUCLEAR,0,2045-06-01
Baseline,REF,w23,2045,6,PV,130.4728132,2045-06-01
Baseline,REF,w23,2045,6,WIND,319.3741734,2045-06-01
Baseline,REF,w23,2045,7,BIOENERGY,0,2045-07-01
Baseline,REF,w23,2045,7,DIESEL,0,2045-07-01
Baseline,REF,w23,2045,7,FUEL OIL,0,2045-07-01
Baseline,REF,w23,2045,7,GAS,45.03377991,2045-07-01
Baseline,REF,w23,2045,7,GEOTHERMAL,0,2045-07-01
Baseline,REF,w23,2045,7,HYDRO,5155.183666,2045-07-01
Baseline,REF,w23,2045,7,IMPORTS,0,2045-07-01
Baseline,REF,w23,2045,7,NUCLEAR,0,2045-07-01
Baseline,REF,w23,2045,7,PV,141.4133337,2045-07-01
Baseline,REF,w23,2045,7,WIND,338.8501146,2045-07-01
Baseline,REF,w23,2045,8,BIOENERGY,0,2045-08-01
Baseline,REF,w23,2045,8,DIESEL,0,2045-08-01
Baseline,REF,w23,2045,8,FUEL OIL,0,2045-08-01
Baseline,REF,w23,2045,8,GAS,396.7379211,2045-08-01
Baseline,REF,w23,2045,8,GEOTHERMAL,123.5542213,2045-08-01
Baseline,REF,w23,2045,8,HYDRO,4655.894666,2045-08-01
Baseline,REF,w23,2045,8,IMPORTS,0,2045-08-01
Baseline,REF,w23,2045,8,NUCLEAR,0,2045-08-01
Baseline,REF,w23,2045,8,PV,144.5851328,2045-08-01
Baseline,REF,w23,2045,8,WIND,344.1624048,2045-08-01
Baseline,REF,w23,2045,9,BIOENERGY,0,2045-09-01
Baseline,REF,w23,2045,9,DIESEL,0,2045-09-01
Baseline,REF,w23,2045,9,FUEL OIL,0,2045-09-01
Baseline,REF,w23,2045,9,GAS,519.5202512,2045-09-01
Baseline,REF,w23,2045,9,GEOTHERMAL,120.2926559,2045-09-01
Baseline,REF,w23,2045,9,HYDRO,4627.818843,2045-09-01
Baseline,REF,w23,2045,9,IMPORTS,0,2045-09-01
Baseline,REF,w23,2045,9,NUCLEAR,0,2045-09-01
Baseline,REF,w23,2045,9,PV,158.2166224,2045-09-01
Baseline,REF,w23,2045,9,WIND,371.480109,2045-09-01
Baseline,REF,w23,2045,10,BIOENERGY,0,2045-10-01
Baseline,REF,w23,2045,10,DIESEL,0,2045-10-01
Baseline,REF,w23,2045,10,FUEL OIL,0,2045-10-01
Baseline,REF,w23,2045,10,GAS,587.2766752,2045-10-01
Baseline,REF,w23,2045,10,GEOTHERMAL,120.1971616,2045-10-01
Baseline,REF,w23,2045,10,HYDRO,4608.044647,2045-10-01
Baseline,REF,w23,2045,10,IMPORTS,0,2045-10-01
Baseline,REF,w23,2045,10,NUCLEAR,0,2045-10-01
Baseline,REF,w23,2045,10,PV,137.5765931,2045-10-01
Baseline,REF,w23,2045,10,WIND,363.2303781,2045-10-01
Baseline,REF,w23,2045,11,BIOENERGY,0,2045-11-01
Baseline,REF,w23,2045,11,DIESEL,0,2045-11-01
Baseline,REF,w23,2045,11,FUEL OIL,0,2045-11-01
Baseline,REF,w23,2045,11,GAS,533.5430148,2045-11-01
Baseline,REF,w23,2045,11,GEOTHERMAL,120.3330942,2045-11-01
Baseline,REF,w23,2045,11,HYDRO,4754.222051,2045-11-01
Baseline,REF,w23,2045,11,IMPORTS,0,2045-11-01
Baseline,REF,w23,2045,11,NUCLEAR,0,2045-11-01
Baseline,REF,w23,2045,11,PV,167.3899208,2045-11-01
Baseline,REF,w23,2045,11,WIND,358.5375167,2045-11-01
Baseline,REF,w23,2045,12,BIOENERGY,0,2045-12-01
Baseline,REF,w23,2045,12,DIESEL,0,2045-12-01
Baseline,REF,w23,2045,12,FUEL OIL,0,2045-12-01
Baseline,REF,w23,2045,12,GAS,632.7486131,2045-12-01
Baseline,REF,w23,2045,12,GEOTHERMAL,121.137195,2045-12-01
Baseline,REF,w23,2045,12,HYDRO,4787.42507,2045-12-01
Baseline,REF,w23,2045,12,IMPORTS,0,2045-12-01
Baseline,REF,w23,2045,12,NUCLEAR,0,2045-12-01
Baseline,REF,w23,2045,12,PV,168.3326188,2045-12-01
Baseline,REF,w23,2045,12,WIND,366.2514597,2045-12-01
Baseline,REF,w23,2046,1,BIOENERGY,0,2046-01-01
Baseline,REF,w23,2046,1,DIESEL,0,2046-01-01
Baseline,REF,w23,2046,1,FUEL OIL,0,2046-01-01
Baseline,REF,w23,2046,1,GAS,618.9449054,2046-01-01
Baseline,REF,w23,2046,1,GEOTHERMAL,114.7455201,2046-01-01
Baseline,REF,w23,2046,1,HYDRO,4683.502518,2046-01-01
Baseline,REF,w23,2046,1,IMPORTS,0,2046-01-01
Baseline,REF,w23,2046,1,NUCLEAR,0,2046-01-01
Baseline,REF,w23,2046,1,PV,161.6230996,2046-01-01
Baseline,REF,w23,2046,1,WIND,351.3725742,2046-01-01
Baseline,REF,w23,2046,2,BIOENERGY,0,2046-02-01
Baseline,REF,w23,2046,2,DIESEL,0,2046-02-01
Baseline,REF,w23,2046,2,FUEL OIL,0,2046-02-01
Baseline,REF,w23,2046,2,GAS,552.8833506,2046-02-01
Baseline,REF,w23,2046,2,GEOTHERMAL,116.8046741,2046-02-01
Baseline,REF,w23,2046,2,HYDRO,4691.180393,2046-02-01
Baseline,REF,w23,2046,2,IMPORTS,0,2046-02-01
Baseline,REF,w23,2046,2,NUCLEAR,0,2046-02-01
Baseline,REF,w23,2046,2,PV,154.3168486,2046-02-01
Baseline,REF,w23,2046,2,WIND,385.3576414,2046-02-01
Baseline,REF,w23,2046,3,BIOENERGY,0,2046-03-01
Baseline,REF,w23,2046,3,DIESEL,0,2046-03-01
Baseline,REF,w23,2046,3,FUEL OIL,0,2046-03-01
Baseline,REF,w23,2046,3,GAS,73.35373037,2046-03-01
Baseline,REF,w23,2046,3,GEOTHERMAL,0,2046-03-01
Baseline,REF,w23,2046,3,HYDRO,5479.697138,2046-03-01
Baseline,REF,w23,2046,3,IMPORTS,0,2046-03-01
Baseline,REF,w23,2046,3,NUCLEAR,0,2046-03-01
Baseline,REF,w23,2046,3,PV,125.6335065,2046-03-01
Baseline,REF,w23,2046,3,WIND,324.7080392,2046-03-01
Baseline,REF,w23,2046,4,BIOENERGY,0,2046-04-01
Baseline,REF,w23,2046,4,DIESEL,0,2046-04-01
Baseline,REF,w23,2046,4,FUEL OIL,0,2046-04-01
Baseline,REF,w23,2046,4,GAS,64.11125094,2046-04-01
Baseline,REF,w23,2046,4,GEOTHERMAL,0,2046-04-01
Baseline,REF,w23,2046,4,HYDRO,5510.10726,2046-04-01
Baseline,REF,w23,2046,4,IMPORTS,0,2046-04-01
Baseline,REF,w23,2046,4,NUCLEAR,0,2046-04-01
Baseline,REF,w23,2046,4,PV,133.4925111,2046-04-01
Baseline,REF,w23,2046,4,WIND,326.2039307,2046-04-01
Baseline,REF,w23,2046,5,BIOENERGY,0,2046-05-01
Baseline,REF,w23,2046,5,DIESEL,0,2046-05-01
Baseline,REF,w23,2046,5,FUEL OIL,0,2046-05-01
Baseline,REF,w23,2046,5,GAS,67.22326151,2046-05-01
Baseline,REF,w23,2046,5,GEOTHERMAL,0,2046-05-01
Baseline,REF,w23,2046,5,HYDRO,5461.446318,2046-05-01
Baseline,REF,w23,2046,5,IMPORTS,0,2046-05-01
Baseline,REF,w23,2046,5,NUCLEAR,0,2046-05-01
Baseline,REF,w23,2046,5,PV,142.0425949,2046-05-01
Baseline,REF,w23,2046,5,WIND,333.3368601,2046-05-01
Baseline,REF,w23,2046,6,BIOENERGY,0,2046-06-01
Baseline,REF,w23,2046,6,DIESEL,0,2046-06-01
Baseline,REF,w23,2046,6,FUEL OIL,0,2046-06-01
Baseline,REF,w23,2046,6,GAS,52.14126797,2046-06-01
Baseline,REF,w23,2046,6,GEOTHERMAL,0,2046-06-01
Baseline,REF,w23,2046,6,HYDRO,5346.233234,2046-06-01
Baseline,REF,w23,2046,6,IMPORTS,0,2046-06-01
Baseline,REF,w23,2046,6,NUCLEAR,0,2046-06-01
Baseline,REF,w23,2046,6,PV,131.9141005,2046-06-01
Baseline,REF,w23,2046,6,WIND,341.648072,2046-06-01
Baseline,REF,w23,2046,7,BIOENERGY,0,2046-07-01
Baseline,REF,w23,2046,7,DIESEL,0,2046-07-01
Baseline,REF,w23,2046,7,FUEL OIL,0,2046-07-01
Baseline,REF,w23,2046,7,GAS,57.56165373,2046-07-01
Baseline,REF,w23,2046,7,GEOTHERMAL,0,2046-07-01
Baseline,REF,w23,2046,7,HYDRO,5265.110847,2046-07-01
Baseline,REF,w23,2046,7,IMPORTS,0,2046-07-01
Baseline,REF,w23,2046,7,NUCLEAR,0,2046-07-01
Baseline,REF,w23,2046,7,PV,141.6243114,2046-07-01
Baseline,REF,w23,2046,7,WIND,329.7937004,2046-07-01
Baseline,REF,w23,2046,8,BIOENERGY,0,2046-08-01
Baseline,REF,w23,2046,8,DIESEL,0,2046-08-01
Baseline,REF,w23,2046,8,FUEL OIL,0,2046-08-01
Baseline,REF,w23,2046,8,GAS,363.2993815,2046-08-01
Baseline,REF,w23,2046,8,GEOTHERMAL,115.6510984,2046-08-01
Baseline,REF,w23,2046,8,HYDRO,4757.094935,2046-08-01
Baseline,REF,w23,2046,8,IMPORTS,0,2046-08-01
Baseline,REF,w23,2046,8,NUCLEAR,0,2046-08-01
Baseline,REF,w23,2046,8,PV,157.1759733,2046-08-01
Baseline,REF,w23,2046,8,WIND,385.0116446,2046-08-01
Baseline,REF,w23,2046,9,BIOENERGY,0,2046-09-01
Baseline,REF,w23,2046,9,DIESEL,0,2046-09-01
Baseline,REF,w23,2046,9,FUEL OIL,0,2046-09-01
Baseline,REF,w23,2046,9,GAS,641.5211054,2046-09-01
Baseline,REF,w23,2046,9,GEOTHERMAL,118.8110151,2046-09-01
Baseline,REF,w23,2046,9,HYDRO,4620.338785,2046-09-01
Baseline,REF,w23,2046,9,IMPORTS,0,2046-09-01
Baseline,REF,w23,2046,9,NUCLEAR,0,2046-09-01
Baseline,REF,w23,2046,9,PV,165.8442527,2046-09-01
Baseline,REF,w23,2046,9,WIND,366.7598935,2046-09-01
Baseline,REF,w23,2046,10,BIOENERGY,0,2046-10-01
Baseline,REF,w23,2046,10,DIESEL,0,2046-10-01
Baseline,REF,w23,2046,10,FUEL OIL,0,2046-10-01
Baseline,REF,w23,2046,10,GAS,561.0504483,2046-10-01
Baseline,REF,w23,2046,10,GEOTHERMAL,118.3171335,2046-10-01
Baseline,REF,w23,2046,10,HYDRO,4720.720156,2046-10-01
Baseline,REF,w23,2046,10,IMPORTS,0,2046-10-01
Baseline,REF,w23,2046,10,NUCLEAR,0,2046-10-01
Baseline,REF,w23,2046,10,PV,147.3952089,2046-10-01
Baseline,REF,w23,2046,10,WIND,385.1690177,2046-10-01
Baseline,REF,w23,2046,11,BIOENERGY,0,2046-11-01
Baseline,REF,w23,2046,11,DIESEL,0,2046-11-01
Baseline,REF,w23,2046,11,FUEL OIL,0,2046-11-01
Baseline,REF,w23,2046,11,GAS,605.4810405,2046-11-01
Baseline,REF,w23,2046,11,GEOTHERMAL,119.2511548,2046-11-01
Baseline,REF,w23,2046,11,HYDRO,4809.134931,2046-11-01
Baseline,REF,w23,2046,11,IMPORTS,0,2046-11-01
Baseline,REF,w23,2046,11,NUCLEAR,0,2046-11-01
Baseline,REF,w23,2046,11,PV,148.2990774,2046-11-01
Baseline,REF,w23,2046,11,WIND,370.5399057,2046-11-01
Baseline,REF,w23,2046,12,BIOENERGY,0,2046-12-01
Baseline,REF,w23,2046,12,DIESEL,0,2046-12-01
Baseline,REF,w23,2046,12,FUEL OIL,0,2046-12-01
Baseline,REF,w23,2046,12,GAS,908.7794406,2046-12-01
Baseline,REF,w23,2046,12,GEOTHERMAL,124.0586362,2046-12-01
Baseline,REF,w23,2046,12,HYDRO,4634.695754,2046-12-01
Baseline,REF,w23,2046,12,IMPORTS,2.375533764,2046-12-01
Baseline,REF,w23,2046,12,NUCLEAR,0,2046-12-01
Baseline,REF,w23,2046,12,PV,159.8425039,2046-12-01
Baseline,REF,w23,2046,12,WIND,367.6609875,2046-12-01
Baseline,REF,w23,2047,1,BIOENERGY,0,2047-01-01
Baseline,REF,w23,2047,1,DIESEL,0,2047-01-01
Baseline,REF,w23,2047,1,FUEL OIL,0,2047-01-01
Baseline,REF,w23,2047,1,GAS,694.873912,2047-01-01
Baseline,REF,w23,2047,1,GEOTHERMAL,121.0998961,2047-01-01
Baseline,REF,w23,2047,1,HYDRO,4704.144281,2047-01-01
Baseline,REF,w23,2047,1,IMPORTS,0,2047-01-01
Baseline,REF,w23,2047,1,NUCLEAR,0,2047-01-01
Baseline,REF,w23,2047,1,PV,151.4658248,2047-01-01
Baseline,REF,w23,2047,1,WIND,377.208476,2047-01-01
Baseline,REF,w23,2047,2,BIOENERGY,0,2047-02-01
Baseline,REF,w23,2047,2,DIESEL,0,2047-02-01
Baseline,REF,w23,2047,2,FUEL OIL,0,2047-02-01
Baseline,REF,w23,2047,2,GAS,723.4547914,2047-02-01
Baseline,REF,w23,2047,2,GEOTHERMAL,122.596408,2047-02-01
Baseline,REF,w23,2047,2,HYDRO,4631.455241,2047-02-01
Baseline,REF,w23,2047,2,IMPORTS,0,2047-02-01
Baseline,REF,w23,2047,2,NUCLEAR,0,2047-02-01
Baseline,REF,w23,2047,2,PV,159.2031736,2047-02-01
Baseline,REF,w23,2047,2,WIND,381.844152,2047-02-01
Baseline,REF,w23,2047,3,BIOENERGY,0,2047-03-01
Baseline,REF,w23,2047,3,DIESEL,0,2047-03-01
Baseline,REF,w23,2047,3,FUEL OIL,0,2047-03-01
Baseline,REF,w23,2047,3,GAS,91.97563003,2047-03-01
Baseline,REF,w23,2047,3,GEOTHERMAL,0,2047-03-01
Baseline,REF,w23,2047,3,HYDRO,5554.233675,2047-03-01
Baseline,REF,w23,2047,3,IMPORTS,0,2047-03-01
Baseline,REF,w23,2047,3,NUCLEAR,0,2047-03-01
Baseline,REF,w23,2047,3,PV,131.2815752,2047-03-01
Baseline,REF,w23,2047,3,WIND,345.9693818,2047-03-01
Baseline,REF,w23,2047,4,BIOENERGY,0,2047-04-01
Baseline,REF,w23,2047,4,DIESEL,0,2047-04-01
Baseline,REF,w23,2047,4,FUEL OIL,0,2047-04-01
Baseline,REF,w23,2047,4,GAS,83.02291884,2047-04-01
Baseline,REF,w23,2047,4,GEOTHERMAL,0,2047-04-01
Baseline,REF,w23,2047,4,HYDRO,5626.072538,2047-04-01
Baseline,REF,w23,2047,4,IMPORTS,0,2047-04-01
Baseline,REF,w23,2047,4,NUCLEAR,0,2047-04-01
Baseline,REF,w23,2047,4,PV,121.3589505,2047-04-01
Baseline,REF,w23,2047,4,WIND,324.1388444,2047-04-01
Baseline,REF,w23,2047,5,BIOENERGY,0,2047-05-01
Baseline,REF,w23,2047,5,DIESEL,0,2047-05-01
Baseline,REF,w23,2047,5,FUEL OIL,0,2047-05-01
Baseline,REF,w23,2047,5,GAS,70.93905625,2047-05-01
Baseline,REF,w23,2047,5,GEOTHERMAL,0,2047-05-01
Baseline,REF,w23,2047,5,HYDRO,5590.188607,2047-05-01
Baseline,REF,w23,2047,5,IMPORTS,0,2047-05-01
Baseline,REF,w23,2047,5,NUCLEAR,0,2047-05-01
Baseline,REF,w23,2047,5,PV,135.2926844,2047-05-01
Baseline,REF,w23,2047,5,WIND,327.709667,2047-05-01
Baseline,REF,w23,2047,6,BIOENERGY,0,2047-06-01
Baseline,REF,w23,2047,6,DIESEL,0,2047-06-01
Baseline,REF,w23,2047,6,FUEL OIL,0,2047-06-01
Baseline,REF,w23,2047,6,GAS,68.64589372,2047-06-01
Baseline,REF,w23,2047,6,GEOTHERMAL,0,2047-06-01
Baseline,REF,w23,2047,6,HYDRO,5472.877542,2047-06-01
Baseline,REF,w23,2047,6,IMPORTS,0,2047-06-01
Baseline,REF,w23,2047,6,NUCLEAR,0,2047-06-01
Baseline,REF,w23,2047,6,PV,120.7476362,2047-06-01
Baseline,REF,w23,2047,6,WIND,327.104336,2047-06-01
Baseline,REF,w23,2047,7,BIOENERGY,0,2047-07-01
Baseline,REF,w23,2047,7,DIESEL,0,2047-07-01
Baseline,REF,w23,2047,7,FUEL OIL,0,2047-07-01
Baseline,REF,w23,2047,7,GAS,64.57469817,2047-07-01
Baseline,REF,w23,2047,7,GEOTHERMAL,0,2047-07-01
Baseline,REF,w23,2047,7,HYDRO,5388.438743,2047-07-01
Baseline,REF,w23,2047,7,IMPORTS,0,2047-07-01
Baseline,REF,w23,2047,7,NUCLEAR,0,2047-07-01
Baseline,REF,w23,2047,7,PV,127.5865756,2047-07-01
Baseline,REF,w23,2047,7,WIND,329.3723059,2047-07-01
Baseline,REF,w23,2047,8,BIOENERGY,0,2047-08-01
Baseline,REF,w23,2047,8,DIESEL,0,2047-08-01
Baseline,REF,w23,2047,8,FUEL OIL,0,2047-08-01
Baseline,REF,w23,2047,8,GAS,515.7260356,2047-08-01
Baseline,REF,w23,2047,8,GEOTHERMAL,114.6403715,2047-08-01
Baseline,REF,w23,2047,8,HYDRO,4738.746105,2047-08-01
Baseline,REF,w23,2047,8,IMPORTS,0,2047-08-01
Baseline,REF,w23,2047,8,NUCLEAR,0,2047-08-01
Baseline,REF,w23,2047,8,PV,150.9707559,2047-08-01
Baseline,REF,w23,2047,8,WIND,373.7144249,2047-08-01
Baseline,REF,w23,2047,9,BIOENERGY,0,2047-09-01
Baseline,REF,w23,2047,9,DIESEL,0,2047-09-01
Baseline,REF,w23,2047,9,FUEL OIL,0,2047-09-01
Baseline,REF,w23,2047,9,GAS,702.895053,2047-09-01
Baseline,REF,w23,2047,9,GEOTHERMAL,122.3746298,2047-09-01
Baseline,REF,w23,2047,9,HYDRO,4666.128436,2047-09-01
Baseline,REF,w23,2047,9,IMPORTS,0,2047-09-01
Baseline,REF,w23,2047,9,NUCLEAR,0,2047-09-01
Baseline,REF,w23,2047,9,PV,163.1930916,2047-09-01
Baseline,REF,w23,2047,9,WIND,376.9493423,2047-09-01
Baseline,REF,w23,2047,10,BIOENERGY,0,2047-10-01
Baseline,REF,w23,2047,10,DIESEL,0,2047-10-01
Baseline,REF,w23,2047,10,FUEL OIL,0,2047-10-01
Baseline,REF,w23,2047,10,GAS,745.1123563,2047-10-01
Baseline,REF,w23,2047,10,GEOTHERMAL,120.4702306,2047-10-01
Baseline,REF,w23,2047,10,HYDRO,4655.494143,2047-10-01
Baseline,REF,w23,2047,10,IMPORTS,0,2047-10-01
Baseline,REF,w23,2047,10,NUCLEAR,0,2047-10-01
Baseline,REF,w23,2047,10,PV,158.4406522,2047-10-01
Baseline,REF,w23,2047,10,WIND,371.787621,2047-10-01
Baseline,REF,w23,2047,11,BIOENERGY,0,2047-11-01
Baseline,REF,w23,2047,11,DIESEL,0,2047-11-01
Baseline,REF,w23,2047,11,FUEL OIL,0,2047-11-01
Baseline,REF,w23,2047,11,GAS,668.334905,2047-11-01
Baseline,REF,w23,2047,11,GEOTHERMAL,125.4498569,2047-11-01
Baseline,REF,w23,2047,11,HYDRO,4850.598196,2047-11-01
Baseline,REF,w23,2047,11,IMPORTS,0,2047-11-01
Baseline,REF,w23,2047,11,NUCLEAR,0,2047-11-01
Baseline,REF,w23,2047,11,PV,152.6964099,2047-11-01
Baseline,REF,w23,2047,11,WIND,376.6808638,2047-11-01
Baseline,REF,w23,2047,12,BIOENERGY,0,2047-12-01
Baseline,REF,w23,2047,12,DIESEL,0,2047-12-01
Baseline,REF,w23,2047,12,FUEL OIL,0,2047-12-01
Baseline,REF,w23,2047,12,GAS,926.3707971,2047-12-01
Baseline,REF,w23,2047,12,GEOTHERMAL,124.0615809,2047-12-01
Baseline,REF,w23,2047,12,HYDRO,4664.132206,2047-12-01
Baseline,REF,w23,2047,12,IMPORTS,49.87321923,2047-12-01
Baseline,REF,w23,2047,12,NUCLEAR,0,2047-12-01
Baseline,REF,w23,2047,12,PV,163.1408132,2047-12-01
Baseline,REF,w23,2047,12,WIND,393.7824969,2047-12-01
Baseline,REF,w23,2048,1,BIOENERGY,0,2048-01-01
Baseline,REF,w23,2048,1,DIESEL,0,2048-01-01
Baseline,REF,w23,2048,1,FUEL OIL,0,2048-01-01
Baseline,REF,w23,2048,1,GAS,943.9631819,2048-01-01
Baseline,REF,w23,2048,1,GEOTHERMAL,114.0419804,2048-01-01
Baseline,REF,w23,2048,1,HYDRO,4592.32684,2048-01-01
Baseline,REF,w23,2048,1,IMPORTS,0,2048-01-01
Baseline,REF,w23,2048,1,NUCLEAR,0,2048-01-01
Baseline,REF,w23,2048,1,PV,147.6812174,2048-01-01
Baseline,REF,w23,2048,1,WIND,371.7550183,2048-01-01
Baseline,REF,w23,2048,2,BIOENERGY,0,2048-02-01
Baseline,REF,w23,2048,2,DIESEL,0,2048-02-01
Baseline,REF,w23,2048,2,FUEL OIL,0,2048-02-01
Baseline,REF,w23,2048,2,GAS,751.7586446,2048-02-01
Baseline,REF,w23,2048,2,GEOTHERMAL,124.5911546,2048-02-01
Baseline,REF,w23,2048,2,HYDRO,4725.158489,2048-02-01
Baseline,REF,w23,2048,2,IMPORTS,0,2048-02-01
Baseline,REF,w23,2048,2,NUCLEAR,0,2048-02-01
Baseline,REF,w23,2048,2,PV,142.2606341,2048-02-01
Baseline,REF,w23,2048,2,WIND,395.1559187,2048-02-01
Baseline,REF,w23,2048,3,BIOENERGY,0,2048-03-01
Baseline,REF,w23,2048,3,DIESEL,0,2048-03-01
Baseline,REF,w23,2048,3,FUEL OIL,0,2048-03-01
Baseline,REF,w23,2048,3,GAS,93.7064181,2048-03-01
Baseline,REF,w23,2048,3,GEOTHERMAL,0,2048-03-01
Baseline,REF,w23,2048,3,HYDRO,5704.799394,2048-03-01
Baseline,REF,w23,2048,3,IMPORTS,0,2048-03-01
Baseline,REF,w23,2048,3,NUCLEAR,0,2048-03-01
Baseline,REF,w23,2048,3,PV,131.831835,2048-03-01
Baseline,REF,w23,2048,3,WIND,315.5918201,2048-03-01
Baseline,REF,w23,2048,4,BIOENERGY,0,2048-04-01
Baseline,REF,w23,2048,4,DIESEL,0,2048-04-01
Baseline,REF,w23,2048,4,FUEL OIL,0,2048-04-01
Baseline,REF,w23,2048,4,GAS,86.31766389,2048-04-01
Baseline,REF,w23,2048,4,GEOTHERMAL,0,2048-04-01
Baseline,REF,w23,2048,4,HYDRO,5750.719843,2048-04-01
Baseline,REF,w23,2048,4,IMPORTS,0,2048-04-01
Baseline,REF,w23,2048,4,NUCLEAR,0,2048-04-01
Baseline,REF,w23,2048,4,PV,125.5790393,2048-04-01
Baseline,REF,w23,2048,4,WIND,315.0685702,2048-04-01
Baseline,REF,w23,2048,5,BIOENERGY,0,2048-05-01
Baseline,REF,w23,2048,5,DIESEL,0,2048-05-01
Baseline,REF,w23,2048,5,FUEL OIL,0,2048-05-01
Baseline,REF,w23,2048,5,GAS,80.13415014,2048-05-01
Baseline,REF,w23,2048,5,GEOTHERMAL,0,2048-05-01
Baseline,REF,w23,2048,5,HYDRO,5705.324881,2048-05-01
Baseline,REF,w23,2048,5,IMPORTS,0,2048-05-01
Baseline,REF,w23,2048,5,NUCLEAR,0,2048-05-01
Baseline,REF,w23,2048,5,PV,132.7770566,2048-05-01
Baseline,REF,w23,2048,5,WIND,328.3765276,2048-05-01
Baseline,REF,w23,2048,6,BIOENERGY,0,2048-06-01
Baseline,REF,w23,2048,6,DIESEL,0,2048-06-01
Baseline,REF,w23,2048,6,FUEL OIL,0,2048-06-01
Baseline,REF,w23,2048,6,GAS,78.2677279,2048-06-01
Baseline,REF,w23,2048,6,GEOTHERMAL,0,2048-06-01
Baseline,REF,w23,2048,6,HYDRO,5562.973715,2048-06-01
Baseline,REF,w23,2048,6,IMPORTS,0,2048-06-01
Baseline,REF,w23,2048,6,NUCLEAR,0,2048-06-01
Baseline,REF,w23,2048,6,PV,132.0499312,2048-06-01
Baseline,REF,w23,2048,6,WIND,335.8715416,2048-06-01
Baseline,REF,w23,2048,7,BIOENERGY,0,2048-07-01
Baseline,REF,w23,2048,7,DIESEL,0,2048-07-01
Baseline,REF,w23,2048,7,FUEL OIL,0,2048-07-01
Baseline,REF,w23,2048,7,GAS,77.74197077,2048-07-01
Baseline,REF,w23,2048,7,GEOTHERMAL,0,2048-07-01
Baseline,REF,w23,2048,7,HYDRO,5495.546457,2048-07-01
Baseline,REF,w23,2048,7,IMPORTS,0,2048-07-01
Baseline,REF,w23,2048,7,NUCLEAR,0,2048-07-01
Baseline,REF,w23,2048,7,PV,121.8287613,2048-07-01
Baseline,REF,w23,2048,7,WIND,333.0545804,2048-07-01
Baseline,REF,w23,2048,8,BIOENERGY,0,2048-08-01
Baseline,REF,w23,2048,8,DIESEL,0,2048-08-01
Baseline,REF,w23,2048,8,FUEL OIL,0,2048-08-01
Baseline,REF,w23,2048,8,GAS,750.1418003,2048-08-01
Baseline,REF,w23,2048,8,GEOTHERMAL,114.8022175,2048-08-01
Baseline,REF,w23,2048,8,HYDRO,4615.985442,2048-08-01
Baseline,REF,w23,2048,8,IMPORTS,0,2048-08-01
Baseline,REF,w23,2048,8,NUCLEAR,0,2048-08-01
Baseline,REF,w23,2048,8,PV,156.5029038,2048-08-01
Baseline,REF,w23,2048,8,WIND,374.2412833,2048-08-01
Baseline,REF,w23,2048,9,BIOENERGY,0,2048-09-01
Baseline,REF,w23,2048,9,DIESEL,0,2048-09-01
Baseline,REF,w23,2048,9,FUEL OIL,0,2048-09-01
Baseline,REF,w23,2048,9,GAS,736.8956405,2048-09-01
Baseline,REF,w23,2048,9,GEOTHERMAL,120.3470964,2048-09-01
Baseline,REF,w23,2048,9,HYDRO,4760.188035,2048-09-01
Baseline,REF,w23,2048,9,IMPORTS,0,2048-09-01
Baseline,REF,w23,2048,9,NUCLEAR,0,2048-09-01
Baseline,REF,w23,2048,9,PV,153.404704,2048-09-01
Baseline,REF,w23,2048,9,WIND,381.3358879,2048-09-01
Baseline,REF,w23,2048,10,BIOENERGY,0,2048-10-01
Baseline,REF,w23,2048,10,DIESEL,0,2048-10-01
Baseline,REF,w23,2048,10,FUEL OIL,0,2048-10-01
Baseline,REF,w23,2048,10,GAS,729.5542383,2048-10-01
Baseline,REF,w23,2048,10,GEOTHERMAL,115.7081846,2048-10-01
Baseline,REF,w23,2048,10,HYDRO,4779.492469,2048-10-01
Baseline,REF,w23,2048,10,IMPORTS,0,2048-10-01
Baseline,REF,w23,2048,10,NUCLEAR,0,2048-10-01
Baseline,REF,w23,2048,10,PV,163.4835888,2048-10-01
Baseline,REF,w23,2048,10,WIND,384.092623,2048-10-01
Baseline,REF,w23,2048,11,BIOENERGY,0,2048-11-01
Baseline,REF,w23,2048,11,DIESEL,0,2048-11-01
Baseline,REF,w23,2048,11,FUEL OIL,0,2048-11-01
Baseline,REF,w23,2048,11,GAS,989.6035277,2048-11-01
Baseline,REF,w23,2048,11,GEOTHERMAL,117.4659325,2048-11-01
Baseline,REF,w23,2048,11,HYDRO,4594.126447,2048-11-01
Baseline,REF,w23,2048,11,IMPORTS,67.52986038,2048-11-01
Baseline,REF,w23,2048,11,NUCLEAR,0,2048-11-01
Baseline,REF,w23,2048,11,PV,154.818415,2048-11-01
Baseline,REF,w23,2048,11,WIND,373.6912532,2048-11-01
Baseline,REF,w23,2048,12,BIOENERGY,0,2048-12-01
Baseline,REF,w23,2048,12,DIESEL,0,2048-12-01
Baseline,REF,w23,2048,12,FUEL OIL,0,2048-12-01
Baseline,REF,w23,2048,12,GAS,964.3024613,2048-12-01
Baseline,REF,w23,2048,12,GEOTHERMAL,122.5774291,2048-12-01
Baseline,REF,w23,2048,12,HYDRO,4702.408626,2048-12-01
Baseline,REF,w23,2048,12,IMPORTS,137.4330039,2048-12-01
Baseline,REF,w23,2048,12,NUCLEAR,0,2048-12-01
Baseline,REF,w23,2048,12,PV,146.3753837,2048-12-01
Baseline,REF,w23,2048,12,WIND,370.8874586,2048-12-01
Baseline,REF,w23,2049,1,BIOENERGY,0,2049-01-01
Baseline,REF,w23,2049,1,DIESEL,0,2049-01-01
Baseline,REF,w23,2049,1,FUEL OIL,0,2049-01-01
Baseline,REF,w23,2049,1,GAS,784.7221146,2049-01-01
Baseline,REF,w23,2049,1,GEOTHERMAL,124.46036,2049-01-01
Baseline,REF,w23,2049,1,HYDRO,4833.56885,2049-01-01
Baseline,REF,w23,2049,1,IMPORTS,18.48740953,2049-01-01
Baseline,REF,w23,2049,1,NUCLEAR,0,2049-01-01
Baseline,REF,w23,2049,1,PV,152.0029231,2049-01-01
Baseline,REF,w23,2049,1,WIND,379.9219451,2049-01-01
Baseline,REF,w23,2049,2,BIOENERGY,0,2049-02-01
Baseline,REF,w23,2049,2,DIESEL,0,2049-02-01
Baseline,REF,w23,2049,2,FUEL OIL,0,2049-02-01
Baseline,REF,w23,2049,2,GAS,907.431167,2049-02-01
Baseline,REF,w23,2049,2,GEOTHERMAL,118.4142038,2049-02-01
Baseline,REF,w23,2049,2,HYDRO,4716.335611,2049-02-01
Baseline,REF,w23,2049,2,IMPORTS,0,2049-02-01
Baseline,REF,w23,2049,2,NUCLEAR,0,2049-02-01
Baseline,REF,w23,2049,2,PV,140.453837,2049-02-01
Baseline,REF,w23,2049,2,WIND,379.0685185,2049-02-01
Baseline,REF,w23,2049,3,BIOENERGY,0,2049-03-01
Baseline,REF,w23,2049,3,DIESEL,0,2049-03-01
Baseline,REF,w23,2049,3,FUEL OIL,0,2049-03-01
Baseline,REF,w23,2049,3,GAS,88.92936643,2049-03-01
Baseline,REF,w23,2049,3,GEOTHERMAL,0,2049-03-01
Baseline,REF,w23,2049,3,HYDRO,5829.413871,2049-03-01
Baseline,REF,w23,2049,3,IMPORTS,0,2049-03-01
Baseline,REF,w23,2049,3,NUCLEAR,0,2049-03-01
Baseline,REF,w23,2049,3,PV,131.9368795,2049-03-01
Baseline,REF,w23,2049,3,WIND,320.5679401,2049-03-01
Baseline,REF,w23,2049,4,BIOENERGY,0,2049-04-01
Baseline,REF,w23,2049,4,DIESEL,0,2049-04-01
Baseline,REF,w23,2049,4,FUEL OIL,0,2049-04-01
Baseline,REF,w23,2049,4,GAS,105.1849557,2049-04-01
Baseline,REF,w23,2049,4,GEOTHERMAL,0,2049-04-01
Baseline,REF,w23,2049,4,HYDRO,5841.759352,2049-04-01
Baseline,REF,w23,2049,4,IMPORTS,0,2049-04-01
Baseline,REF,w23,2049,4,NUCLEAR,0,2049-04-01
Baseline,REF,w23,2049,4,PV,126.7711204,2049-04-01
Baseline,REF,w23,2049,4,WIND,329.523391,2049-04-01
Baseline,REF,w23,2049,5,BIOENERGY,0,2049-05-01
Baseline,REF,w23,2049,5,DIESEL,0,2049-05-01
Baseline,REF,w23,2049,5,FUEL OIL,0,2049-05-01
Baseline,REF,w23,2049,5,GAS,92.3180176,2049-05-01
Baseline,REF,w23,2049,5,GEOTHERMAL,0,2049-05-01
Baseline,REF,w23,2049,5,HYDRO,5821.641824,2049-05-01
Baseline,REF,w23,2049,5,IMPORTS,0,2049-05-01
Baseline,REF,w23,2049,5,NUCLEAR,0,2049-05-01
Baseline,REF,w23,2049,5,PV,123.1603365,2049-05-01
Baseline,REF,w23,2049,5,WIND,334.4246892,2049-05-01
Baseline,REF,w23,2049,6,BIOENERGY,0,2049-06-01
Baseline,REF,w23,2049,6,DIESEL,0,2049-06-01
Baseline,REF,w23,2049,6,FUEL OIL,0,2049-06-01
Baseline,REF,w23,2049,6,GAS,89.011903,2049-06-01
Baseline,REF,w23,2049,6,GEOTHERMAL,0,2049-06-01
Baseline,REF,w23,2049,6,HYDRO,5678.058494,2049-06-01
Baseline,REF,w23,2049,6,IMPORTS,0,2049-06-01
Baseline,REF,w23,2049,6,NUCLEAR,0,2049-06-01
Baseline,REF,w23,2049,6,PV,123.8827535,2049-06-01
Baseline,REF,w23,2049,6,WIND,340.3930238,2049-06-01
Baseline,REF,w23,2049,7,BIOENERGY,0,2049-07-01
Baseline,REF,w23,2049,7,DIESEL,0,2049-07-01
Baseline,REF,w23,2049,7,FUEL OIL,0,2049-07-01
Baseline,REF,w23,2049,7,GAS,71.9523561,2049-07-01
Baseline,REF,w23,2049,7,GEOTHERMAL,0,2049-07-01
Baseline,REF,w23,2049,7,HYDRO,5599.065616,2049-07-01
Baseline,REF,w23,2049,7,IMPORTS,0,2049-07-01
Baseline,REF,w23,2049,7,NUCLEAR,0,2049-07-01
Baseline,REF,w23,2049,7,PV,144.0753833,2049-07-01
Baseline,REF,w23,2049,7,WIND,333.6418495,2049-07-01
Baseline,REF,w23,2049,8,BIOENERGY,0,2049-08-01
Baseline,REF,w23,2049,8,DIESEL,0,2049-08-01
Baseline,REF,w23,2049,8,FUEL OIL,0,2049-08-01
Baseline,REF,w23,2049,8,GAS,845.5123514,2049-08-01
Baseline,REF,w23,2049,8,GEOTHERMAL,113.8928119,2049-08-01
Baseline,REF,w23,2049,8,HYDRO,4636.357574,2049-08-01
Baseline,REF,w23,2049,8,IMPORTS,0,2049-08-01
Baseline,REF,w23,2049,8,NUCLEAR,0,2049-08-01
Baseline,REF,w23,2049,8,PV,169.6881835,2049-08-01
Baseline,REF,w23,2049,8,WIND,366.4561995,2049-08-01
Baseline,REF,w23,2049,9,BIOENERGY,0,2049-09-01
Baseline,REF,w23,2049,9,DIESEL,0,2049-09-01
Baseline,REF,w23,2049,9,FUEL OIL,0,2049-09-01
Baseline,REF,w23,2049,9,GAS,1042.886061,2049-09-01
Baseline,REF,w23,2049,9,GEOTHERMAL,118.1547287,2049-09-01
Baseline,REF,w23,2049,9,HYDRO,4557.175702,2049-09-01
Baseline,REF,w23,2049,9,IMPORTS,26.99466794,2049-09-01
Baseline,REF,w23,2049,9,NUCLEAR,0,2049-09-01
Baseline,REF,w23,2049,9,PV,155.2243904,2049-09-01
Baseline,REF,w23,2049,9,WIND,374.7792408,2049-09-01
Baseline,REF,w23,2049,10,BIOENERGY,0,2049-10-01
Baseline,REF,w23,2049,10,DIESEL,0,2049-10-01
Baseline,REF,w23,2049,10,FUEL OIL,0,2049-10-01
Baseline,REF,w23,2049,10,GAS,992.9660295,2049-10-01
Baseline,REF,w23,2049,10,GEOTHERMAL,117.0302762,2049-10-01
Baseline,REF,w23,2049,10,HYDRO,4610.288973,2049-10-01
Baseline,REF,w23,2049,10,IMPORTS,61.72242965,2049-10-01
Baseline,REF,w23,2049,10,NUCLEAR,0,2049-10-01
Baseline,REF,w23,2049,10,PV,144.6007018,2049-10-01
Baseline,REF,w23,2049,10,WIND,369.1693154,2049-10-01
Baseline,REF,w23,2049,11,BIOENERGY,0,2049-11-01
Baseline,REF,w23,2049,11,DIESEL,0,2049-11-01
Baseline,REF,w23,2049,11,FUEL OIL,0,2049-11-01
Baseline,REF,w23,2049,11,GAS,1096.070494,2049-11-01
Baseline,REF,w23,2049,11,GEOTHERMAL,118.1974944,2049-11-01
Baseline,REF,w23,2049,11,HYDRO,4692.433687,2049-11-01
Baseline,REF,w23,2049,11,IMPORTS,17.74701983,2049-11-01
Baseline,REF,w23,2049,11,NUCLEAR,0,2049-11-01
Baseline,REF,w23,2049,11,PV,160.5127426,2049-11-01
Baseline,REF,w23,2049,11,WIND,338.2187069,2049-11-01
Baseline,REF,w23,2049,12,BIOENERGY,0,2049-12-01
Baseline,REF,w23,2049,12,DIESEL,0,2049-12-01
Baseline,REF,w23,2049,12,FUEL OIL,0,2049-12-01
Baseline,REF,w23,2049,12,GAS,1120.005336,2049-12-01
Baseline,REF,w23,2049,12,GEOTHERMAL,123.4168431,2049-12-01
Baseline,REF,w23,2049,12,HYDRO,4659.412805,2049-12-01
Baseline,REF,w23,2049,12,IMPORTS,119.0816898,2049-12-01
Baseline,REF,w23,2049,12,NUCLEAR,0,2049-12-01
Baseline,REF,w23,2049,12,PV,161.7703472,2049-12-01
Baseline,REF,w23,2049,12,WIND,392.8688442,2049-12-01
Baseline,REF,w23,2050,1,BIOENERGY,0,2050-01-01
Baseline,REF,w23,2050,1,DIESEL,0,2050-01-01
Baseline,REF,w23,2050,1,FUEL OIL,0,2050-01-01
Baseline,REF,w23,2050,1,GAS,1098.521672,2050-01-01
Baseline,REF,w23,2050,1,GEOTHERMAL,114.4799168,2050-01-01
Baseline,REF,w23,2050,1,HYDRO,4542.13414,2050-01-01
Baseline,REF,w23,2050,1,IMPORTS,146.506054,2050-01-01
Baseline,REF,w23,2050,1,NUCLEAR,0,2050-01-01
Baseline,REF,w23,2050,1,PV,157.2160178,2050-01-01
Baseline,REF,w23,2050,1,WIND,360.1690736,2050-01-01
Baseline,REF,w23,2050,2,BIOENERGY,0,2050-02-01
Baseline,REF,w23,2050,2,DIESEL,0,2050-02-01
Baseline,REF,w23,2050,2,FUEL OIL,0,2050-02-01
Baseline,REF,w23,2050,2,GAS,992.3722862,2050-02-01
Baseline,REF,w23,2050,2,GEOTHERMAL,129.143829,2050-02-01
Baseline,REF,w23,2050,2,HYDRO,4749.517132,2050-02-01
Baseline,REF,w23,2050,2,IMPORTS,4.528944066,2050-02-01
Baseline,REF,w23,2050,2,NUCLEAR,0,2050-02-01
Baseline,REF,w23,2050,2,PV,153.5489825,2050-02-01
Baseline,REF,w23,2050,2,WIND,357.8262308,2050-02-01
Baseline,REF,w23,2050,3,BIOENERGY,0,2050-03-01
Baseline,REF,w23,2050,3,DIESEL,0,2050-03-01
Baseline,REF,w23,2050,3,FUEL OIL,0,2050-03-01
Baseline,REF,w23,2050,3,GAS,121.2018739,2050-03-01
Baseline,REF,w23,2050,3,GEOTHERMAL,0,2050-03-01
Baseline,REF,w23,2050,3,HYDRO,5919.14187,2050-03-01
Baseline,REF,w23,2050,3,IMPORTS,0,2050-03-01
Baseline,REF,w23,2050,3,NUCLEAR,0,2050-03-01
Baseline,REF,w23,2050,3,PV,115.4497755,2050-03-01
Baseline,REF,w23,2050,3,WIND,342.4714983,2050-03-01
Baseline,REF,w23,2050,4,BIOENERGY,0,2050-04-01
Baseline,REF,w23,2050,4,DIESEL,0,2050-04-01
Baseline,REF,w23,2050,4,FUEL OIL,0,2050-04-01
Baseline,REF,w23,2050,4,GAS,96.56380236,2050-04-01
Baseline,REF,w23,2050,4,GEOTHERMAL,61.91653404,2050-04-01
Baseline,REF,w23,2050,4,HYDRO,5910.204297,2050-04-01
Baseline,REF,w23,2050,4,IMPORTS,0,2050-04-01
Baseline,REF,w23,2050,4,NUCLEAR,0,2050-04-01
Baseline,REF,w23,2050,4,PV,136.61583,2050-04-01
Baseline,REF,w23,2050,4,WIND,326.0031318,2050-04-01
Baseline,REF,w23,2050,5,BIOENERGY,0,2050-05-01
Baseline,REF,w23,2050,5,DIESEL,0,2050-05-01
Baseline,REF,w23,2050,5,FUEL OIL,0,2050-05-01
Baseline,REF,w23,2050,5,GAS,114.4876503,2050-05-01
Baseline,REF,w23,2050,5,GEOTHERMAL,0,2050-05-01
Baseline,REF,w23,2050,5,HYDRO,5920.788633,2050-05-01
Baseline,REF,w23,2050,5,IMPORTS,0,2050-05-01
Baseline,REF,w23,2050,5,NUCLEAR,0,2050-05-01
Baseline,REF,w23,2050,5,PV,125.4094693,2050-05-01
Baseline,REF,w23,2050,5,WIND,338.2900117,2050-05-01
Baseline,REF,w23,2050,6,BIOENERGY,0,2050-06-01
Baseline,REF,w23,2050,6,DIESEL,0,2050-06-01
Baseline,REF,w23,2050,6,FUEL OIL,0,2050-06-01
Baseline,REF,w23,2050,6,GAS,87.17308226,2050-06-01
Baseline,REF,w23,2050,6,GEOTHERMAL,0,2050-06-01
Baseline,REF,w23,2050,6,HYDRO,5809.132719,2050-06-01
Baseline,REF,w23,2050,6,IMPORTS,0,2050-06-01
Baseline,REF,w23,2050,6,NUCLEAR,0,2050-06-01
Baseline,REF,w23,2050,6,PV,127.2161389,2050-06-01
Baseline,REF,w23,2050,6,WIND,332.4511579,2050-06-01
Baseline,REF,w23,2050,7,BIOENERGY,0,2050-07-01
Baseline,REF,w23,2050,7,DIESEL,0,2050-07-01
Baseline,REF,w23,2050,7,FUEL OIL,0,2050-07-01
Baseline,REF,w23,2050,7,GAS,86.87046496,2050-07-01
Baseline,REF,w23,2050,7,GEOTHERMAL,0,2050-07-01
Baseline,REF,w23,2050,7,HYDRO,5716.053298,2050-07-01
Baseline,REF,w23,2050,7,IMPORTS,0,2050-07-01
Baseline,REF,w23,2050,7,NUCLEAR,0,2050-07-01
Baseline,REF,w23,2050,7,PV,121.3422161,2050-07-01
Baseline,REF,w23,2050,7,WIND,347.4439298,2050-07-01
Baseline,REF,w23,2050,8,BIOENERGY,0,2050-08-01
Baseline,REF,w23,2050,8,DIESEL,0,2050-08-01
Baseline,REF,w23,2050,8,FUEL OIL,0,2050-08-01
Baseline,REF,w23,2050,8,GAS,1041.957478,2050-08-01
Baseline,REF,w23,2050,8,GEOTHERMAL,129.3129571,2050-08-01
Baseline,REF,w23,2050,8,HYDRO,4494.697985,2050-08-01
Baseline,REF,w23,2050,8,IMPORTS,78.67257136,2050-08-01
Baseline,REF,w23,2050,8,NUCLEAR,0,2050-08-01
Baseline,REF,w23,2050,8,PV,157.0230032,2050-08-01
Baseline,REF,w23,2050,8,WIND,352.8812678,2050-08-01
Baseline,REF,w23,2050,9,BIOENERGY,0,2050-09-01
Baseline,REF,w23,2050,9,DIESEL,0,2050-09-01
Baseline,REF,w23,2050,9,FUEL OIL,0,2050-09-01
Baseline,REF,w23,2050,9,GAS,1054.179895,2050-09-01
Baseline,REF,w23,2050,9,GEOTHERMAL,130.5885592,2050-09-01
Baseline,REF,w23,2050,9,HYDRO,4652.881427,2050-09-01
Baseline,REF,w23,2050,9,IMPORTS,24.79274859,2050-09-01
Baseline,REF,w23,2050,9,NUCLEAR,0,2050-09-01
Baseline,REF,w23,2050,9,PV,160.2204363,2050-09-01
Baseline,REF,w23,2050,9,WIND,378.0560205,2050-09-01
Baseline,REF,w23,2050,10,BIOENERGY,0,2050-10-01
Baseline,REF,w23,2050,10,DIESEL,0,2050-10-01
Baseline,REF,w23,2050,10,FUEL OIL,0,2050-10-01
Baseline,REF,w23,2050,10,GAS,958.5353415,2050-10-01
Baseline,REF,w23,2050,10,GEOTHERMAL,123.6178088,2050-10-01
Baseline,REF,w23,2050,10,HYDRO,4785.951115,2050-10-01
Baseline,REF,w23,2050,10,IMPORTS,24.84146179,2050-10-01
Baseline,REF,w23,2050,10,NUCLEAR,0,2050-10-01
Baseline,REF,w23,2050,10,PV,155.1851747,2050-10-01
Baseline,REF,w23,2050,10,WIND,373.562378,2050-10-01
Baseline,REF,w23,2050,11,BIOENERGY,0,2050-11-01
Baseline,REF,w23,2050,11,DIESEL,0,2050-11-01
Baseline,REF,w23,2050,11,FUEL OIL,0,2050-11-01
Baseline,REF,w23,2050,11,GAS,1114.872112,2050-11-01
Baseline,REF,w23,2050,11,GEOTHERMAL,131.02871,2050-11-01
Baseline,REF,w23,2050,11,HYDRO,4655.11171,2050-11-01
Baseline,REF,w23,2050,11,IMPORTS,144.9535683,2050-11-01
Baseline,REF,w23,2050,11,NUCLEAR,0,2050-11-01
Baseline,REF,w23,2050,11,PV,143.6774629,2050-11-01
Baseline,REF,w23,2050,11,WIND,362.0001847,2050-11-01
Baseline,REF,w23,2050,12,BIOENERGY,0,2050-12-01
Baseline,REF,w23,2050,12,DIESEL,0,2050-12-01
Baseline,REF,w23,2050,12,FUEL OIL,0,2050-12-01
Baseline,REF,w23,2050,12,GAS,1108.675605,2050-12-01
Baseline,REF,w23,2050,12,GEOTHERMAL,123.1635912,2050-12-01
Baseline,REF,w23,2050,12,HYDRO,4627.821259,2050-12-01
Baseline,REF,w23,2050,12,IMPORTS,288.7646008,2050-12-01
Baseline,REF,w23,2050,12,NUCLEAR,0,2050-12-01
Baseline,REF,w23,2050,12,PV,155.6103832,2050-12-01
Baseline,REF,w23,2050,12,WIND,379.0860173,2050-12-01
Baseline,BRIDGE,w17,2025,1,BIOENERGY,89.50664363,2025-01-01
Baseline,BRIDGE,w17,2025,1,DIESEL,0,2025-01-01
Baseline,BRIDGE,w17,2025,1,FUEL OIL,770.9296924,2025-01-01
Baseline,BRIDGE,w17,2025,1,GAS,211.9759551,2025-01-01
Baseline,BRIDGE,w17,2025,1,GEOTHERMAL,0,2025-01-01
Baseline,BRIDGE,w17,2025,1,HYDRO,2072.869736,2025-01-01
Baseline,BRIDGE,w17,2025,1,IMPORTS,0,2025-01-01
Baseline,BRIDGE,w17,2025,1,NUCLEAR,0,2025-01-01
Baseline,BRIDGE,w17,2025,1,PV,188.0022548,2025-01-01
Baseline,BRIDGE,w17,2025,1,WIND,125.9544641,2025-01-01
Baseline,BRIDGE,w17,2025,2,BIOENERGY,90.59998542,2025-02-01
Baseline,BRIDGE,w17,2025,2,DIESEL,38.31740018,2025-02-01
Baseline,BRIDGE,w17,2025,2,FUEL OIL,742.134944,2025-02-01
Baseline,BRIDGE,w17,2025,2,GAS,209.3212863,2025-02-01
Baseline,BRIDGE,w17,2025,2,GEOTHERMAL,0,2025-02-01
Baseline,BRIDGE,w17,2025,2,HYDRO,2021.287089,2025-02-01
Baseline,BRIDGE,w17,2025,2,IMPORTS,0,2025-02-01
Baseline,BRIDGE,w17,2025,2,NUCLEAR,0,2025-02-01
Baseline,BRIDGE,w17,2025,2,PV,211.3124551,2025-02-01
Baseline,BRIDGE,w17,2025,2,WIND,128.9724445,2025-02-01
Baseline,BRIDGE,w17,2025,3,BIOENERGY,92.30943281,2025-03-01
Baseline,BRIDGE,w17,2025,3,DIESEL,0,2025-03-01
Baseline,BRIDGE,w17,2025,3,FUEL OIL,250.4671643,2025-03-01
Baseline,BRIDGE,w17,2025,3,GAS,0,2025-03-01
Baseline,BRIDGE,w17,2025,3,GEOTHERMAL,0,2025-03-01
Baseline,BRIDGE,w17,2025,3,HYDRO,2877.775685,2025-03-01
Baseline,BRIDGE,w17,2025,3,IMPORTS,0,2025-03-01
Baseline,BRIDGE,w17,2025,3,NUCLEAR,0,2025-03-01
Baseline,BRIDGE,w17,2025,3,PV,178.2449058,2025-03-01
Baseline,BRIDGE,w17,2025,3,WIND,103.1433036,2025-03-01
Baseline,BRIDGE,w17,2025,4,BIOENERGY,97.27239778,2025-04-01
Baseline,BRIDGE,w17,2025,4,DIESEL,0,2025-04-01
Baseline,BRIDGE,w17,2025,4,FUEL OIL,266.7541292,2025-04-01
Baseline,BRIDGE,w17,2025,4,GAS,179.1751232,2025-04-01
Baseline,BRIDGE,w17,2025,4,GEOTHERMAL,0,2025-04-01
Baseline,BRIDGE,w17,2025,4,HYDRO,2720.943112,2025-04-01
Baseline,BRIDGE,w17,2025,4,IMPORTS,0,2025-04-01
Baseline,BRIDGE,w17,2025,4,NUCLEAR,0,2025-04-01
Baseline,BRIDGE,w17,2025,4,PV,153.7195926,2025-04-01
Baseline,BRIDGE,w17,2025,4,WIND,101.8807558,2025-04-01
Baseline,BRIDGE,w17,2025,5,BIOENERGY,95.95890133,2025-05-01
Baseline,BRIDGE,w17,2025,5,DIESEL,0,2025-05-01
Baseline,BRIDGE,w17,2025,5,FUEL OIL,257.2448244,2025-05-01
Baseline,BRIDGE,w17,2025,5,GAS,0,2025-05-01
Baseline,BRIDGE,w17,2025,5,GEOTHERMAL,0,2025-05-01
Baseline,BRIDGE,w17,2025,5,HYDRO,2887.629639,2025-05-01
Baseline,BRIDGE,w17,2025,5,IMPORTS,0,2025-05-01
Baseline,BRIDGE,w17,2025,5,NUCLEAR,0,2025-05-01
Baseline,BRIDGE,w17,2025,5,PV,155.541032,2025-05-01
Baseline,BRIDGE,w17,2025,5,WIND,105.949119,2025-05-01
Baseline,BRIDGE,w17,2025,6,BIOENERGY,88.16945827,2025-06-01
Baseline,BRIDGE,w17,2025,6,DIESEL,0,2025-06-01
Baseline,BRIDGE,w17,2025,6,FUEL OIL,201.9171984,2025-06-01
Baseline,BRIDGE,w17,2025,6,GAS,0,2025-06-01
Baseline,BRIDGE,w17,2025,6,GEOTHERMAL,0,2025-06-01
Baseline,BRIDGE,w17,2025,6,HYDRO,2860.650014,2025-06-01
Baseline,BRIDGE,w17,2025,6,IMPORTS,0,2025-06-01
Baseline,BRIDGE,w17,2025,6,NUCLEAR,0,2025-06-01
Baseline,BRIDGE,w17,2025,6,PV,173.2336029,2025-06-01
Baseline,BRIDGE,w17,2025,6,WIND,101.2885442,2025-06-01
Baseline,BRIDGE,w17,2025,7,BIOENERGY,0,2025-07-01
Baseline,BRIDGE,w17,2025,7,DIESEL,0,2025-07-01
Baseline,BRIDGE,w17,2025,7,FUEL OIL,176.4456871,2025-07-01
Baseline,BRIDGE,w17,2025,7,GAS,0,2025-07-01
Baseline,BRIDGE,w17,2025,7,GEOTHERMAL,0,2025-07-01
Baseline,BRIDGE,w17,2025,7,HYDRO,2917.048236,2025-07-01
Baseline,BRIDGE,w17,2025,7,IMPORTS,0,2025-07-01
Baseline,BRIDGE,w17,2025,7,NUCLEAR,0,2025-07-01
Baseline,BRIDGE,w17,2025,7,PV,178.9194703,2025-07-01
Baseline,BRIDGE,w17,2025,7,WIND,107.4356614,2025-07-01
Baseline,BRIDGE,w17,2025,8,BIOENERGY,87.16617579,2025-08-01
Baseline,BRIDGE,w17,2025,8,DIESEL,0,2025-08-01
Baseline,BRIDGE,w17,2025,8,FUEL OIL,644.8655404,2025-08-01
Baseline,BRIDGE,w17,2025,8,GAS,190.6825963,2025-08-01
Baseline,BRIDGE,w17,2025,8,GEOTHERMAL,0,2025-08-01
Baseline,BRIDGE,w17,2025,8,HYDRO,2131.477773,2025-08-01
Baseline,BRIDGE,w17,2025,8,IMPORTS,0,2025-08-01
Baseline,BRIDGE,w17,2025,8,NUCLEAR,0,2025-08-01
Baseline,BRIDGE,w17,2025,8,PV,213.5197269,2025-08-01
Baseline,BRIDGE,w17,2025,8,WIND,102.8871474,2025-08-01
Baseline,BRIDGE,w17,2025,9,BIOENERGY,91.55257799,2025-09-01
Baseline,BRIDGE,w17,2025,9,DIESEL,31.96708138,2025-09-01
Baseline,BRIDGE,w17,2025,9,FUEL OIL,714.205819,2025-09-01
Baseline,BRIDGE,w17,2025,9,GAS,184.7938899,2025-09-01
Baseline,BRIDGE,w17,2025,9,GEOTHERMAL,0,2025-09-01
Baseline,BRIDGE,w17,2025,9,HYDRO,2107.438274,2025-09-01
Baseline,BRIDGE,w17,2025,9,IMPORTS,0,2025-09-01
Baseline,BRIDGE,w17,2025,9,NUCLEAR,0,2025-09-01
Baseline,BRIDGE,w17,2025,9,PV,208.7992514,2025-09-01
Baseline,BRIDGE,w17,2025,9,WIND,110.6157133,2025-09-01
Baseline,BRIDGE,w17,2025,10,BIOENERGY,94.98417799,2025-10-01
Baseline,BRIDGE,w17,2025,10,DIESEL,68.47712677,2025-10-01
Baseline,BRIDGE,w17,2025,10,FUEL OIL,679.1888723,2025-10-01
Baseline,BRIDGE,w17,2025,10,GAS,191.8073922,2025-10-01
Baseline,BRIDGE,w17,2025,10,GEOTHERMAL,0,2025-10-01
Baseline,BRIDGE,w17,2025,10,HYDRO,2128.594503,2025-10-01
Baseline,BRIDGE,w17,2025,10,IMPORTS,0,2025-10-01
Baseline,BRIDGE,w17,2025,10,NUCLEAR,0,2025-10-01
Baseline,BRIDGE,w17,2025,10,PV,184.9589112,2025-10-01
Baseline,BRIDGE,w17,2025,10,WIND,112.6646989,2025-10-01
Baseline,BRIDGE,w17,2025,11,BIOENERGY,90.14735202,2025-11-01
Baseline,BRIDGE,w17,2025,11,DIESEL,106.9331055,2025-11-01
Baseline,BRIDGE,w17,2025,11,FUEL OIL,681.9810772,2025-11-01
Baseline,BRIDGE,w17,2025,11,GAS,184.882605,2025-11-01
Baseline,BRIDGE,w17,2025,11,GEOTHERMAL,0,2025-11-01
Baseline,BRIDGE,w17,2025,11,HYDRO,2123.873466,2025-11-01
Baseline,BRIDGE,w17,2025,11,IMPORTS,0,2025-11-01
Baseline,BRIDGE,w17,2025,11,NUCLEAR,0,2025-11-01
Baseline,BRIDGE,w17,2025,11,PV,225.9574701,2025-11-01
Baseline,BRIDGE,w17,2025,11,WIND,116.931423,2025-11-01
Baseline,BRIDGE,w17,2025,12,BIOENERGY,93.19317298,2025-12-01
Baseline,BRIDGE,w17,2025,12,DIESEL,111.4221294,2025-12-01
Baseline,BRIDGE,w17,2025,12,FUEL OIL,686.0220515,2025-12-01
Baseline,BRIDGE,w17,2025,12,GAS,190.7178257,2025-12-01
Baseline,BRIDGE,w17,2025,12,GEOTHERMAL,0,2025-12-01
Baseline,BRIDGE,w17,2025,12,HYDRO,2241.418109,2025-12-01
Baseline,BRIDGE,w17,2025,12,IMPORTS,0,2025-12-01
Baseline,BRIDGE,w17,2025,12,NUCLEAR,0,2025-12-01
Baseline,BRIDGE,w17,2025,12,PV,190.3104744,2025-12-01
Baseline,BRIDGE,w17,2025,12,WIND,102.0340789,2025-12-01
Baseline,BRIDGE,w17,2026,1,BIOENERGY,96.00923969,2026-01-01
Baseline,BRIDGE,w17,2026,1,DIESEL,0,2026-01-01
Baseline,BRIDGE,w17,2026,1,FUEL OIL,556.0278831,2026-01-01
Baseline,BRIDGE,w17,2026,1,GAS,150.3861417,2026-01-01
Baseline,BRIDGE,w17,2026,1,GEOTHERMAL,0,2026-01-01
Baseline,BRIDGE,w17,2026,1,HYDRO,2480.45657,2026-01-01
Baseline,BRIDGE,w17,2026,1,IMPORTS,0,2026-01-01
Baseline,BRIDGE,w17,2026,1,NUCLEAR,0,2026-01-01
Baseline,BRIDGE,w17,2026,1,PV,189.8627599,2026-01-01
Baseline,BRIDGE,w17,2026,1,WIND,113.7961371,2026-01-01
Baseline,BRIDGE,w17,2026,2,BIOENERGY,92.90429982,2026-02-01
Baseline,BRIDGE,w17,2026,2,DIESEL,0,2026-02-01
Baseline,BRIDGE,w17,2026,2,FUEL OIL,502.9969546,2026-02-01
Baseline,BRIDGE,w17,2026,2,GAS,190.3844995,2026-02-01
Baseline,BRIDGE,w17,2026,2,GEOTHERMAL,0,2026-02-01
Baseline,BRIDGE,w17,2026,2,HYDRO,2459.417687,2026-02-01
Baseline,BRIDGE,w17,2026,2,IMPORTS,0,2026-02-01
Baseline,BRIDGE,w17,2026,2,NUCLEAR,0,2026-02-01
Baseline,BRIDGE,w17,2026,2,PV,198.7084684,2026-02-01
Baseline,BRIDGE,w17,2026,2,WIND,124.1972932,2026-02-01
Baseline,BRIDGE,w17,2026,3,BIOENERGY,84.40247328,2026-03-01
Baseline,BRIDGE,w17,2026,3,DIESEL,0,2026-03-01
Baseline,BRIDGE,w17,2026,3,FUEL OIL,107.2643368,2026-03-01
Baseline,BRIDGE,w17,2026,3,GAS,0,2026-03-01
Baseline,BRIDGE,w17,2026,3,GEOTHERMAL,0,2026-03-01
Baseline,BRIDGE,w17,2026,3,HYDRO,3182.107002,2026-03-01
Baseline,BRIDGE,w17,2026,3,IMPORTS,0,2026-03-01
Baseline,BRIDGE,w17,2026,3,NUCLEAR,0,2026-03-01
Baseline,BRIDGE,w17,2026,3,PV,168.188472,2026-03-01
Baseline,BRIDGE,w17,2026,3,WIND,88.84961806,2026-03-01
Baseline,BRIDGE,w17,2026,4,BIOENERGY,92.91829624,2026-04-01
Baseline,BRIDGE,w17,2026,4,DIESEL,0,2026-04-01
Baseline,BRIDGE,w17,2026,4,FUEL OIL,34.37525154,2026-04-01
Baseline,BRIDGE,w17,2026,4,GAS,0,2026-04-01
Baseline,BRIDGE,w17,2026,4,GEOTHERMAL,0,2026-04-01
Baseline,BRIDGE,w17,2026,4,HYDRO,3240.221132,2026-04-01
Baseline,BRIDGE,w17,2026,4,IMPORTS,0,2026-04-01
Baseline,BRIDGE,w17,2026,4,NUCLEAR,0,2026-04-01
Baseline,BRIDGE,w17,2026,4,PV,170.1314108,2026-04-01
Baseline,BRIDGE,w17,2026,4,WIND,111.6256403,2026-04-01
Baseline,BRIDGE,w17,2026,5,BIOENERGY,88.27525955,2026-05-01
Baseline,BRIDGE,w17,2026,5,DIESEL,0,2026-05-01
Baseline,BRIDGE,w17,2026,5,FUEL OIL,83.94274187,2026-05-01
Baseline,BRIDGE,w17,2026,5,GAS,0,2026-05-01
Baseline,BRIDGE,w17,2026,5,GEOTHERMAL,0,2026-05-01
Baseline,BRIDGE,w17,2026,5,HYDRO,3194.492124,2026-05-01
Baseline,BRIDGE,w17,2026,5,IMPORTS,0,2026-05-01
Baseline,BRIDGE,w17,2026,5,NUCLEAR,0,2026-05-01
Baseline,BRIDGE,w17,2026,5,PV,163.7244786,2026-05-01
Baseline,BRIDGE,w17,2026,5,WIND,100.7744176,2026-05-01
Baseline,BRIDGE,w17,2026,6,BIOENERGY,0,2026-06-01
Baseline,BRIDGE,w17,2026,6,DIESEL,0,2026-06-01
Baseline,BRIDGE,w17,2026,6,FUEL OIL,35.80062675,2026-06-01
Baseline,BRIDGE,w17,2026,6,GAS,0,2026-06-01
Baseline,BRIDGE,w17,2026,6,GEOTHERMAL,0,2026-06-01
Baseline,BRIDGE,w17,2026,6,HYDRO,3248.943479,2026-06-01
Baseline,BRIDGE,w17,2026,6,IMPORTS,0,2026-06-01
Baseline,BRIDGE,w17,2026,6,NUCLEAR,0,2026-06-01
Baseline,BRIDGE,w17,2026,6,PV,164.8329196,2026-06-01
Baseline,BRIDGE,w17,2026,6,WIND,101.7313173,2026-06-01
Baseline,BRIDGE,w17,2026,7,BIOENERGY,0,2026-07-01
Baseline,BRIDGE,w17,2026,7,DIESEL,0,2026-07-01
Baseline,BRIDGE,w17,2026,7,FUEL OIL,13.08648162,2026-07-01
Baseline,BRIDGE,w17,2026,7,GAS,0,2026-07-01
Baseline,BRIDGE,w17,2026,7,GEOTHERMAL,0,2026-07-01
Baseline,BRIDGE,w17,2026,7,HYDRO,3214.211119,2026-07-01
Baseline,BRIDGE,w17,2026,7,IMPORTS,0,2026-07-01
Baseline,BRIDGE,w17,2026,7,NUCLEAR,0,2026-07-01
Baseline,BRIDGE,w17,2026,7,PV,176.6856581,2026-07-01
Baseline,BRIDGE,w17,2026,7,WIND,100.2442414,2026-07-01
Baseline,BRIDGE,w17,2026,8,BIOENERGY,94.40060315,2026-08-01
Baseline,BRIDGE,w17,2026,8,DIESEL,0,2026-08-01
Baseline,BRIDGE,w17,2026,8,FUEL OIL,440.7297943,2026-08-01
Baseline,BRIDGE,w17,2026,8,GAS,196.3773978,2026-08-01
Baseline,BRIDGE,w17,2026,8,GEOTHERMAL,0,2026-08-01
Baseline,BRIDGE,w17,2026,8,HYDRO,2445.873023,2026-08-01
Baseline,BRIDGE,w17,2026,8,IMPORTS,0,2026-08-01
Baseline,BRIDGE,w17,2026,8,NUCLEAR,0,2026-08-01
Baseline,BRIDGE,w17,2026,8,PV,211.3086249,2026-08-01
Baseline,BRIDGE,w17,2026,8,WIND,105.9475588,2026-08-01
Baseline,BRIDGE,w17,2026,9,BIOENERGY,95.12261303,2026-09-01
Baseline,BRIDGE,w17,2026,9,DIESEL,0,2026-09-01
Baseline,BRIDGE,w17,2026,9,FUEL OIL,604.2739902,2026-09-01
Baseline,BRIDGE,w17,2026,9,GAS,146.4657589,2026-09-01
Baseline,BRIDGE,w17,2026,9,GEOTHERMAL,0,2026-09-01
Baseline,BRIDGE,w17,2026,9,HYDRO,2420.642479,2026-09-01
Baseline,BRIDGE,w17,2026,9,IMPORTS,0,2026-09-01
Baseline,BRIDGE,w17,2026,9,NUCLEAR,0,2026-09-01
Baseline,BRIDGE,w17,2026,9,PV,203.5657102,2026-09-01
Baseline,BRIDGE,w17,2026,9,WIND,106.2389673,2026-09-01
Baseline,BRIDGE,w17,2026,10,BIOENERGY,96.79315124,2026-10-01
Baseline,BRIDGE,w17,2026,10,DIESEL,0,2026-10-01
Baseline,BRIDGE,w17,2026,10,FUEL OIL,637.6500381,2026-10-01
Baseline,BRIDGE,w17,2026,10,GAS,192.9330626,2026-10-01
Baseline,BRIDGE,w17,2026,10,GEOTHERMAL,0,2026-10-01
Baseline,BRIDGE,w17,2026,10,HYDRO,2362.231205,2026-10-01
Baseline,BRIDGE,w17,2026,10,IMPORTS,0,2026-10-01
Baseline,BRIDGE,w17,2026,10,NUCLEAR,0,2026-10-01
Baseline,BRIDGE,w17,2026,10,PV,200.3869302,2026-10-01
Baseline,BRIDGE,w17,2026,10,WIND,98.03415977,2026-10-01
Baseline,BRIDGE,w17,2026,11,BIOENERGY,96.55409869,2026-11-01
Baseline,BRIDGE,w17,2026,11,DIESEL,0,2026-11-01
Baseline,BRIDGE,w17,2026,11,FUEL OIL,710.7692336,2026-11-01
Baseline,BRIDGE,w17,2026,11,GAS,178.6396874,2026-11-01
Baseline,BRIDGE,w17,2026,11,GEOTHERMAL,0,2026-11-01
Baseline,BRIDGE,w17,2026,11,HYDRO,2362.004869,2026-11-01
Baseline,BRIDGE,w17,2026,11,IMPORTS,0,2026-11-01
Baseline,BRIDGE,w17,2026,11,NUCLEAR,0,2026-11-01
Baseline,BRIDGE,w17,2026,11,PV,211.3064438,2026-11-01
Baseline,BRIDGE,w17,2026,11,WIND,101.3621649,2026-11-01
Baseline,BRIDGE,w17,2026,12,BIOENERGY,93.9986514,2026-12-01
Baseline,BRIDGE,w17,2026,12,DIESEL,42.22526995,2026-12-01
Baseline,BRIDGE,w17,2026,12,FUEL OIL,693.6908287,2026-12-01
Baseline,BRIDGE,w17,2026,12,GAS,186.4492883,2026-12-01
Baseline,BRIDGE,w17,2026,12,GEOTHERMAL,0,2026-12-01
Baseline,BRIDGE,w17,2026,12,HYDRO,2408.240757,2026-12-01
Baseline,BRIDGE,w17,2026,12,IMPORTS,0,2026-12-01
Baseline,BRIDGE,w17,2026,12,NUCLEAR,0,2026-12-01
Baseline,BRIDGE,w17,2026,12,PV,209.3356198,2026-12-01
Baseline,BRIDGE,w17,2026,12,WIND,114.2137628,2026-12-01
Baseline,BRIDGE,w17,2027,1,BIOENERGY,93.35833065,2027-01-01
Baseline,BRIDGE,w17,2027,1,DIESEL,0,2027-01-01
Baseline,BRIDGE,w17,2027,1,FUEL OIL,584.7616877,2027-01-01
Baseline,BRIDGE,w17,2027,1,GAS,63.58723117,2027-01-01
Baseline,BRIDGE,w17,2027,1,GEOTHERMAL,0,2027-01-01
Baseline,BRIDGE,w17,2027,1,HYDRO,2576.000052,2027-01-01
Baseline,BRIDGE,w17,2027,1,IMPORTS,0,2027-01-01
Baseline,BRIDGE,w17,2027,1,NUCLEAR,0,2027-01-01
Baseline,BRIDGE,w17,2027,1,PV,260.5795711,2027-01-01
Baseline,BRIDGE,w17,2027,1,WIND,108.6749431,2027-01-01
Baseline,BRIDGE,w17,2027,2,BIOENERGY,89.33985105,2027-02-01
Baseline,BRIDGE,w17,2027,2,DIESEL,0,2027-02-01
Baseline,BRIDGE,w17,2027,2,FUEL OIL,630.7586164,2027-02-01
Baseline,BRIDGE,w17,2027,2,GAS,63.75576938,2027-02-01
Baseline,BRIDGE,w17,2027,2,GEOTHERMAL,0,2027-02-01
Baseline,BRIDGE,w17,2027,2,HYDRO,2518.522459,2027-02-01
Baseline,BRIDGE,w17,2027,2,IMPORTS,0,2027-02-01
Baseline,BRIDGE,w17,2027,2,NUCLEAR,0,2027-02-01
Baseline,BRIDGE,w17,2027,2,PV,261.0453144,2027-02-01
Baseline,BRIDGE,w17,2027,2,WIND,105.1082501,2027-02-01
Baseline,BRIDGE,w17,2027,3,BIOENERGY,0,2027-03-01
Baseline,BRIDGE,w17,2027,3,DIESEL,0,2027-03-01
Baseline,BRIDGE,w17,2027,3,FUEL OIL,14.06989063,2027-03-01
Baseline,BRIDGE,w17,2027,3,GAS,0,2027-03-01
Baseline,BRIDGE,w17,2027,3,GEOTHERMAL,0,2027-03-01
Baseline,BRIDGE,w17,2027,3,HYDRO,3420.550239,2027-03-01
Baseline,BRIDGE,w17,2027,3,IMPORTS,0,2027-03-01
Baseline,BRIDGE,w17,2027,3,NUCLEAR,0,2027-03-01
Baseline,BRIDGE,w17,2027,3,PV,201.480987,2027-03-01
Baseline,BRIDGE,w17,2027,3,WIND,96.37351858,2027-03-01
Baseline,BRIDGE,w17,2027,4,BIOENERGY,0,2027-04-01
Baseline,BRIDGE,w17,2027,4,DIESEL,0,2027-04-01
Baseline,BRIDGE,w17,2027,4,FUEL OIL,15.18013084,2027-04-01
Baseline,BRIDGE,w17,2027,4,GAS,0,2027-04-01
Baseline,BRIDGE,w17,2027,4,GEOTHERMAL,0,2027-04-01
Baseline,BRIDGE,w17,2027,4,HYDRO,3419.95287,2027-04-01
Baseline,BRIDGE,w17,2027,4,IMPORTS,0,2027-04-01
Baseline,BRIDGE,w17,2027,4,NUCLEAR,0,2027-04-01
Baseline,BRIDGE,w17,2027,4,PV,216.8104384,2027-04-01
Baseline,BRIDGE,w17,2027,4,WIND,99.50790021,2027-04-01
Baseline,BRIDGE,w17,2027,5,BIOENERGY,0,2027-05-01
Baseline,BRIDGE,w17,2027,5,DIESEL,0,2027-05-01
Baseline,BRIDGE,w17,2027,5,FUEL OIL,14.09377483,2027-05-01
Baseline,BRIDGE,w17,2027,5,GAS,0,2027-05-01
Baseline,BRIDGE,w17,2027,5,GEOTHERMAL,0,2027-05-01
Baseline,BRIDGE,w17,2027,5,HYDRO,3404.156995,2027-05-01
Baseline,BRIDGE,w17,2027,5,IMPORTS,0,2027-05-01
Baseline,BRIDGE,w17,2027,5,NUCLEAR,0,2027-05-01
Baseline,BRIDGE,w17,2027,5,PV,217.4844516,2027-05-01
Baseline,BRIDGE,w17,2027,5,WIND,97.14765215,2027-05-01
Baseline,BRIDGE,w17,2027,6,BIOENERGY,0,2027-06-01
Baseline,BRIDGE,w17,2027,6,DIESEL,0,2027-06-01
Baseline,BRIDGE,w17,2027,6,FUEL OIL,13.24692973,2027-06-01
Baseline,BRIDGE,w17,2027,6,GAS,0,2027-06-01
Baseline,BRIDGE,w17,2027,6,GEOTHERMAL,0,2027-06-01
Baseline,BRIDGE,w17,2027,6,HYDRO,3323.265461,2027-06-01
Baseline,BRIDGE,w17,2027,6,IMPORTS,0,2027-06-01
Baseline,BRIDGE,w17,2027,6,NUCLEAR,0,2027-06-01
Baseline,BRIDGE,w17,2027,6,PV,214.8919711,2027-06-01
Baseline,BRIDGE,w17,2027,6,WIND,99.34061485,2027-06-01
Baseline,BRIDGE,w17,2027,7,BIOENERGY,0,2027-07-01
Baseline,BRIDGE,w17,2027,7,DIESEL,0,2027-07-01
Baseline,BRIDGE,w17,2027,7,FUEL OIL,12.99294759,2027-07-01
Baseline,BRIDGE,w17,2027,7,GAS,0,2027-07-01
Baseline,BRIDGE,w17,2027,7,GEOTHERMAL,0,2027-07-01
Baseline,BRIDGE,w17,2027,7,HYDRO,3281.310844,2027-07-01
Baseline,BRIDGE,w17,2027,7,IMPORTS,0,2027-07-01
Baseline,BRIDGE,w17,2027,7,NUCLEAR,0,2027-07-01
Baseline,BRIDGE,w17,2027,7,PV,205.5343817,2027-07-01
Baseline,BRIDGE,w17,2027,7,WIND,102.5076969,2027-07-01
Baseline,BRIDGE,w17,2027,8,BIOENERGY,87.74846134,2027-08-01
Baseline,BRIDGE,w17,2027,8,DIESEL,0,2027-08-01
Baseline,BRIDGE,w17,2027,8,FUEL OIL,593.0144094,2027-08-01
Baseline,BRIDGE,w17,2027,8,GAS,62.60663355,2027-08-01
Baseline,BRIDGE,w17,2027,8,GEOTHERMAL,0,2027-08-01
Baseline,BRIDGE,w17,2027,8,HYDRO,2455.987019,2027-08-01
Baseline,BRIDGE,w17,2027,8,IMPORTS,0,2027-08-01
Baseline,BRIDGE,w17,2027,8,NUCLEAR,0,2027-08-01
Baseline,BRIDGE,w17,2027,8,PV,261.1081574,2027-08-01
Baseline,BRIDGE,w17,2027,8,WIND,132.0221574,2027-08-01
Baseline,BRIDGE,w17,2027,9,BIOENERGY,89.50396299,2027-09-01
Baseline,BRIDGE,w17,2027,9,DIESEL,0,2027-09-01
Baseline,BRIDGE,w17,2027,9,FUEL OIL,515.8427251,2027-09-01
Baseline,BRIDGE,w17,2027,9,GAS,62.233947,2027-09-01
Baseline,BRIDGE,w17,2027,9,GEOTHERMAL,0,2027-09-01
Baseline,BRIDGE,w17,2027,9,HYDRO,2637.399461,2027-09-01
Baseline,BRIDGE,w17,2027,9,IMPORTS,0,2027-09-01
Baseline,BRIDGE,w17,2027,9,NUCLEAR,0,2027-09-01
Baseline,BRIDGE,w17,2027,9,PV,252.4216822,2027-09-01
Baseline,BRIDGE,w17,2027,9,WIND,119.044407,2027-09-01
Baseline,BRIDGE,w17,2027,10,BIOENERGY,90.416476,2027-10-01
Baseline,BRIDGE,w17,2027,10,DIESEL,0,2027-10-01
Baseline,BRIDGE,w17,2027,10,FUEL OIL,582.5538958,2027-10-01
Baseline,BRIDGE,w17,2027,10,GAS,63.29720756,2027-10-01
Baseline,BRIDGE,w17,2027,10,GEOTHERMAL,0,2027-10-01
Baseline,BRIDGE,w17,2027,10,HYDRO,2582.090379,2027-10-01
Baseline,BRIDGE,w17,2027,10,IMPORTS,0,2027-10-01
Baseline,BRIDGE,w17,2027,10,NUCLEAR,0,2027-10-01
Baseline,BRIDGE,w17,2027,10,PV,252.644942,2027-10-01
Baseline,BRIDGE,w17,2027,10,WIND,117.4904457,2027-10-01
Baseline,BRIDGE,w17,2027,11,BIOENERGY,90.59359959,2027-11-01
Baseline,BRIDGE,w17,2027,11,DIESEL,0,2027-11-01
Baseline,BRIDGE,w17,2027,11,FUEL OIL,692.8741297,2027-11-01
Baseline,BRIDGE,w17,2027,11,GAS,62.79625281,2027-11-01
Baseline,BRIDGE,w17,2027,11,GEOTHERMAL,0,2027-11-01
Baseline,BRIDGE,w17,2027,11,HYDRO,2546.595141,2027-11-01
Baseline,BRIDGE,w17,2027,11,IMPORTS,0,2027-11-01
Baseline,BRIDGE,w17,2027,11,NUCLEAR,0,2027-11-01
Baseline,BRIDGE,w17,2027,11,PV,254.4081039,2027-11-01
Baseline,BRIDGE,w17,2027,11,WIND,115.8670927,2027-11-01
Baseline,BRIDGE,w17,2027,12,BIOENERGY,91.97267978,2027-12-01
Baseline,BRIDGE,w17,2027,12,DIESEL,32.05789185,2027-12-01
Baseline,BRIDGE,w17,2027,12,FUEL OIL,816.6355944,2027-12-01
Baseline,BRIDGE,w17,2027,12,GAS,90.90659278,2027-12-01
Baseline,BRIDGE,w17,2027,12,GEOTHERMAL,0,2027-12-01
Baseline,BRIDGE,w17,2027,12,HYDRO,2449.150449,2027-12-01
Baseline,BRIDGE,w17,2027,12,IMPORTS,0,2027-12-01
Baseline,BRIDGE,w17,2027,12,NUCLEAR,0,2027-12-01
Baseline,BRIDGE,w17,2027,12,PV,253.5764619,2027-12-01
Baseline,BRIDGE,w17,2027,12,WIND,118.8028255,2027-12-01
Baseline,BRIDGE,w17,2028,1,BIOENERGY,89.8895586,2028-01-01
Baseline,BRIDGE,w17,2028,1,DIESEL,0,2028-01-01
Baseline,BRIDGE,w17,2028,1,FUEL OIL,627.7118634,2028-01-01
Baseline,BRIDGE,w17,2028,1,GAS,62.56117561,2028-01-01
Baseline,BRIDGE,w17,2028,1,GEOTHERMAL,0,2028-01-01
Baseline,BRIDGE,w17,2028,1,HYDRO,2567.449269,2028-01-01
Baseline,BRIDGE,w17,2028,1,IMPORTS,0,2028-01-01
Baseline,BRIDGE,w17,2028,1,NUCLEAR,0,2028-01-01
Baseline,BRIDGE,w17,2028,1,PV,313.6568049,2028-01-01
Baseline,BRIDGE,w17,2028,1,WIND,162.1107313,2028-01-01
Baseline,BRIDGE,w17,2028,2,BIOENERGY,93.86883663,2028-02-01
Baseline,BRIDGE,w17,2028,2,DIESEL,0,2028-02-01
Baseline,BRIDGE,w17,2028,2,FUEL OIL,531.9711883,2028-02-01
Baseline,BRIDGE,w17,2028,2,GAS,62.90955247,2028-02-01
Baseline,BRIDGE,w17,2028,2,GEOTHERMAL,0,2028-02-01
Baseline,BRIDGE,w17,2028,2,HYDRO,2659.317763,2028-02-01
Baseline,BRIDGE,w17,2028,2,IMPORTS,0,2028-02-01
Baseline,BRIDGE,w17,2028,2,NUCLEAR,0,2028-02-01
Baseline,BRIDGE,w17,2028,2,PV,299.8356346,2028-02-01
Baseline,BRIDGE,w17,2028,2,WIND,156.362905,2028-02-01
Baseline,BRIDGE,w17,2028,3,BIOENERGY,0,2028-03-01
Baseline,BRIDGE,w17,2028,3,DIESEL,0,2028-03-01
Baseline,BRIDGE,w17,2028,3,FUEL OIL,0,2028-03-01
Baseline,BRIDGE,w17,2028,3,GAS,0,2028-03-01
Baseline,BRIDGE,w17,2028,3,GEOTHERMAL,0,2028-03-01
Baseline,BRIDGE,w17,2028,3,HYDRO,3470.803197,2028-03-01
Baseline,BRIDGE,w17,2028,3,IMPORTS,0,2028-03-01
Baseline,BRIDGE,w17,2028,3,NUCLEAR,0,2028-03-01
Baseline,BRIDGE,w17,2028,3,PV,254.8468566,2028-03-01
Baseline,BRIDGE,w17,2028,3,WIND,144.9261424,2028-03-01
Baseline,BRIDGE,w17,2028,4,BIOENERGY,0,2028-04-01
Baseline,BRIDGE,w17,2028,4,DIESEL,0,2028-04-01
Baseline,BRIDGE,w17,2028,4,FUEL OIL,0,2028-04-01
Baseline,BRIDGE,w17,2028,4,GAS,0,2028-04-01
Baseline,BRIDGE,w17,2028,4,GEOTHERMAL,0,2028-04-01
Baseline,BRIDGE,w17,2028,4,HYDRO,3492.535842,2028-04-01
Baseline,BRIDGE,w17,2028,4,IMPORTS,0,2028-04-01
Baseline,BRIDGE,w17,2028,4,NUCLEAR,0,2028-04-01
Baseline,BRIDGE,w17,2028,4,PV,256.7805658,2028-04-01
Baseline,BRIDGE,w17,2028,4,WIND,140.938631,2028-04-01
Baseline,BRIDGE,w17,2028,5,BIOENERGY,0,2028-05-01
Baseline,BRIDGE,w17,2028,5,DIESEL,0,2028-05-01
Baseline,BRIDGE,w17,2028,5,FUEL OIL,0,2028-05-01
Baseline,BRIDGE,w17,2028,5,GAS,0,2028-05-01
Baseline,BRIDGE,w17,2028,5,GEOTHERMAL,0,2028-05-01
Baseline,BRIDGE,w17,2028,5,HYDRO,3476.794018,2028-05-01
Baseline,BRIDGE,w17,2028,5,IMPORTS,0,2028-05-01
Baseline,BRIDGE,w17,2028,5,NUCLEAR,0,2028-05-01
Baseline,BRIDGE,w17,2028,5,PV,264.7594791,2028-05-01
Baseline,BRIDGE,w17,2028,5,WIND,129.4460429,2028-05-01
Baseline,BRIDGE,w17,2028,6,BIOENERGY,0,2028-06-01
Baseline,BRIDGE,w17,2028,6,DIESEL,0,2028-06-01
Baseline,BRIDGE,w17,2028,6,FUEL OIL,0,2028-06-01
Baseline,BRIDGE,w17,2028,6,GAS,0,2028-06-01
Baseline,BRIDGE,w17,2028,6,GEOTHERMAL,0,2028-06-01
Baseline,BRIDGE,w17,2028,6,HYDRO,3407.990511,2028-06-01
Baseline,BRIDGE,w17,2028,6,IMPORTS,0,2028-06-01
Baseline,BRIDGE,w17,2028,6,NUCLEAR,0,2028-06-01
Baseline,BRIDGE,w17,2028,6,PV,252.638109,2028-06-01
Baseline,BRIDGE,w17,2028,6,WIND,125.1939202,2028-06-01
Baseline,BRIDGE,w17,2028,7,BIOENERGY,0,2028-07-01
Baseline,BRIDGE,w17,2028,7,DIESEL,0,2028-07-01
Baseline,BRIDGE,w17,2028,7,FUEL OIL,0,2028-07-01
Baseline,BRIDGE,w17,2028,7,GAS,0,2028-07-01
Baseline,BRIDGE,w17,2028,7,GEOTHERMAL,0,2028-07-01
Baseline,BRIDGE,w17,2028,7,HYDRO,3354.205063,2028-07-01
Baseline,BRIDGE,w17,2028,7,IMPORTS,0,2028-07-01
Baseline,BRIDGE,w17,2028,7,NUCLEAR,0,2028-07-01
Baseline,BRIDGE,w17,2028,7,PV,246.3158871,2028-07-01
Baseline,BRIDGE,w17,2028,7,WIND,135.1117172,2028-07-01
Baseline,BRIDGE,w17,2028,8,BIOENERGY,89.64921372,2028-08-01
Baseline,BRIDGE,w17,2028,8,DIESEL,0,2028-08-01
Baseline,BRIDGE,w17,2028,8,FUEL OIL,571.8437746,2028-08-01
Baseline,BRIDGE,w17,2028,8,GAS,62.31013581,2028-08-01
Baseline,BRIDGE,w17,2028,8,GEOTHERMAL,0,2028-08-01
Baseline,BRIDGE,w17,2028,8,HYDRO,2556.345183,2028-08-01
Baseline,BRIDGE,w17,2028,8,IMPORTS,0,2028-08-01
Baseline,BRIDGE,w17,2028,8,NUCLEAR,0,2028-08-01
Baseline,BRIDGE,w17,2028,8,PV,301.5720908,2028-08-01
Baseline,BRIDGE,w17,2028,8,WIND,143.688453,2028-08-01
Baseline,BRIDGE,w17,2028,9,BIOENERGY,87.60710516,2028-09-01
Baseline,BRIDGE,w17,2028,9,DIESEL,0,2028-09-01
Baseline,BRIDGE,w17,2028,9,FUEL OIL,498.3087127,2028-09-01
Baseline,BRIDGE,w17,2028,9,GAS,63.14273917,2028-09-01
Baseline,BRIDGE,w17,2028,9,GEOTHERMAL,0,2028-09-01
Baseline,BRIDGE,w17,2028,9,HYDRO,2698.869197,2028-09-01
Baseline,BRIDGE,w17,2028,9,IMPORTS,0,2028-09-01
Baseline,BRIDGE,w17,2028,9,NUCLEAR,0,2028-09-01
Baseline,BRIDGE,w17,2028,9,PV,303.7165863,2028-09-01
Baseline,BRIDGE,w17,2028,9,WIND,160.8303537,2028-09-01
Baseline,BRIDGE,w17,2028,10,BIOENERGY,83.43161177,2028-10-01
Baseline,BRIDGE,w17,2028,10,DIESEL,0,2028-10-01
Baseline,BRIDGE,w17,2028,10,FUEL OIL,504.4601811,2028-10-01
Baseline,BRIDGE,w17,2028,10,GAS,64.37233905,2028-10-01
Baseline,BRIDGE,w17,2028,10,GEOTHERMAL,0,2028-10-01
Baseline,BRIDGE,w17,2028,10,HYDRO,2693.985344,2028-10-01
Baseline,BRIDGE,w17,2028,10,IMPORTS,0,2028-10-01
Baseline,BRIDGE,w17,2028,10,NUCLEAR,0,2028-10-01
Baseline,BRIDGE,w17,2028,10,PV,314.9336218,2028-10-01
Baseline,BRIDGE,w17,2028,10,WIND,163.7845024,2028-10-01
Baseline,BRIDGE,w17,2028,11,BIOENERGY,84.92759646,2028-11-01
Baseline,BRIDGE,w17,2028,11,DIESEL,0,2028-11-01
Baseline,BRIDGE,w17,2028,11,FUEL OIL,767.8375901,2028-11-01
Baseline,BRIDGE,w17,2028,11,GAS,63.67638855,2028-11-01
Baseline,BRIDGE,w17,2028,11,GEOTHERMAL,0,2028-11-01
Baseline,BRIDGE,w17,2028,11,HYDRO,2502.889522,2028-11-01
Baseline,BRIDGE,w17,2028,11,IMPORTS,0,2028-11-01
Baseline,BRIDGE,w17,2028,11,NUCLEAR,0,2028-11-01
Baseline,BRIDGE,w17,2028,11,PV,332.7540884,2028-11-01
Baseline,BRIDGE,w17,2028,11,WIND,150.2851042,2028-11-01
Baseline,BRIDGE,w17,2028,12,BIOENERGY,88.81424004,2028-12-01
Baseline,BRIDGE,w17,2028,12,DIESEL,0,2028-12-01
Baseline,BRIDGE,w17,2028,12,FUEL OIL,790.559961,2028-12-01
Baseline,BRIDGE,w17,2028,12,GAS,103.0639892,2028-12-01
Baseline,BRIDGE,w17,2028,12,GEOTHERMAL,0,2028-12-01
Baseline,BRIDGE,w17,2028,12,HYDRO,2550.048445,2028-12-01
Baseline,BRIDGE,w17,2028,12,IMPORTS,0,2028-12-01
Baseline,BRIDGE,w17,2028,12,NUCLEAR,0,2028-12-01
Baseline,BRIDGE,w17,2028,12,PV,312.6927773,2028-12-01
Baseline,BRIDGE,w17,2028,12,WIND,150.4878751,2028-12-01
Baseline,BRIDGE,w17,2029,1,BIOENERGY,84.76776117,2029-01-01
Baseline,BRIDGE,w17,2029,1,DIESEL,188.0414574,2029-01-01
Baseline,BRIDGE,w17,2029,1,FUEL OIL,473.9743938,2029-01-01
Baseline,BRIDGE,w17,2029,1,GAS,283.8887716,2029-01-01
Baseline,BRIDGE,w17,2029,1,GEOTHERMAL,0,2029-01-01
Baseline,BRIDGE,w17,2029,1,HYDRO,2481.915351,2029-01-01
Baseline,BRIDGE,w17,2029,1,IMPORTS,0,2029-01-01
Baseline,BRIDGE,w17,2029,1,NUCLEAR,0,2029-01-01
Baseline,BRIDGE,w17,2029,1,PV,291.5097865,2029-01-01
Baseline,BRIDGE,w17,2029,1,WIND,179.8638169,2029-01-01
Baseline,BRIDGE,w17,2029,2,BIOENERGY,84.90541076,2029-02-01
Baseline,BRIDGE,w17,2029,2,DIESEL,387.0312192,2029-02-01
Baseline,BRIDGE,w17,2029,2,FUEL OIL,462.2941196,2029-02-01
Baseline,BRIDGE,w17,2029,2,GAS,280.2090094,2029-02-01
Baseline,BRIDGE,w17,2029,2,GEOTHERMAL,0,2029-02-01
Baseline,BRIDGE,w17,2029,2,HYDRO,2256.163349,2029-02-01
Baseline,BRIDGE,w17,2029,2,IMPORTS,0,2029-02-01
Baseline,BRIDGE,w17,2029,2,NUCLEAR,0,2029-02-01
Baseline,BRIDGE,w17,2029,2,PV,293.1460036,2029-02-01
Baseline,BRIDGE,w17,2029,2,WIND,200.2959352,2029-02-01
Baseline,BRIDGE,w17,2029,3,BIOENERGY,0,2029-03-01
Baseline,BRIDGE,w17,2029,3,DIESEL,0,2029-03-01
Baseline,BRIDGE,w17,2029,3,FUEL OIL,0,2029-03-01
Baseline,BRIDGE,w17,2029,3,GAS,0,2029-03-01
Baseline,BRIDGE,w17,2029,3,GEOTHERMAL,0,2029-03-01
Baseline,BRIDGE,w17,2029,3,HYDRO,3621.089477,2029-03-01
Baseline,BRIDGE,w17,2029,3,IMPORTS,0,2029-03-01
Baseline,BRIDGE,w17,2029,3,NUCLEAR,0,2029-03-01
Baseline,BRIDGE,w17,2029,3,PV,239.503403,2029-03-01
Baseline,BRIDGE,w17,2029,3,WIND,172.5475169,2029-03-01
Baseline,BRIDGE,w17,2029,4,BIOENERGY,0,2029-04-01
Baseline,BRIDGE,w17,2029,4,DIESEL,0,2029-04-01
Baseline,BRIDGE,w17,2029,4,FUEL OIL,0,2029-04-01
Baseline,BRIDGE,w17,2029,4,GAS,0,2029-04-01
Baseline,BRIDGE,w17,2029,4,GEOTHERMAL,0,2029-04-01
Baseline,BRIDGE,w17,2029,4,HYDRO,3648.252185,2029-04-01
Baseline,BRIDGE,w17,2029,4,IMPORTS,0,2029-04-01
Baseline,BRIDGE,w17,2029,4,NUCLEAR,0,2029-04-01
Baseline,BRIDGE,w17,2029,4,PV,246.8827936,2029-04-01
Baseline,BRIDGE,w17,2029,4,WIND,158.5107721,2029-04-01
Baseline,BRIDGE,w17,2029,5,BIOENERGY,0,2029-05-01
Baseline,BRIDGE,w17,2029,5,DIESEL,0,2029-05-01
Baseline,BRIDGE,w17,2029,5,FUEL OIL,0,2029-05-01
Baseline,BRIDGE,w17,2029,5,GAS,0,2029-05-01
Baseline,BRIDGE,w17,2029,5,GEOTHERMAL,0,2029-05-01
Baseline,BRIDGE,w17,2029,5,HYDRO,3597.567111,2029-05-01
Baseline,BRIDGE,w17,2029,5,IMPORTS,0,2029-05-01
Baseline,BRIDGE,w17,2029,5,NUCLEAR,0,2029-05-01
Baseline,BRIDGE,w17,2029,5,PV,260.2009172,2029-05-01
Baseline,BRIDGE,w17,2029,5,WIND,175.8134926,2029-05-01
Baseline,BRIDGE,w17,2029,6,BIOENERGY,0,2029-06-01
Baseline,BRIDGE,w17,2029,6,DIESEL,0,2029-06-01
Baseline,BRIDGE,w17,2029,6,FUEL OIL,0,2029-06-01
Baseline,BRIDGE,w17,2029,6,GAS,0,2029-06-01
Baseline,BRIDGE,w17,2029,6,GEOTHERMAL,0,2029-06-01
Baseline,BRIDGE,w17,2029,6,HYDRO,3529.853372,2029-06-01
Baseline,BRIDGE,w17,2029,6,IMPORTS,0,2029-06-01
Baseline,BRIDGE,w17,2029,6,NUCLEAR,0,2029-06-01
Baseline,BRIDGE,w17,2029,6,PV,251.6773272,2029-06-01
Baseline,BRIDGE,w17,2029,6,WIND,163.2963881,2029-06-01
Baseline,BRIDGE,w17,2029,7,BIOENERGY,0,2029-07-01
Baseline,BRIDGE,w17,2029,7,DIESEL,0,2029-07-01
Baseline,BRIDGE,w17,2029,7,FUEL OIL,0,2029-07-01
Baseline,BRIDGE,w17,2029,7,GAS,0,2029-07-01
Baseline,BRIDGE,w17,2029,7,GEOTHERMAL,0,2029-07-01
Baseline,BRIDGE,w17,2029,7,HYDRO,3454.412522,2029-07-01
Baseline,BRIDGE,w17,2029,7,IMPORTS,0,2029-07-01
Baseline,BRIDGE,w17,2029,7,NUCLEAR,0,2029-07-01
Baseline,BRIDGE,w17,2029,7,PV,257.427715,2029-07-01
Baseline,BRIDGE,w17,2029,7,WIND,180.6890024,2029-07-01
Baseline,BRIDGE,w17,2029,8,BIOENERGY,92.28048316,2029-08-01
Baseline,BRIDGE,w17,2029,8,DIESEL,111.3976119,2029-08-01
Baseline,BRIDGE,w17,2029,8,FUEL OIL,472.2276997,2029-08-01
Baseline,BRIDGE,w17,2029,8,GAS,148.2166935,2029-08-01
Baseline,BRIDGE,w17,2029,8,GEOTHERMAL,0,2029-08-01
Baseline,BRIDGE,w17,2029,8,HYDRO,2531.369917,2029-08-01
Baseline,BRIDGE,w17,2029,8,IMPORTS,0,2029-08-01
Baseline,BRIDGE,w17,2029,8,NUCLEAR,0,2029-08-01
Baseline,BRIDGE,w17,2029,8,PV,339.5100081,2029-08-01
Baseline,BRIDGE,w17,2029,8,WIND,186.8736091,2029-08-01
Baseline,BRIDGE,w17,2029,9,BIOENERGY,91.54092464,2029-09-01
Baseline,BRIDGE,w17,2029,9,DIESEL,111.2260656,2029-09-01
Baseline,BRIDGE,w17,2029,9,FUEL OIL,477.0812251,2029-09-01
Baseline,BRIDGE,w17,2029,9,GAS,207.9054885,2029-09-01
Baseline,BRIDGE,w17,2029,9,GEOTHERMAL,0,2029-09-01
Baseline,BRIDGE,w17,2029,9,HYDRO,2583.223847,2029-09-01
Baseline,BRIDGE,w17,2029,9,IMPORTS,0,2029-09-01
Baseline,BRIDGE,w17,2029,9,NUCLEAR,0,2029-09-01
Baseline,BRIDGE,w17,2029,9,PV,314.4608753,2029-09-01
Baseline,BRIDGE,w17,2029,9,WIND,187.1602053,2029-09-01
Baseline,BRIDGE,w17,2029,10,BIOENERGY,86.09741898,2029-10-01
Baseline,BRIDGE,w17,2029,10,DIESEL,110.7567416,2029-10-01
Baseline,BRIDGE,w17,2029,10,FUEL OIL,465.0306894,2029-10-01
Baseline,BRIDGE,w17,2029,10,GAS,230.7647096,2029-10-01
Baseline,BRIDGE,w17,2029,10,GEOTHERMAL,0,2029-10-01
Baseline,BRIDGE,w17,2029,10,HYDRO,2583.433104,2029-10-01
Baseline,BRIDGE,w17,2029,10,IMPORTS,0,2029-10-01
Baseline,BRIDGE,w17,2029,10,NUCLEAR,0,2029-10-01
Baseline,BRIDGE,w17,2029,10,PV,311.0148092,2029-10-01
Baseline,BRIDGE,w17,2029,10,WIND,198.5187672,2029-10-01
Baseline,BRIDGE,w17,2029,11,BIOENERGY,99.16393668,2029-11-01
Baseline,BRIDGE,w17,2029,11,DIESEL,112.8380595,2029-11-01
Baseline,BRIDGE,w17,2029,11,FUEL OIL,481.7979462,2029-11-01
Baseline,BRIDGE,w17,2029,11,GAS,189.1771504,2029-11-01
Baseline,BRIDGE,w17,2029,11,GEOTHERMAL,0,2029-11-01
Baseline,BRIDGE,w17,2029,11,HYDRO,2670.065942,2029-11-01
Baseline,BRIDGE,w17,2029,11,IMPORTS,0,2029-11-01
Baseline,BRIDGE,w17,2029,11,NUCLEAR,0,2029-11-01
Baseline,BRIDGE,w17,2029,11,PV,319.5615126,2029-11-01
Baseline,BRIDGE,w17,2029,11,WIND,193.665294,2029-11-01
Baseline,BRIDGE,w17,2029,12,BIOENERGY,90.79270611,2029-12-01
Baseline,BRIDGE,w17,2029,12,DIESEL,133.8348591,2029-12-01
Baseline,BRIDGE,w17,2029,12,FUEL OIL,469.9931022,2029-12-01
Baseline,BRIDGE,w17,2029,12,GAS,281.9817146,2029-12-01
Baseline,BRIDGE,w17,2029,12,GEOTHERMAL,0,2029-12-01
Baseline,BRIDGE,w17,2029,12,HYDRO,2659.139801,2029-12-01
Baseline,BRIDGE,w17,2029,12,IMPORTS,0,2029-12-01
Baseline,BRIDGE,w17,2029,12,NUCLEAR,0,2029-12-01
Baseline,BRIDGE,w17,2029,12,PV,320.3308587,2029-12-01
Baseline,BRIDGE,w17,2029,12,WIND,207.4122717,2029-12-01
Baseline,BRIDGE,w17,2030,1,BIOENERGY,90.10067316,2030-01-01
Baseline,BRIDGE,w17,2030,1,DIESEL,0,2030-01-01
Baseline,BRIDGE,w17,2030,1,FUEL OIL,95.8223321,2030-01-01
Baseline,BRIDGE,w17,2030,1,GAS,62.78747946,2030-01-01
Baseline,BRIDGE,w17,2030,1,GEOTHERMAL,0,2030-01-01
Baseline,BRIDGE,w17,2030,1,HYDRO,3297.898976,2030-01-01
Baseline,BRIDGE,w17,2030,1,IMPORTS,0,2030-01-01
Baseline,BRIDGE,w17,2030,1,NUCLEAR,0,2030-01-01
Baseline,BRIDGE,w17,2030,1,PV,361.5023704,2030-01-01
Baseline,BRIDGE,w17,2030,1,WIND,247.1598441,2030-01-01
Baseline,BRIDGE,w17,2030,2,BIOENERGY,84.89576122,2030-02-01
Baseline,BRIDGE,w17,2030,2,DIESEL,0,2030-02-01
Baseline,BRIDGE,w17,2030,2,FUEL OIL,117.1701833,2030-02-01
Baseline,BRIDGE,w17,2030,2,GAS,63.88112684,2030-02-01
Baseline,BRIDGE,w17,2030,2,GEOTHERMAL,0,2030-02-01
Baseline,BRIDGE,w17,2030,2,HYDRO,3275.379105,2030-02-01
Baseline,BRIDGE,w17,2030,2,IMPORTS,0,2030-02-01
Baseline,BRIDGE,w17,2030,2,NUCLEAR,0,2030-02-01
Baseline,BRIDGE,w17,2030,2,PV,353.5191622,2030-02-01
Baseline,BRIDGE,w17,2030,2,WIND,239.6536455,2030-02-01
Baseline,BRIDGE,w17,2030,3,BIOENERGY,0,2030-03-01
Baseline,BRIDGE,w17,2030,3,DIESEL,0,2030-03-01
Baseline,BRIDGE,w17,2030,3,FUEL OIL,32.13245342,2030-03-01
Baseline,BRIDGE,w17,2030,3,GAS,0,2030-03-01
Baseline,BRIDGE,w17,2030,3,GEOTHERMAL,0,2030-03-01
Baseline,BRIDGE,w17,2030,3,HYDRO,3684.981022,2030-03-01
Baseline,BRIDGE,w17,2030,3,IMPORTS,0,2030-03-01
Baseline,BRIDGE,w17,2030,3,NUCLEAR,0,2030-03-01
Baseline,BRIDGE,w17,2030,3,PV,291.3773541,2030-03-01
Baseline,BRIDGE,w17,2030,3,WIND,198.0746044,2030-03-01
Baseline,BRIDGE,w17,2030,4,BIOENERGY,0,2030-04-01
Baseline,BRIDGE,w17,2030,4,DIESEL,0,2030-04-01
Baseline,BRIDGE,w17,2030,4,FUEL OIL,31.42713447,2030-04-01
Baseline,BRIDGE,w17,2030,4,GAS,0,2030-04-01
Baseline,BRIDGE,w17,2030,4,GEOTHERMAL,0,2030-04-01
Baseline,BRIDGE,w17,2030,4,HYDRO,3704.274162,2030-04-01
Baseline,BRIDGE,w17,2030,4,IMPORTS,0,2030-04-01
Baseline,BRIDGE,w17,2030,4,NUCLEAR,0,2030-04-01
Baseline,BRIDGE,w17,2030,4,PV,286.3411265,2030-04-01
Baseline,BRIDGE,w17,2030,4,WIND,205.9100947,2030-04-01
Baseline,BRIDGE,w17,2030,5,BIOENERGY,0,2030-05-01
Baseline,BRIDGE,w17,2030,5,DIESEL,0,2030-05-01
Baseline,BRIDGE,w17,2030,5,FUEL OIL,31.40616665,2030-05-01
Baseline,BRIDGE,w17,2030,5,GAS,0,2030-05-01
Baseline,BRIDGE,w17,2030,5,GEOTHERMAL,0,2030-05-01
Baseline,BRIDGE,w17,2030,5,HYDRO,3673.685879,2030-05-01
Baseline,BRIDGE,w17,2030,5,IMPORTS,0,2030-05-01
Baseline,BRIDGE,w17,2030,5,NUCLEAR,0,2030-05-01
Baseline,BRIDGE,w17,2030,5,PV,289.4380426,2030-05-01
Baseline,BRIDGE,w17,2030,5,WIND,212.4954377,2030-05-01
Baseline,BRIDGE,w17,2030,6,BIOENERGY,0,2030-06-01
Baseline,BRIDGE,w17,2030,6,DIESEL,0,2030-06-01
Baseline,BRIDGE,w17,2030,6,FUEL OIL,0,2030-06-01
Baseline,BRIDGE,w17,2030,6,GAS,0,2030-06-01
Baseline,BRIDGE,w17,2030,6,GEOTHERMAL,0,2030-06-01
Baseline,BRIDGE,w17,2030,6,HYDRO,3612.019275,2030-06-01
Baseline,BRIDGE,w17,2030,6,IMPORTS,0,2030-06-01
Baseline,BRIDGE,w17,2030,6,NUCLEAR,0,2030-06-01
Baseline,BRIDGE,w17,2030,6,PV,301.7248355,2030-06-01
Baseline,BRIDGE,w17,2030,6,WIND,200.7105416,2030-06-01
Baseline,BRIDGE,w17,2030,7,BIOENERGY,0,2030-07-01
Baseline,BRIDGE,w17,2030,7,DIESEL,0,2030-07-01
Baseline,BRIDGE,w17,2030,7,FUEL OIL,0,2030-07-01
Baseline,BRIDGE,w17,2030,7,GAS,0,2030-07-01
Baseline,BRIDGE,w17,2030,7,GEOTHERMAL,0,2030-07-01
Baseline,BRIDGE,w17,2030,7,HYDRO,3535.264289,2030-07-01
Baseline,BRIDGE,w17,2030,7,IMPORTS,0,2030-07-01
Baseline,BRIDGE,w17,2030,7,NUCLEAR,0,2030-07-01
Baseline,BRIDGE,w17,2030,7,PV,313.7912559,2030-07-01
Baseline,BRIDGE,w17,2030,7,WIND,210.8524523,2030-07-01
Baseline,BRIDGE,w17,2030,8,BIOENERGY,84.60005493,2030-08-01
Baseline,BRIDGE,w17,2030,8,DIESEL,0,2030-08-01
Baseline,BRIDGE,w17,2030,8,FUEL OIL,106.5141984,2030-08-01
Baseline,BRIDGE,w17,2030,8,GAS,62.0624231,2030-08-01
Baseline,BRIDGE,w17,2030,8,GEOTHERMAL,0,2030-08-01
Baseline,BRIDGE,w17,2030,8,HYDRO,3196.644363,2030-08-01
Baseline,BRIDGE,w17,2030,8,IMPORTS,0,2030-08-01
Baseline,BRIDGE,w17,2030,8,NUCLEAR,0,2030-08-01
Baseline,BRIDGE,w17,2030,8,PV,358.882734,2030-08-01
Baseline,BRIDGE,w17,2030,8,WIND,240.0929178,2030-08-01
Baseline,BRIDGE,w17,2030,9,BIOENERGY,92.54397707,2030-09-01
Baseline,BRIDGE,w17,2030,9,DIESEL,0,2030-09-01
Baseline,BRIDGE,w17,2030,9,FUEL OIL,247.2922071,2030-09-01
Baseline,BRIDGE,w17,2030,9,GAS,61.63046393,2030-09-01
Baseline,BRIDGE,w17,2030,9,GEOTHERMAL,0,2030-09-01
Baseline,BRIDGE,w17,2030,9,HYDRO,3160.682933,2030-09-01
Baseline,BRIDGE,w17,2030,9,IMPORTS,0,2030-09-01
Baseline,BRIDGE,w17,2030,9,NUCLEAR,0,2030-09-01
Baseline,BRIDGE,w17,2030,9,PV,365.2469924,2030-09-01
Baseline,BRIDGE,w17,2030,9,WIND,216.0237988,2030-09-01
Baseline,BRIDGE,w17,2030,10,BIOENERGY,89.12932952,2030-10-01
Baseline,BRIDGE,w17,2030,10,DIESEL,0,2030-10-01
Baseline,BRIDGE,w17,2030,10,FUEL OIL,71.86713719,2030-10-01
Baseline,BRIDGE,w17,2030,10,GAS,0,2030-10-01
Baseline,BRIDGE,w17,2030,10,GEOTHERMAL,0,2030-10-01
Baseline,BRIDGE,w17,2030,10,HYDRO,3389.842099,2030-10-01
Baseline,BRIDGE,w17,2030,10,IMPORTS,0,2030-10-01
Baseline,BRIDGE,w17,2030,10,NUCLEAR,0,2030-10-01
Baseline,BRIDGE,w17,2030,10,PV,356.7288767,2030-10-01
Baseline,BRIDGE,w17,2030,10,WIND,249.430295,2030-10-01
Baseline,BRIDGE,w17,2030,11,BIOENERGY,90.00351963,2030-11-01
Baseline,BRIDGE,w17,2030,11,DIESEL,0,2030-11-01
Baseline,BRIDGE,w17,2030,11,FUEL OIL,232.7670601,2030-11-01
Baseline,BRIDGE,w17,2030,11,GAS,62.93543745,2030-11-01
Baseline,BRIDGE,w17,2030,11,GEOTHERMAL,0,2030-11-01
Baseline,BRIDGE,w17,2030,11,HYDRO,3280.276307,2030-11-01
Baseline,BRIDGE,w17,2030,11,IMPORTS,0,2030-11-01
Baseline,BRIDGE,w17,2030,11,NUCLEAR,0,2030-11-01
Baseline,BRIDGE,w17,2030,11,PV,370.8340841,2030-11-01
Baseline,BRIDGE,w17,2030,11,WIND,204.3030362,2030-11-01
Baseline,BRIDGE,w17,2030,12,BIOENERGY,89.9848434,2030-12-01
Baseline,BRIDGE,w17,2030,12,DIESEL,0,2030-12-01
Baseline,BRIDGE,w17,2030,12,FUEL OIL,384.9172075,2030-12-01
Baseline,BRIDGE,w17,2030,12,GAS,63.10952315,2030-12-01
Baseline,BRIDGE,w17,2030,12,GEOTHERMAL,0,2030-12-01
Baseline,BRIDGE,w17,2030,12,HYDRO,3215.852182,2030-12-01
Baseline,BRIDGE,w17,2030,12,IMPORTS,0,2030-12-01
Baseline,BRIDGE,w17,2030,12,NUCLEAR,0,2030-12-01
Baseline,BRIDGE,w17,2030,12,PV,352.6877364,2030-12-01
Baseline,BRIDGE,w17,2030,12,WIND,235.9636895,2030-12-01
Baseline,BRIDGE,w17,2031,1,BIOENERGY,85.78563777,2031-01-01
Baseline,BRIDGE,w17,2031,1,DIESEL,0,2031-01-01
Baseline,BRIDGE,w17,2031,1,FUEL OIL,343.0600492,2031-01-01
Baseline,BRIDGE,w17,2031,1,GAS,64.2140528,2031-01-01
Baseline,BRIDGE,w17,2031,1,GEOTHERMAL,0,2031-01-01
Baseline,BRIDGE,w17,2031,1,HYDRO,3169.973109,2031-01-01
Baseline,BRIDGE,w17,2031,1,IMPORTS,0,2031-01-01
Baseline,BRIDGE,w17,2031,1,NUCLEAR,0,2031-01-01
Baseline,BRIDGE,w17,2031,1,PV,334.7259322,2031-01-01
Baseline,BRIDGE,w17,2031,1,WIND,323.7237622,2031-01-01
Baseline,BRIDGE,w17,2031,2,BIOENERGY,35.93460711,2031-02-01
Baseline,BRIDGE,w17,2031,2,DIESEL,0,2031-02-01
Baseline,BRIDGE,w17,2031,2,FUEL OIL,95.09218039,2031-02-01
Baseline,BRIDGE,w17,2031,2,GAS,36.00717562,2031-02-01
Baseline,BRIDGE,w17,2031,2,GEOTHERMAL,0,2031-02-01
Baseline,BRIDGE,w17,2031,2,HYDRO,3468.610393,2031-02-01
Baseline,BRIDGE,w17,2031,2,IMPORTS,0,2031-02-01
Baseline,BRIDGE,w17,2031,2,NUCLEAR,0,2031-02-01
Baseline,BRIDGE,w17,2031,2,PV,351.6903039,2031-02-01
Baseline,BRIDGE,w17,2031,2,WIND,312.5442832,2031-02-01
Baseline,BRIDGE,w17,2031,3,BIOENERGY,0,2031-03-01
Baseline,BRIDGE,w17,2031,3,DIESEL,0,2031-03-01
Baseline,BRIDGE,w17,2031,3,FUEL OIL,0,2031-03-01
Baseline,BRIDGE,w17,2031,3,GAS,0,2031-03-01
Baseline,BRIDGE,w17,2031,3,GEOTHERMAL,0,2031-03-01
Baseline,BRIDGE,w17,2031,3,HYDRO,3798.226798,2031-03-01
Baseline,BRIDGE,w17,2031,3,IMPORTS,0,2031-03-01
Baseline,BRIDGE,w17,2031,3,NUCLEAR,0,2031-03-01
Baseline,BRIDGE,w17,2031,3,PV,294.7665595,2031-03-01
Baseline,BRIDGE,w17,2031,3,WIND,281.8346938,2031-03-01
Baseline,BRIDGE,w17,2031,4,BIOENERGY,0,2031-04-01
Baseline,BRIDGE,w17,2031,4,DIESEL,0,2031-04-01
Baseline,BRIDGE,w17,2031,4,FUEL OIL,0,2031-04-01
Baseline,BRIDGE,w17,2031,4,GAS,0,2031-04-01
Baseline,BRIDGE,w17,2031,4,GEOTHERMAL,0,2031-04-01
Baseline,BRIDGE,w17,2031,4,HYDRO,3805.935456,2031-04-01
Baseline,BRIDGE,w17,2031,4,IMPORTS,0,2031-04-01
Baseline,BRIDGE,w17,2031,4,NUCLEAR,0,2031-04-01
Baseline,BRIDGE,w17,2031,4,PV,297.6088444,2031-04-01
Baseline,BRIDGE,w17,2031,4,WIND,293.5263179,2031-04-01
Baseline,BRIDGE,w17,2031,5,BIOENERGY,0,2031-05-01
Baseline,BRIDGE,w17,2031,5,DIESEL,0,2031-05-01
Baseline,BRIDGE,w17,2031,5,FUEL OIL,0,2031-05-01
Baseline,BRIDGE,w17,2031,5,GAS,0,2031-05-01
Baseline,BRIDGE,w17,2031,5,GEOTHERMAL,0,2031-05-01
Baseline,BRIDGE,w17,2031,5,HYDRO,3795.135238,2031-05-01
Baseline,BRIDGE,w17,2031,5,IMPORTS,0,2031-05-01
Baseline,BRIDGE,w17,2031,5,NUCLEAR,0,2031-05-01
Baseline,BRIDGE,w17,2031,5,PV,293.4310793,2031-05-01
Baseline,BRIDGE,w17,2031,5,WIND,286.7402298,2031-05-01
Baseline,BRIDGE,w17,2031,6,BIOENERGY,0,2031-06-01
Baseline,BRIDGE,w17,2031,6,DIESEL,0,2031-06-01
Baseline,BRIDGE,w17,2031,6,FUEL OIL,0,2031-06-01
Baseline,BRIDGE,w17,2031,6,GAS,0,2031-06-01
Baseline,BRIDGE,w17,2031,6,GEOTHERMAL,0,2031-06-01
Baseline,BRIDGE,w17,2031,6,HYDRO,3687.109229,2031-06-01
Baseline,BRIDGE,w17,2031,6,IMPORTS,0,2031-06-01
Baseline,BRIDGE,w17,2031,6,NUCLEAR,0,2031-06-01
Baseline,BRIDGE,w17,2031,6,PV,298.7279497,2031-06-01
Baseline,BRIDGE,w17,2031,6,WIND,293.1956594,2031-06-01
Baseline,BRIDGE,w17,2031,7,BIOENERGY,0,2031-07-01
Baseline,BRIDGE,w17,2031,7,DIESEL,0,2031-07-01
Baseline,BRIDGE,w17,2031,7,FUEL OIL,0,2031-07-01
Baseline,BRIDGE,w17,2031,7,GAS,0,2031-07-01
Baseline,BRIDGE,w17,2031,7,GEOTHERMAL,0,2031-07-01
Baseline,BRIDGE,w17,2031,7,HYDRO,3625.621483,2031-07-01
Baseline,BRIDGE,w17,2031,7,IMPORTS,0,2031-07-01
Baseline,BRIDGE,w17,2031,7,NUCLEAR,0,2031-07-01
Baseline,BRIDGE,w17,2031,7,PV,289.8298123,2031-07-01
Baseline,BRIDGE,w17,2031,7,WIND,306.8530219,2031-07-01
Baseline,BRIDGE,w17,2031,8,BIOENERGY,87.15841576,2031-08-01
Baseline,BRIDGE,w17,2031,8,DIESEL,0,2031-08-01
Baseline,BRIDGE,w17,2031,8,FUEL OIL,156.6610465,2031-08-01
Baseline,BRIDGE,w17,2031,8,GAS,63.78117511,2031-08-01
Baseline,BRIDGE,w17,2031,8,GEOTHERMAL,0,2031-08-01
Baseline,BRIDGE,w17,2031,8,HYDRO,3198.944704,2031-08-01
Baseline,BRIDGE,w17,2031,8,IMPORTS,0,2031-08-01
Baseline,BRIDGE,w17,2031,8,NUCLEAR,0,2031-08-01
Baseline,BRIDGE,w17,2031,8,PV,357.638427,2031-08-01
Baseline,BRIDGE,w17,2031,8,WIND,346.5647903,2031-08-01
Baseline,BRIDGE,w17,2031,9,BIOENERGY,88.7231892,2031-09-01
Baseline,BRIDGE,w17,2031,9,DIESEL,0,2031-09-01
Baseline,BRIDGE,w17,2031,9,FUEL OIL,252.9451539,2031-09-01
Baseline,BRIDGE,w17,2031,9,GAS,63.72924616,2031-09-01
Baseline,BRIDGE,w17,2031,9,GEOTHERMAL,0,2031-09-01
Baseline,BRIDGE,w17,2031,9,HYDRO,3225.298803,2031-09-01
Baseline,BRIDGE,w17,2031,9,IMPORTS,0,2031-09-01
Baseline,BRIDGE,w17,2031,9,NUCLEAR,0,2031-09-01
Baseline,BRIDGE,w17,2031,9,PV,349.9807661,2031-09-01
Baseline,BRIDGE,w17,2031,9,WIND,328.480029,2031-09-01
Baseline,BRIDGE,w17,2031,10,BIOENERGY,90.16108084,2031-10-01
Baseline,BRIDGE,w17,2031,10,DIESEL,0,2031-10-01
Baseline,BRIDGE,w17,2031,10,FUEL OIL,139.910296,2031-10-01
Baseline,BRIDGE,w17,2031,10,GAS,63.64166206,2031-10-01
Baseline,BRIDGE,w17,2031,10,GEOTHERMAL,0,2031-10-01
Baseline,BRIDGE,w17,2031,10,HYDRO,3327.220336,2031-10-01
Baseline,BRIDGE,w17,2031,10,IMPORTS,0,2031-10-01
Baseline,BRIDGE,w17,2031,10,NUCLEAR,0,2031-10-01
Baseline,BRIDGE,w17,2031,10,PV,359.602205,2031-10-01
Baseline,BRIDGE,w17,2031,10,WIND,342.7420677,2031-10-01
Baseline,BRIDGE,w17,2031,11,BIOENERGY,92.15396209,2031-11-01
Baseline,BRIDGE,w17,2031,11,DIESEL,0,2031-11-01
Baseline,BRIDGE,w17,2031,11,FUEL OIL,202.8698706,2031-11-01
Baseline,BRIDGE,w17,2031,11,GAS,63.97005171,2031-11-01
Baseline,BRIDGE,w17,2031,11,GEOTHERMAL,0,2031-11-01
Baseline,BRIDGE,w17,2031,11,HYDRO,3349.940201,2031-11-01
Baseline,BRIDGE,w17,2031,11,IMPORTS,0,2031-11-01
Baseline,BRIDGE,w17,2031,11,NUCLEAR,0,2031-11-01
Baseline,BRIDGE,w17,2031,11,PV,359.4926912,2031-11-01
Baseline,BRIDGE,w17,2031,11,WIND,342.3374462,2031-11-01
Baseline,BRIDGE,w17,2031,12,BIOENERGY,90.76009125,2031-12-01
Baseline,BRIDGE,w17,2031,12,DIESEL,0,2031-12-01
Baseline,BRIDGE,w17,2031,12,FUEL OIL,344.2899069,2031-12-01
Baseline,BRIDGE,w17,2031,12,GAS,61.20091237,2031-12-01
Baseline,BRIDGE,w17,2031,12,GEOTHERMAL,0,2031-12-01
Baseline,BRIDGE,w17,2031,12,HYDRO,3306.939817,2031-12-01
Baseline,BRIDGE,w17,2031,12,IMPORTS,0,2031-12-01
Baseline,BRIDGE,w17,2031,12,NUCLEAR,0,2031-12-01
Baseline,BRIDGE,w17,2031,12,PV,379.5030105,2031-12-01
Baseline,BRIDGE,w17,2031,12,WIND,333.5220516,2031-12-01
Baseline,BRIDGE,w17,2032,1,BIOENERGY,67.85274578,2032-01-01
Baseline,BRIDGE,w17,2032,1,DIESEL,0,2032-01-01
Baseline,BRIDGE,w17,2032,1,FUEL OIL,94.60796569,2032-01-01
Baseline,BRIDGE,w17,2032,1,GAS,35.05684957,2032-01-01
Baseline,BRIDGE,w17,2032,1,GEOTHERMAL,0,2032-01-01
Baseline,BRIDGE,w17,2032,1,HYDRO,3366.23385,2032-01-01
Baseline,BRIDGE,w17,2032,1,IMPORTS,0,2032-01-01
Baseline,BRIDGE,w17,2032,1,NUCLEAR,0,2032-01-01
Baseline,BRIDGE,w17,2032,1,PV,537.0718387,2032-01-01
Baseline,BRIDGE,w17,2032,1,WIND,393.5185946,2032-01-01
Baseline,BRIDGE,w17,2032,2,BIOENERGY,89.86976034,2032-02-01
Baseline,BRIDGE,w17,2032,2,DIESEL,0,2032-02-01
Baseline,BRIDGE,w17,2032,2,FUEL OIL,215.0359769,2032-02-01
Baseline,BRIDGE,w17,2032,2,GAS,63.02138174,2032-02-01
Baseline,BRIDGE,w17,2032,2,GEOTHERMAL,0,2032-02-01
Baseline,BRIDGE,w17,2032,2,HYDRO,3193.040769,2032-02-01
Baseline,BRIDGE,w17,2032,2,IMPORTS,0,2032-02-01
Baseline,BRIDGE,w17,2032,2,NUCLEAR,0,2032-02-01
Baseline,BRIDGE,w17,2032,2,PV,526.4641006,2032-02-01
Baseline,BRIDGE,w17,2032,2,WIND,384.4421124,2032-02-01
Baseline,BRIDGE,w17,2032,3,BIOENERGY,0,2032-03-01
Baseline,BRIDGE,w17,2032,3,DIESEL,0,2032-03-01
Baseline,BRIDGE,w17,2032,3,FUEL OIL,0,2032-03-01
Baseline,BRIDGE,w17,2032,3,GAS,0,2032-03-01
Baseline,BRIDGE,w17,2032,3,GEOTHERMAL,0,2032-03-01
Baseline,BRIDGE,w17,2032,3,HYDRO,3807.042008,2032-03-01
Baseline,BRIDGE,w17,2032,3,IMPORTS,0,2032-03-01
Baseline,BRIDGE,w17,2032,3,NUCLEAR,0,2032-03-01
Baseline,BRIDGE,w17,2032,3,PV,403.7503715,2032-03-01
Baseline,BRIDGE,w17,2032,3,WIND,339.0287932,2032-03-01
Baseline,BRIDGE,w17,2032,4,BIOENERGY,0,2032-04-01
Baseline,BRIDGE,w17,2032,4,DIESEL,0,2032-04-01
Baseline,BRIDGE,w17,2032,4,FUEL OIL,0,2032-04-01
Baseline,BRIDGE,w17,2032,4,GAS,0,2032-04-01
Baseline,BRIDGE,w17,2032,4,GEOTHERMAL,0,2032-04-01
Baseline,BRIDGE,w17,2032,4,HYDRO,3843.327328,2032-04-01
Baseline,BRIDGE,w17,2032,4,IMPORTS,0,2032-04-01
Baseline,BRIDGE,w17,2032,4,NUCLEAR,0,2032-04-01
Baseline,BRIDGE,w17,2032,4,PV,402.4362775,2032-04-01
Baseline,BRIDGE,w17,2032,4,WIND,327.1898378,2032-04-01
Baseline,BRIDGE,w17,2032,5,BIOENERGY,0,2032-05-01
Baseline,BRIDGE,w17,2032,5,DIESEL,0,2032-05-01
Baseline,BRIDGE,w17,2032,5,FUEL OIL,0,2032-05-01
Baseline,BRIDGE,w17,2032,5,GAS,0,2032-05-01
Baseline,BRIDGE,w17,2032,5,GEOTHERMAL,0,2032-05-01
Baseline,BRIDGE,w17,2032,5,HYDRO,3790.155028,2032-05-01
Baseline,BRIDGE,w17,2032,5,IMPORTS,0,2032-05-01
Baseline,BRIDGE,w17,2032,5,NUCLEAR,0,2032-05-01
Baseline,BRIDGE,w17,2032,5,PV,431.0032787,2032-05-01
Baseline,BRIDGE,w17,2032,5,WIND,329.1605027,2032-05-01
Baseline,BRIDGE,w17,2032,6,BIOENERGY,0,2032-06-01
Baseline,BRIDGE,w17,2032,6,DIESEL,0,2032-06-01
Baseline,BRIDGE,w17,2032,6,FUEL OIL,0,2032-06-01
Baseline,BRIDGE,w17,2032,6,GAS,0,2032-06-01
Baseline,BRIDGE,w17,2032,6,GEOTHERMAL,0,2032-06-01
Baseline,BRIDGE,w17,2032,6,HYDRO,3704.756092,2032-06-01
Baseline,BRIDGE,w17,2032,6,IMPORTS,0,2032-06-01
Baseline,BRIDGE,w17,2032,6,NUCLEAR,0,2032-06-01
Baseline,BRIDGE,w17,2032,6,PV,427.5919558,2032-06-01
Baseline,BRIDGE,w17,2032,6,WIND,317.8461039,2032-06-01
Baseline,BRIDGE,w17,2032,7,BIOENERGY,0,2032-07-01
Baseline,BRIDGE,w17,2032,7,DIESEL,0,2032-07-01
Baseline,BRIDGE,w17,2032,7,FUEL OIL,0,2032-07-01
Baseline,BRIDGE,w17,2032,7,GAS,0,2032-07-01
Baseline,BRIDGE,w17,2032,7,GEOTHERMAL,0,2032-07-01
Baseline,BRIDGE,w17,2032,7,HYDRO,3642.913271,2032-07-01
Baseline,BRIDGE,w17,2032,7,IMPORTS,0,2032-07-01
Baseline,BRIDGE,w17,2032,7,NUCLEAR,0,2032-07-01
Baseline,BRIDGE,w17,2032,7,PV,425.3427076,2032-07-01
Baseline,BRIDGE,w17,2032,7,WIND,322.9405114,2032-07-01
Baseline,BRIDGE,w17,2032,8,BIOENERGY,45.30236029,2032-08-01
Baseline,BRIDGE,w17,2032,8,DIESEL,0,2032-08-01
Baseline,BRIDGE,w17,2032,8,FUEL OIL,59.47329654,2032-08-01
Baseline,BRIDGE,w17,2032,8,GAS,0,2032-08-01
Baseline,BRIDGE,w17,2032,8,GEOTHERMAL,0,2032-08-01
Baseline,BRIDGE,w17,2032,8,HYDRO,3370.633581,2032-08-01
Baseline,BRIDGE,w17,2032,8,IMPORTS,0,2032-08-01
Baseline,BRIDGE,w17,2032,8,NUCLEAR,0,2032-08-01
Baseline,BRIDGE,w17,2032,8,PV,518.9247533,2032-08-01
Baseline,BRIDGE,w17,2032,8,WIND,384.8445109,2032-08-01
Baseline,BRIDGE,w17,2032,9,BIOENERGY,78.70893431,2032-09-01
Baseline,BRIDGE,w17,2032,9,DIESEL,0,2032-09-01
Baseline,BRIDGE,w17,2032,9,FUEL OIL,91.35873419,2032-09-01
Baseline,BRIDGE,w17,2032,9,GAS,0,2032-09-01
Baseline,BRIDGE,w17,2032,9,GEOTHERMAL,0,2032-09-01
Baseline,BRIDGE,w17,2032,9,HYDRO,3418.444577,2032-09-01
Baseline,BRIDGE,w17,2032,9,IMPORTS,0,2032-09-01
Baseline,BRIDGE,w17,2032,9,NUCLEAR,0,2032-09-01
Baseline,BRIDGE,w17,2032,9,PV,509.7589733,2032-09-01
Baseline,BRIDGE,w17,2032,9,WIND,383.2522563,2032-09-01
Baseline,BRIDGE,w17,2032,10,BIOENERGY,80.9694852,2032-10-01
Baseline,BRIDGE,w17,2032,10,DIESEL,0,2032-10-01
Baseline,BRIDGE,w17,2032,10,FUEL OIL,91.88329203,2032-10-01
Baseline,BRIDGE,w17,2032,10,GAS,63.15318057,2032-10-01
Baseline,BRIDGE,w17,2032,10,GEOTHERMAL,0,2032-10-01
Baseline,BRIDGE,w17,2032,10,HYDRO,3408.024492,2032-10-01
Baseline,BRIDGE,w17,2032,10,IMPORTS,0,2032-10-01
Baseline,BRIDGE,w17,2032,10,NUCLEAR,0,2032-10-01
Baseline,BRIDGE,w17,2032,10,PV,494.5718337,2032-10-01
Baseline,BRIDGE,w17,2032,10,WIND,357.60647,2032-10-01
Baseline,BRIDGE,w17,2032,11,BIOENERGY,93.17627312,2032-11-01
Baseline,BRIDGE,w17,2032,11,DIESEL,0,2032-11-01
Baseline,BRIDGE,w17,2032,11,FUEL OIL,173.5049464,2032-11-01
Baseline,BRIDGE,w17,2032,11,GAS,65.01826732,2032-11-01
Baseline,BRIDGE,w17,2032,11,GEOTHERMAL,0,2032-11-01
Baseline,BRIDGE,w17,2032,11,HYDRO,3414.428587,2032-11-01
Baseline,BRIDGE,w17,2032,11,IMPORTS,0,2032-11-01
Baseline,BRIDGE,w17,2032,11,NUCLEAR,0,2032-11-01
Baseline,BRIDGE,w17,2032,11,PV,484.4866399,2032-11-01
Baseline,BRIDGE,w17,2032,11,WIND,356.5800774,2032-11-01
Baseline,BRIDGE,w17,2032,12,BIOENERGY,88.61868988,2032-12-01
Baseline,BRIDGE,w17,2032,12,DIESEL,69.53530862,2032-12-01
Baseline,BRIDGE,w17,2032,12,FUEL OIL,372.488977,2032-12-01
Baseline,BRIDGE,w17,2032,12,GAS,64.46087352,2032-12-01
Baseline,BRIDGE,w17,2032,12,GEOTHERMAL,0,2032-12-01
Baseline,BRIDGE,w17,2032,12,HYDRO,3217.074129,2032-12-01
Baseline,BRIDGE,w17,2032,12,IMPORTS,0,2032-12-01
Baseline,BRIDGE,w17,2032,12,NUCLEAR,0,2032-12-01
Baseline,BRIDGE,w17,2032,12,PV,505.2464852,2032-12-01
Baseline,BRIDGE,w17,2032,12,WIND,379.4399578,2032-12-01
Baseline,BRIDGE,w17,2033,1,BIOENERGY,83.91948246,2033-01-01
Baseline,BRIDGE,w17,2033,1,DIESEL,0,2033-01-01
Baseline,BRIDGE,w17,2033,1,FUEL OIL,108.3832716,2033-01-01
Baseline,BRIDGE,w17,2033,1,GAS,26.02168563,2033-01-01
Baseline,BRIDGE,w17,2033,1,GEOTHERMAL,0,2033-01-01
Baseline,BRIDGE,w17,2033,1,HYDRO,3352.518625,2033-01-01
Baseline,BRIDGE,w17,2033,1,IMPORTS,0,2033-01-01
Baseline,BRIDGE,w17,2033,1,NUCLEAR,0,2033-01-01
Baseline,BRIDGE,w17,2033,1,PV,598.2483728,2033-01-01
Baseline,BRIDGE,w17,2033,1,WIND,415.1372438,2033-01-01
Baseline,BRIDGE,w17,2033,2,BIOENERGY,87.60127596,2033-02-01
Baseline,BRIDGE,w17,2033,2,DIESEL,0,2033-02-01
Baseline,BRIDGE,w17,2033,2,FUEL OIL,92.59184733,2033-02-01
Baseline,BRIDGE,w17,2033,2,GAS,0,2033-02-01
Baseline,BRIDGE,w17,2033,2,GEOTHERMAL,0,2033-02-01
Baseline,BRIDGE,w17,2033,2,HYDRO,3381.787868,2033-02-01
Baseline,BRIDGE,w17,2033,2,IMPORTS,0,2033-02-01
Baseline,BRIDGE,w17,2033,2,NUCLEAR,0,2033-02-01
Baseline,BRIDGE,w17,2033,2,PV,596.5366367,2033-02-01
Baseline,BRIDGE,w17,2033,2,WIND,402.7939551,2033-02-01
Baseline,BRIDGE,w17,2033,3,BIOENERGY,0,2033-03-01
Baseline,BRIDGE,w17,2033,3,DIESEL,0,2033-03-01
Baseline,BRIDGE,w17,2033,3,FUEL OIL,0,2033-03-01
Baseline,BRIDGE,w17,2033,3,GAS,0,2033-03-01
Baseline,BRIDGE,w17,2033,3,GEOTHERMAL,0,2033-03-01
Baseline,BRIDGE,w17,2033,3,HYDRO,3766.89593,2033-03-01
Baseline,BRIDGE,w17,2033,3,IMPORTS,0,2033-03-01
Baseline,BRIDGE,w17,2033,3,NUCLEAR,0,2033-03-01
Baseline,BRIDGE,w17,2033,3,PV,527.714631,2033-03-01
Baseline,BRIDGE,w17,2033,3,WIND,346.207036,2033-03-01
Baseline,BRIDGE,w17,2033,4,BIOENERGY,0,2033-04-01
Baseline,BRIDGE,w17,2033,4,DIESEL,0,2033-04-01
Baseline,BRIDGE,w17,2033,4,FUEL OIL,0,2033-04-01
Baseline,BRIDGE,w17,2033,4,GAS,0,2033-04-01
Baseline,BRIDGE,w17,2033,4,GEOTHERMAL,0,2033-04-01
Baseline,BRIDGE,w17,2033,4,HYDRO,3818.690632,2033-04-01
Baseline,BRIDGE,w17,2033,4,IMPORTS,0,2033-04-01
Baseline,BRIDGE,w17,2033,4,NUCLEAR,0,2033-04-01
Baseline,BRIDGE,w17,2033,4,PV,501.4974725,2033-04-01
Baseline,BRIDGE,w17,2033,4,WIND,344.2244072,2033-04-01
Baseline,BRIDGE,w17,2033,5,BIOENERGY,0,2033-05-01
Baseline,BRIDGE,w17,2033,5,DIESEL,0,2033-05-01
Baseline,BRIDGE,w17,2033,5,FUEL OIL,0,2033-05-01
Baseline,BRIDGE,w17,2033,5,GAS,0,2033-05-01
Baseline,BRIDGE,w17,2033,5,GEOTHERMAL,0,2033-05-01
Baseline,BRIDGE,w17,2033,5,HYDRO,3758.970963,2033-05-01
Baseline,BRIDGE,w17,2033,5,IMPORTS,0,2033-05-01
Baseline,BRIDGE,w17,2033,5,NUCLEAR,0,2033-05-01
Baseline,BRIDGE,w17,2033,5,PV,501.6795394,2033-05-01
Baseline,BRIDGE,w17,2033,5,WIND,380.6746831,2033-05-01
Baseline,BRIDGE,w17,2033,6,BIOENERGY,0,2033-06-01
Baseline,BRIDGE,w17,2033,6,DIESEL,0,2033-06-01
Baseline,BRIDGE,w17,2033,6,FUEL OIL,0,2033-06-01
Baseline,BRIDGE,w17,2033,6,GAS,0,2033-06-01
Baseline,BRIDGE,w17,2033,6,GEOTHERMAL,0,2033-06-01
Baseline,BRIDGE,w17,2033,6,HYDRO,3673.588765,2033-06-01
Baseline,BRIDGE,w17,2033,6,IMPORTS,0,2033-06-01
Baseline,BRIDGE,w17,2033,6,NUCLEAR,0,2033-06-01
Baseline,BRIDGE,w17,2033,6,PV,505.5788623,2033-06-01
Baseline,BRIDGE,w17,2033,6,WIND,360.030407,2033-06-01
Baseline,BRIDGE,w17,2033,7,BIOENERGY,0,2033-07-01
Baseline,BRIDGE,w17,2033,7,DIESEL,0,2033-07-01
Baseline,BRIDGE,w17,2033,7,FUEL OIL,0,2033-07-01
Baseline,BRIDGE,w17,2033,7,GAS,0,2033-07-01
Baseline,BRIDGE,w17,2033,7,GEOTHERMAL,0,2033-07-01
Baseline,BRIDGE,w17,2033,7,HYDRO,3615.025989,2033-07-01
Baseline,BRIDGE,w17,2033,7,IMPORTS,0,2033-07-01
Baseline,BRIDGE,w17,2033,7,NUCLEAR,0,2033-07-01
Baseline,BRIDGE,w17,2033,7,PV,500.5299373,2033-07-01
Baseline,BRIDGE,w17,2033,7,WIND,363.4644932,2033-07-01
Baseline,BRIDGE,w17,2033,8,BIOENERGY,59.25015106,2033-08-01
Baseline,BRIDGE,w17,2033,8,DIESEL,0,2033-08-01
Baseline,BRIDGE,w17,2033,8,FUEL OIL,93.32981345,2033-08-01
Baseline,BRIDGE,w17,2033,8,GAS,0,2033-08-01
Baseline,BRIDGE,w17,2033,8,GEOTHERMAL,0,2033-08-01
Baseline,BRIDGE,w17,2033,8,HYDRO,3326.975566,2033-08-01
Baseline,BRIDGE,w17,2033,8,IMPORTS,0,2033-08-01
Baseline,BRIDGE,w17,2033,8,NUCLEAR,0,2033-08-01
Baseline,BRIDGE,w17,2033,8,PV,586.6034414,2033-08-01
Baseline,BRIDGE,w17,2033,8,WIND,400.6030995,2033-08-01
Baseline,BRIDGE,w17,2033,9,BIOENERGY,57.11715059,2033-09-01
Baseline,BRIDGE,w17,2033,9,DIESEL,0,2033-09-01
Baseline,BRIDGE,w17,2033,9,FUEL OIL,89.77046861,2033-09-01
Baseline,BRIDGE,w17,2033,9,GAS,0,2033-09-01
Baseline,BRIDGE,w17,2033,9,GEOTHERMAL,0,2033-09-01
Baseline,BRIDGE,w17,2033,9,HYDRO,3374.886971,2033-09-01
Baseline,BRIDGE,w17,2033,9,IMPORTS,0,2033-09-01
Baseline,BRIDGE,w17,2033,9,NUCLEAR,0,2033-09-01
Baseline,BRIDGE,w17,2033,9,PV,621.4685851,2033-09-01
Baseline,BRIDGE,w17,2033,9,WIND,427.9107695,2033-09-01
Baseline,BRIDGE,w17,2033,10,BIOENERGY,92.25390902,2033-10-01
Baseline,BRIDGE,w17,2033,10,DIESEL,0,2033-10-01
Baseline,BRIDGE,w17,2033,10,FUEL OIL,96.48552989,2033-10-01
Baseline,BRIDGE,w17,2033,10,GAS,0,2033-10-01
Baseline,BRIDGE,w17,2033,10,GEOTHERMAL,0,2033-10-01
Baseline,BRIDGE,w17,2033,10,HYDRO,3388.420865,2033-10-01
Baseline,BRIDGE,w17,2033,10,IMPORTS,0,2033-10-01
Baseline,BRIDGE,w17,2033,10,NUCLEAR,0,2033-10-01
Baseline,BRIDGE,w17,2033,10,PV,610.2311266,2033-10-01
Baseline,BRIDGE,w17,2033,10,WIND,398.7414973,2033-10-01
Baseline,BRIDGE,w17,2033,11,BIOENERGY,88.27821382,2033-11-01
Baseline,BRIDGE,w17,2033,11,DIESEL,0,2033-11-01
Baseline,BRIDGE,w17,2033,11,FUEL OIL,269.6091724,2033-11-01
Baseline,BRIDGE,w17,2033,11,GAS,63.25377893,2033-11-01
Baseline,BRIDGE,w17,2033,11,GEOTHERMAL,0,2033-11-01
Baseline,BRIDGE,w17,2033,11,HYDRO,3216.515976,2033-11-01
Baseline,BRIDGE,w17,2033,11,IMPORTS,0,2033-11-01
Baseline,BRIDGE,w17,2033,11,NUCLEAR,0,2033-11-01
Baseline,BRIDGE,w17,2033,11,PV,633.8916873,2033-11-01
Baseline,BRIDGE,w17,2033,11,WIND,407.3898584,2033-11-01
Baseline,BRIDGE,w17,2033,12,BIOENERGY,85.34553977,2033-12-01
Baseline,BRIDGE,w17,2033,12,DIESEL,0,2033-12-01
Baseline,BRIDGE,w17,2033,12,FUEL OIL,347.1639868,2033-12-01
Baseline,BRIDGE,w17,2033,12,GAS,61.67135412,2033-12-01
Baseline,BRIDGE,w17,2033,12,GEOTHERMAL,0,2033-12-01
Baseline,BRIDGE,w17,2033,12,HYDRO,3267.438214,2033-12-01
Baseline,BRIDGE,w17,2033,12,IMPORTS,0,2033-12-01
Baseline,BRIDGE,w17,2033,12,NUCLEAR,0,2033-12-01
Baseline,BRIDGE,w17,2033,12,PV,620.0960345,2033-12-01
Baseline,BRIDGE,w17,2033,12,WIND,409.0865804,2033-12-01
Baseline,BRIDGE,w17,2034,1,BIOENERGY,94.3396084,2034-01-01
Baseline,BRIDGE,w17,2034,1,DIESEL,0,2034-01-01
Baseline,BRIDGE,w17,2034,1,FUEL OIL,222.3135742,2034-01-01
Baseline,BRIDGE,w17,2034,1,GAS,62.96521941,2034-01-01
Baseline,BRIDGE,w17,2034,1,GEOTHERMAL,0,2034-01-01
Baseline,BRIDGE,w17,2034,1,HYDRO,3218.167313,2034-01-01
Baseline,BRIDGE,w17,2034,1,IMPORTS,0,2034-01-01
Baseline,BRIDGE,w17,2034,1,NUCLEAR,0,2034-01-01
Baseline,BRIDGE,w17,2034,1,PV,616.6450413,2034-01-01
Baseline,BRIDGE,w17,2034,1,WIND,461.4824985,2034-01-01
Baseline,BRIDGE,w17,2034,2,BIOENERGY,81.11405806,2034-02-01
Baseline,BRIDGE,w17,2034,2,DIESEL,0,2034-02-01
Baseline,BRIDGE,w17,2034,2,FUEL OIL,91.25212247,2034-02-01
Baseline,BRIDGE,w17,2034,2,GAS,64.02102915,2034-02-01
Baseline,BRIDGE,w17,2034,2,GEOTHERMAL,0,2034-02-01
Baseline,BRIDGE,w17,2034,2,HYDRO,3348.843687,2034-02-01
Baseline,BRIDGE,w17,2034,2,IMPORTS,0,2034-02-01
Baseline,BRIDGE,w17,2034,2,NUCLEAR,0,2034-02-01
Baseline,BRIDGE,w17,2034,2,PV,623.588109,2034-02-01
Baseline,BRIDGE,w17,2034,2,WIND,443.7188087,2034-02-01
Baseline,BRIDGE,w17,2034,3,BIOENERGY,0,2034-03-01
Baseline,BRIDGE,w17,2034,3,DIESEL,0,2034-03-01
Baseline,BRIDGE,w17,2034,3,FUEL OIL,0,2034-03-01
Baseline,BRIDGE,w17,2034,3,GAS,0,2034-03-01
Baseline,BRIDGE,w17,2034,3,GEOTHERMAL,0,2034-03-01
Baseline,BRIDGE,w17,2034,3,HYDRO,3835.51626,2034-03-01
Baseline,BRIDGE,w17,2034,3,IMPORTS,0,2034-03-01
Baseline,BRIDGE,w17,2034,3,NUCLEAR,0,2034-03-01
Baseline,BRIDGE,w17,2034,3,PV,501.0310797,2034-03-01
Baseline,BRIDGE,w17,2034,3,WIND,397.0866093,2034-03-01
Baseline,BRIDGE,w17,2034,4,BIOENERGY,0,2034-04-01
Baseline,BRIDGE,w17,2034,4,DIESEL,0,2034-04-01
Baseline,BRIDGE,w17,2034,4,FUEL OIL,0,2034-04-01
Baseline,BRIDGE,w17,2034,4,GAS,0,2034-04-01
Baseline,BRIDGE,w17,2034,4,GEOTHERMAL,0,2034-04-01
Baseline,BRIDGE,w17,2034,4,HYDRO,3862.95688,2034-04-01
Baseline,BRIDGE,w17,2034,4,IMPORTS,0,2034-04-01
Baseline,BRIDGE,w17,2034,4,NUCLEAR,0,2034-04-01
Baseline,BRIDGE,w17,2034,4,PV,489.5299572,2034-04-01
Baseline,BRIDGE,w17,2034,4,WIND,405.2139252,2034-04-01
Baseline,BRIDGE,w17,2034,5,BIOENERGY,0,2034-05-01
Baseline,BRIDGE,w17,2034,5,DIESEL,0,2034-05-01
Baseline,BRIDGE,w17,2034,5,FUEL OIL,0,2034-05-01
Baseline,BRIDGE,w17,2034,5,GAS,0,2034-05-01
Baseline,BRIDGE,w17,2034,5,GEOTHERMAL,0,2034-05-01
Baseline,BRIDGE,w17,2034,5,HYDRO,3829.411031,2034-05-01
Baseline,BRIDGE,w17,2034,5,IMPORTS,0,2034-05-01
Baseline,BRIDGE,w17,2034,5,NUCLEAR,0,2034-05-01
Baseline,BRIDGE,w17,2034,5,PV,483.4686657,2034-05-01
Baseline,BRIDGE,w17,2034,5,WIND,421.2719926,2034-05-01
Baseline,BRIDGE,w17,2034,6,BIOENERGY,0,2034-06-01
Baseline,BRIDGE,w17,2034,6,DIESEL,0,2034-06-01
Baseline,BRIDGE,w17,2034,6,FUEL OIL,0,2034-06-01
Baseline,BRIDGE,w17,2034,6,GAS,0,2034-06-01
Baseline,BRIDGE,w17,2034,6,GEOTHERMAL,0,2034-06-01
Baseline,BRIDGE,w17,2034,6,HYDRO,3732.016937,2034-06-01
Baseline,BRIDGE,w17,2034,6,IMPORTS,0,2034-06-01
Baseline,BRIDGE,w17,2034,6,NUCLEAR,0,2034-06-01
Baseline,BRIDGE,w17,2034,6,PV,497.9802976,2034-06-01
Baseline,BRIDGE,w17,2034,6,WIND,399.984761,2034-06-01
Baseline,BRIDGE,w17,2034,7,BIOENERGY,0,2034-07-01
Baseline,BRIDGE,w17,2034,7,DIESEL,0,2034-07-01
Baseline,BRIDGE,w17,2034,7,FUEL OIL,0,2034-07-01
Baseline,BRIDGE,w17,2034,7,GAS,0,2034-07-01
Baseline,BRIDGE,w17,2034,7,GEOTHERMAL,0,2034-07-01
Baseline,BRIDGE,w17,2034,7,HYDRO,3634.239945,2034-07-01
Baseline,BRIDGE,w17,2034,7,IMPORTS,0,2034-07-01
Baseline,BRIDGE,w17,2034,7,NUCLEAR,0,2034-07-01
Baseline,BRIDGE,w17,2034,7,PV,515.5904207,2034-07-01
Baseline,BRIDGE,w17,2034,7,WIND,418.7704623,2034-07-01
Baseline,BRIDGE,w17,2034,8,BIOENERGY,79.03390746,2034-08-01
Baseline,BRIDGE,w17,2034,8,DIESEL,0,2034-08-01
Baseline,BRIDGE,w17,2034,8,FUEL OIL,94.0028985,2034-08-01
Baseline,BRIDGE,w17,2034,8,GAS,35.30895311,2034-08-01
Baseline,BRIDGE,w17,2034,8,GEOTHERMAL,0,2034-08-01
Baseline,BRIDGE,w17,2034,8,HYDRO,3319.958238,2034-08-01
Baseline,BRIDGE,w17,2034,8,IMPORTS,0,2034-08-01
Baseline,BRIDGE,w17,2034,8,NUCLEAR,0,2034-08-01
Baseline,BRIDGE,w17,2034,8,PV,611.0053822,2034-08-01
Baseline,BRIDGE,w17,2034,8,WIND,416.7879338,2034-08-01
Baseline,BRIDGE,w17,2034,9,BIOENERGY,69.88012544,2034-09-01
Baseline,BRIDGE,w17,2034,9,DIESEL,0,2034-09-01
Baseline,BRIDGE,w17,2034,9,FUEL OIL,95.48457121,2034-09-01
Baseline,BRIDGE,w17,2034,9,GAS,61.8587991,2034-09-01
Baseline,BRIDGE,w17,2034,9,GEOTHERMAL,0,2034-09-01
Baseline,BRIDGE,w17,2034,9,HYDRO,3379.211049,2034-09-01
Baseline,BRIDGE,w17,2034,9,IMPORTS,0,2034-09-01
Baseline,BRIDGE,w17,2034,9,NUCLEAR,0,2034-09-01
Baseline,BRIDGE,w17,2034,9,PV,616.8393075,2034-09-01
Baseline,BRIDGE,w17,2034,9,WIND,439.3031714,2034-09-01
Baseline,BRIDGE,w17,2034,10,BIOENERGY,92.97786915,2034-10-01
Baseline,BRIDGE,w17,2034,10,DIESEL,0,2034-10-01
Baseline,BRIDGE,w17,2034,10,FUEL OIL,334.3810619,2034-10-01
Baseline,BRIDGE,w17,2034,10,GAS,63.55867899,2034-10-01
Baseline,BRIDGE,w17,2034,10,GEOTHERMAL,0,2034-10-01
Baseline,BRIDGE,w17,2034,10,HYDRO,3117.495844,2034-10-01
Baseline,BRIDGE,w17,2034,10,IMPORTS,0,2034-10-01
Baseline,BRIDGE,w17,2034,10,NUCLEAR,0,2034-10-01
Baseline,BRIDGE,w17,2034,10,PV,631.5612007,2034-10-01
Baseline,BRIDGE,w17,2034,10,WIND,437.8809326,2034-10-01
Baseline,BRIDGE,w17,2034,11,BIOENERGY,84.85443035,2034-11-01
Baseline,BRIDGE,w17,2034,11,DIESEL,0,2034-11-01
Baseline,BRIDGE,w17,2034,11,FUEL OIL,325.7468504,2034-11-01
Baseline,BRIDGE,w17,2034,11,GAS,68.63054595,2034-11-01
Baseline,BRIDGE,w17,2034,11,GEOTHERMAL,0,2034-11-01
Baseline,BRIDGE,w17,2034,11,HYDRO,3249.912171,2034-11-01
Baseline,BRIDGE,w17,2034,11,IMPORTS,0,2034-11-01
Baseline,BRIDGE,w17,2034,11,NUCLEAR,0,2034-11-01
Baseline,BRIDGE,w17,2034,11,PV,608.9451064,2034-11-01
Baseline,BRIDGE,w17,2034,11,WIND,434.4283572,2034-11-01
Baseline,BRIDGE,w17,2034,12,BIOENERGY,92.67631536,2034-12-01
Baseline,BRIDGE,w17,2034,12,DIESEL,0,2034-12-01
Baseline,BRIDGE,w17,2034,12,FUEL OIL,206.5594327,2034-12-01
Baseline,BRIDGE,w17,2034,12,GAS,157.0212681,2034-12-01
Baseline,BRIDGE,w17,2034,12,GEOTHERMAL,0,2034-12-01
Baseline,BRIDGE,w17,2034,12,HYDRO,3378.570804,2034-12-01
Baseline,BRIDGE,w17,2034,12,IMPORTS,0,2034-12-01
Baseline,BRIDGE,w17,2034,12,NUCLEAR,0,2034-12-01
Baseline,BRIDGE,w17,2034,12,PV,610.0669302,2034-12-01
Baseline,BRIDGE,w17,2034,12,WIND,441.7229928,2034-12-01
Baseline,BRIDGE,w17,2035,1,BIOENERGY,84.94786452,2035-01-01
Baseline,BRIDGE,w17,2035,1,DIESEL,0,2035-01-01
Baseline,BRIDGE,w17,2035,1,FUEL OIL,267.0844673,2035-01-01
Baseline,BRIDGE,w17,2035,1,GAS,62.62966959,2035-01-01
Baseline,BRIDGE,w17,2035,1,GEOTHERMAL,0,2035-01-01
Baseline,BRIDGE,w17,2035,1,HYDRO,3290.745478,2035-01-01
Baseline,BRIDGE,w17,2035,1,IMPORTS,0,2035-01-01
Baseline,BRIDGE,w17,2035,1,NUCLEAR,0,2035-01-01
Baseline,BRIDGE,w17,2035,1,PV,617.9082096,2035-01-01
Baseline,BRIDGE,w17,2035,1,WIND,446.1158309,2035-01-01
Baseline,BRIDGE,w17,2035,2,BIOENERGY,85.86478549,2035-02-01
Baseline,BRIDGE,w17,2035,2,DIESEL,0,2035-02-01
Baseline,BRIDGE,w17,2035,2,FUEL OIL,63.43047891,2035-02-01
Baseline,BRIDGE,w17,2035,2,GAS,64.43711942,2035-02-01
Baseline,BRIDGE,w17,2035,2,GEOTHERMAL,0,2035-02-01
Baseline,BRIDGE,w17,2035,2,HYDRO,3449.782462,2035-02-01
Baseline,BRIDGE,w17,2035,2,IMPORTS,0,2035-02-01
Baseline,BRIDGE,w17,2035,2,NUCLEAR,0,2035-02-01
Baseline,BRIDGE,w17,2035,2,PV,622.9011555,2035-02-01
Baseline,BRIDGE,w17,2035,2,WIND,459.1725698,2035-02-01
Baseline,BRIDGE,w17,2035,3,BIOENERGY,0,2035-03-01
Baseline,BRIDGE,w17,2035,3,DIESEL,0,2035-03-01
Baseline,BRIDGE,w17,2035,3,FUEL OIL,0,2035-03-01
Baseline,BRIDGE,w17,2035,3,GAS,0,2035-03-01
Baseline,BRIDGE,w17,2035,3,GEOTHERMAL,0,2035-03-01
Baseline,BRIDGE,w17,2035,3,HYDRO,3903.723124,2035-03-01
Baseline,BRIDGE,w17,2035,3,IMPORTS,0,2035-03-01
Baseline,BRIDGE,w17,2035,3,NUCLEAR,0,2035-03-01
Baseline,BRIDGE,w17,2035,3,PV,521.2524102,2035-03-01
Baseline,BRIDGE,w17,2035,3,WIND,403.3310936,2035-03-01
Baseline,BRIDGE,w17,2035,4,BIOENERGY,0,2035-04-01
Baseline,BRIDGE,w17,2035,4,DIESEL,0,2035-04-01
Baseline,BRIDGE,w17,2035,4,FUEL OIL,0,2035-04-01
Baseline,BRIDGE,w17,2035,4,GAS,0,2035-04-01
Baseline,BRIDGE,w17,2035,4,GEOTHERMAL,0,2035-04-01
Baseline,BRIDGE,w17,2035,4,HYDRO,3934.042699,2035-04-01
Baseline,BRIDGE,w17,2035,4,IMPORTS,0,2035-04-01
Baseline,BRIDGE,w17,2035,4,NUCLEAR,0,2035-04-01
Baseline,BRIDGE,w17,2035,4,PV,516.654599,2035-04-01
Baseline,BRIDGE,w17,2035,4,WIND,402.1574797,2035-04-01
Baseline,BRIDGE,w17,2035,5,BIOENERGY,0,2035-05-01
Baseline,BRIDGE,w17,2035,5,DIESEL,0,2035-05-01
Baseline,BRIDGE,w17,2035,5,FUEL OIL,33.42938098,2035-05-01
Baseline,BRIDGE,w17,2035,5,GAS,0,2035-05-01
Baseline,BRIDGE,w17,2035,5,GEOTHERMAL,0,2035-05-01
Baseline,BRIDGE,w17,2035,5,HYDRO,3908.477299,2035-05-01
Baseline,BRIDGE,w17,2035,5,IMPORTS,0,2035-05-01
Baseline,BRIDGE,w17,2035,5,NUCLEAR,0,2035-05-01
Baseline,BRIDGE,w17,2035,5,PV,486.403836,2035-05-01
Baseline,BRIDGE,w17,2035,5,WIND,400.5242073,2035-05-01
Baseline,BRIDGE,w17,2035,6,BIOENERGY,0,2035-06-01
Baseline,BRIDGE,w17,2035,6,DIESEL,0,2035-06-01
Baseline,BRIDGE,w17,2035,6,FUEL OIL,0,2035-06-01
Baseline,BRIDGE,w17,2035,6,GAS,0,2035-06-01
Baseline,BRIDGE,w17,2035,6,GEOTHERMAL,0,2035-06-01
Baseline,BRIDGE,w17,2035,6,HYDRO,3815.187853,2035-06-01
Baseline,BRIDGE,w17,2035,6,IMPORTS,0,2035-06-01
Baseline,BRIDGE,w17,2035,6,NUCLEAR,0,2035-06-01
Baseline,BRIDGE,w17,2035,6,PV,508.1601906,2035-06-01
Baseline,BRIDGE,w17,2035,6,WIND,397.5742226,2035-06-01
Baseline,BRIDGE,w17,2035,7,BIOENERGY,0,2035-07-01
Baseline,BRIDGE,w17,2035,7,DIESEL,0,2035-07-01
Baseline,BRIDGE,w17,2035,7,FUEL OIL,0,2035-07-01
Baseline,BRIDGE,w17,2035,7,GAS,0,2035-07-01
Baseline,BRIDGE,w17,2035,7,GEOTHERMAL,0,2035-07-01
Baseline,BRIDGE,w17,2035,7,HYDRO,3734.016471,2035-07-01
Baseline,BRIDGE,w17,2035,7,IMPORTS,0,2035-07-01
Baseline,BRIDGE,w17,2035,7,NUCLEAR,0,2035-07-01
Baseline,BRIDGE,w17,2035,7,PV,522.6421073,2035-07-01
Baseline,BRIDGE,w17,2035,7,WIND,403.3142657,2035-07-01
Baseline,BRIDGE,w17,2035,8,BIOENERGY,46.57830376,2035-08-01
Baseline,BRIDGE,w17,2035,8,DIESEL,0,2035-08-01
Baseline,BRIDGE,w17,2035,8,FUEL OIL,61.88721971,2035-08-01
Baseline,BRIDGE,w17,2035,8,GAS,0,2035-08-01
Baseline,BRIDGE,w17,2035,8,GEOTHERMAL,0,2035-08-01
Baseline,BRIDGE,w17,2035,8,HYDRO,3447.061484,2035-08-01
Baseline,BRIDGE,w17,2035,8,IMPORTS,0,2035-08-01
Baseline,BRIDGE,w17,2035,8,NUCLEAR,0,2035-08-01
Baseline,BRIDGE,w17,2035,8,PV,639.8613185,2035-08-01
Baseline,BRIDGE,w17,2035,8,WIND,451.8309335,2035-08-01
Baseline,BRIDGE,w17,2035,9,BIOENERGY,86.49404917,2035-09-01
Baseline,BRIDGE,w17,2035,9,DIESEL,0,2035-09-01
Baseline,BRIDGE,w17,2035,9,FUEL OIL,145.6998225,2035-09-01
Baseline,BRIDGE,w17,2035,9,GAS,63.36780601,2035-09-01
Baseline,BRIDGE,w17,2035,9,GEOTHERMAL,0,2035-09-01
Baseline,BRIDGE,w17,2035,9,HYDRO,3431.442268,2035-09-01
Baseline,BRIDGE,w17,2035,9,IMPORTS,0,2035-09-01
Baseline,BRIDGE,w17,2035,9,NUCLEAR,0,2035-09-01
Baseline,BRIDGE,w17,2035,9,PV,595.6002634,2035-09-01
Baseline,BRIDGE,w17,2035,9,WIND,433.2243543,2035-09-01
Baseline,BRIDGE,w17,2035,10,BIOENERGY,82.34550323,2035-10-01
Baseline,BRIDGE,w17,2035,10,DIESEL,0,2035-10-01
Baseline,BRIDGE,w17,2035,10,FUEL OIL,93.21385715,2035-10-01
Baseline,BRIDGE,w17,2035,10,GAS,62.9900506,2035-10-01
Baseline,BRIDGE,w17,2035,10,GEOTHERMAL,0,2035-10-01
Baseline,BRIDGE,w17,2035,10,HYDRO,3481.190855,2035-10-01
Baseline,BRIDGE,w17,2035,10,IMPORTS,0,2035-10-01
Baseline,BRIDGE,w17,2035,10,NUCLEAR,0,2035-10-01
Baseline,BRIDGE,w17,2035,10,PV,606.369133,2035-10-01
Baseline,BRIDGE,w17,2035,10,WIND,445.3032993,2035-10-01
Baseline,BRIDGE,w17,2035,11,BIOENERGY,85.69071915,2035-11-01
Baseline,BRIDGE,w17,2035,11,DIESEL,0,2035-11-01
Baseline,BRIDGE,w17,2035,11,FUEL OIL,96.80060094,2035-11-01
Baseline,BRIDGE,w17,2035,11,GAS,63.74201141,2035-11-01
Baseline,BRIDGE,w17,2035,11,GEOTHERMAL,0,2035-11-01
Baseline,BRIDGE,w17,2035,11,HYDRO,3519.585266,2035-11-01
Baseline,BRIDGE,w17,2035,11,IMPORTS,0,2035-11-01
Baseline,BRIDGE,w17,2035,11,NUCLEAR,0,2035-11-01
Baseline,BRIDGE,w17,2035,11,PV,632.7734469,2035-11-01
Baseline,BRIDGE,w17,2035,11,WIND,469.3757658,2035-11-01
Baseline,BRIDGE,w17,2035,12,BIOENERGY,88.61294123,2035-12-01
Baseline,BRIDGE,w17,2035,12,DIESEL,0,2035-12-01
Baseline,BRIDGE,w17,2035,12,FUEL OIL,297.1373433,2035-12-01
Baseline,BRIDGE,w17,2035,12,GAS,117.4839479,2035-12-01
Baseline,BRIDGE,w17,2035,12,GEOTHERMAL,0,2035-12-01
Baseline,BRIDGE,w17,2035,12,HYDRO,3426.750769,2035-12-01
Baseline,BRIDGE,w17,2035,12,IMPORTS,0,2035-12-01
Baseline,BRIDGE,w17,2035,12,NUCLEAR,0,2035-12-01
Baseline,BRIDGE,w17,2035,12,PV,596.8335394,2035-12-01
Baseline,BRIDGE,w17,2035,12,WIND,457.531557,2035-12-01
Baseline,BRIDGE,w17,2036,1,BIOENERGY,18.15788862,2036-01-01
Baseline,BRIDGE,w17,2036,1,DIESEL,0,2036-01-01
Baseline,BRIDGE,w17,2036,1,FUEL OIL,91.98392231,2036-01-01
Baseline,BRIDGE,w17,2036,1,GAS,0,2036-01-01
Baseline,BRIDGE,w17,2036,1,GEOTHERMAL,0,2036-01-01
Baseline,BRIDGE,w17,2036,1,HYDRO,3268.827734,2036-01-01
Baseline,BRIDGE,w17,2036,1,IMPORTS,0,2036-01-01
Baseline,BRIDGE,w17,2036,1,NUCLEAR,0,2036-01-01
Baseline,BRIDGE,w17,2036,1,PV,977.8054677,2036-01-01
Baseline,BRIDGE,w17,2036,1,WIND,508.0451379,2036-01-01
Baseline,BRIDGE,w17,2036,2,BIOENERGY,18.79301344,2036-02-01
Baseline,BRIDGE,w17,2036,2,DIESEL,0,2036-02-01
Baseline,BRIDGE,w17,2036,2,FUEL OIL,0,2036-02-01
Baseline,BRIDGE,w17,2036,2,GAS,0,2036-02-01
Baseline,BRIDGE,w17,2036,2,GEOTHERMAL,0,2036-02-01
Baseline,BRIDGE,w17,2036,2,HYDRO,3344.348531,2036-02-01
Baseline,BRIDGE,w17,2036,2,IMPORTS,0,2036-02-01
Baseline,BRIDGE,w17,2036,2,NUCLEAR,0,2036-02-01
Baseline,BRIDGE,w17,2036,2,PV,982.6978524,2036-02-01
Baseline,BRIDGE,w17,2036,2,WIND,494.660946,2036-02-01
Baseline,BRIDGE,w17,2036,3,BIOENERGY,0,2036-03-01
Baseline,BRIDGE,w17,2036,3,DIESEL,0,2036-03-01
Baseline,BRIDGE,w17,2036,3,FUEL OIL,32.21292412,2036-03-01
Baseline,BRIDGE,w17,2036,3,GAS,0,2036-03-01
Baseline,BRIDGE,w17,2036,3,GEOTHERMAL,0,2036-03-01
Baseline,BRIDGE,w17,2036,3,HYDRO,3633.218366,2036-03-01
Baseline,BRIDGE,w17,2036,3,IMPORTS,0,2036-03-01
Baseline,BRIDGE,w17,2036,3,NUCLEAR,0,2036-03-01
Baseline,BRIDGE,w17,2036,3,PV,811.6406567,2036-03-01
Baseline,BRIDGE,w17,2036,3,WIND,447.8008129,2036-03-01
Baseline,BRIDGE,w17,2036,4,BIOENERGY,0,2036-04-01
Baseline,BRIDGE,w17,2036,4,DIESEL,0,2036-04-01
Baseline,BRIDGE,w17,2036,4,FUEL OIL,32.83399248,2036-04-01
Baseline,BRIDGE,w17,2036,4,GAS,0,2036-04-01
Baseline,BRIDGE,w17,2036,4,GEOTHERMAL,0,2036-04-01
Baseline,BRIDGE,w17,2036,4,HYDRO,3688.644568,2036-04-01
Baseline,BRIDGE,w17,2036,4,IMPORTS,0,2036-04-01
Baseline,BRIDGE,w17,2036,4,NUCLEAR,0,2036-04-01
Baseline,BRIDGE,w17,2036,4,PV,798.518466,2036-04-01
Baseline,BRIDGE,w17,2036,4,WIND,429.9148463,2036-04-01
Baseline,BRIDGE,w17,2036,5,BIOENERGY,0,2036-05-01
Baseline,BRIDGE,w17,2036,5,DIESEL,0,2036-05-01
Baseline,BRIDGE,w17,2036,5,FUEL OIL,0,2036-05-01
Baseline,BRIDGE,w17,2036,5,GAS,0,2036-05-01
Baseline,BRIDGE,w17,2036,5,GEOTHERMAL,0,2036-05-01
Baseline,BRIDGE,w17,2036,5,HYDRO,3671.190245,2036-05-01
Baseline,BRIDGE,w17,2036,5,IMPORTS,0,2036-05-01
Baseline,BRIDGE,w17,2036,5,NUCLEAR,0,2036-05-01
Baseline,BRIDGE,w17,2036,5,PV,809.318563,2036-05-01
Baseline,BRIDGE,w17,2036,5,WIND,444.9026093,2036-05-01
Baseline,BRIDGE,w17,2036,6,BIOENERGY,0,2036-06-01
Baseline,BRIDGE,w17,2036,6,DIESEL,0,2036-06-01
Baseline,BRIDGE,w17,2036,6,FUEL OIL,0,2036-06-01
Baseline,BRIDGE,w17,2036,6,GAS,0,2036-06-01
Baseline,BRIDGE,w17,2036,6,GEOTHERMAL,0,2036-06-01
Baseline,BRIDGE,w17,2036,6,HYDRO,3589.31901,2036-06-01
Baseline,BRIDGE,w17,2036,6,IMPORTS,0,2036-06-01
Baseline,BRIDGE,w17,2036,6,NUCLEAR,0,2036-06-01
Baseline,BRIDGE,w17,2036,6,PV,809.4190999,2036-06-01
Baseline,BRIDGE,w17,2036,6,WIND,417.3230477,2036-06-01
Baseline,BRIDGE,w17,2036,7,BIOENERGY,0,2036-07-01
Baseline,BRIDGE,w17,2036,7,DIESEL,0,2036-07-01
Baseline,BRIDGE,w17,2036,7,FUEL OIL,0,2036-07-01
Baseline,BRIDGE,w17,2036,7,GAS,0,2036-07-01
Baseline,BRIDGE,w17,2036,7,GEOTHERMAL,0,2036-07-01
Baseline,BRIDGE,w17,2036,7,HYDRO,3522.294712,2036-07-01
Baseline,BRIDGE,w17,2036,7,IMPORTS,0,2036-07-01
Baseline,BRIDGE,w17,2036,7,NUCLEAR,0,2036-07-01
Baseline,BRIDGE,w17,2036,7,PV,800.6991749,2036-07-01
Baseline,BRIDGE,w17,2036,7,WIND,430.1784145,2036-07-01
Baseline,BRIDGE,w17,2036,8,BIOENERGY,18.98384733,2036-08-01
Baseline,BRIDGE,w17,2036,8,DIESEL,0,2036-08-01
Baseline,BRIDGE,w17,2036,8,FUEL OIL,0,2036-08-01
Baseline,BRIDGE,w17,2036,8,GAS,0,2036-08-01
Baseline,BRIDGE,w17,2036,8,GEOTHERMAL,0,2036-08-01
Baseline,BRIDGE,w17,2036,8,HYDRO,3281.028333,2036-08-01
Baseline,BRIDGE,w17,2036,8,IMPORTS,0,2036-08-01
Baseline,BRIDGE,w17,2036,8,NUCLEAR,0,2036-08-01
Baseline,BRIDGE,w17,2036,8,PV,973.7657268,2036-08-01
Baseline,BRIDGE,w17,2036,8,WIND,466.3857372,2036-08-01
Baseline,BRIDGE,w17,2036,9,BIOENERGY,18.66713444,2036-09-01
Baseline,BRIDGE,w17,2036,9,DIESEL,0,2036-09-01
Baseline,BRIDGE,w17,2036,9,FUEL OIL,0,2036-09-01
Baseline,BRIDGE,w17,2036,9,GAS,0,2036-09-01
Baseline,BRIDGE,w17,2036,9,GEOTHERMAL,0,2036-09-01
Baseline,BRIDGE,w17,2036,9,HYDRO,3383.973177,2036-09-01
Baseline,BRIDGE,w17,2036,9,IMPORTS,0,2036-09-01
Baseline,BRIDGE,w17,2036,9,NUCLEAR,0,2036-09-01
Baseline,BRIDGE,w17,2036,9,PV,964.6533347,2036-09-01
Baseline,BRIDGE,w17,2036,9,WIND,483.6514891,2036-09-01
Baseline,BRIDGE,w17,2036,10,BIOENERGY,50.92934975,2036-10-01
Baseline,BRIDGE,w17,2036,10,DIESEL,0,2036-10-01
Baseline,BRIDGE,w17,2036,10,FUEL OIL,32.25717384,2036-10-01
Baseline,BRIDGE,w17,2036,10,GAS,0,2036-10-01
Baseline,BRIDGE,w17,2036,10,GEOTHERMAL,0,2036-10-01
Baseline,BRIDGE,w17,2036,10,HYDRO,3340.518314,2036-10-01
Baseline,BRIDGE,w17,2036,10,IMPORTS,0,2036-10-01
Baseline,BRIDGE,w17,2036,10,NUCLEAR,0,2036-10-01
Baseline,BRIDGE,w17,2036,10,PV,973.5803482,2036-10-01
Baseline,BRIDGE,w17,2036,10,WIND,469.5557671,2036-10-01
Baseline,BRIDGE,w17,2036,11,BIOENERGY,55.83034169,2036-11-01
Baseline,BRIDGE,w17,2036,11,DIESEL,0,2036-11-01
Baseline,BRIDGE,w17,2036,11,FUEL OIL,0,2036-11-01
Baseline,BRIDGE,w17,2036,11,GAS,0,2036-11-01
Baseline,BRIDGE,w17,2036,11,GEOTHERMAL,0,2036-11-01
Baseline,BRIDGE,w17,2036,11,HYDRO,3480.289351,2036-11-01
Baseline,BRIDGE,w17,2036,11,IMPORTS,0,2036-11-01
Baseline,BRIDGE,w17,2036,11,NUCLEAR,0,2036-11-01
Baseline,BRIDGE,w17,2036,11,PV,954.3266155,2036-11-01
Baseline,BRIDGE,w17,2036,11,WIND,473.6304616,2036-11-01
Baseline,BRIDGE,w17,2036,12,BIOENERGY,19.09452612,2036-12-01
Baseline,BRIDGE,w17,2036,12,DIESEL,0,2036-12-01
Baseline,BRIDGE,w17,2036,12,FUEL OIL,92.82974925,2036-12-01
Baseline,BRIDGE,w17,2036,12,GAS,62.8973122,2036-12-01
Baseline,BRIDGE,w17,2036,12,GEOTHERMAL,0,2036-12-01
Baseline,BRIDGE,w17,2036,12,HYDRO,3439.473639,2036-12-01
Baseline,BRIDGE,w17,2036,12,IMPORTS,0,2036-12-01
Baseline,BRIDGE,w17,2036,12,NUCLEAR,0,2036-12-01
Baseline,BRIDGE,w17,2036,12,PV,973.8198384,2036-12-01
Baseline,BRIDGE,w17,2036,12,WIND,495.9220349,2036-12-01
Baseline,BRIDGE,w17,2037,1,BIOENERGY,73.99111919,2037-01-01
Baseline,BRIDGE,w17,2037,1,DIESEL,0,2037-01-01
Baseline,BRIDGE,w17,2037,1,FUEL OIL,32.45777243,2037-01-01
Baseline,BRIDGE,w17,2037,1,GAS,0,2037-01-01
Baseline,BRIDGE,w17,2037,1,GEOTHERMAL,0,2037-01-01
Baseline,BRIDGE,w17,2037,1,HYDRO,3375.877127,2037-01-01
Baseline,BRIDGE,w17,2037,1,IMPORTS,0,2037-01-01
Baseline,BRIDGE,w17,2037,1,NUCLEAR,0,2037-01-01
Baseline,BRIDGE,w17,2037,1,PV,993.6107531,2037-01-01
Baseline,BRIDGE,w17,2037,1,WIND,486.1797818,2037-01-01
Baseline,BRIDGE,w17,2037,2,BIOENERGY,30.94418787,2037-02-01
Baseline,BRIDGE,w17,2037,2,DIESEL,0,2037-02-01
Baseline,BRIDGE,w17,2037,2,FUEL OIL,94.57723781,2037-02-01
Baseline,BRIDGE,w17,2037,2,GAS,0,2037-02-01
Baseline,BRIDGE,w17,2037,2,GEOTHERMAL,0,2037-02-01
Baseline,BRIDGE,w17,2037,2,HYDRO,3347.800882,2037-02-01
Baseline,BRIDGE,w17,2037,2,IMPORTS,0,2037-02-01
Baseline,BRIDGE,w17,2037,2,NUCLEAR,0,2037-02-01
Baseline,BRIDGE,w17,2037,2,PV,967.0265347,2037-02-01
Baseline,BRIDGE,w17,2037,2,WIND,496.9615074,2037-02-01
Baseline,BRIDGE,w17,2037,3,BIOENERGY,0,2037-03-01
Baseline,BRIDGE,w17,2037,3,DIESEL,0,2037-03-01
Baseline,BRIDGE,w17,2037,3,FUEL OIL,32.5937288,2037-03-01
Baseline,BRIDGE,w17,2037,3,GAS,0,2037-03-01
Baseline,BRIDGE,w17,2037,3,GEOTHERMAL,0,2037-03-01
Baseline,BRIDGE,w17,2037,3,HYDRO,3760.238432,2037-03-01
Baseline,BRIDGE,w17,2037,3,IMPORTS,0,2037-03-01
Baseline,BRIDGE,w17,2037,3,NUCLEAR,0,2037-03-01
Baseline,BRIDGE,w17,2037,3,PV,801.5475573,2037-03-01
Baseline,BRIDGE,w17,2037,3,WIND,428.9904975,2037-03-01
Baseline,BRIDGE,w17,2037,4,BIOENERGY,0,2037-04-01
Baseline,BRIDGE,w17,2037,4,DIESEL,0,2037-04-01
Baseline,BRIDGE,w17,2037,4,FUEL OIL,31.3639198,2037-04-01
Baseline,BRIDGE,w17,2037,4,GAS,0,2037-04-01
Baseline,BRIDGE,w17,2037,4,GEOTHERMAL,0,2037-04-01
Baseline,BRIDGE,w17,2037,4,HYDRO,3772.490471,2037-04-01
Baseline,BRIDGE,w17,2037,4,IMPORTS,0,2037-04-01
Baseline,BRIDGE,w17,2037,4,NUCLEAR,0,2037-04-01
Baseline,BRIDGE,w17,2037,4,PV,815.8612249,2037-04-01
Baseline,BRIDGE,w17,2037,4,WIND,429.1944943,2037-04-01
Baseline,BRIDGE,w17,2037,5,BIOENERGY,0,2037-05-01
Baseline,BRIDGE,w17,2037,5,DIESEL,0,2037-05-01
Baseline,BRIDGE,w17,2037,5,FUEL OIL,32.94012154,2037-05-01
Baseline,BRIDGE,w17,2037,5,GAS,0,2037-05-01
Baseline,BRIDGE,w17,2037,5,GEOTHERMAL,0,2037-05-01
Baseline,BRIDGE,w17,2037,5,HYDRO,3735.937596,2037-05-01
Baseline,BRIDGE,w17,2037,5,IMPORTS,0,2037-05-01
Baseline,BRIDGE,w17,2037,5,NUCLEAR,0,2037-05-01
Baseline,BRIDGE,w17,2037,5,PV,822.849334,2037-05-01
Baseline,BRIDGE,w17,2037,5,WIND,432.1925946,2037-05-01
Baseline,BRIDGE,w17,2037,6,BIOENERGY,0,2037-06-01
Baseline,BRIDGE,w17,2037,6,DIESEL,0,2037-06-01
Baseline,BRIDGE,w17,2037,6,FUEL OIL,32.48857334,2037-06-01
Baseline,BRIDGE,w17,2037,6,GAS,0,2037-06-01
Baseline,BRIDGE,w17,2037,6,GEOTHERMAL,0,2037-06-01
Baseline,BRIDGE,w17,2037,6,HYDRO,3666.973737,2037-06-01
Baseline,BRIDGE,w17,2037,6,IMPORTS,0,2037-06-01
Baseline,BRIDGE,w17,2037,6,NUCLEAR,0,2037-06-01
Baseline,BRIDGE,w17,2037,6,PV,801.0121187,2037-06-01
Baseline,BRIDGE,w17,2037,6,WIND,412.8995036,2037-06-01
Baseline,BRIDGE,w17,2037,7,BIOENERGY,0,2037-07-01
Baseline,BRIDGE,w17,2037,7,DIESEL,0,2037-07-01
Baseline,BRIDGE,w17,2037,7,FUEL OIL,32.34216594,2037-07-01
Baseline,BRIDGE,w17,2037,7,GAS,0,2037-07-01
Baseline,BRIDGE,w17,2037,7,GEOTHERMAL,0,2037-07-01
Baseline,BRIDGE,w17,2037,7,HYDRO,3597.119926,2037-07-01
Baseline,BRIDGE,w17,2037,7,IMPORTS,0,2037-07-01
Baseline,BRIDGE,w17,2037,7,NUCLEAR,0,2037-07-01
Baseline,BRIDGE,w17,2037,7,PV,798.639748,2037-07-01
Baseline,BRIDGE,w17,2037,7,WIND,420.1339068,2037-07-01
Baseline,BRIDGE,w17,2037,8,BIOENERGY,39.37241776,2037-08-01
Baseline,BRIDGE,w17,2037,8,DIESEL,0,2037-08-01
Baseline,BRIDGE,w17,2037,8,FUEL OIL,0,2037-08-01
Baseline,BRIDGE,w17,2037,8,GAS,0,2037-08-01
Baseline,BRIDGE,w17,2037,8,GEOTHERMAL,0,2037-08-01
Baseline,BRIDGE,w17,2037,8,HYDRO,3339.240046,2037-08-01
Baseline,BRIDGE,w17,2037,8,IMPORTS,0,2037-08-01
Baseline,BRIDGE,w17,2037,8,NUCLEAR,0,2037-08-01
Baseline,BRIDGE,w17,2037,8,PV,971.8527777,2037-08-01
Baseline,BRIDGE,w17,2037,8,WIND,484.501676,2037-08-01
Baseline,BRIDGE,w17,2037,9,BIOENERGY,89.21301572,2037-09-01
Baseline,BRIDGE,w17,2037,9,DIESEL,0,2037-09-01
Baseline,BRIDGE,w17,2037,9,FUEL OIL,95.31478645,2037-09-01
Baseline,BRIDGE,w17,2037,9,GAS,61.78263541,2037-09-01
Baseline,BRIDGE,w17,2037,9,GEOTHERMAL,0,2037-09-01
Baseline,BRIDGE,w17,2037,9,HYDRO,3262.55048,2037-09-01
Baseline,BRIDGE,w17,2037,9,IMPORTS,0,2037-09-01
Baseline,BRIDGE,w17,2037,9,NUCLEAR,0,2037-09-01
Baseline,BRIDGE,w17,2037,9,PV,971.9394996,2037-09-01
Baseline,BRIDGE,w17,2037,9,WIND,467.1636207,2037-09-01
Baseline,BRIDGE,w17,2037,10,BIOENERGY,92.29275884,2037-10-01
Baseline,BRIDGE,w17,2037,10,DIESEL,0,2037-10-01
Baseline,BRIDGE,w17,2037,10,FUEL OIL,35.14449609,2037-10-01
Baseline,BRIDGE,w17,2037,10,GAS,0,2037-10-01
Baseline,BRIDGE,w17,2037,10,GEOTHERMAL,0,2037-10-01
Baseline,BRIDGE,w17,2037,10,HYDRO,3339.430821,2037-10-01
Baseline,BRIDGE,w17,2037,10,IMPORTS,0,2037-10-01
Baseline,BRIDGE,w17,2037,10,NUCLEAR,0,2037-10-01
Baseline,BRIDGE,w17,2037,10,PV,1013.083823,2037-10-01
Baseline,BRIDGE,w17,2037,10,WIND,484.2258724,2037-10-01
Baseline,BRIDGE,w17,2037,11,BIOENERGY,50.19181422,2037-11-01
Baseline,BRIDGE,w17,2037,11,DIESEL,0,2037-11-01
Baseline,BRIDGE,w17,2037,11,FUEL OIL,33.18104774,2037-11-01
Baseline,BRIDGE,w17,2037,11,GAS,0,2037-11-01
Baseline,BRIDGE,w17,2037,11,GEOTHERMAL,0,2037-11-01
Baseline,BRIDGE,w17,2037,11,HYDRO,3507.003394,2037-11-01
Baseline,BRIDGE,w17,2037,11,IMPORTS,0,2037-11-01
Baseline,BRIDGE,w17,2037,11,NUCLEAR,0,2037-11-01
Baseline,BRIDGE,w17,2037,11,PV,984.0715806,2037-11-01
Baseline,BRIDGE,w17,2037,11,WIND,490.1858731,2037-11-01
Baseline,BRIDGE,w17,2037,12,BIOENERGY,89.23561889,2037-12-01
Baseline,BRIDGE,w17,2037,12,DIESEL,0,2037-12-01
Baseline,BRIDGE,w17,2037,12,FUEL OIL,178.3535632,2037-12-01
Baseline,BRIDGE,w17,2037,12,GAS,62.71491344,2037-12-01
Baseline,BRIDGE,w17,2037,12,GEOTHERMAL,0,2037-12-01
Baseline,BRIDGE,w17,2037,12,HYDRO,3376.802895,2037-12-01
Baseline,BRIDGE,w17,2037,12,IMPORTS,0,2037-12-01
Baseline,BRIDGE,w17,2037,12,NUCLEAR,0,2037-12-01
Baseline,BRIDGE,w17,2037,12,PV,998.8226668,2037-12-01
Baseline,BRIDGE,w17,2037,12,WIND,479.788185,2037-12-01
Baseline,BRIDGE,w17,2038,1,BIOENERGY,83.20402687,2038-01-01
Baseline,BRIDGE,w17,2038,1,DIESEL,0,2038-01-01
Baseline,BRIDGE,w17,2038,1,FUEL OIL,36.18582578,2038-01-01
Baseline,BRIDGE,w17,2038,1,GAS,0,2038-01-01
Baseline,BRIDGE,w17,2038,1,GEOTHERMAL,0,2038-01-01
Baseline,BRIDGE,w17,2038,1,HYDRO,3363.665291,2038-01-01
Baseline,BRIDGE,w17,2038,1,IMPORTS,0,2038-01-01
Baseline,BRIDGE,w17,2038,1,NUCLEAR,0,2038-01-01
Baseline,BRIDGE,w17,2038,1,PV,1102.754423,2038-01-01
Baseline,BRIDGE,w17,2038,1,WIND,475.5493179,2038-01-01
Baseline,BRIDGE,w17,2038,2,BIOENERGY,18.7168407,2038-02-01
Baseline,BRIDGE,w17,2038,2,DIESEL,0,2038-02-01
Baseline,BRIDGE,w17,2038,2,FUEL OIL,93.55519859,2038-02-01
Baseline,BRIDGE,w17,2038,2,GAS,0,2038-02-01
Baseline,BRIDGE,w17,2038,2,GEOTHERMAL,0,2038-02-01
Baseline,BRIDGE,w17,2038,2,HYDRO,3327.585319,2038-02-01
Baseline,BRIDGE,w17,2038,2,IMPORTS,0,2038-02-01
Baseline,BRIDGE,w17,2038,2,NUCLEAR,0,2038-02-01
Baseline,BRIDGE,w17,2038,2,PV,1103.047288,2038-02-01
Baseline,BRIDGE,w17,2038,2,WIND,493.1519107,2038-02-01
Baseline,BRIDGE,w17,2038,3,BIOENERGY,0,2038-03-01
Baseline,BRIDGE,w17,2038,3,DIESEL,0,2038-03-01
Baseline,BRIDGE,w17,2038,3,FUEL OIL,32.34806572,2038-03-01
Baseline,BRIDGE,w17,2038,3,GAS,0,2038-03-01
Baseline,BRIDGE,w17,2038,3,GEOTHERMAL,0,2038-03-01
Baseline,BRIDGE,w17,2038,3,HYDRO,3702.533932,2038-03-01
Baseline,BRIDGE,w17,2038,3,IMPORTS,0,2038-03-01
Baseline,BRIDGE,w17,2038,3,NUCLEAR,0,2038-03-01
Baseline,BRIDGE,w17,2038,3,PV,943.8752305,2038-03-01
Baseline,BRIDGE,w17,2038,3,WIND,445.0803918,2038-03-01
Baseline,BRIDGE,w17,2038,4,BIOENERGY,0,2038-04-01
Baseline,BRIDGE,w17,2038,4,DIESEL,0,2038-04-01
Baseline,BRIDGE,w17,2038,4,FUEL OIL,31.57364637,2038-04-01
Baseline,BRIDGE,w17,2038,4,GAS,0,2038-04-01
Baseline,BRIDGE,w17,2038,4,GEOTHERMAL,0,2038-04-01
Baseline,BRIDGE,w17,2038,4,HYDRO,3744.914672,2038-04-01
Baseline,BRIDGE,w17,2038,4,IMPORTS,0,2038-04-01
Baseline,BRIDGE,w17,2038,4,NUCLEAR,0,2038-04-01
Baseline,BRIDGE,w17,2038,4,PV,919.5087962,2038-04-01
Baseline,BRIDGE,w17,2038,4,WIND,453.8911975,2038-04-01
Baseline,BRIDGE,w17,2038,5,BIOENERGY,0,2038-05-01
Baseline,BRIDGE,w17,2038,5,DIESEL,0,2038-05-01
Baseline,BRIDGE,w17,2038,5,FUEL OIL,32.8191282,2038-05-01
Baseline,BRIDGE,w17,2038,5,GAS,0,2038-05-01
Baseline,BRIDGE,w17,2038,5,GEOTHERMAL,0,2038-05-01
Baseline,BRIDGE,w17,2038,5,HYDRO,3730.323102,2038-05-01
Baseline,BRIDGE,w17,2038,5,IMPORTS,0,2038-05-01
Baseline,BRIDGE,w17,2038,5,NUCLEAR,0,2038-05-01
Baseline,BRIDGE,w17,2038,5,PV,942.4161058,2038-05-01
Baseline,BRIDGE,w17,2038,5,WIND,418.8397028,2038-05-01
Baseline,BRIDGE,w17,2038,6,BIOENERGY,0,2038-06-01
Baseline,BRIDGE,w17,2038,6,DIESEL,0,2038-06-01
Baseline,BRIDGE,w17,2038,6,FUEL OIL,31.81493961,2038-06-01
Baseline,BRIDGE,w17,2038,6,GAS,0,2038-06-01
Baseline,BRIDGE,w17,2038,6,GEOTHERMAL,0,2038-06-01
Baseline,BRIDGE,w17,2038,6,HYDRO,3638.607459,2038-06-01
Baseline,BRIDGE,w17,2038,6,IMPORTS,0,2038-06-01
Baseline,BRIDGE,w17,2038,6,NUCLEAR,0,2038-06-01
Baseline,BRIDGE,w17,2038,6,PV,936.6064919,2038-06-01
Baseline,BRIDGE,w17,2038,6,WIND,404.6125211,2038-06-01
Baseline,BRIDGE,w17,2038,7,BIOENERGY,0,2038-07-01
Baseline,BRIDGE,w17,2038,7,DIESEL,0,2038-07-01
Baseline,BRIDGE,w17,2038,7,FUEL OIL,33.56772359,2038-07-01
Baseline,BRIDGE,w17,2038,7,GAS,0,2038-07-01
Baseline,BRIDGE,w17,2038,7,GEOTHERMAL,0,2038-07-01
Baseline,BRIDGE,w17,2038,7,HYDRO,3529.74778,2038-07-01
Baseline,BRIDGE,w17,2038,7,IMPORTS,0,2038-07-01
Baseline,BRIDGE,w17,2038,7,NUCLEAR,0,2038-07-01
Baseline,BRIDGE,w17,2038,7,PV,933.4253946,2038-07-01
Baseline,BRIDGE,w17,2038,7,WIND,448.4595634,2038-07-01
Baseline,BRIDGE,w17,2038,8,BIOENERGY,18.32266954,2038-08-01
Baseline,BRIDGE,w17,2038,8,DIESEL,0,2038-08-01
Baseline,BRIDGE,w17,2038,8,FUEL OIL,0,2038-08-01
Baseline,BRIDGE,w17,2038,8,GAS,0,2038-08-01
Baseline,BRIDGE,w17,2038,8,GEOTHERMAL,0,2038-08-01
Baseline,BRIDGE,w17,2038,8,HYDRO,3255.170318,2038-08-01
Baseline,BRIDGE,w17,2038,8,IMPORTS,0,2038-08-01
Baseline,BRIDGE,w17,2038,8,NUCLEAR,0,2038-08-01
Baseline,BRIDGE,w17,2038,8,PV,1164.122966,2038-08-01
Baseline,BRIDGE,w17,2038,8,WIND,494.0503019,2038-08-01
Baseline,BRIDGE,w17,2038,9,BIOENERGY,25.79416992,2038-09-01
Baseline,BRIDGE,w17,2038,9,DIESEL,0,2038-09-01
Baseline,BRIDGE,w17,2038,9,FUEL OIL,93.79630326,2038-09-01
Baseline,BRIDGE,w17,2038,9,GAS,0,2038-09-01
Baseline,BRIDGE,w17,2038,9,GEOTHERMAL,0,2038-09-01
Baseline,BRIDGE,w17,2038,9,HYDRO,3333.163575,2038-09-01
Baseline,BRIDGE,w17,2038,9,IMPORTS,0,2038-09-01
Baseline,BRIDGE,w17,2038,9,NUCLEAR,0,2038-09-01
Baseline,BRIDGE,w17,2038,9,PV,1105.287268,2038-09-01
Baseline,BRIDGE,w17,2038,9,WIND,488.882003,2038-09-01
Baseline,BRIDGE,w17,2038,10,BIOENERGY,19.52991154,2038-10-01
Baseline,BRIDGE,w17,2038,10,DIESEL,0,2038-10-01
Baseline,BRIDGE,w17,2038,10,FUEL OIL,91.54616261,2038-10-01
Baseline,BRIDGE,w17,2038,10,GAS,36.46942701,2038-10-01
Baseline,BRIDGE,w17,2038,10,GEOTHERMAL,0,2038-10-01
Baseline,BRIDGE,w17,2038,10,HYDRO,3323.827371,2038-10-01
Baseline,BRIDGE,w17,2038,10,IMPORTS,0,2038-10-01
Baseline,BRIDGE,w17,2038,10,NUCLEAR,0,2038-10-01
Baseline,BRIDGE,w17,2038,10,PV,1098.325531,2038-10-01
Baseline,BRIDGE,w17,2038,10,WIND,493.7629234,2038-10-01
Baseline,BRIDGE,w17,2038,11,BIOENERGY,41.27906319,2038-11-01
Baseline,BRIDGE,w17,2038,11,DIESEL,0,2038-11-01
Baseline,BRIDGE,w17,2038,11,FUEL OIL,93.48977307,2038-11-01
Baseline,BRIDGE,w17,2038,11,GAS,61.99927011,2038-11-01
Baseline,BRIDGE,w17,2038,11,GEOTHERMAL,0,2038-11-01
Baseline,BRIDGE,w17,2038,11,HYDRO,3380.545041,2038-11-01
Baseline,BRIDGE,w17,2038,11,IMPORTS,0,2038-11-01
Baseline,BRIDGE,w17,2038,11,NUCLEAR,0,2038-11-01
Baseline,BRIDGE,w17,2038,11,PV,1103.663403,2038-11-01
Baseline,BRIDGE,w17,2038,11,WIND,484.9498338,2038-11-01
Baseline,BRIDGE,w17,2038,12,BIOENERGY,84.30093221,2038-12-01
Baseline,BRIDGE,w17,2038,12,DIESEL,0,2038-12-01
Baseline,BRIDGE,w17,2038,12,FUEL OIL,111.4220728,2038-12-01
Baseline,BRIDGE,w17,2038,12,GAS,61.93948251,2038-12-01
Baseline,BRIDGE,w17,2038,12,GEOTHERMAL,0,2038-12-01
Baseline,BRIDGE,w17,2038,12,HYDRO,3425.814352,2038-12-01
Baseline,BRIDGE,w17,2038,12,IMPORTS,0,2038-12-01
Baseline,BRIDGE,w17,2038,12,NUCLEAR,0,2038-12-01
Baseline,BRIDGE,w17,2038,12,PV,1107.293687,2038-12-01
Baseline,BRIDGE,w17,2038,12,WIND,498.6616721,2038-12-01
Baseline,BRIDGE,w17,2039,1,BIOENERGY,42.10965292,2039-01-01
Baseline,BRIDGE,w17,2039,1,DIESEL,0,2039-01-01
Baseline,BRIDGE,w17,2039,1,FUEL OIL,33.04666812,2039-01-01
Baseline,BRIDGE,w17,2039,1,GAS,0,2039-01-01
Baseline,BRIDGE,w17,2039,1,GEOTHERMAL,0,2039-01-01
Baseline,BRIDGE,w17,2039,1,HYDRO,3466.53652,2039-01-01
Baseline,BRIDGE,w17,2039,1,IMPORTS,0,2039-01-01
Baseline,BRIDGE,w17,2039,1,NUCLEAR,0,2039-01-01
Baseline,BRIDGE,w17,2039,1,PV,1138.558808,2039-01-01
Baseline,BRIDGE,w17,2039,1,WIND,482.3344134,2039-01-01
Baseline,BRIDGE,w17,2039,2,BIOENERGY,22.03356861,2039-02-01
Baseline,BRIDGE,w17,2039,2,DIESEL,0,2039-02-01
Baseline,BRIDGE,w17,2039,2,FUEL OIL,32.42839142,2039-02-01
Baseline,BRIDGE,w17,2039,2,GAS,0,2039-02-01
Baseline,BRIDGE,w17,2039,2,GEOTHERMAL,0,2039-02-01
Baseline,BRIDGE,w17,2039,2,HYDRO,3457.160548,2039-02-01
Baseline,BRIDGE,w17,2039,2,IMPORTS,0,2039-02-01
Baseline,BRIDGE,w17,2039,2,NUCLEAR,0,2039-02-01
Baseline,BRIDGE,w17,2039,2,PV,1125.256405,2039-02-01
Baseline,BRIDGE,w17,2039,2,WIND,499.8987735,2039-02-01
Baseline,BRIDGE,w17,2039,3,BIOENERGY,0,2039-03-01
Baseline,BRIDGE,w17,2039,3,DIESEL,0,2039-03-01
Baseline,BRIDGE,w17,2039,3,FUEL OIL,32.40075635,2039-03-01
Baseline,BRIDGE,w17,2039,3,GAS,0,2039-03-01
Baseline,BRIDGE,w17,2039,3,GEOTHERMAL,0,2039-03-01
Baseline,BRIDGE,w17,2039,3,HYDRO,3849.175586,2039-03-01
Baseline,BRIDGE,w17,2039,3,IMPORTS,0,2039-03-01
Baseline,BRIDGE,w17,2039,3,NUCLEAR,0,2039-03-01
Baseline,BRIDGE,w17,2039,3,PV,923.8687699,2039-03-01
Baseline,BRIDGE,w17,2039,3,WIND,420.8692601,2039-03-01
Baseline,BRIDGE,w17,2039,4,BIOENERGY,0,2039-04-01
Baseline,BRIDGE,w17,2039,4,DIESEL,0,2039-04-01
Baseline,BRIDGE,w17,2039,4,FUEL OIL,32.40810849,2039-04-01
Baseline,BRIDGE,w17,2039,4,GAS,0,2039-04-01
Baseline,BRIDGE,w17,2039,4,GEOTHERMAL,0,2039-04-01
Baseline,BRIDGE,w17,2039,4,HYDRO,3864.904699,2039-04-01
Baseline,BRIDGE,w17,2039,4,IMPORTS,0,2039-04-01
Baseline,BRIDGE,w17,2039,4,NUCLEAR,0,2039-04-01
Baseline,BRIDGE,w17,2039,4,PV,927.7880155,2039-04-01
Baseline,BRIDGE,w17,2039,4,WIND,427.7852558,2039-04-01
Baseline,BRIDGE,w17,2039,5,BIOENERGY,0,2039-05-01
Baseline,BRIDGE,w17,2039,5,DIESEL,0,2039-05-01
Baseline,BRIDGE,w17,2039,5,FUEL OIL,32.59161864,2039-05-01
Baseline,BRIDGE,w17,2039,5,GAS,0,2039-05-01
Baseline,BRIDGE,w17,2039,5,GEOTHERMAL,0,2039-05-01
Baseline,BRIDGE,w17,2039,5,HYDRO,3791.453782,2039-05-01
Baseline,BRIDGE,w17,2039,5,IMPORTS,0,2039-05-01
Baseline,BRIDGE,w17,2039,5,NUCLEAR,0,2039-05-01
Baseline,BRIDGE,w17,2039,5,PV,953.2648631,2039-05-01
Baseline,BRIDGE,w17,2039,5,WIND,449.575736,2039-05-01
Baseline,BRIDGE,w17,2039,6,BIOENERGY,0,2039-06-01
Baseline,BRIDGE,w17,2039,6,DIESEL,0,2039-06-01
Baseline,BRIDGE,w17,2039,6,FUEL OIL,32.69799848,2039-06-01
Baseline,BRIDGE,w17,2039,6,GAS,0,2039-06-01
Baseline,BRIDGE,w17,2039,6,GEOTHERMAL,0,2039-06-01
Baseline,BRIDGE,w17,2039,6,HYDRO,3730.187599,2039-06-01
Baseline,BRIDGE,w17,2039,6,IMPORTS,0,2039-06-01
Baseline,BRIDGE,w17,2039,6,NUCLEAR,0,2039-06-01
Baseline,BRIDGE,w17,2039,6,PV,934.8214635,2039-06-01
Baseline,BRIDGE,w17,2039,6,WIND,414.1671786,2039-06-01
Baseline,BRIDGE,w17,2039,7,BIOENERGY,0,2039-07-01
Baseline,BRIDGE,w17,2039,7,DIESEL,0,2039-07-01
Baseline,BRIDGE,w17,2039,7,FUEL OIL,31.22009088,2039-07-01
Baseline,BRIDGE,w17,2039,7,GAS,0,2039-07-01
Baseline,BRIDGE,w17,2039,7,GEOTHERMAL,0,2039-07-01
Baseline,BRIDGE,w17,2039,7,HYDRO,3681.787537,2039-07-01
Baseline,BRIDGE,w17,2039,7,IMPORTS,0,2039-07-01
Baseline,BRIDGE,w17,2039,7,NUCLEAR,0,2039-07-01
Baseline,BRIDGE,w17,2039,7,PV,920.557507,2039-07-01
Baseline,BRIDGE,w17,2039,7,WIND,410.539336,2039-07-01
Baseline,BRIDGE,w17,2039,8,BIOENERGY,18.36114224,2039-08-01
Baseline,BRIDGE,w17,2039,8,DIESEL,0,2039-08-01
Baseline,BRIDGE,w17,2039,8,FUEL OIL,94.44911575,2039-08-01
Baseline,BRIDGE,w17,2039,8,GAS,0,2039-08-01
Baseline,BRIDGE,w17,2039,8,GEOTHERMAL,0,2039-08-01
Baseline,BRIDGE,w17,2039,8,HYDRO,3304.401273,2039-08-01
Baseline,BRIDGE,w17,2039,8,IMPORTS,0,2039-08-01
Baseline,BRIDGE,w17,2039,8,NUCLEAR,0,2039-08-01
Baseline,BRIDGE,w17,2039,8,PV,1131.447384,2039-08-01
Baseline,BRIDGE,w17,2039,8,WIND,481.6406659,2039-08-01
Baseline,BRIDGE,w17,2039,9,BIOENERGY,84.55449348,2039-09-01
Baseline,BRIDGE,w17,2039,9,DIESEL,0,2039-09-01
Baseline,BRIDGE,w17,2039,9,FUEL OIL,38.33053352,2039-09-01
Baseline,BRIDGE,w17,2039,9,GAS,0,2039-09-01
Baseline,BRIDGE,w17,2039,9,GEOTHERMAL,0,2039-09-01
Baseline,BRIDGE,w17,2039,9,HYDRO,3425.418611,2039-09-01
Baseline,BRIDGE,w17,2039,9,IMPORTS,0,2039-09-01
Baseline,BRIDGE,w17,2039,9,NUCLEAR,0,2039-09-01
Baseline,BRIDGE,w17,2039,9,PV,1108.408495,2039-09-01
Baseline,BRIDGE,w17,2039,9,WIND,491.1496519,2039-09-01
Baseline,BRIDGE,w17,2039,10,BIOENERGY,33.96017098,2039-10-01
Baseline,BRIDGE,w17,2039,10,DIESEL,0,2039-10-01
Baseline,BRIDGE,w17,2039,10,FUEL OIL,32.12482493,2039-10-01
Baseline,BRIDGE,w17,2039,10,GAS,35.14162153,2039-10-01
Baseline,BRIDGE,w17,2039,10,GEOTHERMAL,0,2039-10-01
Baseline,BRIDGE,w17,2039,10,HYDRO,3427.116173,2039-10-01
Baseline,BRIDGE,w17,2039,10,IMPORTS,0,2039-10-01
Baseline,BRIDGE,w17,2039,10,NUCLEAR,0,2039-10-01
Baseline,BRIDGE,w17,2039,10,PV,1140.914699,2039-10-01
Baseline,BRIDGE,w17,2039,10,WIND,495.4730641,2039-10-01
Baseline,BRIDGE,w17,2039,11,BIOENERGY,70.58607593,2039-11-01
Baseline,BRIDGE,w17,2039,11,DIESEL,0,2039-11-01
Baseline,BRIDGE,w17,2039,11,FUEL OIL,92.99401245,2039-11-01
Baseline,BRIDGE,w17,2039,11,GAS,62.45898038,2039-11-01
Baseline,BRIDGE,w17,2039,11,GEOTHERMAL,0,2039-11-01
Baseline,BRIDGE,w17,2039,11,HYDRO,3409.206693,2039-11-01
Baseline,BRIDGE,w17,2039,11,IMPORTS,0,2039-11-01
Baseline,BRIDGE,w17,2039,11,NUCLEAR,0,2039-11-01
Baseline,BRIDGE,w17,2039,11,PV,1141.329443,2039-11-01
Baseline,BRIDGE,w17,2039,11,WIND,492.6697068,2039-11-01
Baseline,BRIDGE,w17,2039,12,BIOENERGY,91.16416329,2039-12-01
Baseline,BRIDGE,w17,2039,12,DIESEL,0,2039-12-01
Baseline,BRIDGE,w17,2039,12,FUEL OIL,204.9427563,2039-12-01
Baseline,BRIDGE,w17,2039,12,GAS,62.98161612,2039-12-01
Baseline,BRIDGE,w17,2039,12,GEOTHERMAL,0,2039-12-01
Baseline,BRIDGE,w17,2039,12,HYDRO,3468.400695,2039-12-01
Baseline,BRIDGE,w17,2039,12,IMPORTS,0,2039-12-01
Baseline,BRIDGE,w17,2039,12,NUCLEAR,0,2039-12-01
Baseline,BRIDGE,w17,2039,12,PV,1088.496475,2039-12-01
Baseline,BRIDGE,w17,2039,12,WIND,479.2351376,2039-12-01
Baseline,BRIDGE,w17,2040,1,BIOENERGY,71.13094233,2040-01-01
Baseline,BRIDGE,w17,2040,1,DIESEL,0,2040-01-01
Baseline,BRIDGE,w17,2040,1,FUEL OIL,91.05931078,2040-01-01
Baseline,BRIDGE,w17,2040,1,GAS,61.75634694,2040-01-01
Baseline,BRIDGE,w17,2040,1,GEOTHERMAL,0,2040-01-01
Baseline,BRIDGE,w17,2040,1,HYDRO,3436.419314,2040-01-01
Baseline,BRIDGE,w17,2040,1,IMPORTS,0,2040-01-01
Baseline,BRIDGE,w17,2040,1,NUCLEAR,0,2040-01-01
Baseline,BRIDGE,w17,2040,1,PV,1108.040411,2040-01-01
Baseline,BRIDGE,w17,2040,1,WIND,497.4314589,2040-01-01
Baseline,BRIDGE,w17,2040,2,BIOENERGY,18.7557124,2040-02-01
Baseline,BRIDGE,w17,2040,2,DIESEL,0,2040-02-01
Baseline,BRIDGE,w17,2040,2,FUEL OIL,94.54942681,2040-02-01
Baseline,BRIDGE,w17,2040,2,GAS,62.35288511,2040-02-01
Baseline,BRIDGE,w17,2040,2,GEOTHERMAL,0,2040-02-01
Baseline,BRIDGE,w17,2040,2,HYDRO,3433.505205,2040-02-01
Baseline,BRIDGE,w17,2040,2,IMPORTS,0,2040-02-01
Baseline,BRIDGE,w17,2040,2,NUCLEAR,0,2040-02-01
Baseline,BRIDGE,w17,2040,2,PV,1120.099871,2040-02-01
Baseline,BRIDGE,w17,2040,2,WIND,510.2501409,2040-02-01
Baseline,BRIDGE,w17,2040,3,BIOENERGY,0,2040-03-01
Baseline,BRIDGE,w17,2040,3,DIESEL,0,2040-03-01
Baseline,BRIDGE,w17,2040,3,FUEL OIL,34.35952437,2040-03-01
Baseline,BRIDGE,w17,2040,3,GAS,0,2040-03-01
Baseline,BRIDGE,w17,2040,3,GEOTHERMAL,0,2040-03-01
Baseline,BRIDGE,w17,2040,3,HYDRO,3946.930134,2040-03-01
Baseline,BRIDGE,w17,2040,3,IMPORTS,0,2040-03-01
Baseline,BRIDGE,w17,2040,3,NUCLEAR,0,2040-03-01
Baseline,BRIDGE,w17,2040,3,PV,917.7286184,2040-03-01
Baseline,BRIDGE,w17,2040,3,WIND,431.8223831,2040-03-01
Baseline,BRIDGE,w17,2040,4,BIOENERGY,0,2040-04-01
Baseline,BRIDGE,w17,2040,4,DIESEL,0,2040-04-01
Baseline,BRIDGE,w17,2040,4,FUEL OIL,31.93991021,2040-04-01
Baseline,BRIDGE,w17,2040,4,GAS,0,2040-04-01
Baseline,BRIDGE,w17,2040,4,GEOTHERMAL,0,2040-04-01
Baseline,BRIDGE,w17,2040,4,HYDRO,3972.929489,2040-04-01
Baseline,BRIDGE,w17,2040,4,IMPORTS,0,2040-04-01
Baseline,BRIDGE,w17,2040,4,NUCLEAR,0,2040-04-01
Baseline,BRIDGE,w17,2040,4,PV,936.5519267,2040-04-01
Baseline,BRIDGE,w17,2040,4,WIND,416.5224742,2040-04-01
Baseline,BRIDGE,w17,2040,5,BIOENERGY,0,2040-05-01
Baseline,BRIDGE,w17,2040,5,DIESEL,0,2040-05-01
Baseline,BRIDGE,w17,2040,5,FUEL OIL,34.42464812,2040-05-01
Baseline,BRIDGE,w17,2040,5,GAS,0,2040-05-01
Baseline,BRIDGE,w17,2040,5,GEOTHERMAL,0,2040-05-01
Baseline,BRIDGE,w17,2040,5,HYDRO,3951.020853,2040-05-01
Baseline,BRIDGE,w17,2040,5,IMPORTS,0,2040-05-01
Baseline,BRIDGE,w17,2040,5,NUCLEAR,0,2040-05-01
Baseline,BRIDGE,w17,2040,5,PV,937.8740926,2040-05-01
Baseline,BRIDGE,w17,2040,5,WIND,408.104126,2040-05-01
Baseline,BRIDGE,w17,2040,6,BIOENERGY,0,2040-06-01
Baseline,BRIDGE,w17,2040,6,DIESEL,0,2040-06-01
Baseline,BRIDGE,w17,2040,6,FUEL OIL,31.87474505,2040-06-01
Baseline,BRIDGE,w17,2040,6,GAS,0,2040-06-01
Baseline,BRIDGE,w17,2040,6,GEOTHERMAL,0,2040-06-01
Baseline,BRIDGE,w17,2040,6,HYDRO,3812.775804,2040-06-01
Baseline,BRIDGE,w17,2040,6,IMPORTS,0,2040-06-01
Baseline,BRIDGE,w17,2040,6,NUCLEAR,0,2040-06-01
Baseline,BRIDGE,w17,2040,6,PV,930.529971,2040-06-01
Baseline,BRIDGE,w17,2040,6,WIND,438.9312052,2040-06-01
Baseline,BRIDGE,w17,2040,7,BIOENERGY,0,2040-07-01
Baseline,BRIDGE,w17,2040,7,DIESEL,0,2040-07-01
Baseline,BRIDGE,w17,2040,7,FUEL OIL,33.82321724,2040-07-01
Baseline,BRIDGE,w17,2040,7,GAS,0,2040-07-01
Baseline,BRIDGE,w17,2040,7,GEOTHERMAL,0,2040-07-01
Baseline,BRIDGE,w17,2040,7,HYDRO,3735.918791,2040-07-01
Baseline,BRIDGE,w17,2040,7,IMPORTS,0,2040-07-01
Baseline,BRIDGE,w17,2040,7,NUCLEAR,0,2040-07-01
Baseline,BRIDGE,w17,2040,7,PV,931.5648936,2040-07-01
Baseline,BRIDGE,w17,2040,7,WIND,443.6796593,2040-07-01
Baseline,BRIDGE,w17,2040,8,BIOENERGY,24.35386533,2040-08-01
Baseline,BRIDGE,w17,2040,8,DIESEL,0,2040-08-01
Baseline,BRIDGE,w17,2040,8,FUEL OIL,32.73586398,2040-08-01
Baseline,BRIDGE,w17,2040,8,GAS,0,2040-08-01
Baseline,BRIDGE,w17,2040,8,GEOTHERMAL,0,2040-08-01
Baseline,BRIDGE,w17,2040,8,HYDRO,3452.250699,2040-08-01
Baseline,BRIDGE,w17,2040,8,IMPORTS,0,2040-08-01
Baseline,BRIDGE,w17,2040,8,NUCLEAR,0,2040-08-01
Baseline,BRIDGE,w17,2040,8,PV,1115.504323,2040-08-01
Baseline,BRIDGE,w17,2040,8,WIND,506.0608216,2040-08-01
Baseline,BRIDGE,w17,2040,9,BIOENERGY,42.82013155,2040-09-01
Baseline,BRIDGE,w17,2040,9,DIESEL,0,2040-09-01
Baseline,BRIDGE,w17,2040,9,FUEL OIL,33.53153324,2040-09-01
Baseline,BRIDGE,w17,2040,9,GAS,0,2040-09-01
Baseline,BRIDGE,w17,2040,9,GEOTHERMAL,0,2040-09-01
Baseline,BRIDGE,w17,2040,9,HYDRO,3556.084596,2040-09-01
Baseline,BRIDGE,w17,2040,9,IMPORTS,0,2040-09-01
Baseline,BRIDGE,w17,2040,9,NUCLEAR,0,2040-09-01
Baseline,BRIDGE,w17,2040,9,PV,1146.981595,2040-09-01
Baseline,BRIDGE,w17,2040,9,WIND,471.4011642,2040-09-01
Baseline,BRIDGE,w17,2040,10,BIOENERGY,44.68051222,2040-10-01
Baseline,BRIDGE,w17,2040,10,DIESEL,0,2040-10-01
Baseline,BRIDGE,w17,2040,10,FUEL OIL,93.40547899,2040-10-01
Baseline,BRIDGE,w17,2040,10,GAS,63.5585772,2040-10-01
Baseline,BRIDGE,w17,2040,10,GEOTHERMAL,0,2040-10-01
Baseline,BRIDGE,w17,2040,10,HYDRO,3448.570278,2040-10-01
Baseline,BRIDGE,w17,2040,10,IMPORTS,0,2040-10-01
Baseline,BRIDGE,w17,2040,10,NUCLEAR,0,2040-10-01
Baseline,BRIDGE,w17,2040,10,PV,1092.359445,2040-10-01
Baseline,BRIDGE,w17,2040,10,WIND,525.4508735,2040-10-01
Baseline,BRIDGE,w17,2040,11,BIOENERGY,39.33086565,2040-11-01
Baseline,BRIDGE,w17,2040,11,DIESEL,0,2040-11-01
Baseline,BRIDGE,w17,2040,11,FUEL OIL,95.24386404,2040-11-01
Baseline,BRIDGE,w17,2040,11,GAS,62.44177284,2040-11-01
Baseline,BRIDGE,w17,2040,11,GEOTHERMAL,0,2040-11-01
Baseline,BRIDGE,w17,2040,11,HYDRO,3565.536961,2040-11-01
Baseline,BRIDGE,w17,2040,11,IMPORTS,0,2040-11-01
Baseline,BRIDGE,w17,2040,11,NUCLEAR,0,2040-11-01
Baseline,BRIDGE,w17,2040,11,PV,1145.978895,2040-11-01
Baseline,BRIDGE,w17,2040,11,WIND,466.0974513,2040-11-01
Baseline,BRIDGE,w17,2040,12,BIOENERGY,86.12425922,2040-12-01
Baseline,BRIDGE,w17,2040,12,DIESEL,0,2040-12-01
Baseline,BRIDGE,w17,2040,12,FUEL OIL,256.9001405,2040-12-01
Baseline,BRIDGE,w17,2040,12,GAS,64.13234522,2040-12-01
Baseline,BRIDGE,w17,2040,12,GEOTHERMAL,0,2040-12-01
Baseline,BRIDGE,w17,2040,12,HYDRO,3439.392555,2040-12-01
Baseline,BRIDGE,w17,2040,12,IMPORTS,0,2040-12-01
Baseline,BRIDGE,w17,2040,12,NUCLEAR,0,2040-12-01
Baseline,BRIDGE,w17,2040,12,PV,1165.492522,2040-12-01
Baseline,BRIDGE,w17,2040,12,WIND,491.0834384,2040-12-01
Baseline,BRIDGE,w17,2041,1,BIOENERGY,85.61970157,2041-01-01
Baseline,BRIDGE,w17,2041,1,DIESEL,0,2041-01-01
Baseline,BRIDGE,w17,2041,1,FUEL OIL,93.48705428,2041-01-01
Baseline,BRIDGE,w17,2041,1,GAS,26.00149441,2041-01-01
Baseline,BRIDGE,w17,2041,1,GEOTHERMAL,116.448275,2041-01-01
Baseline,BRIDGE,w17,2041,1,HYDRO,3508.604329,2041-01-01
Baseline,BRIDGE,w17,2041,1,IMPORTS,0,2041-01-01
Baseline,BRIDGE,w17,2041,1,NUCLEAR,0,2041-01-01
Baseline,BRIDGE,w17,2041,1,PV,1069.736026,2041-01-01
Baseline,BRIDGE,w17,2041,1,WIND,471.2576587,2041-01-01
Baseline,BRIDGE,w17,2041,2,BIOENERGY,34.07387131,2041-02-01
Baseline,BRIDGE,w17,2041,2,DIESEL,0,2041-02-01
Baseline,BRIDGE,w17,2041,2,FUEL OIL,90.6962866,2041-02-01
Baseline,BRIDGE,w17,2041,2,GAS,63.54325209,2041-02-01
Baseline,BRIDGE,w17,2041,2,GEOTHERMAL,120.9162975,2041-02-01
Baseline,BRIDGE,w17,2041,2,HYDRO,3437.468622,2041-02-01
Baseline,BRIDGE,w17,2041,2,IMPORTS,0,2041-02-01
Baseline,BRIDGE,w17,2041,2,NUCLEAR,0,2041-02-01
Baseline,BRIDGE,w17,2041,2,PV,1120.981145,2041-02-01
Baseline,BRIDGE,w17,2041,2,WIND,476.6240308,2041-02-01
Baseline,BRIDGE,w17,2041,3,BIOENERGY,0,2041-03-01
Baseline,BRIDGE,w17,2041,3,DIESEL,0,2041-03-01
Baseline,BRIDGE,w17,2041,3,FUEL OIL,42.97991328,2041-03-01
Baseline,BRIDGE,w17,2041,3,GAS,0,2041-03-01
Baseline,BRIDGE,w17,2041,3,GEOTHERMAL,0,2041-03-01
Baseline,BRIDGE,w17,2041,3,HYDRO,3985.7041,2041-03-01
Baseline,BRIDGE,w17,2041,3,IMPORTS,0,2041-03-01
Baseline,BRIDGE,w17,2041,3,NUCLEAR,0,2041-03-01
Baseline,BRIDGE,w17,2041,3,PV,960.7199424,2041-03-01
Baseline,BRIDGE,w17,2041,3,WIND,448.053517,2041-03-01
Baseline,BRIDGE,w17,2041,4,BIOENERGY,0,2041-04-01
Baseline,BRIDGE,w17,2041,4,DIESEL,0,2041-04-01
Baseline,BRIDGE,w17,2041,4,FUEL OIL,36.04753285,2041-04-01
Baseline,BRIDGE,w17,2041,4,GAS,0,2041-04-01
Baseline,BRIDGE,w17,2041,4,GEOTHERMAL,0,2041-04-01
Baseline,BRIDGE,w17,2041,4,HYDRO,4080.80508,2041-04-01
Baseline,BRIDGE,w17,2041,4,IMPORTS,0,2041-04-01
Baseline,BRIDGE,w17,2041,4,NUCLEAR,0,2041-04-01
Baseline,BRIDGE,w17,2041,4,PV,921.5236579,2041-04-01
Baseline,BRIDGE,w17,2041,4,WIND,426.7264053,2041-04-01
Baseline,BRIDGE,w17,2041,5,BIOENERGY,0,2041-05-01
Baseline,BRIDGE,w17,2041,5,DIESEL,0,2041-05-01
Baseline,BRIDGE,w17,2041,5,FUEL OIL,43.64615962,2041-05-01
Baseline,BRIDGE,w17,2041,5,GAS,0,2041-05-01
Baseline,BRIDGE,w17,2041,5,GEOTHERMAL,0,2041-05-01
Baseline,BRIDGE,w17,2041,5,HYDRO,4045.369919,2041-05-01
Baseline,BRIDGE,w17,2041,5,IMPORTS,0,2041-05-01
Baseline,BRIDGE,w17,2041,5,NUCLEAR,0,2041-05-01
Baseline,BRIDGE,w17,2041,5,PV,931.9616921,2041-05-01
Baseline,BRIDGE,w17,2041,5,WIND,417.074423,2041-05-01
Baseline,BRIDGE,w17,2041,6,BIOENERGY,0,2041-06-01
Baseline,BRIDGE,w17,2041,6,DIESEL,0,2041-06-01
Baseline,BRIDGE,w17,2041,6,FUEL OIL,31.16340447,2041-06-01
Baseline,BRIDGE,w17,2041,6,GAS,0,2041-06-01
Baseline,BRIDGE,w17,2041,6,GEOTHERMAL,0,2041-06-01
Baseline,BRIDGE,w17,2041,6,HYDRO,3902.437739,2041-06-01
Baseline,BRIDGE,w17,2041,6,IMPORTS,0,2041-06-01
Baseline,BRIDGE,w17,2041,6,NUCLEAR,0,2041-06-01
Baseline,BRIDGE,w17,2041,6,PV,955.7783376,2041-06-01
Baseline,BRIDGE,w17,2041,6,WIND,429.0144783,2041-06-01
Baseline,BRIDGE,w17,2041,7,BIOENERGY,0,2041-07-01
Baseline,BRIDGE,w17,2041,7,DIESEL,0,2041-07-01
Baseline,BRIDGE,w17,2041,7,FUEL OIL,32.06130521,2041-07-01
Baseline,BRIDGE,w17,2041,7,GAS,0,2041-07-01
Baseline,BRIDGE,w17,2041,7,GEOTHERMAL,0,2041-07-01
Baseline,BRIDGE,w17,2041,7,HYDRO,3856.614738,2041-07-01
Baseline,BRIDGE,w17,2041,7,IMPORTS,0,2041-07-01
Baseline,BRIDGE,w17,2041,7,NUCLEAR,0,2041-07-01
Baseline,BRIDGE,w17,2041,7,PV,948.0649742,2041-07-01
Baseline,BRIDGE,w17,2041,7,WIND,411.1452743,2041-07-01
Baseline,BRIDGE,w17,2041,8,BIOENERGY,58.82783334,2041-08-01
Baseline,BRIDGE,w17,2041,8,DIESEL,0,2041-08-01
Baseline,BRIDGE,w17,2041,8,FUEL OIL,32.34382355,2041-08-01
Baseline,BRIDGE,w17,2041,8,GAS,35.86352454,2041-08-01
Baseline,BRIDGE,w17,2041,8,GEOTHERMAL,117.0465525,2041-08-01
Baseline,BRIDGE,w17,2041,8,HYDRO,3400.137958,2041-08-01
Baseline,BRIDGE,w17,2041,8,IMPORTS,0,2041-08-01
Baseline,BRIDGE,w17,2041,8,NUCLEAR,0,2041-08-01
Baseline,BRIDGE,w17,2041,8,PV,1117.868092,2041-08-01
Baseline,BRIDGE,w17,2041,8,WIND,471.4358996,2041-08-01
Baseline,BRIDGE,w17,2041,9,BIOENERGY,19.29839378,2041-09-01
Baseline,BRIDGE,w17,2041,9,DIESEL,0,2041-09-01
Baseline,BRIDGE,w17,2041,9,FUEL OIL,90.21895445,2041-09-01
Baseline,BRIDGE,w17,2041,9,GAS,0,2041-09-01
Baseline,BRIDGE,w17,2041,9,GEOTHERMAL,112.2880272,2041-09-01
Baseline,BRIDGE,w17,2041,9,HYDRO,3487.997707,2041-09-01
Baseline,BRIDGE,w17,2041,9,IMPORTS,0,2041-09-01
Baseline,BRIDGE,w17,2041,9,NUCLEAR,0,2041-09-01
Baseline,BRIDGE,w17,2041,9,PV,1141.490526,2041-09-01
Baseline,BRIDGE,w17,2041,9,WIND,504.5417921,2041-09-01
Baseline,BRIDGE,w17,2041,10,BIOENERGY,18.01831379,2041-10-01
Baseline,BRIDGE,w17,2041,10,DIESEL,0,2041-10-01
Baseline,BRIDGE,w17,2041,10,FUEL OIL,94.86806902,2041-10-01
Baseline,BRIDGE,w17,2041,10,GAS,62.99830749,2041-10-01
Baseline,BRIDGE,w17,2041,10,GEOTHERMAL,99.23709263,2041-10-01
Baseline,BRIDGE,w17,2041,10,HYDRO,3472.794375,2041-10-01
Baseline,BRIDGE,w17,2041,10,IMPORTS,0,2041-10-01
Baseline,BRIDGE,w17,2041,10,NUCLEAR,0,2041-10-01
Baseline,BRIDGE,w17,2041,10,PV,1141.290052,2041-10-01
Baseline,BRIDGE,w17,2041,10,WIND,484.1794573,2041-10-01
Baseline,BRIDGE,w17,2041,11,BIOENERGY,92.70087377,2041-11-01
Baseline,BRIDGE,w17,2041,11,DIESEL,0,2041-11-01
Baseline,BRIDGE,w17,2041,11,FUEL OIL,123.3670947,2041-11-01
Baseline,BRIDGE,w17,2041,11,GAS,63.0041003,2041-11-01
Baseline,BRIDGE,w17,2041,11,GEOTHERMAL,118.8462515,2041-11-01
Baseline,BRIDGE,w17,2041,11,HYDRO,3492.517686,2041-11-01
Baseline,BRIDGE,w17,2041,11,IMPORTS,0,2041-11-01
Baseline,BRIDGE,w17,2041,11,NUCLEAR,0,2041-11-01
Baseline,BRIDGE,w17,2041,11,PV,1121.995254,2041-11-01
Baseline,BRIDGE,w17,2041,11,WIND,469.691146,2041-11-01
Baseline,BRIDGE,w17,2041,12,BIOENERGY,92.28455841,2041-12-01
Baseline,BRIDGE,w17,2041,12,DIESEL,0,2041-12-01
Baseline,BRIDGE,w17,2041,12,FUEL OIL,295.5230947,2041-12-01
Baseline,BRIDGE,w17,2041,12,GAS,62.28872313,2041-12-01
Baseline,BRIDGE,w17,2041,12,GEOTHERMAL,118.7537814,2041-12-01
Baseline,BRIDGE,w17,2041,12,HYDRO,3456.309471,2041-12-01
Baseline,BRIDGE,w17,2041,12,IMPORTS,0,2041-12-01
Baseline,BRIDGE,w17,2041,12,NUCLEAR,0,2041-12-01
Baseline,BRIDGE,w17,2041,12,PV,1122.154081,2041-12-01
Baseline,BRIDGE,w17,2041,12,WIND,465.8740557,2041-12-01
Baseline,BRIDGE,w17,2042,1,BIOENERGY,90.02015871,2042-01-01
Baseline,BRIDGE,w17,2042,1,DIESEL,0,2042-01-01
Baseline,BRIDGE,w17,2042,1,FUEL OIL,92.7497742,2042-01-01
Baseline,BRIDGE,w17,2042,1,GAS,64.1016211,2042-01-01
Baseline,BRIDGE,w17,2042,1,GEOTHERMAL,247.4448467,2042-01-01
Baseline,BRIDGE,w17,2042,1,HYDRO,3360.920146,2042-01-01
Baseline,BRIDGE,w17,2042,1,IMPORTS,0,2042-01-01
Baseline,BRIDGE,w17,2042,1,NUCLEAR,0,2042-01-01
Baseline,BRIDGE,w17,2042,1,PV,1128.41317,2042-01-01
Baseline,BRIDGE,w17,2042,1,WIND,494.9279129,2042-01-01
Baseline,BRIDGE,w17,2042,2,BIOENERGY,82.20610312,2042-02-01
Baseline,BRIDGE,w17,2042,2,DIESEL,0,2042-02-01
Baseline,BRIDGE,w17,2042,2,FUEL OIL,134.0257477,2042-02-01
Baseline,BRIDGE,w17,2042,2,GAS,63.36800331,2042-02-01
Baseline,BRIDGE,w17,2042,2,GEOTHERMAL,247.9978626,2042-02-01
Baseline,BRIDGE,w17,2042,2,HYDRO,3356.674686,2042-02-01
Baseline,BRIDGE,w17,2042,2,IMPORTS,0,2042-02-01
Baseline,BRIDGE,w17,2042,2,NUCLEAR,0,2042-02-01
Baseline,BRIDGE,w17,2042,2,PV,1086.576507,2042-02-01
Baseline,BRIDGE,w17,2042,2,WIND,480.3406656,2042-02-01
Baseline,BRIDGE,w17,2042,3,BIOENERGY,0,2042-03-01
Baseline,BRIDGE,w17,2042,3,DIESEL,0,2042-03-01
Baseline,BRIDGE,w17,2042,3,FUEL OIL,38.34735259,2042-03-01
Baseline,BRIDGE,w17,2042,3,GAS,0,2042-03-01
Baseline,BRIDGE,w17,2042,3,GEOTHERMAL,0,2042-03-01
Baseline,BRIDGE,w17,2042,3,HYDRO,4120.032012,2042-03-01
Baseline,BRIDGE,w17,2042,3,IMPORTS,0,2042-03-01
Baseline,BRIDGE,w17,2042,3,NUCLEAR,0,2042-03-01
Baseline,BRIDGE,w17,2042,3,PV,946.6289757,2042-03-01
Baseline,BRIDGE,w17,2042,3,WIND,441.1982817,2042-03-01
Baseline,BRIDGE,w17,2042,4,BIOENERGY,0,2042-04-01
Baseline,BRIDGE,w17,2042,4,DIESEL,0,2042-04-01
Baseline,BRIDGE,w17,2042,4,FUEL OIL,49.48296146,2042-04-01
Baseline,BRIDGE,w17,2042,4,GAS,0,2042-04-01
Baseline,BRIDGE,w17,2042,4,GEOTHERMAL,0,2042-04-01
Baseline,BRIDGE,w17,2042,4,HYDRO,4187.758665,2042-04-01
Baseline,BRIDGE,w17,2042,4,IMPORTS,0,2042-04-01
Baseline,BRIDGE,w17,2042,4,NUCLEAR,0,2042-04-01
Baseline,BRIDGE,w17,2042,4,PV,911.4078928,2042-04-01
Baseline,BRIDGE,w17,2042,4,WIND,425.755211,2042-04-01
Baseline,BRIDGE,w17,2042,5,BIOENERGY,0,2042-05-01
Baseline,BRIDGE,w17,2042,5,DIESEL,0,2042-05-01
Baseline,BRIDGE,w17,2042,5,FUEL OIL,41.31874162,2042-05-01
Baseline,BRIDGE,w17,2042,5,GAS,0,2042-05-01
Baseline,BRIDGE,w17,2042,5,GEOTHERMAL,0,2042-05-01
Baseline,BRIDGE,w17,2042,5,HYDRO,4144.303844,2042-05-01
Baseline,BRIDGE,w17,2042,5,IMPORTS,0,2042-05-01
Baseline,BRIDGE,w17,2042,5,NUCLEAR,0,2042-05-01
Baseline,BRIDGE,w17,2042,5,PV,942.8582015,2042-05-01
Baseline,BRIDGE,w17,2042,5,WIND,418.3324511,2042-05-01
Baseline,BRIDGE,w17,2042,6,BIOENERGY,0,2042-06-01
Baseline,BRIDGE,w17,2042,6,DIESEL,0,2042-06-01
Baseline,BRIDGE,w17,2042,6,FUEL OIL,32.86061047,2042-06-01
Baseline,BRIDGE,w17,2042,6,GAS,0,2042-06-01
Baseline,BRIDGE,w17,2042,6,GEOTHERMAL,0,2042-06-01
Baseline,BRIDGE,w17,2042,6,HYDRO,4012.79267,2042-06-01
Baseline,BRIDGE,w17,2042,6,IMPORTS,0,2042-06-01
Baseline,BRIDGE,w17,2042,6,NUCLEAR,0,2042-06-01
Baseline,BRIDGE,w17,2042,6,PV,924.4937007,2042-06-01
Baseline,BRIDGE,w17,2042,6,WIND,454.6148575,2042-06-01
Baseline,BRIDGE,w17,2042,7,BIOENERGY,0,2042-07-01
Baseline,BRIDGE,w17,2042,7,DIESEL,0,2042-07-01
Baseline,BRIDGE,w17,2042,7,FUEL OIL,31.7840805,2042-07-01
Baseline,BRIDGE,w17,2042,7,GAS,0,2042-07-01
Baseline,BRIDGE,w17,2042,7,GEOTHERMAL,0,2042-07-01
Baseline,BRIDGE,w17,2042,7,HYDRO,3948.973095,2042-07-01
Baseline,BRIDGE,w17,2042,7,IMPORTS,0,2042-07-01
Baseline,BRIDGE,w17,2042,7,NUCLEAR,0,2042-07-01
Baseline,BRIDGE,w17,2042,7,PV,942.7189605,2042-07-01
Baseline,BRIDGE,w17,2042,7,WIND,429.3678822,2042-07-01
Baseline,BRIDGE,w17,2042,8,BIOENERGY,0,2042-08-01
Baseline,BRIDGE,w17,2042,8,DIESEL,0,2042-08-01
Baseline,BRIDGE,w17,2042,8,FUEL OIL,32.79626143,2042-08-01
Baseline,BRIDGE,w17,2042,8,GAS,0,2042-08-01
Baseline,BRIDGE,w17,2042,8,GEOTHERMAL,128.0375945,2042-08-01
Baseline,BRIDGE,w17,2042,8,HYDRO,3578.673996,2042-08-01
Baseline,BRIDGE,w17,2042,8,IMPORTS,0,2042-08-01
Baseline,BRIDGE,w17,2042,8,NUCLEAR,0,2042-08-01
Baseline,BRIDGE,w17,2042,8,PV,1100.675331,2042-08-01
Baseline,BRIDGE,w17,2042,8,WIND,498.0109743,2042-08-01
Baseline,BRIDGE,w17,2042,9,BIOENERGY,71.11472017,2042-09-01
Baseline,BRIDGE,w17,2042,9,DIESEL,0,2042-09-01
Baseline,BRIDGE,w17,2042,9,FUEL OIL,31.25337007,2042-09-01
Baseline,BRIDGE,w17,2042,9,GAS,36.60567856,2042-09-01
Baseline,BRIDGE,w17,2042,9,GEOTHERMAL,241.4506792,2042-09-01
Baseline,BRIDGE,w17,2042,9,HYDRO,3455.544535,2042-09-01
Baseline,BRIDGE,w17,2042,9,IMPORTS,0,2042-09-01
Baseline,BRIDGE,w17,2042,9,NUCLEAR,0,2042-09-01
Baseline,BRIDGE,w17,2042,9,PV,1132.97618,2042-09-01
Baseline,BRIDGE,w17,2042,9,WIND,494.0069461,2042-09-01
Baseline,BRIDGE,w17,2042,10,BIOENERGY,94.12283624,2042-10-01
Baseline,BRIDGE,w17,2042,10,DIESEL,0,2042-10-01
Baseline,BRIDGE,w17,2042,10,FUEL OIL,123.1069202,2042-10-01
Baseline,BRIDGE,w17,2042,10,GAS,63.95473157,2042-10-01
Baseline,BRIDGE,w17,2042,10,GEOTHERMAL,242.4638825,2042-10-01
Baseline,BRIDGE,w17,2042,10,HYDRO,3378.35948,2042-10-01
Baseline,BRIDGE,w17,2042,10,IMPORTS,0,2042-10-01
Baseline,BRIDGE,w17,2042,10,NUCLEAR,0,2042-10-01
Baseline,BRIDGE,w17,2042,10,PV,1098.856846,2042-10-01
Baseline,BRIDGE,w17,2042,10,WIND,479.9886848,2042-10-01
Baseline,BRIDGE,w17,2042,11,BIOENERGY,87.81419263,2042-11-01
Baseline,BRIDGE,w17,2042,11,DIESEL,0,2042-11-01
Baseline,BRIDGE,w17,2042,11,FUEL OIL,192.0203435,2042-11-01
Baseline,BRIDGE,w17,2042,11,GAS,62.67473043,2042-11-01
Baseline,BRIDGE,w17,2042,11,GEOTHERMAL,243.0136882,2042-11-01
Baseline,BRIDGE,w17,2042,11,HYDRO,3382.448043,2042-11-01
Baseline,BRIDGE,w17,2042,11,IMPORTS,0,2042-11-01
Baseline,BRIDGE,w17,2042,11,NUCLEAR,0,2042-11-01
Baseline,BRIDGE,w17,2042,11,PV,1142.602934,2042-11-01
Baseline,BRIDGE,w17,2042,11,WIND,481.1909221,2042-11-01
Baseline,BRIDGE,w17,2042,12,BIOENERGY,87.61429223,2042-12-01
Baseline,BRIDGE,w17,2042,12,DIESEL,0,2042-12-01
Baseline,BRIDGE,w17,2042,12,FUEL OIL,286.5745784,2042-12-01
Baseline,BRIDGE,w17,2042,12,GAS,181.5916277,2042-12-01
Baseline,BRIDGE,w17,2042,12,GEOTHERMAL,233.4752579,2042-12-01
Baseline,BRIDGE,w17,2042,12,HYDRO,3313.205023,2042-12-01
Baseline,BRIDGE,w17,2042,12,IMPORTS,0,2042-12-01
Baseline,BRIDGE,w17,2042,12,NUCLEAR,0,2042-12-01
Baseline,BRIDGE,w17,2042,12,PV,1146.152603,2042-12-01
Baseline,BRIDGE,w17,2042,12,WIND,476.838138,2042-12-01
Baseline,BRIDGE,w17,2043,1,BIOENERGY,92.86759711,2043-01-01
Baseline,BRIDGE,w17,2043,1,DIESEL,0,2043-01-01
Baseline,BRIDGE,w17,2043,1,FUEL OIL,116.8542277,2043-01-01
Baseline,BRIDGE,w17,2043,1,GAS,64.76721755,2043-01-01
Baseline,BRIDGE,w17,2043,1,GEOTHERMAL,232.2909397,2043-01-01
Baseline,BRIDGE,w17,2043,1,HYDRO,3463.811763,2043-01-01
Baseline,BRIDGE,w17,2043,1,IMPORTS,0,2043-01-01
Baseline,BRIDGE,w17,2043,1,NUCLEAR,0,2043-01-01
Baseline,BRIDGE,w17,2043,1,PV,1144.794733,2043-01-01
Baseline,BRIDGE,w17,2043,1,WIND,472.7627046,2043-01-01
Baseline,BRIDGE,w17,2043,2,BIOENERGY,85.672643,2043-02-01
Baseline,BRIDGE,w17,2043,2,DIESEL,0,2043-02-01
Baseline,BRIDGE,w17,2043,2,FUEL OIL,199.0712756,2043-02-01
Baseline,BRIDGE,w17,2043,2,GAS,84.79722921,2043-02-01
Baseline,BRIDGE,w17,2043,2,GEOTHERMAL,231.4578923,2043-02-01
Baseline,BRIDGE,w17,2043,2,HYDRO,3355.332997,2043-02-01
Baseline,BRIDGE,w17,2043,2,IMPORTS,0,2043-02-01
Baseline,BRIDGE,w17,2043,2,NUCLEAR,0,2043-02-01
Baseline,BRIDGE,w17,2043,2,PV,1110.162602,2043-02-01
Baseline,BRIDGE,w17,2043,2,WIND,493.7187289,2043-02-01
Baseline,BRIDGE,w17,2043,3,BIOENERGY,0,2043-03-01
Baseline,BRIDGE,w17,2043,3,DIESEL,0,2043-03-01
Baseline,BRIDGE,w17,2043,3,FUEL OIL,49.29823004,2043-03-01
Baseline,BRIDGE,w17,2043,3,GAS,0,2043-03-01
Baseline,BRIDGE,w17,2043,3,GEOTHERMAL,0,2043-03-01
Baseline,BRIDGE,w17,2043,3,HYDRO,4256.591851,2043-03-01
Baseline,BRIDGE,w17,2043,3,IMPORTS,0,2043-03-01
Baseline,BRIDGE,w17,2043,3,NUCLEAR,0,2043-03-01
Baseline,BRIDGE,w17,2043,3,PV,944.4343438,2043-03-01
Baseline,BRIDGE,w17,2043,3,WIND,406.8063296,2043-03-01
Baseline,BRIDGE,w17,2043,4,BIOENERGY,0,2043-04-01
Baseline,BRIDGE,w17,2043,4,DIESEL,0,2043-04-01
Baseline,BRIDGE,w17,2043,4,FUEL OIL,53.29854261,2043-04-01
Baseline,BRIDGE,w17,2043,4,GAS,0,2043-04-01
Baseline,BRIDGE,w17,2043,4,GEOTHERMAL,0,2043-04-01
Baseline,BRIDGE,w17,2043,4,HYDRO,4276.243997,2043-04-01
Baseline,BRIDGE,w17,2043,4,IMPORTS,0,2043-04-01
Baseline,BRIDGE,w17,2043,4,NUCLEAR,0,2043-04-01
Baseline,BRIDGE,w17,2043,4,PV,942.3148377,2043-04-01
Baseline,BRIDGE,w17,2043,4,WIND,414.0354467,2043-04-01
Baseline,BRIDGE,w17,2043,5,BIOENERGY,0,2043-05-01
Baseline,BRIDGE,w17,2043,5,DIESEL,0,2043-05-01
Baseline,BRIDGE,w17,2043,5,FUEL OIL,55.7576498,2043-05-01
Baseline,BRIDGE,w17,2043,5,GAS,0,2043-05-01
Baseline,BRIDGE,w17,2043,5,GEOTHERMAL,0,2043-05-01
Baseline,BRIDGE,w17,2043,5,HYDRO,4244.688325,2043-05-01
Baseline,BRIDGE,w17,2043,5,IMPORTS,0,2043-05-01
Baseline,BRIDGE,w17,2043,5,NUCLEAR,0,2043-05-01
Baseline,BRIDGE,w17,2043,5,PV,938.276365,2043-05-01
Baseline,BRIDGE,w17,2043,5,WIND,419.0271623,2043-05-01
Baseline,BRIDGE,w17,2043,6,BIOENERGY,0,2043-06-01
Baseline,BRIDGE,w17,2043,6,DIESEL,0,2043-06-01
Baseline,BRIDGE,w17,2043,6,FUEL OIL,34.76210663,2043-06-01
Baseline,BRIDGE,w17,2043,6,GAS,0,2043-06-01
Baseline,BRIDGE,w17,2043,6,GEOTHERMAL,0,2043-06-01
Baseline,BRIDGE,w17,2043,6,HYDRO,4101.126519,2043-06-01
Baseline,BRIDGE,w17,2043,6,IMPORTS,0,2043-06-01
Baseline,BRIDGE,w17,2043,6,NUCLEAR,0,2043-06-01
Baseline,BRIDGE,w17,2043,6,PV,943.601257,2043-06-01
Baseline,BRIDGE,w17,2043,6,WIND,453.7671931,2043-06-01
Baseline,BRIDGE,w17,2043,7,BIOENERGY,0,2043-07-01
Baseline,BRIDGE,w17,2043,7,DIESEL,0,2043-07-01
Baseline,BRIDGE,w17,2043,7,FUEL OIL,42.09882633,2043-07-01
Baseline,BRIDGE,w17,2043,7,GAS,0,2043-07-01
Baseline,BRIDGE,w17,2043,7,GEOTHERMAL,0,2043-07-01
Baseline,BRIDGE,w17,2043,7,HYDRO,4071.513138,2043-07-01
Baseline,BRIDGE,w17,2043,7,IMPORTS,0,2043-07-01
Baseline,BRIDGE,w17,2043,7,NUCLEAR,0,2043-07-01
Baseline,BRIDGE,w17,2043,7,PV,930.4760819,2043-07-01
Baseline,BRIDGE,w17,2043,7,WIND,415.8128523,2043-07-01
Baseline,BRIDGE,w17,2043,8,BIOENERGY,87.2390695,2043-08-01
Baseline,BRIDGE,w17,2043,8,DIESEL,0,2043-08-01
Baseline,BRIDGE,w17,2043,8,FUEL OIL,93.13059758,2043-08-01
Baseline,BRIDGE,w17,2043,8,GAS,0,2043-08-01
Baseline,BRIDGE,w17,2043,8,GEOTHERMAL,236.1565063,2043-08-01
Baseline,BRIDGE,w17,2043,8,HYDRO,3399.637508,2043-08-01
Baseline,BRIDGE,w17,2043,8,IMPORTS,0,2043-08-01
Baseline,BRIDGE,w17,2043,8,NUCLEAR,0,2043-08-01
Baseline,BRIDGE,w17,2043,8,PV,1124.805591,2043-08-01
Baseline,BRIDGE,w17,2043,8,WIND,503.9887684,2043-08-01
Baseline,BRIDGE,w17,2043,9,BIOENERGY,30.79371142,2043-09-01
Baseline,BRIDGE,w17,2043,9,DIESEL,0,2043-09-01
Baseline,BRIDGE,w17,2043,9,FUEL OIL,94.88406655,2043-09-01
Baseline,BRIDGE,w17,2043,9,GAS,63.50610473,2043-09-01
Baseline,BRIDGE,w17,2043,9,GEOTHERMAL,239.6744794,2043-09-01
Baseline,BRIDGE,w17,2043,9,HYDRO,3533.400216,2043-09-01
Baseline,BRIDGE,w17,2043,9,IMPORTS,0,2043-09-01
Baseline,BRIDGE,w17,2043,9,NUCLEAR,0,2043-09-01
Baseline,BRIDGE,w17,2043,9,PV,1110.433411,2043-09-01
Baseline,BRIDGE,w17,2043,9,WIND,499.5191621,2043-09-01
Baseline,BRIDGE,w17,2043,10,BIOENERGY,89.46801723,2043-10-01
Baseline,BRIDGE,w17,2043,10,DIESEL,0,2043-10-01
Baseline,BRIDGE,w17,2043,10,FUEL OIL,165.0948031,2043-10-01
Baseline,BRIDGE,w17,2043,10,GAS,63.41329524,2043-10-01
Baseline,BRIDGE,w17,2043,10,GEOTHERMAL,237.8288803,2043-10-01
Baseline,BRIDGE,w17,2043,10,HYDRO,3438.623138,2043-10-01
Baseline,BRIDGE,w17,2043,10,IMPORTS,0,2043-10-01
Baseline,BRIDGE,w17,2043,10,NUCLEAR,0,2043-10-01
Baseline,BRIDGE,w17,2043,10,PV,1126.188933,2043-10-01
Baseline,BRIDGE,w17,2043,10,WIND,469.8533827,2043-10-01
Baseline,BRIDGE,w17,2043,11,BIOENERGY,88.88196016,2043-11-01
Baseline,BRIDGE,w17,2043,11,DIESEL,0,2043-11-01
Baseline,BRIDGE,w17,2043,11,FUEL OIL,199.1313845,2043-11-01
Baseline,BRIDGE,w17,2043,11,GAS,70.31373831,2043-11-01
Baseline,BRIDGE,w17,2043,11,GEOTHERMAL,236.2389783,2043-11-01
Baseline,BRIDGE,w17,2043,11,HYDRO,3500.947647,2043-11-01
Baseline,BRIDGE,w17,2043,11,IMPORTS,0,2043-11-01
Baseline,BRIDGE,w17,2043,11,NUCLEAR,0,2043-11-01
Baseline,BRIDGE,w17,2043,11,PV,1111.125049,2043-11-01
Baseline,BRIDGE,w17,2043,11,WIND,496.9613938,2043-11-01
Baseline,BRIDGE,w17,2043,12,BIOENERGY,85.19008594,2043-12-01
Baseline,BRIDGE,w17,2043,12,DIESEL,40.63138115,2043-12-01
Baseline,BRIDGE,w17,2043,12,FUEL OIL,332.7963742,2043-12-01
Baseline,BRIDGE,w17,2043,12,GAS,63.13128218,2043-12-01
Baseline,BRIDGE,w17,2043,12,GEOTHERMAL,235.0162102,2043-12-01
Baseline,BRIDGE,w17,2043,12,HYDRO,3493.928256,2043-12-01
Baseline,BRIDGE,w17,2043,12,IMPORTS,0,2043-12-01
Baseline,BRIDGE,w17,2043,12,NUCLEAR,0,2043-12-01
Baseline,BRIDGE,w17,2043,12,PV,1133.343602,2043-12-01
Baseline,BRIDGE,w17,2043,12,WIND,455.92336,2043-12-01
Baseline,BRIDGE,w17,2044,1,BIOENERGY,89.35510304,2044-01-01
Baseline,BRIDGE,w17,2044,1,DIESEL,52.54559098,2044-01-01
Baseline,BRIDGE,w17,2044,1,FUEL OIL,251.6638551,2044-01-01
Baseline,BRIDGE,w17,2044,1,GAS,100.2782311,2044-01-01
Baseline,BRIDGE,w17,2044,1,GEOTHERMAL,241.2024973,2044-01-01
Baseline,BRIDGE,w17,2044,1,HYDRO,3362.542157,2044-01-01
Baseline,BRIDGE,w17,2044,1,IMPORTS,0,2044-01-01
Baseline,BRIDGE,w17,2044,1,NUCLEAR,0,2044-01-01
Baseline,BRIDGE,w17,2044,1,PV,1121.417442,2044-01-01
Baseline,BRIDGE,w17,2044,1,WIND,480.9072895,2044-01-01
Baseline,BRIDGE,w17,2044,2,BIOENERGY,89.85230402,2044-02-01
Baseline,BRIDGE,w17,2044,2,DIESEL,0,2044-02-01
Baseline,BRIDGE,w17,2044,2,FUEL OIL,205.0773389,2044-02-01
Baseline,BRIDGE,w17,2044,2,GAS,93.477561,2044-02-01
Baseline,BRIDGE,w17,2044,2,GEOTHERMAL,242.7049222,2044-02-01
Baseline,BRIDGE,w17,2044,2,HYDRO,3443.595954,2044-02-01
Baseline,BRIDGE,w17,2044,2,IMPORTS,0,2044-02-01
Baseline,BRIDGE,w17,2044,2,NUCLEAR,0,2044-02-01
Baseline,BRIDGE,w17,2044,2,PV,1121.312761,2044-02-01
Baseline,BRIDGE,w17,2044,2,WIND,475.3967936,2044-02-01
Baseline,BRIDGE,w17,2044,3,BIOENERGY,0,2044-03-01
Baseline,BRIDGE,w17,2044,3,DIESEL,0,2044-03-01
Baseline,BRIDGE,w17,2044,3,FUEL OIL,50.53473821,2044-03-01
Baseline,BRIDGE,w17,2044,3,GAS,0,2044-03-01
Baseline,BRIDGE,w17,2044,3,GEOTHERMAL,0,2044-03-01
Baseline,BRIDGE,w17,2044,3,HYDRO,4391.663466,2044-03-01
Baseline,BRIDGE,w17,2044,3,IMPORTS,0,2044-03-01
Baseline,BRIDGE,w17,2044,3,NUCLEAR,0,2044-03-01
Baseline,BRIDGE,w17,2044,3,PV,885.5756473,2044-03-01
Baseline,BRIDGE,w17,2044,3,WIND,442.4995179,2044-03-01
Baseline,BRIDGE,w17,2044,4,BIOENERGY,0,2044-04-01
Baseline,BRIDGE,w17,2044,4,DIESEL,0,2044-04-01
Baseline,BRIDGE,w17,2044,4,FUEL OIL,51.8856975,2044-04-01
Baseline,BRIDGE,w17,2044,4,GAS,0,2044-04-01
Baseline,BRIDGE,w17,2044,4,GEOTHERMAL,0,2044-04-01
Baseline,BRIDGE,w17,2044,4,HYDRO,4386.417225,2044-04-01
Baseline,BRIDGE,w17,2044,4,IMPORTS,0,2044-04-01
Baseline,BRIDGE,w17,2044,4,NUCLEAR,0,2044-04-01
Baseline,BRIDGE,w17,2044,4,PV,938.4110468,2044-04-01
Baseline,BRIDGE,w17,2044,4,WIND,422.8967114,2044-04-01
Baseline,BRIDGE,w17,2044,5,BIOENERGY,0,2044-05-01
Baseline,BRIDGE,w17,2044,5,DIESEL,0,2044-05-01
Baseline,BRIDGE,w17,2044,5,FUEL OIL,51.07264819,2044-05-01
Baseline,BRIDGE,w17,2044,5,GAS,0,2044-05-01
Baseline,BRIDGE,w17,2044,5,GEOTHERMAL,0,2044-05-01
Baseline,BRIDGE,w17,2044,5,HYDRO,4369.264855,2044-05-01
Baseline,BRIDGE,w17,2044,5,IMPORTS,0,2044-05-01
Baseline,BRIDGE,w17,2044,5,NUCLEAR,0,2044-05-01
Baseline,BRIDGE,w17,2044,5,PV,920.8121758,2044-05-01
Baseline,BRIDGE,w17,2044,5,WIND,429.7548135,2044-05-01
Baseline,BRIDGE,w17,2044,6,BIOENERGY,0,2044-06-01
Baseline,BRIDGE,w17,2044,6,DIESEL,0,2044-06-01
Baseline,BRIDGE,w17,2044,6,FUEL OIL,47.71842799,2044-06-01
Baseline,BRIDGE,w17,2044,6,GAS,0,2044-06-01
Baseline,BRIDGE,w17,2044,6,GEOTHERMAL,0,2044-06-01
Baseline,BRIDGE,w17,2044,6,HYDRO,4228.532009,2044-06-01
Baseline,BRIDGE,w17,2044,6,IMPORTS,0,2044-06-01
Baseline,BRIDGE,w17,2044,6,NUCLEAR,0,2044-06-01
Baseline,BRIDGE,w17,2044,6,PV,931.1899658,2044-06-01
Baseline,BRIDGE,w17,2044,6,WIND,436.4818142,2044-06-01
Baseline,BRIDGE,w17,2044,7,BIOENERGY,0,2044-07-01
Baseline,BRIDGE,w17,2044,7,DIESEL,0,2044-07-01
Baseline,BRIDGE,w17,2044,7,FUEL OIL,55.2361529,2044-07-01
Baseline,BRIDGE,w17,2044,7,GAS,0,2044-07-01
Baseline,BRIDGE,w17,2044,7,GEOTHERMAL,0,2044-07-01
Baseline,BRIDGE,w17,2044,7,HYDRO,4146.873185,2044-07-01
Baseline,BRIDGE,w17,2044,7,IMPORTS,0,2044-07-01
Baseline,BRIDGE,w17,2044,7,NUCLEAR,0,2044-07-01
Baseline,BRIDGE,w17,2044,7,PV,926.0559615,2044-07-01
Baseline,BRIDGE,w17,2044,7,WIND,440.933617,2044-07-01
Baseline,BRIDGE,w17,2044,8,BIOENERGY,90.77795199,2044-08-01
Baseline,BRIDGE,w17,2044,8,DIESEL,0,2044-08-01
Baseline,BRIDGE,w17,2044,8,FUEL OIL,211.992102,2044-08-01
Baseline,BRIDGE,w17,2044,8,GAS,62.73735733,2044-08-01
Baseline,BRIDGE,w17,2044,8,GEOTHERMAL,244.7066744,2044-08-01
Baseline,BRIDGE,w17,2044,8,HYDRO,3332.064933,2044-08-01
Baseline,BRIDGE,w17,2044,8,IMPORTS,0,2044-08-01
Baseline,BRIDGE,w17,2044,8,NUCLEAR,0,2044-08-01
Baseline,BRIDGE,w17,2044,8,PV,1132.420943,2044-08-01
Baseline,BRIDGE,w17,2044,8,WIND,479.1572391,2044-08-01
Baseline,BRIDGE,w17,2044,9,BIOENERGY,86.77831608,2044-09-01
Baseline,BRIDGE,w17,2044,9,DIESEL,0,2044-09-01
Baseline,BRIDGE,w17,2044,9,FUEL OIL,190.3500232,2044-09-01
Baseline,BRIDGE,w17,2044,9,GAS,62.1220494,2044-09-01
Baseline,BRIDGE,w17,2044,9,GEOTHERMAL,229.6578318,2044-09-01
Baseline,BRIDGE,w17,2044,9,HYDRO,3534.925368,2044-09-01
Baseline,BRIDGE,w17,2044,9,IMPORTS,0,2044-09-01
Baseline,BRIDGE,w17,2044,9,NUCLEAR,0,2044-09-01
Baseline,BRIDGE,w17,2044,9,PV,1105.787085,2044-09-01
Baseline,BRIDGE,w17,2044,9,WIND,474.034701,2044-09-01
Baseline,BRIDGE,w17,2044,10,BIOENERGY,88.48635712,2044-10-01
Baseline,BRIDGE,w17,2044,10,DIESEL,0,2044-10-01
Baseline,BRIDGE,w17,2044,10,FUEL OIL,199.9750011,2044-10-01
Baseline,BRIDGE,w17,2044,10,GAS,179.3058038,2044-10-01
Baseline,BRIDGE,w17,2044,10,GEOTHERMAL,234.3073016,2044-10-01
Baseline,BRIDGE,w17,2044,10,HYDRO,3360.554445,2044-10-01
Baseline,BRIDGE,w17,2044,10,IMPORTS,0,2044-10-01
Baseline,BRIDGE,w17,2044,10,NUCLEAR,0,2044-10-01
Baseline,BRIDGE,w17,2044,10,PV,1146.374685,2044-10-01
Baseline,BRIDGE,w17,2044,10,WIND,493.2762635,2044-10-01
Baseline,BRIDGE,w17,2044,11,BIOENERGY,91.40372574,2044-11-01
Baseline,BRIDGE,w17,2044,11,DIESEL,119.8545437,2044-11-01
Baseline,BRIDGE,w17,2044,11,FUEL OIL,211.2455845,2044-11-01
Baseline,BRIDGE,w17,2044,11,GAS,79.82974052,2044-11-01
Baseline,BRIDGE,w17,2044,11,GEOTHERMAL,239.5734861,2044-11-01
Baseline,BRIDGE,w17,2044,11,HYDRO,3449.140938,2044-11-01
Baseline,BRIDGE,w17,2044,11,IMPORTS,0,2044-11-01
Baseline,BRIDGE,w17,2044,11,NUCLEAR,0,2044-11-01
Baseline,BRIDGE,w17,2044,11,PV,1127.032841,2044-11-01
Baseline,BRIDGE,w17,2044,11,WIND,499.5912945,2044-11-01
Baseline,BRIDGE,w17,2044,12,BIOENERGY,85.02814622,2044-12-01
Baseline,BRIDGE,w17,2044,12,DIESEL,107.0775526,2044-12-01
Baseline,BRIDGE,w17,2044,12,FUEL OIL,206.0140053,2044-12-01
Baseline,BRIDGE,w17,2044,12,GAS,112.6281419,2044-12-01
Baseline,BRIDGE,w17,2044,12,GEOTHERMAL,238.6059639,2044-12-01
Baseline,BRIDGE,w17,2044,12,HYDRO,3603.48721,2044-12-01
Baseline,BRIDGE,w17,2044,12,IMPORTS,0,2044-12-01
Baseline,BRIDGE,w17,2044,12,NUCLEAR,0,2044-12-01
Baseline,BRIDGE,w17,2044,12,PV,1119.763301,2044-12-01
Baseline,BRIDGE,w17,2044,12,WIND,484.1554415,2044-12-01
Baseline,BRIDGE,w17,2045,1,BIOENERGY,0,2045-01-01
Baseline,BRIDGE,w17,2045,1,DIESEL,0,2045-01-01
Baseline,BRIDGE,w17,2045,1,FUEL OIL,0,2045-01-01
Baseline,BRIDGE,w17,2045,1,GAS,467.3324851,2045-01-01
Baseline,BRIDGE,w17,2045,1,GEOTHERMAL,234.2271533,2045-01-01
Baseline,BRIDGE,w17,2045,1,HYDRO,3549.690657,2045-01-01
Baseline,BRIDGE,w17,2045,1,IMPORTS,0,2045-01-01
Baseline,BRIDGE,w17,2045,1,NUCLEAR,0,2045-01-01
Baseline,BRIDGE,w17,2045,1,PV,1100.856839,2045-01-01
Baseline,BRIDGE,w17,2045,1,WIND,461.8032742,2045-01-01
Baseline,BRIDGE,w17,2045,2,BIOENERGY,0,2045-02-01
Baseline,BRIDGE,w17,2045,2,DIESEL,0,2045-02-01
Baseline,BRIDGE,w17,2045,2,FUEL OIL,0,2045-02-01
Baseline,BRIDGE,w17,2045,2,GAS,541.196419,2045-02-01
Baseline,BRIDGE,w17,2045,2,GEOTHERMAL,241.5894556,2045-02-01
Baseline,BRIDGE,w17,2045,2,HYDRO,3432.24143,2045-02-01
Baseline,BRIDGE,w17,2045,2,IMPORTS,0,2045-02-01
Baseline,BRIDGE,w17,2045,2,NUCLEAR,0,2045-02-01
Baseline,BRIDGE,w17,2045,2,PV,1099.689141,2045-02-01
Baseline,BRIDGE,w17,2045,2,WIND,470.129542,2045-02-01
Baseline,BRIDGE,w17,2045,3,BIOENERGY,0,2045-03-01
Baseline,BRIDGE,w17,2045,3,DIESEL,0,2045-03-01
Baseline,BRIDGE,w17,2045,3,FUEL OIL,0,2045-03-01
Baseline,BRIDGE,w17,2045,3,GAS,90.7964824,2045-03-01
Baseline,BRIDGE,w17,2045,3,GEOTHERMAL,0,2045-03-01
Baseline,BRIDGE,w17,2045,3,HYDRO,4448.119623,2045-03-01
Baseline,BRIDGE,w17,2045,3,IMPORTS,0,2045-03-01
Baseline,BRIDGE,w17,2045,3,NUCLEAR,0,2045-03-01
Baseline,BRIDGE,w17,2045,3,PV,959.8411377,2045-03-01
Baseline,BRIDGE,w17,2045,3,WIND,386.9215943,2045-03-01
Baseline,BRIDGE,w17,2045,4,BIOENERGY,0,2045-04-01
Baseline,BRIDGE,w17,2045,4,DIESEL,0,2045-04-01
Baseline,BRIDGE,w17,2045,4,FUEL OIL,0,2045-04-01
Baseline,BRIDGE,w17,2045,4,GAS,68.18318349,2045-04-01
Baseline,BRIDGE,w17,2045,4,GEOTHERMAL,0,2045-04-01
Baseline,BRIDGE,w17,2045,4,HYDRO,4505.989023,2045-04-01
Baseline,BRIDGE,w17,2045,4,IMPORTS,0,2045-04-01
Baseline,BRIDGE,w17,2045,4,NUCLEAR,0,2045-04-01
Baseline,BRIDGE,w17,2045,4,PV,921.8324535,2045-04-01
Baseline,BRIDGE,w17,2045,4,WIND,419.5982345,2045-04-01
Baseline,BRIDGE,w17,2045,5,BIOENERGY,0,2045-05-01
Baseline,BRIDGE,w17,2045,5,DIESEL,0,2045-05-01
Baseline,BRIDGE,w17,2045,5,FUEL OIL,0,2045-05-01
Baseline,BRIDGE,w17,2045,5,GAS,57.66684526,2045-05-01
Baseline,BRIDGE,w17,2045,5,GEOTHERMAL,0,2045-05-01
Baseline,BRIDGE,w17,2045,5,HYDRO,4471.531173,2045-05-01
Baseline,BRIDGE,w17,2045,5,IMPORTS,0,2045-05-01
Baseline,BRIDGE,w17,2045,5,NUCLEAR,0,2045-05-01
Baseline,BRIDGE,w17,2045,5,PV,949.0927684,2045-05-01
Baseline,BRIDGE,w17,2045,5,WIND,408.0317953,2045-05-01
Baseline,BRIDGE,w17,2045,6,BIOENERGY,0,2045-06-01
Baseline,BRIDGE,w17,2045,6,DIESEL,0,2045-06-01
Baseline,BRIDGE,w17,2045,6,FUEL OIL,0,2045-06-01
Baseline,BRIDGE,w17,2045,6,GAS,51.90466513,2045-06-01
Baseline,BRIDGE,w17,2045,6,GEOTHERMAL,0,2045-06-01
Baseline,BRIDGE,w17,2045,6,HYDRO,4392.084179,2045-06-01
Baseline,BRIDGE,w17,2045,6,IMPORTS,0,2045-06-01
Baseline,BRIDGE,w17,2045,6,NUCLEAR,0,2045-06-01
Baseline,BRIDGE,w17,2045,6,PV,920.1847338,2045-06-01
Baseline,BRIDGE,w17,2045,6,WIND,392.6270835,2045-06-01
Baseline,BRIDGE,w17,2045,7,BIOENERGY,0,2045-07-01
Baseline,BRIDGE,w17,2045,7,DIESEL,0,2045-07-01
Baseline,BRIDGE,w17,2045,7,FUEL OIL,0,2045-07-01
Baseline,BRIDGE,w17,2045,7,GAS,47.49845275,2045-07-01
Baseline,BRIDGE,w17,2045,7,GEOTHERMAL,0,2045-07-01
Baseline,BRIDGE,w17,2045,7,HYDRO,4294.178013,2045-07-01
Baseline,BRIDGE,w17,2045,7,IMPORTS,0,2045-07-01
Baseline,BRIDGE,w17,2045,7,NUCLEAR,0,2045-07-01
Baseline,BRIDGE,w17,2045,7,PV,937.2864424,2045-07-01
Baseline,BRIDGE,w17,2045,7,WIND,401.5179866,2045-07-01
Baseline,BRIDGE,w17,2045,8,BIOENERGY,0,2045-08-01
Baseline,BRIDGE,w17,2045,8,DIESEL,0,2045-08-01
Baseline,BRIDGE,w17,2045,8,FUEL OIL,0,2045-08-01
Baseline,BRIDGE,w17,2045,8,GAS,224.5655471,2045-08-01
Baseline,BRIDGE,w17,2045,8,GEOTHERMAL,236.8356302,2045-08-01
Baseline,BRIDGE,w17,2045,8,HYDRO,3601.49316,2045-08-01
Baseline,BRIDGE,w17,2045,8,IMPORTS,0,2045-08-01
Baseline,BRIDGE,w17,2045,8,NUCLEAR,0,2045-08-01
Baseline,BRIDGE,w17,2045,8,PV,1138.141758,2045-08-01
Baseline,BRIDGE,w17,2045,8,WIND,463.8982502,2045-08-01
Baseline,BRIDGE,w17,2045,9,BIOENERGY,0,2045-09-01
Baseline,BRIDGE,w17,2045,9,DIESEL,0,2045-09-01
Baseline,BRIDGE,w17,2045,9,FUEL OIL,0,2045-09-01
Baseline,BRIDGE,w17,2045,9,GAS,463.0385205,2045-09-01
Baseline,BRIDGE,w17,2045,9,GEOTHERMAL,243.5529216,2045-09-01
Baseline,BRIDGE,w17,2045,9,HYDRO,3516.55904,2045-09-01
Baseline,BRIDGE,w17,2045,9,IMPORTS,0,2045-09-01
Baseline,BRIDGE,w17,2045,9,NUCLEAR,0,2045-09-01
Baseline,BRIDGE,w17,2045,9,PV,1114.925641,2045-09-01
Baseline,BRIDGE,w17,2045,9,WIND,459.2523582,2045-09-01
Baseline,BRIDGE,w17,2045,10,BIOENERGY,0,2045-10-01
Baseline,BRIDGE,w17,2045,10,DIESEL,0,2045-10-01
Baseline,BRIDGE,w17,2045,10,FUEL OIL,0,2045-10-01
Baseline,BRIDGE,w17,2045,10,GAS,594.7349454,2045-10-01
Baseline,BRIDGE,w17,2045,10,GEOTHERMAL,234.2152014,2045-10-01
Baseline,BRIDGE,w17,2045,10,HYDRO,3408.664206,2045-10-01
Baseline,BRIDGE,w17,2045,10,IMPORTS,0,2045-10-01
Baseline,BRIDGE,w17,2045,10,NUCLEAR,0,2045-10-01
Baseline,BRIDGE,w17,2045,10,PV,1106.277443,2045-10-01
Baseline,BRIDGE,w17,2045,10,WIND,472.4336587,2045-10-01
Baseline,BRIDGE,w17,2045,11,BIOENERGY,0,2045-11-01
Baseline,BRIDGE,w17,2045,11,DIESEL,0,2045-11-01
Baseline,BRIDGE,w17,2045,11,FUEL OIL,0,2045-11-01
Baseline,BRIDGE,w17,2045,11,GAS,636.0264287,2045-11-01
Baseline,BRIDGE,w17,2045,11,GEOTHERMAL,229.8702208,2045-11-01
Baseline,BRIDGE,w17,2045,11,HYDRO,3476.963714,2045-11-01
Baseline,BRIDGE,w17,2045,11,IMPORTS,0,2045-11-01
Baseline,BRIDGE,w17,2045,11,NUCLEAR,0,2045-11-01
Baseline,BRIDGE,w17,2045,11,PV,1116.861514,2045-11-01
Baseline,BRIDGE,w17,2045,11,WIND,474.3037191,2045-11-01
Baseline,BRIDGE,w17,2045,12,BIOENERGY,0,2045-12-01
Baseline,BRIDGE,w17,2045,12,DIESEL,0,2045-12-01
Baseline,BRIDGE,w17,2045,12,FUEL OIL,0,2045-12-01
Baseline,BRIDGE,w17,2045,12,GAS,817.9586724,2045-12-01
Baseline,BRIDGE,w17,2045,12,GEOTHERMAL,234.5134487,2045-12-01
Baseline,BRIDGE,w17,2045,12,HYDRO,3423.028233,2045-12-01
Baseline,BRIDGE,w17,2045,12,IMPORTS,0,2045-12-01
Baseline,BRIDGE,w17,2045,12,NUCLEAR,0,2045-12-01
Baseline,BRIDGE,w17,2045,12,PV,1130.898833,2045-12-01
Baseline,BRIDGE,w17,2045,12,WIND,469.4957702,2045-12-01
Baseline,BRIDGE,w17,2046,1,BIOENERGY,0,2046-01-01
Baseline,BRIDGE,w17,2046,1,DIESEL,0,2046-01-01
Baseline,BRIDGE,w17,2046,1,FUEL OIL,0,2046-01-01
Baseline,BRIDGE,w17,2046,1,GAS,544.7342386,2046-01-01
Baseline,BRIDGE,w17,2046,1,GEOTHERMAL,239.2422592,2046-01-01
Baseline,BRIDGE,w17,2046,1,HYDRO,3562.740041,2046-01-01
Baseline,BRIDGE,w17,2046,1,IMPORTS,0,2046-01-01
Baseline,BRIDGE,w17,2046,1,NUCLEAR,0,2046-01-01
Baseline,BRIDGE,w17,2046,1,PV,1122.367259,2046-01-01
Baseline,BRIDGE,w17,2046,1,WIND,461.1048199,2046-01-01
Baseline,BRIDGE,w17,2046,2,BIOENERGY,0,2046-02-01
Baseline,BRIDGE,w17,2046,2,DIESEL,0,2046-02-01
Baseline,BRIDGE,w17,2046,2,FUEL OIL,0,2046-02-01
Baseline,BRIDGE,w17,2046,2,GAS,710.6867159,2046-02-01
Baseline,BRIDGE,w17,2046,2,GEOTHERMAL,238.344125,2046-02-01
Baseline,BRIDGE,w17,2046,2,HYDRO,3409.668516,2046-02-01
Baseline,BRIDGE,w17,2046,2,IMPORTS,0,2046-02-01
Baseline,BRIDGE,w17,2046,2,NUCLEAR,0,2046-02-01
Baseline,BRIDGE,w17,2046,2,PV,1093.596521,2046-02-01
Baseline,BRIDGE,w17,2046,2,WIND,448.2470294,2046-02-01
Baseline,BRIDGE,w17,2046,3,BIOENERGY,0,2046-03-01
Baseline,BRIDGE,w17,2046,3,DIESEL,0,2046-03-01
Baseline,BRIDGE,w17,2046,3,FUEL OIL,0,2046-03-01
Baseline,BRIDGE,w17,2046,3,GAS,108.3678197,2046-03-01
Baseline,BRIDGE,w17,2046,3,GEOTHERMAL,0,2046-03-01
Baseline,BRIDGE,w17,2046,3,HYDRO,4531.5906,2046-03-01
Baseline,BRIDGE,w17,2046,3,IMPORTS,0,2046-03-01
Baseline,BRIDGE,w17,2046,3,NUCLEAR,0,2046-03-01
Baseline,BRIDGE,w17,2046,3,PV,948.0124629,2046-03-01
Baseline,BRIDGE,w17,2046,3,WIND,415.4215314,2046-03-01
Baseline,BRIDGE,w17,2046,4,BIOENERGY,0,2046-04-01
Baseline,BRIDGE,w17,2046,4,DIESEL,0,2046-04-01
Baseline,BRIDGE,w17,2046,4,FUEL OIL,0,2046-04-01
Baseline,BRIDGE,w17,2046,4,GAS,206.9565571,2046-04-01
Baseline,BRIDGE,w17,2046,4,GEOTHERMAL,0,2046-04-01
Baseline,BRIDGE,w17,2046,4,HYDRO,4470.301994,2046-04-01
Baseline,BRIDGE,w17,2046,4,IMPORTS,0,2046-04-01
Baseline,BRIDGE,w17,2046,4,NUCLEAR,0,2046-04-01
Baseline,BRIDGE,w17,2046,4,PV,953.7746758,2046-04-01
Baseline,BRIDGE,w17,2046,4,WIND,402.8817253,2046-04-01
Baseline,BRIDGE,w17,2046,5,BIOENERGY,0,2046-05-01
Baseline,BRIDGE,w17,2046,5,DIESEL,0,2046-05-01
Baseline,BRIDGE,w17,2046,5,FUEL OIL,0,2046-05-01
Baseline,BRIDGE,w17,2046,5,GAS,115.4705177,2046-05-01
Baseline,BRIDGE,w17,2046,5,GEOTHERMAL,118.5126415,2046-05-01
Baseline,BRIDGE,w17,2046,5,HYDRO,4459.408174,2046-05-01
Baseline,BRIDGE,w17,2046,5,IMPORTS,0,2046-05-01
Baseline,BRIDGE,w17,2046,5,NUCLEAR,0,2046-05-01
Baseline,BRIDGE,w17,2046,5,PV,906.9547738,2046-05-01
Baseline,BRIDGE,w17,2046,5,WIND,403.7029269,2046-05-01
Baseline,BRIDGE,w17,2046,6,BIOENERGY,0,2046-06-01
Baseline,BRIDGE,w17,2046,6,DIESEL,0,2046-06-01
Baseline,BRIDGE,w17,2046,6,FUEL OIL,0,2046-06-01
Baseline,BRIDGE,w17,2046,6,GAS,52.82116764,2046-06-01
Baseline,BRIDGE,w17,2046,6,GEOTHERMAL,0,2046-06-01
Baseline,BRIDGE,w17,2046,6,HYDRO,4498.174779,2046-06-01
Baseline,BRIDGE,w17,2046,6,IMPORTS,0,2046-06-01
Baseline,BRIDGE,w17,2046,6,NUCLEAR,0,2046-06-01
Baseline,BRIDGE,w17,2046,6,PV,924.908394,2046-06-01
Baseline,BRIDGE,w17,2046,6,WIND,396.0323333,2046-06-01
Baseline,BRIDGE,w17,2046,7,BIOENERGY,0,2046-07-01
Baseline,BRIDGE,w17,2046,7,DIESEL,0,2046-07-01
Baseline,BRIDGE,w17,2046,7,FUEL OIL,0,2046-07-01
Baseline,BRIDGE,w17,2046,7,GAS,50.20752373,2046-07-01
Baseline,BRIDGE,w17,2046,7,GEOTHERMAL,0,2046-07-01
Baseline,BRIDGE,w17,2046,7,HYDRO,4373.766157,2046-07-01
Baseline,BRIDGE,w17,2046,7,IMPORTS,0,2046-07-01
Baseline,BRIDGE,w17,2046,7,NUCLEAR,0,2046-07-01
Baseline,BRIDGE,w17,2046,7,PV,938.4082593,2046-07-01
Baseline,BRIDGE,w17,2046,7,WIND,431.7085723,2046-07-01
Baseline,BRIDGE,w17,2046,8,BIOENERGY,0,2046-08-01
Baseline,BRIDGE,w17,2046,8,DIESEL,0,2046-08-01
Baseline,BRIDGE,w17,2046,8,FUEL OIL,0,2046-08-01
Baseline,BRIDGE,w17,2046,8,GAS,359.5000892,2046-08-01
Baseline,BRIDGE,w17,2046,8,GEOTHERMAL,236.3485247,2046-08-01
Baseline,BRIDGE,w17,2046,8,HYDRO,3607.426725,2046-08-01
Baseline,BRIDGE,w17,2046,8,IMPORTS,0,2046-08-01
Baseline,BRIDGE,w17,2046,8,NUCLEAR,0,2046-08-01
Baseline,BRIDGE,w17,2046,8,PV,1112.881065,2046-08-01
Baseline,BRIDGE,w17,2046,8,WIND,462.0766284,2046-08-01
Baseline,BRIDGE,w17,2046,9,BIOENERGY,0,2046-09-01
Baseline,BRIDGE,w17,2046,9,DIESEL,0,2046-09-01
Baseline,BRIDGE,w17,2046,9,FUEL OIL,0,2046-09-01
Baseline,BRIDGE,w17,2046,9,GAS,745.0805691,2046-09-01
Baseline,BRIDGE,w17,2046,9,GEOTHERMAL,238.4915519,2046-09-01
Baseline,BRIDGE,w17,2046,9,HYDRO,3356.674899,2046-09-01
Baseline,BRIDGE,w17,2046,9,IMPORTS,0,2046-09-01
Baseline,BRIDGE,w17,2046,9,NUCLEAR,0,2046-09-01
Baseline,BRIDGE,w17,2046,9,PV,1134.774998,2046-09-01
Baseline,BRIDGE,w17,2046,9,WIND,438.2530336,2046-09-01
Baseline,BRIDGE,w17,2046,10,BIOENERGY,0,2046-10-01
Baseline,BRIDGE,w17,2046,10,DIESEL,0,2046-10-01
Baseline,BRIDGE,w17,2046,10,FUEL OIL,0,2046-10-01
Baseline,BRIDGE,w17,2046,10,GAS,700.301886,2046-10-01
Baseline,BRIDGE,w17,2046,10,GEOTHERMAL,249.1068946,2046-10-01
Baseline,BRIDGE,w17,2046,10,HYDRO,3376.167096,2046-10-01
Baseline,BRIDGE,w17,2046,10,IMPORTS,0,2046-10-01
Baseline,BRIDGE,w17,2046,10,NUCLEAR,0,2046-10-01
Baseline,BRIDGE,w17,2046,10,PV,1131.14033,2046-10-01
Baseline,BRIDGE,w17,2046,10,WIND,475.935757,2046-10-01
Baseline,BRIDGE,w17,2046,11,BIOENERGY,0,2046-11-01
Baseline,BRIDGE,w17,2046,11,DIESEL,0,2046-11-01
Baseline,BRIDGE,w17,2046,11,FUEL OIL,0,2046-11-01
Baseline,BRIDGE,w17,2046,11,GAS,784.8873539,2046-11-01
Baseline,BRIDGE,w17,2046,11,GEOTHERMAL,236.5521605,2046-11-01
Baseline,BRIDGE,w17,2046,11,HYDRO,3415.698003,2046-11-01
Baseline,BRIDGE,w17,2046,11,IMPORTS,0,2046-11-01
Baseline,BRIDGE,w17,2046,11,NUCLEAR,0,2046-11-01
Baseline,BRIDGE,w17,2046,11,PV,1138.39208,2046-11-01
Baseline,BRIDGE,w17,2046,11,WIND,477.1765116,2046-11-01
Baseline,BRIDGE,w17,2046,12,BIOENERGY,0,2046-12-01
Baseline,BRIDGE,w17,2046,12,DIESEL,0,2046-12-01
Baseline,BRIDGE,w17,2046,12,FUEL OIL,0,2046-12-01
Baseline,BRIDGE,w17,2046,12,GAS,961.2286681,2046-12-01
Baseline,BRIDGE,w17,2046,12,GEOTHERMAL,225.2314005,2046-12-01
Baseline,BRIDGE,w17,2046,12,HYDRO,3417.043584,2046-12-01
Baseline,BRIDGE,w17,2046,12,IMPORTS,0,2046-12-01
Baseline,BRIDGE,w17,2046,12,NUCLEAR,0,2046-12-01
Baseline,BRIDGE,w17,2046,12,PV,1141.219805,2046-12-01
Baseline,BRIDGE,w17,2046,12,WIND,452.6893981,2046-12-01
Baseline,BRIDGE,w17,2047,1,BIOENERGY,0,2047-01-01
Baseline,BRIDGE,w17,2047,1,DIESEL,0,2047-01-01
Baseline,BRIDGE,w17,2047,1,FUEL OIL,0,2047-01-01
Baseline,BRIDGE,w17,2047,1,GAS,730.4839247,2047-01-01
Baseline,BRIDGE,w17,2047,1,GEOTHERMAL,234.0147783,2047-01-01
Baseline,BRIDGE,w17,2047,1,HYDRO,3511.751695,2047-01-01
Baseline,BRIDGE,w17,2047,1,IMPORTS,0,2047-01-01
Baseline,BRIDGE,w17,2047,1,NUCLEAR,0,2047-01-01
Baseline,BRIDGE,w17,2047,1,PV,1098.236032,2047-01-01
Baseline,BRIDGE,w17,2047,1,WIND,474.3059604,2047-01-01
Baseline,BRIDGE,w17,2047,2,BIOENERGY,0,2047-02-01
Baseline,BRIDGE,w17,2047,2,DIESEL,0,2047-02-01
Baseline,BRIDGE,w17,2047,2,FUEL OIL,0,2047-02-01
Baseline,BRIDGE,w17,2047,2,GAS,740.3387952,2047-02-01
Baseline,BRIDGE,w17,2047,2,GEOTHERMAL,233.5640343,2047-02-01
Baseline,BRIDGE,w17,2047,2,HYDRO,3435.451039,2047-02-01
Baseline,BRIDGE,w17,2047,2,IMPORTS,0,2047-02-01
Baseline,BRIDGE,w17,2047,2,NUCLEAR,0,2047-02-01
Baseline,BRIDGE,w17,2047,2,PV,1130.552005,2047-02-01
Baseline,BRIDGE,w17,2047,2,WIND,478.6478918,2047-02-01
Baseline,BRIDGE,w17,2047,3,BIOENERGY,0,2047-03-01
Baseline,BRIDGE,w17,2047,3,DIESEL,0,2047-03-01
Baseline,BRIDGE,w17,2047,3,FUEL OIL,0,2047-03-01
Baseline,BRIDGE,w17,2047,3,GAS,170.2041493,2047-03-01
Baseline,BRIDGE,w17,2047,3,GEOTHERMAL,119.2661834,2047-03-01
Baseline,BRIDGE,w17,2047,3,HYDRO,4481.294043,2047-03-01
Baseline,BRIDGE,w17,2047,3,IMPORTS,0,2047-03-01
Baseline,BRIDGE,w17,2047,3,NUCLEAR,0,2047-03-01
Baseline,BRIDGE,w17,2047,3,PV,966.0916206,2047-03-01
Baseline,BRIDGE,w17,2047,3,WIND,386.6042662,2047-03-01
Baseline,BRIDGE,w17,2047,4,BIOENERGY,0,2047-04-01
Baseline,BRIDGE,w17,2047,4,DIESEL,0,2047-04-01
Baseline,BRIDGE,w17,2047,4,FUEL OIL,0,2047-04-01
Baseline,BRIDGE,w17,2047,4,GAS,116.2854473,2047-04-01
Baseline,BRIDGE,w17,2047,4,GEOTHERMAL,244.2752749,2047-04-01
Baseline,BRIDGE,w17,2047,4,HYDRO,4487.905135,2047-04-01
Baseline,BRIDGE,w17,2047,4,IMPORTS,0,2047-04-01
Baseline,BRIDGE,w17,2047,4,NUCLEAR,0,2047-04-01
Baseline,BRIDGE,w17,2047,4,PV,909.9365626,2047-04-01
Baseline,BRIDGE,w17,2047,4,WIND,396.1908318,2047-04-01
Baseline,BRIDGE,w17,2047,5,BIOENERGY,0,2047-05-01
Baseline,BRIDGE,w17,2047,5,DIESEL,0,2047-05-01
Baseline,BRIDGE,w17,2047,5,FUEL OIL,0,2047-05-01
Baseline,BRIDGE,w17,2047,5,GAS,171.2826604,2047-05-01
Baseline,BRIDGE,w17,2047,5,GEOTHERMAL,118.6274041,2047-05-01
Baseline,BRIDGE,w17,2047,5,HYDRO,4500.084418,2047-05-01
Baseline,BRIDGE,w17,2047,5,IMPORTS,0,2047-05-01
Baseline,BRIDGE,w17,2047,5,NUCLEAR,0,2047-05-01
Baseline,BRIDGE,w17,2047,5,PV,927.2101004,2047-05-01
Baseline,BRIDGE,w17,2047,5,WIND,406.9254315,2047-05-01
Baseline,BRIDGE,w17,2047,6,BIOENERGY,0,2047-06-01
Baseline,BRIDGE,w17,2047,6,DIESEL,0,2047-06-01
Baseline,BRIDGE,w17,2047,6,FUEL OIL,0,2047-06-01
Baseline,BRIDGE,w17,2047,6,GAS,133.7307697,2047-06-01
Baseline,BRIDGE,w17,2047,6,GEOTHERMAL,0,2047-06-01
Baseline,BRIDGE,w17,2047,6,HYDRO,4521.006541,2047-06-01
Baseline,BRIDGE,w17,2047,6,IMPORTS,0,2047-06-01
Baseline,BRIDGE,w17,2047,6,NUCLEAR,0,2047-06-01
Baseline,BRIDGE,w17,2047,6,PV,913.3264525,2047-06-01
Baseline,BRIDGE,w17,2047,6,WIND,421.3116445,2047-06-01
Baseline,BRIDGE,w17,2047,7,BIOENERGY,0,2047-07-01
Baseline,BRIDGE,w17,2047,7,DIESEL,0,2047-07-01
Baseline,BRIDGE,w17,2047,7,FUEL OIL,0,2047-07-01
Baseline,BRIDGE,w17,2047,7,GAS,67.5090194,2047-07-01
Baseline,BRIDGE,w17,2047,7,GEOTHERMAL,0,2047-07-01
Baseline,BRIDGE,w17,2047,7,HYDRO,4506.130493,2047-07-01
Baseline,BRIDGE,w17,2047,7,IMPORTS,0,2047-07-01
Baseline,BRIDGE,w17,2047,7,NUCLEAR,0,2047-07-01
Baseline,BRIDGE,w17,2047,7,PV,931.1093379,2047-07-01
Baseline,BRIDGE,w17,2047,7,WIND,405.2234721,2047-07-01
Baseline,BRIDGE,w17,2047,8,BIOENERGY,0,2047-08-01
Baseline,BRIDGE,w17,2047,8,DIESEL,0,2047-08-01
Baseline,BRIDGE,w17,2047,8,FUEL OIL,0,2047-08-01
Baseline,BRIDGE,w17,2047,8,GAS,595.0785914,2047-08-01
Baseline,BRIDGE,w17,2047,8,GEOTHERMAL,238.546131,2047-08-01
Baseline,BRIDGE,w17,2047,8,HYDRO,3469.745621,2047-08-01
Baseline,BRIDGE,w17,2047,8,IMPORTS,0,2047-08-01
Baseline,BRIDGE,w17,2047,8,NUCLEAR,0,2047-08-01
Baseline,BRIDGE,w17,2047,8,PV,1104.781737,2047-08-01
Baseline,BRIDGE,w17,2047,8,WIND,485.6456135,2047-08-01
Baseline,BRIDGE,w17,2047,9,BIOENERGY,0,2047-09-01
Baseline,BRIDGE,w17,2047,9,DIESEL,0,2047-09-01
Baseline,BRIDGE,w17,2047,9,FUEL OIL,0,2047-09-01
Baseline,BRIDGE,w17,2047,9,GAS,784.5208247,2047-09-01
Baseline,BRIDGE,w17,2047,9,GEOTHERMAL,242.527749,2047-09-01
Baseline,BRIDGE,w17,2047,9,HYDRO,3471.029108,2047-09-01
Baseline,BRIDGE,w17,2047,9,IMPORTS,0,2047-09-01
Baseline,BRIDGE,w17,2047,9,NUCLEAR,0,2047-09-01
Baseline,BRIDGE,w17,2047,9,PV,1088.139098,2047-09-01
Baseline,BRIDGE,w17,2047,9,WIND,445.3237725,2047-09-01
Baseline,BRIDGE,w17,2047,10,BIOENERGY,0,2047-10-01
Baseline,BRIDGE,w17,2047,10,DIESEL,0,2047-10-01
Baseline,BRIDGE,w17,2047,10,FUEL OIL,0,2047-10-01
Baseline,BRIDGE,w17,2047,10,GAS,571.3709201,2047-10-01
Baseline,BRIDGE,w17,2047,10,GEOTHERMAL,241.8536396,2047-10-01
Baseline,BRIDGE,w17,2047,10,HYDRO,3621.380597,2047-10-01
Baseline,BRIDGE,w17,2047,10,IMPORTS,0,2047-10-01
Baseline,BRIDGE,w17,2047,10,NUCLEAR,0,2047-10-01
Baseline,BRIDGE,w17,2047,10,PV,1127.507803,2047-10-01
Baseline,BRIDGE,w17,2047,10,WIND,489.192044,2047-10-01
Baseline,BRIDGE,w17,2047,11,BIOENERGY,0,2047-11-01
Baseline,BRIDGE,w17,2047,11,DIESEL,0,2047-11-01
Baseline,BRIDGE,w17,2047,11,FUEL OIL,0,2047-11-01
Baseline,BRIDGE,w17,2047,11,GAS,714.3376575,2047-11-01
Baseline,BRIDGE,w17,2047,11,GEOTHERMAL,227.6368668,2047-11-01
Baseline,BRIDGE,w17,2047,11,HYDRO,3676.724135,2047-11-01
Baseline,BRIDGE,w17,2047,11,IMPORTS,0,2047-11-01
Baseline,BRIDGE,w17,2047,11,NUCLEAR,0,2047-11-01
Baseline,BRIDGE,w17,2047,11,PV,1088.34807,2047-11-01
Baseline,BRIDGE,w17,2047,11,WIND,466.7135016,2047-11-01
Baseline,BRIDGE,w17,2047,12,BIOENERGY,0,2047-12-01
Baseline,BRIDGE,w17,2047,12,DIESEL,0,2047-12-01
Baseline,BRIDGE,w17,2047,12,FUEL OIL,0,2047-12-01
Baseline,BRIDGE,w17,2047,12,GAS,1094.056009,2047-12-01
Baseline,BRIDGE,w17,2047,12,GEOTHERMAL,242.1529029,2047-12-01
Baseline,BRIDGE,w17,2047,12,HYDRO,3374.36986,2047-12-01
Baseline,BRIDGE,w17,2047,12,IMPORTS,69.6757491,2047-12-01
Baseline,BRIDGE,w17,2047,12,NUCLEAR,0,2047-12-01
Baseline,BRIDGE,w17,2047,12,PV,1086.48544,2047-12-01
Baseline,BRIDGE,w17,2047,12,WIND,454.6211516,2047-12-01
Baseline,BRIDGE,w17,2048,1,BIOENERGY,0,2048-01-01
Baseline,BRIDGE,w17,2048,1,DIESEL,0,2048-01-01
Baseline,BRIDGE,w17,2048,1,FUEL OIL,0,2048-01-01
Baseline,BRIDGE,w17,2048,1,GAS,790.3999072,2048-01-01
Baseline,BRIDGE,w17,2048,1,GEOTHERMAL,249.9336116,2048-01-01
Baseline,BRIDGE,w17,2048,1,HYDRO,3528.118327,2048-01-01
Baseline,BRIDGE,w17,2048,1,IMPORTS,0,2048-01-01
Baseline,BRIDGE,w17,2048,1,NUCLEAR,0,2048-01-01
Baseline,BRIDGE,w17,2048,1,PV,1150.761499,2048-01-01
Baseline,BRIDGE,w17,2048,1,WIND,450.5548927,2048-01-01
Baseline,BRIDGE,w17,2048,2,BIOENERGY,0,2048-02-01
Baseline,BRIDGE,w17,2048,2,DIESEL,0,2048-02-01
Baseline,BRIDGE,w17,2048,2,FUEL OIL,0,2048-02-01
Baseline,BRIDGE,w17,2048,2,GAS,818.7573014,2048-02-01
Baseline,BRIDGE,w17,2048,2,GEOTHERMAL,234.2259265,2048-02-01
Baseline,BRIDGE,w17,2048,2,HYDRO,3501.131621,2048-02-01
Baseline,BRIDGE,w17,2048,2,IMPORTS,0,2048-02-01
Baseline,BRIDGE,w17,2048,2,NUCLEAR,0,2048-02-01
Baseline,BRIDGE,w17,2048,2,PV,1113.972611,2048-02-01
Baseline,BRIDGE,w17,2048,2,WIND,470.837381,2048-02-01
Baseline,BRIDGE,w17,2048,3,BIOENERGY,0,2048-03-01
Baseline,BRIDGE,w17,2048,3,DIESEL,0,2048-03-01
Baseline,BRIDGE,w17,2048,3,FUEL OIL,0,2048-03-01
Baseline,BRIDGE,w17,2048,3,GAS,175.657714,2048-03-01
Baseline,BRIDGE,w17,2048,3,GEOTHERMAL,251.8517698,2048-03-01
Baseline,BRIDGE,w17,2048,3,HYDRO,4518.836474,2048-03-01
Baseline,BRIDGE,w17,2048,3,IMPORTS,0,2048-03-01
Baseline,BRIDGE,w17,2048,3,NUCLEAR,0,2048-03-01
Baseline,BRIDGE,w17,2048,3,PV,897.7553384,2048-03-01
Baseline,BRIDGE,w17,2048,3,WIND,401.8281711,2048-03-01
Baseline,BRIDGE,w17,2048,4,BIOENERGY,0,2048-04-01
Baseline,BRIDGE,w17,2048,4,DIESEL,0,2048-04-01
Baseline,BRIDGE,w17,2048,4,FUEL OIL,0,2048-04-01
Baseline,BRIDGE,w17,2048,4,GAS,180.2590689,2048-04-01
Baseline,BRIDGE,w17,2048,4,GEOTHERMAL,244.3706603,2048-04-01
Baseline,BRIDGE,w17,2048,4,HYDRO,4564.919861,2048-04-01
Baseline,BRIDGE,w17,2048,4,IMPORTS,0,2048-04-01
Baseline,BRIDGE,w17,2048,4,NUCLEAR,0,2048-04-01
Baseline,BRIDGE,w17,2048,4,PV,872.2795461,2048-04-01
Baseline,BRIDGE,w17,2048,4,WIND,415.85598,2048-04-01
Baseline,BRIDGE,w17,2048,5,BIOENERGY,0,2048-05-01
Baseline,BRIDGE,w17,2048,5,DIESEL,0,2048-05-01
Baseline,BRIDGE,w17,2048,5,FUEL OIL,0,2048-05-01
Baseline,BRIDGE,w17,2048,5,GAS,141.6660936,2048-05-01
Baseline,BRIDGE,w17,2048,5,GEOTHERMAL,242.1369385,2048-05-01
Baseline,BRIDGE,w17,2048,5,HYDRO,4522.28546,2048-05-01
Baseline,BRIDGE,w17,2048,5,IMPORTS,0,2048-05-01
Baseline,BRIDGE,w17,2048,5,NUCLEAR,0,2048-05-01
Baseline,BRIDGE,w17,2048,5,PV,940.3097609,2048-05-01
Baseline,BRIDGE,w17,2048,5,WIND,400.214362,2048-05-01
Baseline,BRIDGE,w17,2048,6,BIOENERGY,0,2048-06-01
Baseline,BRIDGE,w17,2048,6,DIESEL,0,2048-06-01
Baseline,BRIDGE,w17,2048,6,FUEL OIL,0,2048-06-01
Baseline,BRIDGE,w17,2048,6,GAS,163.4777377,2048-06-01
Baseline,BRIDGE,w17,2048,6,GEOTHERMAL,111.5602826,2048-06-01
Baseline,BRIDGE,w17,2048,6,HYDRO,4481.449997,2048-06-01
Baseline,BRIDGE,w17,2048,6,IMPORTS,0,2048-06-01
Baseline,BRIDGE,w17,2048,6,NUCLEAR,0,2048-06-01
Baseline,BRIDGE,w17,2048,6,PV,947.7123973,2048-06-01
Baseline,BRIDGE,w17,2048,6,WIND,404.9625013,2048-06-01
Baseline,BRIDGE,w17,2048,7,BIOENERGY,0,2048-07-01
Baseline,BRIDGE,w17,2048,7,DIESEL,0,2048-07-01
Baseline,BRIDGE,w17,2048,7,FUEL OIL,0,2048-07-01
Baseline,BRIDGE,w17,2048,7,GAS,124.0483981,2048-07-01
Baseline,BRIDGE,w17,2048,7,GEOTHERMAL,0,2048-07-01
Baseline,BRIDGE,w17,2048,7,HYDRO,4577.595125,2048-07-01
Baseline,BRIDGE,w17,2048,7,IMPORTS,0,2048-07-01
Baseline,BRIDGE,w17,2048,7,NUCLEAR,0,2048-07-01
Baseline,BRIDGE,w17,2048,7,PV,907.1876818,2048-07-01
Baseline,BRIDGE,w17,2048,7,WIND,419.3405638,2048-07-01
Baseline,BRIDGE,w17,2048,8,BIOENERGY,0,2048-08-01
Baseline,BRIDGE,w17,2048,8,DIESEL,0,2048-08-01
Baseline,BRIDGE,w17,2048,8,FUEL OIL,0,2048-08-01
Baseline,BRIDGE,w17,2048,8,GAS,731.1975844,2048-08-01
Baseline,BRIDGE,w17,2048,8,GEOTHERMAL,237.5435625,2048-08-01
Baseline,BRIDGE,w17,2048,8,HYDRO,3422.518973,2048-08-01
Baseline,BRIDGE,w17,2048,8,IMPORTS,0,2048-08-01
Baseline,BRIDGE,w17,2048,8,NUCLEAR,0,2048-08-01
Baseline,BRIDGE,w17,2048,8,PV,1144.614817,2048-08-01
Baseline,BRIDGE,w17,2048,8,WIND,475.7987102,2048-08-01
Baseline,BRIDGE,w17,2048,9,BIOENERGY,0,2048-09-01
Baseline,BRIDGE,w17,2048,9,DIESEL,0,2048-09-01
Baseline,BRIDGE,w17,2048,9,FUEL OIL,0,2048-09-01
Baseline,BRIDGE,w17,2048,9,GAS,790.2616601,2048-09-01
Baseline,BRIDGE,w17,2048,9,GEOTHERMAL,242.9580803,2048-09-01
Baseline,BRIDGE,w17,2048,9,HYDRO,3519.079106,2048-09-01
Baseline,BRIDGE,w17,2048,9,IMPORTS,0,2048-09-01
Baseline,BRIDGE,w17,2048,9,NUCLEAR,0,2048-09-01
Baseline,BRIDGE,w17,2048,9,PV,1129.190373,2048-09-01
Baseline,BRIDGE,w17,2048,9,WIND,470.6821439,2048-09-01
Baseline,BRIDGE,w17,2048,10,BIOENERGY,0,2048-10-01
Baseline,BRIDGE,w17,2048,10,DIESEL,0,2048-10-01
Baseline,BRIDGE,w17,2048,10,FUEL OIL,0,2048-10-01
Baseline,BRIDGE,w17,2048,10,GAS,804.2473042,2048-10-01
Baseline,BRIDGE,w17,2048,10,GEOTHERMAL,233.2355415,2048-10-01
Baseline,BRIDGE,w17,2048,10,HYDRO,3611.819178,2048-10-01
Baseline,BRIDGE,w17,2048,10,IMPORTS,0,2048-10-01
Baseline,BRIDGE,w17,2048,10,NUCLEAR,0,2048-10-01
Baseline,BRIDGE,w17,2048,10,PV,1076.56552,2048-10-01
Baseline,BRIDGE,w17,2048,10,WIND,446.4635604,2048-10-01
Baseline,BRIDGE,w17,2048,11,BIOENERGY,0,2048-11-01
Baseline,BRIDGE,w17,2048,11,DIESEL,0,2048-11-01
Baseline,BRIDGE,w17,2048,11,FUEL OIL,0,2048-11-01
Baseline,BRIDGE,w17,2048,11,GAS,1093.401722,2048-11-01
Baseline,BRIDGE,w17,2048,11,GEOTHERMAL,256.5574739,2048-11-01
Baseline,BRIDGE,w17,2048,11,HYDRO,3397.367714,2048-11-01
Baseline,BRIDGE,w17,2048,11,IMPORTS,2.527341497,2048-11-01
Baseline,BRIDGE,w17,2048,11,NUCLEAR,0,2048-11-01
Baseline,BRIDGE,w17,2048,11,PV,1111.748714,2048-11-01
Baseline,BRIDGE,w17,2048,11,WIND,435.6324708,2048-11-01
Baseline,BRIDGE,w17,2048,12,BIOENERGY,0,2048-12-01
Baseline,BRIDGE,w17,2048,12,DIESEL,0,2048-12-01
Baseline,BRIDGE,w17,2048,12,FUEL OIL,0,2048-12-01
Baseline,BRIDGE,w17,2048,12,GAS,1075.026421,2048-12-01
Baseline,BRIDGE,w17,2048,12,GEOTHERMAL,251.6873853,2048-12-01
Baseline,BRIDGE,w17,2048,12,HYDRO,3552.707993,2048-12-01
Baseline,BRIDGE,w17,2048,12,IMPORTS,10.75323905,2048-12-01
Baseline,BRIDGE,w17,2048,12,NUCLEAR,0,2048-12-01
Baseline,BRIDGE,w17,2048,12,PV,1099.089893,2048-12-01
Baseline,BRIDGE,w17,2048,12,WIND,458.5234043,2048-12-01
Baseline,BRIDGE,w17,2049,1,BIOENERGY,0,2049-01-01
Baseline,BRIDGE,w17,2049,1,DIESEL,0,2049-01-01
Baseline,BRIDGE,w17,2049,1,FUEL OIL,0,2049-01-01
Baseline,BRIDGE,w17,2049,1,GAS,1017.528952,2049-01-01
Baseline,BRIDGE,w17,2049,1,GEOTHERMAL,253.2473827,2049-01-01
Baseline,BRIDGE,w17,2049,1,HYDRO,3431.730327,2049-01-01
Baseline,BRIDGE,w17,2049,1,IMPORTS,17.55503275,2049-01-01
Baseline,BRIDGE,w17,2049,1,NUCLEAR,0,2049-01-01
Baseline,BRIDGE,w17,2049,1,PV,1119.953398,2049-01-01
Baseline,BRIDGE,w17,2049,1,WIND,453.14851,2049-01-01
Baseline,BRIDGE,w17,2049,2,BIOENERGY,0,2049-02-01
Baseline,BRIDGE,w17,2049,2,DIESEL,0,2049-02-01
Baseline,BRIDGE,w17,2049,2,FUEL OIL,0,2049-02-01
Baseline,BRIDGE,w17,2049,2,GAS,1017.884811,2049-02-01
Baseline,BRIDGE,w17,2049,2,GEOTHERMAL,242.5792523,2049-02-01
Baseline,BRIDGE,w17,2049,2,HYDRO,3400.97433,2049-02-01
Baseline,BRIDGE,w17,2049,2,IMPORTS,0,2049-02-01
Baseline,BRIDGE,w17,2049,2,NUCLEAR,0,2049-02-01
Baseline,BRIDGE,w17,2049,2,PV,1123.910429,2049-02-01
Baseline,BRIDGE,w17,2049,2,WIND,476.3545154,2049-02-01
Baseline,BRIDGE,w17,2049,3,BIOENERGY,0,2049-03-01
Baseline,BRIDGE,w17,2049,3,DIESEL,0,2049-03-01
Baseline,BRIDGE,w17,2049,3,FUEL OIL,0,2049-03-01
Baseline,BRIDGE,w17,2049,3,GAS,223.5362394,2049-03-01
Baseline,BRIDGE,w17,2049,3,GEOTHERMAL,241.4235487,2049-03-01
Baseline,BRIDGE,w17,2049,3,HYDRO,4571.175817,2049-03-01
Baseline,BRIDGE,w17,2049,3,IMPORTS,0,2049-03-01
Baseline,BRIDGE,w17,2049,3,NUCLEAR,0,2049-03-01
Baseline,BRIDGE,w17,2049,3,PV,933.5508334,2049-03-01
Baseline,BRIDGE,w17,2049,3,WIND,401.1616177,2049-03-01
Baseline,BRIDGE,w17,2049,4,BIOENERGY,0,2049-04-01
Baseline,BRIDGE,w17,2049,4,DIESEL,0,2049-04-01
Baseline,BRIDGE,w17,2049,4,FUEL OIL,0,2049-04-01
Baseline,BRIDGE,w17,2049,4,GAS,243.6895323,2049-04-01
Baseline,BRIDGE,w17,2049,4,GEOTHERMAL,236.0687631,2049-04-01
Baseline,BRIDGE,w17,2049,4,HYDRO,4587.026828,2049-04-01
Baseline,BRIDGE,w17,2049,4,IMPORTS,0,2049-04-01
Baseline,BRIDGE,w17,2049,4,NUCLEAR,0,2049-04-01
Baseline,BRIDGE,w17,2049,4,PV,927.4299116,2049-04-01
Baseline,BRIDGE,w17,2049,4,WIND,409.0237838,2049-04-01
Baseline,BRIDGE,w17,2049,5,BIOENERGY,0,2049-05-01
Baseline,BRIDGE,w17,2049,5,DIESEL,0,2049-05-01
Baseline,BRIDGE,w17,2049,5,FUEL OIL,0,2049-05-01
Baseline,BRIDGE,w17,2049,5,GAS,220.3883751,2049-05-01
Baseline,BRIDGE,w17,2049,5,GEOTHERMAL,236.6765409,2049-05-01
Baseline,BRIDGE,w17,2049,5,HYDRO,4599.667816,2049-05-01
Baseline,BRIDGE,w17,2049,5,IMPORTS,0,2049-05-01
Baseline,BRIDGE,w17,2049,5,NUCLEAR,0,2049-05-01
Baseline,BRIDGE,w17,2049,5,PV,910.7781898,2049-05-01
Baseline,BRIDGE,w17,2049,5,WIND,404.0339454,2049-05-01
Baseline,BRIDGE,w17,2049,6,BIOENERGY,0,2049-06-01
Baseline,BRIDGE,w17,2049,6,DIESEL,0,2049-06-01
Baseline,BRIDGE,w17,2049,6,FUEL OIL,0,2049-06-01
Baseline,BRIDGE,w17,2049,6,GAS,138.4141733,2049-06-01
Baseline,BRIDGE,w17,2049,6,GEOTHERMAL,246.5827386,2049-06-01
Baseline,BRIDGE,w17,2049,6,HYDRO,4501.075013,2049-06-01
Baseline,BRIDGE,w17,2049,6,IMPORTS,0,2049-06-01
Baseline,BRIDGE,w17,2049,6,NUCLEAR,0,2049-06-01
Baseline,BRIDGE,w17,2049,6,PV,945.5653002,2049-06-01
Baseline,BRIDGE,w17,2049,6,WIND,399.7089489,2049-06-01
Baseline,BRIDGE,w17,2049,7,BIOENERGY,0,2049-07-01
Baseline,BRIDGE,w17,2049,7,DIESEL,0,2049-07-01
Baseline,BRIDGE,w17,2049,7,FUEL OIL,0,2049-07-01
Baseline,BRIDGE,w17,2049,7,GAS,238.608913,2049-07-01
Baseline,BRIDGE,w17,2049,7,GEOTHERMAL,0,2049-07-01
Baseline,BRIDGE,w17,2049,7,HYDRO,4567.119272,2049-07-01
Baseline,BRIDGE,w17,2049,7,IMPORTS,0,2049-07-01
Baseline,BRIDGE,w17,2049,7,NUCLEAR,0,2049-07-01
Baseline,BRIDGE,w17,2049,7,PV,931.031416,2049-07-01
Baseline,BRIDGE,w17,2049,7,WIND,411.9756034,2049-07-01
Baseline,BRIDGE,w17,2049,8,BIOENERGY,0,2049-08-01
Baseline,BRIDGE,w17,2049,8,DIESEL,0,2049-08-01
Baseline,BRIDGE,w17,2049,8,FUEL OIL,0,2049-08-01
Baseline,BRIDGE,w17,2049,8,GAS,687.0367494,2049-08-01
Baseline,BRIDGE,w17,2049,8,GEOTHERMAL,243.1171781,2049-08-01
Baseline,BRIDGE,w17,2049,8,HYDRO,3613.922028,2049-08-01
Baseline,BRIDGE,w17,2049,8,IMPORTS,0,2049-08-01
Baseline,BRIDGE,w17,2049,8,NUCLEAR,0,2049-08-01
Baseline,BRIDGE,w17,2049,8,PV,1119.589997,2049-08-01
Baseline,BRIDGE,w17,2049,8,WIND,468.2411671,2049-08-01
Baseline,BRIDGE,w17,2049,9,BIOENERGY,0,2049-09-01
Baseline,BRIDGE,w17,2049,9,DIESEL,0,2049-09-01
Baseline,BRIDGE,w17,2049,9,FUEL OIL,0,2049-09-01
Baseline,BRIDGE,w17,2049,9,GAS,867.614313,2049-09-01
Baseline,BRIDGE,w17,2049,9,GEOTHERMAL,245.9124972,2049-09-01
Baseline,BRIDGE,w17,2049,9,HYDRO,3536.512173,2049-09-01
Baseline,BRIDGE,w17,2049,9,IMPORTS,2.701819944,2049-09-01
Baseline,BRIDGE,w17,2049,9,NUCLEAR,0,2049-09-01
Baseline,BRIDGE,w17,2049,9,PV,1156.462453,2049-09-01
Baseline,BRIDGE,w17,2049,9,WIND,466.0115344,2049-09-01
Baseline,BRIDGE,w17,2049,10,BIOENERGY,0,2049-10-01
Baseline,BRIDGE,w17,2049,10,DIESEL,0,2049-10-01
Baseline,BRIDGE,w17,2049,10,FUEL OIL,0,2049-10-01
Baseline,BRIDGE,w17,2049,10,GAS,1010.418969,2049-10-01
Baseline,BRIDGE,w17,2049,10,GEOTHERMAL,237.5174904,2049-10-01
Baseline,BRIDGE,w17,2049,10,HYDRO,3509.68176,2049-10-01
Baseline,BRIDGE,w17,2049,10,IMPORTS,0,2049-10-01
Baseline,BRIDGE,w17,2049,10,NUCLEAR,0,2049-10-01
Baseline,BRIDGE,w17,2049,10,PV,1061.729732,2049-10-01
Baseline,BRIDGE,w17,2049,10,WIND,476.4297734,2049-10-01
Baseline,BRIDGE,w17,2049,11,BIOENERGY,0,2049-11-01
Baseline,BRIDGE,w17,2049,11,DIESEL,0,2049-11-01
Baseline,BRIDGE,w17,2049,11,FUEL OIL,0,2049-11-01
Baseline,BRIDGE,w17,2049,11,GAS,1103.968276,2049-11-01
Baseline,BRIDGE,w17,2049,11,GEOTHERMAL,256.3847538,2049-11-01
Baseline,BRIDGE,w17,2049,11,HYDRO,3339.436838,2049-11-01
Baseline,BRIDGE,w17,2049,11,IMPORTS,134.9314312,2049-11-01
Baseline,BRIDGE,w17,2049,11,NUCLEAR,0,2049-11-01
Baseline,BRIDGE,w17,2049,11,PV,1107.310505,2049-11-01
Baseline,BRIDGE,w17,2049,11,WIND,481.1483412,2049-11-01
Baseline,BRIDGE,w17,2049,12,BIOENERGY,0,2049-12-01
Baseline,BRIDGE,w17,2049,12,DIESEL,0,2049-12-01
Baseline,BRIDGE,w17,2049,12,FUEL OIL,0,2049-12-01
Baseline,BRIDGE,w17,2049,12,GAS,1135.386247,2049-12-01
Baseline,BRIDGE,w17,2049,12,GEOTHERMAL,243.137342,2049-12-01
Baseline,BRIDGE,w17,2049,12,HYDRO,3491.999258,2049-12-01
Baseline,BRIDGE,w17,2049,12,IMPORTS,114.2363225,2049-12-01
Baseline,BRIDGE,w17,2049,12,NUCLEAR,0,2049-12-01
Baseline,BRIDGE,w17,2049,12,PV,1123.174131,2049-12-01
Baseline,BRIDGE,w17,2049,12,WIND,468.8108026,2049-12-01
Baseline,BRIDGE,w17,2050,1,BIOENERGY,0,2050-01-01
Baseline,BRIDGE,w17,2050,1,DIESEL,0,2050-01-01
Baseline,BRIDGE,w17,2050,1,FUEL OIL,0,2050-01-01
Baseline,BRIDGE,w17,2050,1,GAS,1108.11591,2050-01-01
Baseline,BRIDGE,w17,2050,1,GEOTHERMAL,236.7523634,2050-01-01
Baseline,BRIDGE,w17,2050,1,HYDRO,3426.813706,2050-01-01
Baseline,BRIDGE,w17,2050,1,IMPORTS,71.63041097,2050-01-01
Baseline,BRIDGE,w17,2050,1,NUCLEAR,0,2050-01-01
Baseline,BRIDGE,w17,2050,1,PV,1112.618395,2050-01-01
Baseline,BRIDGE,w17,2050,1,WIND,463.0960891,2050-01-01
Baseline,BRIDGE,w17,2050,2,BIOENERGY,0,2050-02-01
Baseline,BRIDGE,w17,2050,2,DIESEL,0,2050-02-01
Baseline,BRIDGE,w17,2050,2,FUEL OIL,0,2050-02-01
Baseline,BRIDGE,w17,2050,2,GAS,1093.048511,2050-02-01
Baseline,BRIDGE,w17,2050,2,GEOTHERMAL,226.2519356,2050-02-01
Baseline,BRIDGE,w17,2050,2,HYDRO,3438.281222,2050-02-01
Baseline,BRIDGE,w17,2050,2,IMPORTS,21.9999142,2050-02-01
Baseline,BRIDGE,w17,2050,2,NUCLEAR,0,2050-02-01
Baseline,BRIDGE,w17,2050,2,PV,1137.779199,2050-02-01
Baseline,BRIDGE,w17,2050,2,WIND,469.5766233,2050-02-01
Baseline,BRIDGE,w17,2050,3,BIOENERGY,0,2050-03-01
Baseline,BRIDGE,w17,2050,3,DIESEL,0,2050-03-01
Baseline,BRIDGE,w17,2050,3,FUEL OIL,0,2050-03-01
Baseline,BRIDGE,w17,2050,3,GAS,347.106303,2050-03-01
Baseline,BRIDGE,w17,2050,3,GEOTHERMAL,239.5431643,2050-03-01
Baseline,BRIDGE,w17,2050,3,HYDRO,4565.847433,2050-03-01
Baseline,BRIDGE,w17,2050,3,IMPORTS,0,2050-03-01
Baseline,BRIDGE,w17,2050,3,NUCLEAR,0,2050-03-01
Baseline,BRIDGE,w17,2050,3,PV,929.1550686,2050-03-01
Baseline,BRIDGE,w17,2050,3,WIND,416.613049,2050-03-01
Baseline,BRIDGE,w17,2050,4,BIOENERGY,0,2050-04-01
Baseline,BRIDGE,w17,2050,4,DIESEL,0,2050-04-01
Baseline,BRIDGE,w17,2050,4,FUEL OIL,0,2050-04-01
Baseline,BRIDGE,w17,2050,4,GAS,338.3619838,2050-04-01
Baseline,BRIDGE,w17,2050,4,GEOTHERMAL,241.506741,2050-04-01
Baseline,BRIDGE,w17,2050,4,HYDRO,4602.581176,2050-04-01
Baseline,BRIDGE,w17,2050,4,IMPORTS,0,2050-04-01
Baseline,BRIDGE,w17,2050,4,NUCLEAR,0,2050-04-01
Baseline,BRIDGE,w17,2050,4,PV,944.5738979,2050-04-01
Baseline,BRIDGE,w17,2050,4,WIND,404.2797966,2050-04-01
Baseline,BRIDGE,w17,2050,5,BIOENERGY,0,2050-05-01
Baseline,BRIDGE,w17,2050,5,DIESEL,0,2050-05-01
Baseline,BRIDGE,w17,2050,5,FUEL OIL,0,2050-05-01
Baseline,BRIDGE,w17,2050,5,GAS,318.7785137,2050-05-01
Baseline,BRIDGE,w17,2050,5,GEOTHERMAL,239.8075786,2050-05-01
Baseline,BRIDGE,w17,2050,5,HYDRO,4649.099282,2050-05-01
Baseline,BRIDGE,w17,2050,5,IMPORTS,0,2050-05-01
Baseline,BRIDGE,w17,2050,5,NUCLEAR,0,2050-05-01
Baseline,BRIDGE,w17,2050,5,PV,901.2325651,2050-05-01
Baseline,BRIDGE,w17,2050,5,WIND,390.057825,2050-05-01
Baseline,BRIDGE,w17,2050,6,BIOENERGY,0,2050-06-01
Baseline,BRIDGE,w17,2050,6,DIESEL,0,2050-06-01
Baseline,BRIDGE,w17,2050,6,FUEL OIL,0,2050-06-01
Baseline,BRIDGE,w17,2050,6,GAS,216.8022878,2050-06-01
Baseline,BRIDGE,w17,2050,6,GEOTHERMAL,245.2106965,2050-06-01
Baseline,BRIDGE,w17,2050,6,HYDRO,4554.526728,2050-06-01
Baseline,BRIDGE,w17,2050,6,IMPORTS,0,2050-06-01
Baseline,BRIDGE,w17,2050,6,NUCLEAR,0,2050-06-01
Baseline,BRIDGE,w17,2050,6,PV,923.7769625,2050-06-01
Baseline,BRIDGE,w17,2050,6,WIND,415.6564229,2050-06-01
Baseline,BRIDGE,w17,2050,7,BIOENERGY,0,2050-07-01
Baseline,BRIDGE,w17,2050,7,DIESEL,0,2050-07-01
Baseline,BRIDGE,w17,2050,7,FUEL OIL,0,2050-07-01
Baseline,BRIDGE,w17,2050,7,GAS,192.8419935,2050-07-01
Baseline,BRIDGE,w17,2050,7,GEOTHERMAL,240.8870981,2050-07-01
Baseline,BRIDGE,w17,2050,7,HYDRO,4528.160395,2050-07-01
Baseline,BRIDGE,w17,2050,7,IMPORTS,0,2050-07-01
Baseline,BRIDGE,w17,2050,7,NUCLEAR,0,2050-07-01
Baseline,BRIDGE,w17,2050,7,PV,910.6964015,2050-07-01
Baseline,BRIDGE,w17,2050,7,WIND,399.1240199,2050-07-01
Baseline,BRIDGE,w17,2050,8,BIOENERGY,0,2050-08-01
Baseline,BRIDGE,w17,2050,8,DIESEL,0,2050-08-01
Baseline,BRIDGE,w17,2050,8,FUEL OIL,0,2050-08-01
Baseline,BRIDGE,w17,2050,8,GAS,901.934645,2050-08-01
Baseline,BRIDGE,w17,2050,8,GEOTHERMAL,242.9527646,2050-08-01
Baseline,BRIDGE,w17,2050,8,HYDRO,3514.234249,2050-08-01
Baseline,BRIDGE,w17,2050,8,IMPORTS,0,2050-08-01
Baseline,BRIDGE,w17,2050,8,NUCLEAR,0,2050-08-01
Baseline,BRIDGE,w17,2050,8,PV,1133.788307,2050-08-01
Baseline,BRIDGE,w17,2050,8,WIND,461.635297,2050-08-01
Baseline,BRIDGE,w17,2050,9,BIOENERGY,0,2050-09-01
Baseline,BRIDGE,w17,2050,9,DIESEL,0,2050-09-01
Baseline,BRIDGE,w17,2050,9,FUEL OIL,0,2050-09-01
Baseline,BRIDGE,w17,2050,9,GAS,1082.567055,2050-09-01
Baseline,BRIDGE,w17,2050,9,GEOTHERMAL,234.2519032,2050-09-01
Baseline,BRIDGE,w17,2050,9,HYDRO,3442.592589,2050-09-01
Baseline,BRIDGE,w17,2050,9,IMPORTS,72.28357588,2050-09-01
Baseline,BRIDGE,w17,2050,9,NUCLEAR,0,2050-09-01
Baseline,BRIDGE,w17,2050,9,PV,1108.824813,2050-09-01
Baseline,BRIDGE,w17,2050,9,WIND,460.1991504,2050-09-01
Baseline,BRIDGE,w17,2050,10,BIOENERGY,0,2050-10-01
Baseline,BRIDGE,w17,2050,10,DIESEL,0,2050-10-01
Baseline,BRIDGE,w17,2050,10,FUEL OIL,0,2050-10-01
Baseline,BRIDGE,w17,2050,10,GAS,1098.058208,2050-10-01
Baseline,BRIDGE,w17,2050,10,GEOTHERMAL,236.5428537,2050-10-01
Baseline,BRIDGE,w17,2050,10,HYDRO,3511.704625,2050-10-01
Baseline,BRIDGE,w17,2050,10,IMPORTS,0,2050-10-01
Baseline,BRIDGE,w17,2050,10,NUCLEAR,0,2050-10-01
Baseline,BRIDGE,w17,2050,10,PV,1098.098559,2050-10-01
Baseline,BRIDGE,w17,2050,10,WIND,477.2890347,2050-10-01
Baseline,BRIDGE,w17,2050,11,BIOENERGY,0,2050-11-01
Baseline,BRIDGE,w17,2050,11,DIESEL,0,2050-11-01
Baseline,BRIDGE,w17,2050,11,FUEL OIL,0,2050-11-01
Baseline,BRIDGE,w17,2050,11,GAS,1109.074079,2050-11-01
Baseline,BRIDGE,w17,2050,11,GEOTHERMAL,233.6089284,2050-11-01
Baseline,BRIDGE,w17,2050,11,HYDRO,3408.574813,2050-11-01
Baseline,BRIDGE,w17,2050,11,IMPORTS,214.0712509,2050-11-01
Baseline,BRIDGE,w17,2050,11,NUCLEAR,0,2050-11-01
Baseline,BRIDGE,w17,2050,11,PV,1102.82114,2050-11-01
Baseline,BRIDGE,w17,2050,11,WIND,483.4935373,2050-11-01
Baseline,BRIDGE,w17,2050,12,BIOENERGY,0,2050-12-01
Baseline,BRIDGE,w17,2050,12,DIESEL,0,2050-12-01
Baseline,BRIDGE,w17,2050,12,FUEL OIL,0,2050-12-01
Baseline,BRIDGE,w17,2050,12,GAS,1078.481168,2050-12-01
Baseline,BRIDGE,w17,2050,12,GEOTHERMAL,244.3392579,2050-12-01
Baseline,BRIDGE,w17,2050,12,HYDRO,3485.533078,2050-12-01
Baseline,BRIDGE,w17,2050,12,IMPORTS,296.8074201,2050-12-01
Baseline,BRIDGE,w17,2050,12,NUCLEAR,0,2050-12-01
Baseline,BRIDGE,w17,2050,12,PV,1132.267672,2050-12-01
Baseline,BRIDGE,w17,2050,12,WIND,470.850388,2050-12-01
Baseline,NZT,w22,2025,1,BIOENERGY,92.89518445,2025-01-01
Baseline,NZT,w22,2025,1,DIESEL,173.3241033,2025-01-01
Baseline,NZT,w22,2025,1,FUEL OIL,375.0468641,2025-01-01
Baseline,NZT,w22,2025,1,GAS,189.1275856,2025-01-01
Baseline,NZT,w22,2025,1,GEOTHERMAL,0,2025-01-01
Baseline,NZT,w22,2025,1,HYDRO,2212.819825,2025-01-01
Baseline,NZT,w22,2025,1,IMPORTS,0,2025-01-01
Baseline,NZT,w22,2025,1,NUCLEAR,0,2025-01-01
Baseline,NZT,w22,2025,1,PV,274.0862473,2025-01-01
Baseline,NZT,w22,2025,1,WIND,141.9389355,2025-01-01
Baseline,NZT,w22,2025,2,BIOENERGY,92.92268847,2025-02-01
Baseline,NZT,w22,2025,2,DIESEL,110.7080301,2025-02-01
Baseline,NZT,w22,2025,2,FUEL OIL,417.8310007,2025-02-01
Baseline,NZT,w22,2025,2,GAS,278.3657143,2025-02-01
Baseline,NZT,w22,2025,2,GEOTHERMAL,0,2025-02-01
Baseline,NZT,w22,2025,2,HYDRO,2125.178317,2025-02-01
Baseline,NZT,w22,2025,2,IMPORTS,0,2025-02-01
Baseline,NZT,w22,2025,2,NUCLEAR,0,2025-02-01
Baseline,NZT,w22,2025,2,PV,274.9519481,2025-02-01
Baseline,NZT,w22,2025,2,WIND,141.9879055,2025-02-01
Baseline,NZT,w22,2025,3,BIOENERGY,85.79145541,2025-03-01
Baseline,NZT,w22,2025,3,DIESEL,0,2025-03-01
Baseline,NZT,w22,2025,3,FUEL OIL,188.0840524,2025-03-01
Baseline,NZT,w22,2025,3,GAS,81.85084364,2025-03-01
Baseline,NZT,w22,2025,3,GEOTHERMAL,0,2025-03-01
Baseline,NZT,w22,2025,3,HYDRO,2783.797872,2025-03-01
Baseline,NZT,w22,2025,3,IMPORTS,0,2025-03-01
Baseline,NZT,w22,2025,3,NUCLEAR,0,2025-03-01
Baseline,NZT,w22,2025,3,PV,234.6921811,2025-03-01
Baseline,NZT,w22,2025,3,WIND,127.7240874,2025-03-01
Baseline,NZT,w22,2025,4,BIOENERGY,93.00684073,2025-04-01
Baseline,NZT,w22,2025,4,DIESEL,0,2025-04-01
Baseline,NZT,w22,2025,4,FUEL OIL,261.4319083,2025-04-01
Baseline,NZT,w22,2025,4,GAS,62.23218053,2025-04-01
Baseline,NZT,w22,2025,4,GEOTHERMAL,0,2025-04-01
Baseline,NZT,w22,2025,4,HYDRO,2748.520683,2025-04-01
Baseline,NZT,w22,2025,4,IMPORTS,0,2025-04-01
Baseline,NZT,w22,2025,4,NUCLEAR,0,2025-04-01
Baseline,NZT,w22,2025,4,PV,226.1956237,2025-04-01
Baseline,NZT,w22,2025,4,WIND,128.3578745,2025-04-01
Baseline,NZT,w22,2025,5,BIOENERGY,87.74287096,2025-05-01
Baseline,NZT,w22,2025,5,DIESEL,0,2025-05-01
Baseline,NZT,w22,2025,5,FUEL OIL,198.5447346,2025-05-01
Baseline,NZT,w22,2025,5,GAS,35.68678539,2025-05-01
Baseline,NZT,w22,2025,5,GEOTHERMAL,0,2025-05-01
Baseline,NZT,w22,2025,5,HYDRO,2820.801972,2025-05-01
Baseline,NZT,w22,2025,5,IMPORTS,0,2025-05-01
Baseline,NZT,w22,2025,5,NUCLEAR,0,2025-05-01
Baseline,NZT,w22,2025,5,PV,231.2056969,2025-05-01
Baseline,NZT,w22,2025,5,WIND,128.3414565,2025-05-01
Baseline,NZT,w22,2025,6,BIOENERGY,89.57296312,2025-06-01
Baseline,NZT,w22,2025,6,DIESEL,0,2025-06-01
Baseline,NZT,w22,2025,6,FUEL OIL,165.9155074,2025-06-01
Baseline,NZT,w22,2025,6,GAS,61.50811345,2025-06-01
Baseline,NZT,w22,2025,6,GEOTHERMAL,0,2025-06-01
Baseline,NZT,w22,2025,6,HYDRO,2726.48365,2025-06-01
Baseline,NZT,w22,2025,6,IMPORTS,0,2025-06-01
Baseline,NZT,w22,2025,6,NUCLEAR,0,2025-06-01
Baseline,NZT,w22,2025,6,PV,246.4546681,2025-06-01
Baseline,NZT,w22,2025,6,WIND,135.3239163,2025-06-01
Baseline,NZT,w22,2025,7,BIOENERGY,83.87678046,2025-07-01
Baseline,NZT,w22,2025,7,DIESEL,0,2025-07-01
Baseline,NZT,w22,2025,7,FUEL OIL,175.7417749,2025-07-01
Baseline,NZT,w22,2025,7,GAS,62.73811052,2025-07-01
Baseline,NZT,w22,2025,7,GEOTHERMAL,0,2025-07-01
Baseline,NZT,w22,2025,7,HYDRO,2710.127895,2025-07-01
Baseline,NZT,w22,2025,7,IMPORTS,0,2025-07-01
Baseline,NZT,w22,2025,7,NUCLEAR,0,2025-07-01
Baseline,NZT,w22,2025,7,PV,228.1274321,2025-07-01
Baseline,NZT,w22,2025,7,WIND,119.2370626,2025-07-01
Baseline,NZT,w22,2025,8,BIOENERGY,90.31030062,2025-08-01
Baseline,NZT,w22,2025,8,DIESEL,147.0177089,2025-08-01
Baseline,NZT,w22,2025,8,FUEL OIL,275.8198815,2025-08-01
Baseline,NZT,w22,2025,8,GAS,191.8297918,2025-08-01
Baseline,NZT,w22,2025,8,GEOTHERMAL,0,2025-08-01
Baseline,NZT,w22,2025,8,HYDRO,2257.363817,2025-08-01
Baseline,NZT,w22,2025,8,IMPORTS,0,2025-08-01
Baseline,NZT,w22,2025,8,NUCLEAR,0,2025-08-01
Baseline,NZT,w22,2025,8,PV,276.4965714,2025-08-01
Baseline,NZT,w22,2025,8,WIND,131.7608887,2025-08-01
Baseline,NZT,w22,2025,9,BIOENERGY,91.59008857,2025-09-01
Baseline,NZT,w22,2025,9,DIESEL,110.4986738,2025-09-01
Baseline,NZT,w22,2025,9,FUEL OIL,388.5524187,2025-09-01
Baseline,NZT,w22,2025,9,GAS,216.4615132,2025-09-01
Baseline,NZT,w22,2025,9,GEOTHERMAL,0,2025-09-01
Baseline,NZT,w22,2025,9,HYDRO,2217.887092,2025-09-01
Baseline,NZT,w22,2025,9,IMPORTS,0,2025-09-01
Baseline,NZT,w22,2025,9,NUCLEAR,0,2025-09-01
Baseline,NZT,w22,2025,9,PV,275.4239743,2025-09-01
Baseline,NZT,w22,2025,9,WIND,148.9588459,2025-09-01
Baseline,NZT,w22,2025,10,BIOENERGY,94.28721699,2025-10-01
Baseline,NZT,w22,2025,10,DIESEL,112.2904352,2025-10-01
Baseline,NZT,w22,2025,10,FUEL OIL,329.5425305,2025-10-01
Baseline,NZT,w22,2025,10,GAS,264.4983929,2025-10-01
Baseline,NZT,w22,2025,10,GEOTHERMAL,0,2025-10-01
Baseline,NZT,w22,2025,10,HYDRO,2239.124628,2025-10-01
Baseline,NZT,w22,2025,10,IMPORTS,0,2025-10-01
Baseline,NZT,w22,2025,10,NUCLEAR,0,2025-10-01
Baseline,NZT,w22,2025,10,PV,287.1253923,2025-10-01
Baseline,NZT,w22,2025,10,WIND,133.807086,2025-10-01
Baseline,NZT,w22,2025,11,BIOENERGY,90.72554758,2025-11-01
Baseline,NZT,w22,2025,11,DIESEL,111.5824396,2025-11-01
Baseline,NZT,w22,2025,11,FUEL OIL,439.0100773,2025-11-01
Baseline,NZT,w22,2025,11,GAS,259.4954482,2025-11-01
Baseline,NZT,w22,2025,11,GEOTHERMAL,0,2025-11-01
Baseline,NZT,w22,2025,11,HYDRO,2185.694976,2025-11-01
Baseline,NZT,w22,2025,11,IMPORTS,0,2025-11-01
Baseline,NZT,w22,2025,11,NUCLEAR,0,2025-11-01
Baseline,NZT,w22,2025,11,PV,303.6869753,2025-11-01
Baseline,NZT,w22,2025,11,WIND,140.5110346,2025-11-01
Baseline,NZT,w22,2025,12,BIOENERGY,92.62875782,2025-12-01
Baseline,NZT,w22,2025,12,DIESEL,158.5614257,2025-12-01
Baseline,NZT,w22,2025,12,FUEL OIL,459.3257651,2025-12-01
Baseline,NZT,w22,2025,12,GAS,187.5916288,2025-12-01
Baseline,NZT,w22,2025,12,GEOTHERMAL,0,2025-12-01
Baseline,NZT,w22,2025,12,HYDRO,2271.776755,2025-12-01
Baseline,NZT,w22,2025,12,IMPORTS,0,2025-12-01
Baseline,NZT,w22,2025,12,NUCLEAR,0,2025-12-01
Baseline,NZT,w22,2025,12,PV,294.3834794,2025-12-01
Baseline,NZT,w22,2025,12,WIND,150.8500293,2025-12-01
Baseline,NZT,w22,2026,1,BIOENERGY,90.8818558,2026-01-01
Baseline,NZT,w22,2026,1,DIESEL,112.4289561,2026-01-01
Baseline,NZT,w22,2026,1,FUEL OIL,177.0075405,2026-01-01
Baseline,NZT,w22,2026,1,GAS,279.3075761,2026-01-01
Baseline,NZT,w22,2026,1,GEOTHERMAL,124.1211472,2026-01-01
Baseline,NZT,w22,2026,1,HYDRO,2310.709849,2026-01-01
Baseline,NZT,w22,2026,1,IMPORTS,0,2026-01-01
Baseline,NZT,w22,2026,1,NUCLEAR,0,2026-01-01
Baseline,NZT,w22,2026,1,PV,348.7039178,2026-01-01
Baseline,NZT,w22,2026,1,WIND,143.3778893,2026-01-01
Baseline,NZT,w22,2026,2,BIOENERGY,85.33734316,2026-02-01
Baseline,NZT,w22,2026,2,DIESEL,114.246566,2026-02-01
Baseline,NZT,w22,2026,2,FUEL OIL,162.2826812,2026-02-01
Baseline,NZT,w22,2026,2,GAS,282.2798983,2026-02-01
Baseline,NZT,w22,2026,2,GEOTHERMAL,116.4182735,2026-02-01
Baseline,NZT,w22,2026,2,HYDRO,2313.988595,2026-02-01
Baseline,NZT,w22,2026,2,IMPORTS,0,2026-02-01
Baseline,NZT,w22,2026,2,NUCLEAR,0,2026-02-01
Baseline,NZT,w22,2026,2,PV,359.2164655,2026-02-01
Baseline,NZT,w22,2026,2,WIND,134.8393797,2026-02-01
Baseline,NZT,w22,2026,3,BIOENERGY,0,2026-03-01
Baseline,NZT,w22,2026,3,DIESEL,0,2026-03-01
Baseline,NZT,w22,2026,3,FUEL OIL,47.87708577,2026-03-01
Baseline,NZT,w22,2026,3,GAS,0,2026-03-01
Baseline,NZT,w22,2026,3,GEOTHERMAL,122.7060891,2026-03-01
Baseline,NZT,w22,2026,3,HYDRO,3043.56919,2026-03-01
Baseline,NZT,w22,2026,3,IMPORTS,0,2026-03-01
Baseline,NZT,w22,2026,3,NUCLEAR,0,2026-03-01
Baseline,NZT,w22,2026,3,PV,292.8574504,2026-03-01
Baseline,NZT,w22,2026,3,WIND,123.802086,2026-03-01
Baseline,NZT,w22,2026,4,BIOENERGY,0,2026-04-01
Baseline,NZT,w22,2026,4,DIESEL,0,2026-04-01
Baseline,NZT,w22,2026,4,FUEL OIL,57.20774727,2026-04-01
Baseline,NZT,w22,2026,4,GAS,0,2026-04-01
Baseline,NZT,w22,2026,4,GEOTHERMAL,118.1948129,2026-04-01
Baseline,NZT,w22,2026,4,HYDRO,3049.525856,2026-04-01
Baseline,NZT,w22,2026,4,IMPORTS,0,2026-04-01
Baseline,NZT,w22,2026,4,NUCLEAR,0,2026-04-01
Baseline,NZT,w22,2026,4,PV,297.897896,2026-04-01
Baseline,NZT,w22,2026,4,WIND,126.4454183,2026-04-01
Baseline,NZT,w22,2026,5,BIOENERGY,0,2026-05-01
Baseline,NZT,w22,2026,5,DIESEL,0,2026-05-01
Baseline,NZT,w22,2026,5,FUEL OIL,55.68217964,2026-05-01
Baseline,NZT,w22,2026,5,GAS,0,2026-05-01
Baseline,NZT,w22,2026,5,GEOTHERMAL,0,2026-05-01
Baseline,NZT,w22,2026,5,HYDRO,3163.063422,2026-05-01
Baseline,NZT,w22,2026,5,IMPORTS,0,2026-05-01
Baseline,NZT,w22,2026,5,NUCLEAR,0,2026-05-01
Baseline,NZT,w22,2026,5,PV,291.0354457,2026-05-01
Baseline,NZT,w22,2026,5,WIND,121.4279738,2026-05-01
Baseline,NZT,w22,2026,6,BIOENERGY,0,2026-06-01
Baseline,NZT,w22,2026,6,DIESEL,0,2026-06-01
Baseline,NZT,w22,2026,6,FUEL OIL,54.23416787,2026-06-01
Baseline,NZT,w22,2026,6,GAS,0,2026-06-01
Baseline,NZT,w22,2026,6,GEOTHERMAL,0,2026-06-01
Baseline,NZT,w22,2026,6,HYDRO,3079.424446,2026-06-01
Baseline,NZT,w22,2026,6,IMPORTS,0,2026-06-01
Baseline,NZT,w22,2026,6,NUCLEAR,0,2026-06-01
Baseline,NZT,w22,2026,6,PV,299.3706823,2026-06-01
Baseline,NZT,w22,2026,6,WIND,118.2790465,2026-06-01
Baseline,NZT,w22,2026,7,BIOENERGY,0,2026-07-01
Baseline,NZT,w22,2026,7,DIESEL,0,2026-07-01
Baseline,NZT,w22,2026,7,FUEL OIL,0,2026-07-01
Baseline,NZT,w22,2026,7,GAS,0,2026-07-01
Baseline,NZT,w22,2026,7,GEOTHERMAL,0,2026-07-01
Baseline,NZT,w22,2026,7,HYDRO,3096.033126,2026-07-01
Baseline,NZT,w22,2026,7,IMPORTS,0,2026-07-01
Baseline,NZT,w22,2026,7,NUCLEAR,0,2026-07-01
Baseline,NZT,w22,2026,7,PV,291.8565564,2026-07-01
Baseline,NZT,w22,2026,7,WIND,115.6216236,2026-07-01
Baseline,NZT,w22,2026,8,BIOENERGY,88.85829364,2026-08-01
Baseline,NZT,w22,2026,8,DIESEL,111.0379692,2026-08-01
Baseline,NZT,w22,2026,8,FUEL OIL,105.7447386,2026-08-01
Baseline,NZT,w22,2026,8,GAS,132.884597,2026-08-01
Baseline,NZT,w22,2026,8,GEOTHERMAL,121.7326724,2026-08-01
Baseline,NZT,w22,2026,8,HYDRO,2442.860816,2026-08-01
Baseline,NZT,w22,2026,8,IMPORTS,0,2026-08-01
Baseline,NZT,w22,2026,8,NUCLEAR,0,2026-08-01
Baseline,NZT,w22,2026,8,PV,348.6112962,2026-08-01
Baseline,NZT,w22,2026,8,WIND,142.9066188,2026-08-01
Baseline,NZT,w22,2026,9,BIOENERGY,88.75273432,2026-09-01
Baseline,NZT,w22,2026,9,DIESEL,111.4573028,2026-09-01
Baseline,NZT,w22,2026,9,FUEL OIL,173.7265941,2026-09-01
Baseline,NZT,w22,2026,9,GAS,189.291929,2026-09-01
Baseline,NZT,w22,2026,9,GEOTHERMAL,131.061965,2026-09-01
Baseline,NZT,w22,2026,9,HYDRO,2399.075853,2026-09-01
Baseline,NZT,w22,2026,9,IMPORTS,0,2026-09-01
Baseline,NZT,w22,2026,9,NUCLEAR,0,2026-09-01
Baseline,NZT,w22,2026,9,PV,345.4989676,2026-09-01
Baseline,NZT,w22,2026,9,WIND,137.4441733,2026-09-01
Baseline,NZT,w22,2026,10,BIOENERGY,92.54263916,2026-10-01
Baseline,NZT,w22,2026,10,DIESEL,110.4648089,2026-10-01
Baseline,NZT,w22,2026,10,FUEL OIL,136.5725991,2026-10-01
Baseline,NZT,w22,2026,10,GAS,240.0310756,2026-10-01
Baseline,NZT,w22,2026,10,GEOTHERMAL,124.4932209,2026-10-01
Baseline,NZT,w22,2026,10,HYDRO,2387.170623,2026-10-01
Baseline,NZT,w22,2026,10,IMPORTS,0,2026-10-01
Baseline,NZT,w22,2026,10,NUCLEAR,0,2026-10-01
Baseline,NZT,w22,2026,10,PV,361.973173,2026-10-01
Baseline,NZT,w22,2026,10,WIND,134.7804073,2026-10-01
Baseline,NZT,w22,2026,11,BIOENERGY,94.27808757,2026-11-01
Baseline,NZT,w22,2026,11,DIESEL,113.9330873,2026-11-01
Baseline,NZT,w22,2026,11,FUEL OIL,145.7155973,2026-11-01
Baseline,NZT,w22,2026,11,GAS,258.8181599,2026-11-01
Baseline,NZT,w22,2026,11,GEOTHERMAL,120.8337533,2026-11-01
Baseline,NZT,w22,2026,11,HYDRO,2438.919935,2026-11-01
Baseline,NZT,w22,2026,11,IMPORTS,0,2026-11-01
Baseline,NZT,w22,2026,11,NUCLEAR,0,2026-11-01
Baseline,NZT,w22,2026,11,PV,356.9647696,2026-11-01
Baseline,NZT,w22,2026,11,WIND,131.1731078,2026-11-01
Baseline,NZT,w22,2026,12,BIOENERGY,82.26948463,2026-12-01
Baseline,NZT,w22,2026,12,DIESEL,112.1766983,2026-12-01
Baseline,NZT,w22,2026,12,FUEL OIL,366.1595733,2026-12-01
Baseline,NZT,w22,2026,12,GAS,279.8658734,2026-12-01
Baseline,NZT,w22,2026,12,GEOTHERMAL,116.1624558,2026-12-01
Baseline,NZT,w22,2026,12,HYDRO,2303.609093,2026-12-01
Baseline,NZT,w22,2026,12,IMPORTS,0,2026-12-01
Baseline,NZT,w22,2026,12,NUCLEAR,0,2026-12-01
Baseline,NZT,w22,2026,12,PV,349.0731494,2026-12-01
Baseline,NZT,w22,2026,12,WIND,138.8378506,2026-12-01
Baseline,NZT,w22,2027,1,BIOENERGY,88.8637377,2027-01-01
Baseline,NZT,w22,2027,1,DIESEL,39.34208327,2027-01-01
Baseline,NZT,w22,2027,1,FUEL OIL,106.4144263,2027-01-01
Baseline,NZT,w22,2027,1,GAS,228.8398244,2027-01-01
Baseline,NZT,w22,2027,1,GEOTHERMAL,116.6229654,2027-01-01
Baseline,NZT,w22,2027,1,HYDRO,2512.568794,2027-01-01
Baseline,NZT,w22,2027,1,IMPORTS,0,2027-01-01
Baseline,NZT,w22,2027,1,NUCLEAR,0,2027-01-01
Baseline,NZT,w22,2027,1,PV,402.2479967,2027-01-01
Baseline,NZT,w22,2027,1,WIND,192.0619879,2027-01-01
Baseline,NZT,w22,2027,2,BIOENERGY,84.20947551,2027-02-01
Baseline,NZT,w22,2027,2,DIESEL,76.4489859,2027-02-01
Baseline,NZT,w22,2027,2,FUEL OIL,104.1095175,2027-02-01
Baseline,NZT,w22,2027,2,GAS,179.5348891,2027-02-01
Baseline,NZT,w22,2027,2,GEOTHERMAL,114.0939175,2027-02-01
Baseline,NZT,w22,2027,2,HYDRO,2525.989549,2027-02-01
Baseline,NZT,w22,2027,2,IMPORTS,0,2027-02-01
Baseline,NZT,w22,2027,2,NUCLEAR,0,2027-02-01
Baseline,NZT,w22,2027,2,PV,400.8424238,2027-02-01
Baseline,NZT,w22,2027,2,WIND,183.3015024,2027-02-01
Baseline,NZT,w22,2027,3,BIOENERGY,0,2027-03-01
Baseline,NZT,w22,2027,3,DIESEL,0,2027-03-01
Baseline,NZT,w22,2027,3,FUEL OIL,14.06989063,2027-03-01
Baseline,NZT,w22,2027,3,GAS,0,2027-03-01
Baseline,NZT,w22,2027,3,GEOTHERMAL,0,2027-03-01
Baseline,NZT,w22,2027,3,HYDRO,3221.95091,2027-03-01
Baseline,NZT,w22,2027,3,IMPORTS,0,2027-03-01
Baseline,NZT,w22,2027,3,NUCLEAR,0,2027-03-01
Baseline,NZT,w22,2027,3,PV,330.7640775,2027-03-01
Baseline,NZT,w22,2027,3,WIND,165.6897573,2027-03-01
Baseline,NZT,w22,2027,4,BIOENERGY,0,2027-04-01
Baseline,NZT,w22,2027,4,DIESEL,0,2027-04-01
Baseline,NZT,w22,2027,4,FUEL OIL,15.18013084,2027-04-01
Baseline,NZT,w22,2027,4,GAS,0,2027-04-01
Baseline,NZT,w22,2027,4,GEOTHERMAL,0,2027-04-01
Baseline,NZT,w22,2027,4,HYDRO,3266.771634,2027-04-01
Baseline,NZT,w22,2027,4,IMPORTS,0,2027-04-01
Baseline,NZT,w22,2027,4,NUCLEAR,0,2027-04-01
Baseline,NZT,w22,2027,4,PV,319.1458747,2027-04-01
Baseline,NZT,w22,2027,4,WIND,150.3536998,2027-04-01
Baseline,NZT,w22,2027,5,BIOENERGY,0,2027-05-01
Baseline,NZT,w22,2027,5,DIESEL,0,2027-05-01
Baseline,NZT,w22,2027,5,FUEL OIL,14.09377483,2027-05-01
Baseline,NZT,w22,2027,5,GAS,0,2027-05-01
Baseline,NZT,w22,2027,5,GEOTHERMAL,0,2027-05-01
Baseline,NZT,w22,2027,5,HYDRO,3211.607045,2027-05-01
Baseline,NZT,w22,2027,5,IMPORTS,0,2027-05-01
Baseline,NZT,w22,2027,5,NUCLEAR,0,2027-05-01
Baseline,NZT,w22,2027,5,PV,339.0089139,2027-05-01
Baseline,NZT,w22,2027,5,WIND,168.1731399,2027-05-01
Baseline,NZT,w22,2027,6,BIOENERGY,0,2027-06-01
Baseline,NZT,w22,2027,6,DIESEL,0,2027-06-01
Baseline,NZT,w22,2027,6,FUEL OIL,12.72227919,2027-06-01
Baseline,NZT,w22,2027,6,GAS,0,2027-06-01
Baseline,NZT,w22,2027,6,GEOTHERMAL,0,2027-06-01
Baseline,NZT,w22,2027,6,HYDRO,3151.278771,2027-06-01
Baseline,NZT,w22,2027,6,IMPORTS,0,2027-06-01
Baseline,NZT,w22,2027,6,NUCLEAR,0,2027-06-01
Baseline,NZT,w22,2027,6,PV,332.7402777,2027-06-01
Baseline,NZT,w22,2027,6,WIND,154.0036481,2027-06-01
Baseline,NZT,w22,2027,7,BIOENERGY,0,2027-07-01
Baseline,NZT,w22,2027,7,DIESEL,0,2027-07-01
Baseline,NZT,w22,2027,7,FUEL OIL,12.70004987,2027-07-01
Baseline,NZT,w22,2027,7,GAS,0,2027-07-01
Baseline,NZT,w22,2027,7,GEOTHERMAL,0,2027-07-01
Baseline,NZT,w22,2027,7,HYDRO,3087.884179,2027-07-01
Baseline,NZT,w22,2027,7,IMPORTS,0,2027-07-01
Baseline,NZT,w22,2027,7,NUCLEAR,0,2027-07-01
Baseline,NZT,w22,2027,7,PV,350.1994385,2027-07-01
Baseline,NZT,w22,2027,7,WIND,151.5622026,2027-07-01
Baseline,NZT,w22,2027,8,BIOENERGY,80.59622295,2027-08-01
Baseline,NZT,w22,2027,8,DIESEL,109.3697832,2027-08-01
Baseline,NZT,w22,2027,8,FUEL OIL,107.4398879,2027-08-01
Baseline,NZT,w22,2027,8,GAS,63.14758116,2027-08-01
Baseline,NZT,w22,2027,8,GEOTHERMAL,116.7311169,2027-08-01
Baseline,NZT,w22,2027,8,HYDRO,2569.966267,2027-08-01
Baseline,NZT,w22,2027,8,IMPORTS,0,2027-08-01
Baseline,NZT,w22,2027,8,NUCLEAR,0,2027-08-01
Baseline,NZT,w22,2027,8,PV,383.6617492,2027-08-01
Baseline,NZT,w22,2027,8,WIND,161.5742297,2027-08-01
Baseline,NZT,w22,2027,9,BIOENERGY,86.64442867,2027-09-01
Baseline,NZT,w22,2027,9,DIESEL,70.98864005,2027-09-01
Baseline,NZT,w22,2027,9,FUEL OIL,105.5919106,2027-09-01
Baseline,NZT,w22,2027,9,GAS,256.6733755,2027-09-01
Baseline,NZT,w22,2027,9,GEOTHERMAL,113.3600175,2027-09-01
Baseline,NZT,w22,2027,9,HYDRO,2474.033602,2027-09-01
Baseline,NZT,w22,2027,9,IMPORTS,0,2027-09-01
Baseline,NZT,w22,2027,9,NUCLEAR,0,2027-09-01
Baseline,NZT,w22,2027,9,PV,397.5294826,2027-09-01
Baseline,NZT,w22,2027,9,WIND,171.6247283,2027-09-01
Baseline,NZT,w22,2027,10,BIOENERGY,89.97770305,2027-10-01
Baseline,NZT,w22,2027,10,DIESEL,110.1891608,2027-10-01
Baseline,NZT,w22,2027,10,FUEL OIL,105.7481103,2027-10-01
Baseline,NZT,w22,2027,10,GAS,109.0690606,2027-10-01
Baseline,NZT,w22,2027,10,GEOTHERMAL,123.2727883,2027-10-01
Baseline,NZT,w22,2027,10,HYDRO,2571.09481,2027-10-01
Baseline,NZT,w22,2027,10,IMPORTS,0,2027-10-01
Baseline,NZT,w22,2027,10,NUCLEAR,0,2027-10-01
Baseline,NZT,w22,2027,10,PV,384.6412405,2027-10-01
Baseline,NZT,w22,2027,10,WIND,194.5004734,2027-10-01
Baseline,NZT,w22,2027,11,BIOENERGY,83.89703638,2027-11-01
Baseline,NZT,w22,2027,11,DIESEL,110.0470888,2027-11-01
Baseline,NZT,w22,2027,11,FUEL OIL,108.8043171,2027-11-01
Baseline,NZT,w22,2027,11,GAS,185.2754452,2027-11-01
Baseline,NZT,w22,2027,11,GEOTHERMAL,113.3453964,2027-11-01
Baseline,NZT,w22,2027,11,HYDRO,2599.660038,2027-11-01
Baseline,NZT,w22,2027,11,IMPORTS,0,2027-11-01
Baseline,NZT,w22,2027,11,NUCLEAR,0,2027-11-01
Baseline,NZT,w22,2027,11,PV,387.2352003,2027-11-01
Baseline,NZT,w22,2027,11,WIND,174.8697975,2027-11-01
Baseline,NZT,w22,2027,12,BIOENERGY,83.77903075,2027-12-01
Baseline,NZT,w22,2027,12,DIESEL,71.46462459,2027-12-01
Baseline,NZT,w22,2027,12,FUEL OIL,170.4732508,2027-12-01
Baseline,NZT,w22,2027,12,GAS,287.8363445,2027-12-01
Baseline,NZT,w22,2027,12,GEOTHERMAL,123.3582375,2027-12-01
Baseline,NZT,w22,2027,12,HYDRO,2558.445225,2027-12-01
Baseline,NZT,w22,2027,12,IMPORTS,0,2027-12-01
Baseline,NZT,w22,2027,12,NUCLEAR,0,2027-12-01
Baseline,NZT,w22,2027,12,PV,390.0671516,2027-12-01
Baseline,NZT,w22,2027,12,WIND,167.6786303,2027-12-01
Baseline,NZT,w22,2028,1,BIOENERGY,85.76323476,2028-01-01
Baseline,NZT,w22,2028,1,DIESEL,107.6138108,2028-01-01
Baseline,NZT,w22,2028,1,FUEL OIL,103.5779949,2028-01-01
Baseline,NZT,w22,2028,1,GAS,241.4302776,2028-01-01
Baseline,NZT,w22,2028,1,GEOTHERMAL,120.7790581,2028-01-01
Baseline,NZT,w22,2028,1,HYDRO,2470.047641,2028-01-01
Baseline,NZT,w22,2028,1,IMPORTS,0,2028-01-01
Baseline,NZT,w22,2028,1,NUCLEAR,0,2028-01-01
Baseline,NZT,w22,2028,1,PV,478.8093098,2028-01-01
Baseline,NZT,w22,2028,1,WIND,215.3580763,2028-01-01
Baseline,NZT,w22,2028,2,BIOENERGY,86.44084873,2028-02-01
Baseline,NZT,w22,2028,2,DIESEL,69.36224791,2028-02-01
Baseline,NZT,w22,2028,2,FUEL OIL,105.3028886,2028-02-01
Baseline,NZT,w22,2028,2,GAS,105.276335,2028-02-01
Baseline,NZT,w22,2028,2,GEOTHERMAL,115.7458474,2028-02-01
Baseline,NZT,w22,2028,2,HYDRO,2635.360221,2028-02-01
Baseline,NZT,w22,2028,2,IMPORTS,0,2028-02-01
Baseline,NZT,w22,2028,2,NUCLEAR,0,2028-02-01
Baseline,NZT,w22,2028,2,PV,455.2976422,2028-02-01
Baseline,NZT,w22,2028,2,WIND,231.4798495,2028-02-01
Baseline,NZT,w22,2028,3,BIOENERGY,0,2028-03-01
Baseline,NZT,w22,2028,3,DIESEL,0,2028-03-01
Baseline,NZT,w22,2028,3,FUEL OIL,0,2028-03-01
Baseline,NZT,w22,2028,3,GAS,0,2028-03-01
Baseline,NZT,w22,2028,3,GEOTHERMAL,0,2028-03-01
Baseline,NZT,w22,2028,3,HYDRO,3298.414706,2028-03-01
Baseline,NZT,w22,2028,3,IMPORTS,0,2028-03-01
Baseline,NZT,w22,2028,3,NUCLEAR,0,2028-03-01
Baseline,NZT,w22,2028,3,PV,364.6227251,2028-03-01
Baseline,NZT,w22,2028,3,WIND,207.5387656,2028-03-01
Baseline,NZT,w22,2028,4,BIOENERGY,0,2028-04-01
Baseline,NZT,w22,2028,4,DIESEL,0,2028-04-01
Baseline,NZT,w22,2028,4,FUEL OIL,0,2028-04-01
Baseline,NZT,w22,2028,4,GAS,0,2028-04-01
Baseline,NZT,w22,2028,4,GEOTHERMAL,0,2028-04-01
Baseline,NZT,w22,2028,4,HYDRO,3333.10732,2028-04-01
Baseline,NZT,w22,2028,4,IMPORTS,0,2028-04-01
Baseline,NZT,w22,2028,4,NUCLEAR,0,2028-04-01
Baseline,NZT,w22,2028,4,PV,371.8151852,2028-04-01
Baseline,NZT,w22,2028,4,WIND,185.3325332,2028-04-01
Baseline,NZT,w22,2028,5,BIOENERGY,0,2028-05-01
Baseline,NZT,w22,2028,5,DIESEL,0,2028-05-01
Baseline,NZT,w22,2028,5,FUEL OIL,0,2028-05-01
Baseline,NZT,w22,2028,5,GAS,0,2028-05-01
Baseline,NZT,w22,2028,5,GEOTHERMAL,0,2028-05-01
Baseline,NZT,w22,2028,5,HYDRO,3317.093109,2028-05-01
Baseline,NZT,w22,2028,5,IMPORTS,0,2028-05-01
Baseline,NZT,w22,2028,5,NUCLEAR,0,2028-05-01
Baseline,NZT,w22,2028,5,PV,384.7962986,2028-05-01
Baseline,NZT,w22,2028,5,WIND,169.1101326,2028-05-01
Baseline,NZT,w22,2028,6,BIOENERGY,0,2028-06-01
Baseline,NZT,w22,2028,6,DIESEL,0,2028-06-01
Baseline,NZT,w22,2028,6,FUEL OIL,0,2028-06-01
Baseline,NZT,w22,2028,6,GAS,0,2028-06-01
Baseline,NZT,w22,2028,6,GEOTHERMAL,0,2028-06-01
Baseline,NZT,w22,2028,6,HYDRO,3220.114406,2028-06-01
Baseline,NZT,w22,2028,6,IMPORTS,0,2028-06-01
Baseline,NZT,w22,2028,6,NUCLEAR,0,2028-06-01
Baseline,NZT,w22,2028,6,PV,370.2253502,2028-06-01
Baseline,NZT,w22,2028,6,WIND,195.4827846,2028-06-01
Baseline,NZT,w22,2028,7,BIOENERGY,0,2028-07-01
Baseline,NZT,w22,2028,7,DIESEL,0,2028-07-01
Baseline,NZT,w22,2028,7,FUEL OIL,0,2028-07-01
Baseline,NZT,w22,2028,7,GAS,0,2028-07-01
Baseline,NZT,w22,2028,7,GEOTHERMAL,0,2028-07-01
Baseline,NZT,w22,2028,7,HYDRO,3149.978662,2028-07-01
Baseline,NZT,w22,2028,7,IMPORTS,0,2028-07-01
Baseline,NZT,w22,2028,7,NUCLEAR,0,2028-07-01
Baseline,NZT,w22,2028,7,PV,387.3121827,2028-07-01
Baseline,NZT,w22,2028,7,WIND,198.341823,2028-07-01
Baseline,NZT,w22,2028,8,BIOENERGY,88.24435644,2028-08-01
Baseline,NZT,w22,2028,8,DIESEL,111.1264357,2028-08-01
Baseline,NZT,w22,2028,8,FUEL OIL,106.0539474,2028-08-01
Baseline,NZT,w22,2028,8,GAS,133.0655307,2028-08-01
Baseline,NZT,w22,2028,8,GEOTHERMAL,122.3340179,2028-08-01
Baseline,NZT,w22,2028,8,HYDRO,2494.098882,2028-08-01
Baseline,NZT,w22,2028,8,IMPORTS,0,2028-08-01
Baseline,NZT,w22,2028,8,NUCLEAR,0,2028-08-01
Baseline,NZT,w22,2028,8,PV,442.2641952,2028-08-01
Baseline,NZT,w22,2028,8,WIND,228.221486,2028-08-01
Baseline,NZT,w22,2028,9,BIOENERGY,88.77660741,2028-09-01
Baseline,NZT,w22,2028,9,DIESEL,72.44188686,2028-09-01
Baseline,NZT,w22,2028,9,FUEL OIL,110.4568013,2028-09-01
Baseline,NZT,w22,2028,9,GAS,274.4779633,2028-09-01
Baseline,NZT,w22,2028,9,GEOTHERMAL,123.558257,2028-09-01
Baseline,NZT,w22,2028,9,HYDRO,2470.387948,2028-09-01
Baseline,NZT,w22,2028,9,IMPORTS,0,2028-09-01
Baseline,NZT,w22,2028,9,NUCLEAR,0,2028-09-01
Baseline,NZT,w22,2028,9,PV,456.8737511,2028-09-01
Baseline,NZT,w22,2028,9,WIND,215.501479,2028-09-01
Baseline,NZT,w22,2028,10,BIOENERGY,90.61313934,2028-10-01
Baseline,NZT,w22,2028,10,DIESEL,70.62033432,2028-10-01
Baseline,NZT,w22,2028,10,FUEL OIL,105.3695709,2028-10-01
Baseline,NZT,w22,2028,10,GAS,117.9170748,2028-10-01
Baseline,NZT,w22,2028,10,GEOTHERMAL,121.4394417,2028-10-01
Baseline,NZT,w22,2028,10,HYDRO,2688.048009,2028-10-01
Baseline,NZT,w22,2028,10,IMPORTS,0,2028-10-01
Baseline,NZT,w22,2028,10,NUCLEAR,0,2028-10-01
Baseline,NZT,w22,2028,10,PV,431.2995125,2028-10-01
Baseline,NZT,w22,2028,10,WIND,199.6605179,2028-10-01
Baseline,NZT,w22,2028,11,BIOENERGY,89.20407718,2028-11-01
Baseline,NZT,w22,2028,11,DIESEL,111.4388192,2028-11-01
Baseline,NZT,w22,2028,11,FUEL OIL,178.5247605,2028-11-01
Baseline,NZT,w22,2028,11,GAS,285.3898813,2028-11-01
Baseline,NZT,w22,2028,11,GEOTHERMAL,122.9476317,2028-11-01
Baseline,NZT,w22,2028,11,HYDRO,2460.903829,2028-11-01
Baseline,NZT,w22,2028,11,IMPORTS,0,2028-11-01
Baseline,NZT,w22,2028,11,NUCLEAR,0,2028-11-01
Baseline,NZT,w22,2028,11,PV,444.274829,2028-11-01
Baseline,NZT,w22,2028,11,WIND,209.6864616,2028-11-01
Baseline,NZT,w22,2028,12,BIOENERGY,89.27074627,2028-12-01
Baseline,NZT,w22,2028,12,DIESEL,110.515103,2028-12-01
Baseline,NZT,w22,2028,12,FUEL OIL,111.6657135,2028-12-01
Baseline,NZT,w22,2028,12,GAS,277.8977186,2028-12-01
Baseline,NZT,w22,2028,12,GEOTHERMAL,115.9727242,2028-12-01
Baseline,NZT,w22,2028,12,HYDRO,2611.324174,2028-12-01
Baseline,NZT,w22,2028,12,IMPORTS,0,2028-12-01
Baseline,NZT,w22,2028,12,NUCLEAR,0,2028-12-01
Baseline,NZT,w22,2028,12,PV,459.1691767,2028-12-01
Baseline,NZT,w22,2028,12,WIND,219.8519312,2028-12-01
Baseline,NZT,w22,2029,1,BIOENERGY,90.68796205,2029-01-01
Baseline,NZT,w22,2029,1,DIESEL,114.2194543,2029-01-01
Baseline,NZT,w22,2029,1,FUEL OIL,220.4994856,2029-01-01
Baseline,NZT,w22,2029,1,GAS,280.3935338,2029-01-01
Baseline,NZT,w22,2029,1,GEOTHERMAL,116.0368656,2029-01-01
Baseline,NZT,w22,2029,1,HYDRO,2415.581386,2029-01-01
Baseline,NZT,w22,2029,1,IMPORTS,0,2029-01-01
Baseline,NZT,w22,2029,1,NUCLEAR,0,2029-01-01
Baseline,NZT,w22,2029,1,PV,491.7443214,2029-01-01
Baseline,NZT,w22,2029,1,WIND,254.7983294,2029-01-01
Baseline,NZT,w22,2029,2,BIOENERGY,92.86419237,2029-02-01
Baseline,NZT,w22,2029,2,DIESEL,71.10833458,2029-02-01
Baseline,NZT,w22,2029,2,FUEL OIL,106.4905907,2029-02-01
Baseline,NZT,w22,2029,2,GAS,163.6985118,2029-02-01
Baseline,NZT,w22,2029,2,GEOTHERMAL,118.8656472,2029-02-01
Baseline,NZT,w22,2029,2,HYDRO,2662.288585,2029-02-01
Baseline,NZT,w22,2029,2,IMPORTS,0,2029-02-01
Baseline,NZT,w22,2029,2,NUCLEAR,0,2029-02-01
Baseline,NZT,w22,2029,2,PV,502.1529668,2029-02-01
Baseline,NZT,w22,2029,2,WIND,246.576219,2029-02-01
Baseline,NZT,w22,2029,3,BIOENERGY,0,2029-03-01
Baseline,NZT,w22,2029,3,DIESEL,0,2029-03-01
Baseline,NZT,w22,2029,3,FUEL OIL,0,2029-03-01
Baseline,NZT,w22,2029,3,GAS,0,2029-03-01
Baseline,NZT,w22,2029,3,GEOTHERMAL,0,2029-03-01
Baseline,NZT,w22,2029,3,HYDRO,3395.952767,2029-03-01
Baseline,NZT,w22,2029,3,IMPORTS,0,2029-03-01
Baseline,NZT,w22,2029,3,NUCLEAR,0,2029-03-01
Baseline,NZT,w22,2029,3,PV,411.982844,2029-03-01
Baseline,NZT,w22,2029,3,WIND,225.2047854,2029-03-01
Baseline,NZT,w22,2029,4,BIOENERGY,0,2029-04-01
Baseline,NZT,w22,2029,4,DIESEL,0,2029-04-01
Baseline,NZT,w22,2029,4,FUEL OIL,0,2029-04-01
Baseline,NZT,w22,2029,4,GAS,0,2029-04-01
Baseline,NZT,w22,2029,4,GEOTHERMAL,0,2029-04-01
Baseline,NZT,w22,2029,4,HYDRO,3448.907663,2029-04-01
Baseline,NZT,w22,2029,4,IMPORTS,0,2029-04-01
Baseline,NZT,w22,2029,4,NUCLEAR,0,2029-04-01
Baseline,NZT,w22,2029,4,PV,386.0256817,2029-04-01
Baseline,NZT,w22,2029,4,WIND,218.7124054,2029-04-01
Baseline,NZT,w22,2029,5,BIOENERGY,0,2029-05-01
Baseline,NZT,w22,2029,5,DIESEL,0,2029-05-01
Baseline,NZT,w22,2029,5,FUEL OIL,0,2029-05-01
Baseline,NZT,w22,2029,5,GAS,0,2029-05-01
Baseline,NZT,w22,2029,5,GEOTHERMAL,0,2029-05-01
Baseline,NZT,w22,2029,5,HYDRO,3370.118577,2029-05-01
Baseline,NZT,w22,2029,5,IMPORTS,0,2029-05-01
Baseline,NZT,w22,2029,5,NUCLEAR,0,2029-05-01
Baseline,NZT,w22,2029,5,PV,432.2332177,2029-05-01
Baseline,NZT,w22,2029,5,WIND,231.229726,2029-05-01
Baseline,NZT,w22,2029,6,BIOENERGY,0,2029-06-01
Baseline,NZT,w22,2029,6,DIESEL,0,2029-06-01
Baseline,NZT,w22,2029,6,FUEL OIL,0,2029-06-01
Baseline,NZT,w22,2029,6,GAS,0,2029-06-01
Baseline,NZT,w22,2029,6,GEOTHERMAL,0,2029-06-01
Baseline,NZT,w22,2029,6,HYDRO,3291.261283,2029-06-01
Baseline,NZT,w22,2029,6,IMPORTS,0,2029-06-01
Baseline,NZT,w22,2029,6,NUCLEAR,0,2029-06-01
Baseline,NZT,w22,2029,6,PV,401.74718,2029-06-01
Baseline,NZT,w22,2029,6,WIND,251.8186238,2029-06-01
Baseline,NZT,w22,2029,7,BIOENERGY,0,2029-07-01
Baseline,NZT,w22,2029,7,DIESEL,0,2029-07-01
Baseline,NZT,w22,2029,7,FUEL OIL,0,2029-07-01
Baseline,NZT,w22,2029,7,GAS,0,2029-07-01
Baseline,NZT,w22,2029,7,GEOTHERMAL,0,2029-07-01
Baseline,NZT,w22,2029,7,HYDRO,3257.255457,2029-07-01
Baseline,NZT,w22,2029,7,IMPORTS,0,2029-07-01
Baseline,NZT,w22,2029,7,NUCLEAR,0,2029-07-01
Baseline,NZT,w22,2029,7,PV,415.1611421,2029-07-01
Baseline,NZT,w22,2029,7,WIND,220.1126409,2029-07-01
Baseline,NZT,w22,2029,8,BIOENERGY,85.69096259,2029-08-01
Baseline,NZT,w22,2029,8,DIESEL,69.81722168,2029-08-01
Baseline,NZT,w22,2029,8,FUEL OIL,104.2277904,2029-08-01
Baseline,NZT,w22,2029,8,GAS,201.34251,2029-08-01
Baseline,NZT,w22,2029,8,GEOTHERMAL,121.3366159,2029-08-01
Baseline,NZT,w22,2029,8,HYDRO,2540.010566,2029-08-01
Baseline,NZT,w22,2029,8,IMPORTS,0,2029-08-01
Baseline,NZT,w22,2029,8,NUCLEAR,0,2029-08-01
Baseline,NZT,w22,2029,8,PV,499.3190199,2029-08-01
Baseline,NZT,w22,2029,8,WIND,260.1313356,2029-08-01
Baseline,NZT,w22,2029,9,BIOENERGY,90.4662407,2029-09-01
Baseline,NZT,w22,2029,9,DIESEL,71.61344721,2029-09-01
Baseline,NZT,w22,2029,9,FUEL OIL,114.7105487,2029-09-01
Baseline,NZT,w22,2029,9,GAS,278.7209151,2029-09-01
Baseline,NZT,w22,2029,9,GEOTHERMAL,116.9488191,2029-09-01
Baseline,NZT,w22,2029,9,HYDRO,2519.901203,2029-09-01
Baseline,NZT,w22,2029,9,IMPORTS,0,2029-09-01
Baseline,NZT,w22,2029,9,NUCLEAR,0,2029-09-01
Baseline,NZT,w22,2029,9,PV,506.8933187,2029-09-01
Baseline,NZT,w22,2029,9,WIND,273.3441389,2029-09-01
Baseline,NZT,w22,2029,10,BIOENERGY,90.47728639,2029-10-01
Baseline,NZT,w22,2029,10,DIESEL,70.92192195,2029-10-01
Baseline,NZT,w22,2029,10,FUEL OIL,102.3623736,2029-10-01
Baseline,NZT,w22,2029,10,GAS,231.0558709,2029-10-01
Baseline,NZT,w22,2029,10,GEOTHERMAL,121.7437532,2029-10-01
Baseline,NZT,w22,2029,10,HYDRO,2610.613829,2029-10-01
Baseline,NZT,w22,2029,10,IMPORTS,0,2029-10-01
Baseline,NZT,w22,2029,10,NUCLEAR,0,2029-10-01
Baseline,NZT,w22,2029,10,PV,478.8458097,2029-10-01
Baseline,NZT,w22,2029,10,WIND,279.5953944,2029-10-01
Baseline,NZT,w22,2029,11,BIOENERGY,88.83254639,2029-11-01
Baseline,NZT,w22,2029,11,DIESEL,109.6189854,2029-11-01
Baseline,NZT,w22,2029,11,FUEL OIL,250.8942715,2029-11-01
Baseline,NZT,w22,2029,11,GAS,278.6022045,2029-11-01
Baseline,NZT,w22,2029,11,GEOTHERMAL,117.736423,2029-11-01
Baseline,NZT,w22,2029,11,HYDRO,2461.290503,2029-11-01
Baseline,NZT,w22,2029,11,IMPORTS,0,2029-11-01
Baseline,NZT,w22,2029,11,NUCLEAR,0,2029-11-01
Baseline,NZT,w22,2029,11,PV,514.2271725,2029-11-01
Baseline,NZT,w22,2029,11,WIND,245.0677355,2029-11-01
Baseline,NZT,w22,2029,12,BIOENERGY,92.93109655,2029-12-01
Baseline,NZT,w22,2029,12,DIESEL,111.1773456,2029-12-01
Baseline,NZT,w22,2029,12,FUEL OIL,348.832165,2029-12-01
Baseline,NZT,w22,2029,12,GAS,285.5264653,2029-12-01
Baseline,NZT,w22,2029,12,GEOTHERMAL,119.559335,2029-12-01
Baseline,NZT,w22,2029,12,HYDRO,2449.622847,2029-12-01
Baseline,NZT,w22,2029,12,IMPORTS,0,2029-12-01
Baseline,NZT,w22,2029,12,NUCLEAR,0,2029-12-01
Baseline,NZT,w22,2029,12,PV,499.3934654,2029-12-01
Baseline,NZT,w22,2029,12,WIND,256.4425935,2029-12-01
Baseline,NZT,w22,2030,1,BIOENERGY,18.29868267,2030-01-01
Baseline,NZT,w22,2030,1,DIESEL,0,2030-01-01
Baseline,NZT,w22,2030,1,FUEL OIL,0,2030-01-01
Baseline,NZT,w22,2030,1,GAS,63.86983275,2030-01-01
Baseline,NZT,w22,2030,1,GEOTHERMAL,50.95918978,2030-01-01
Baseline,NZT,w22,2030,1,HYDRO,3229.502046,2030-01-01
Baseline,NZT,w22,2030,1,IMPORTS,0,2030-01-01
Baseline,NZT,w22,2030,1,NUCLEAR,0,2030-01-01
Baseline,NZT,w22,2030,1,PV,511.6727835,2030-01-01
Baseline,NZT,w22,2030,1,WIND,280.9691414,2030-01-01
Baseline,NZT,w22,2030,2,BIOENERGY,17.62823591,2030-02-01
Baseline,NZT,w22,2030,2,DIESEL,0,2030-02-01
Baseline,NZT,w22,2030,2,FUEL OIL,0,2030-02-01
Baseline,NZT,w22,2030,2,GAS,64.11344692,2030-02-01
Baseline,NZT,w22,2030,2,GEOTHERMAL,55.30406684,2030-02-01
Baseline,NZT,w22,2030,2,HYDRO,3190.458105,2030-02-01
Baseline,NZT,w22,2030,2,IMPORTS,0,2030-02-01
Baseline,NZT,w22,2030,2,NUCLEAR,0,2030-02-01
Baseline,NZT,w22,2030,2,PV,513.6067536,2030-02-01
Baseline,NZT,w22,2030,2,WIND,293.3883755,2030-02-01
Baseline,NZT,w22,2030,3,BIOENERGY,0,2030-03-01
Baseline,NZT,w22,2030,3,DIESEL,0,2030-03-01
Baseline,NZT,w22,2030,3,FUEL OIL,0,2030-03-01
Baseline,NZT,w22,2030,3,GAS,0,2030-03-01
Baseline,NZT,w22,2030,3,GEOTHERMAL,0,2030-03-01
Baseline,NZT,w22,2030,3,HYDRO,3523.575883,2030-03-01
Baseline,NZT,w22,2030,3,IMPORTS,0,2030-03-01
Baseline,NZT,w22,2030,3,NUCLEAR,0,2030-03-01
Baseline,NZT,w22,2030,3,PV,433.4653241,2030-03-01
Baseline,NZT,w22,2030,3,WIND,249.0240906,2030-03-01
Baseline,NZT,w22,2030,4,BIOENERGY,0,2030-04-01
Baseline,NZT,w22,2030,4,DIESEL,0,2030-04-01
Baseline,NZT,w22,2030,4,FUEL OIL,0,2030-04-01
Baseline,NZT,w22,2030,4,GAS,0,2030-04-01
Baseline,NZT,w22,2030,4,GEOTHERMAL,0,2030-04-01
Baseline,NZT,w22,2030,4,HYDRO,3535.56073,2030-04-01
Baseline,NZT,w22,2030,4,IMPORTS,0,2030-04-01
Baseline,NZT,w22,2030,4,NUCLEAR,0,2030-04-01
Baseline,NZT,w22,2030,4,PV,421.3770922,2030-04-01
Baseline,NZT,w22,2030,4,WIND,270.9187405,2030-04-01
Baseline,NZT,w22,2030,5,BIOENERGY,0,2030-05-01
Baseline,NZT,w22,2030,5,DIESEL,0,2030-05-01
Baseline,NZT,w22,2030,5,FUEL OIL,0,2030-05-01
Baseline,NZT,w22,2030,5,GAS,0,2030-05-01
Baseline,NZT,w22,2030,5,GEOTHERMAL,0,2030-05-01
Baseline,NZT,w22,2030,5,HYDRO,3540.37574,2030-05-01
Baseline,NZT,w22,2030,5,IMPORTS,0,2030-05-01
Baseline,NZT,w22,2030,5,NUCLEAR,0,2030-05-01
Baseline,NZT,w22,2030,5,PV,418.5299371,2030-05-01
Baseline,NZT,w22,2030,5,WIND,248.1198488,2030-05-01
Baseline,NZT,w22,2030,6,BIOENERGY,0,2030-06-01
Baseline,NZT,w22,2030,6,DIESEL,0,2030-06-01
Baseline,NZT,w22,2030,6,FUEL OIL,0,2030-06-01
Baseline,NZT,w22,2030,6,GAS,0,2030-06-01
Baseline,NZT,w22,2030,6,GEOTHERMAL,0,2030-06-01
Baseline,NZT,w22,2030,6,HYDRO,3465.309591,2030-06-01
Baseline,NZT,w22,2030,6,IMPORTS,0,2030-06-01
Baseline,NZT,w22,2030,6,NUCLEAR,0,2030-06-01
Baseline,NZT,w22,2030,6,PV,393.9566908,2030-06-01
Baseline,NZT,w22,2030,6,WIND,255.1883702,2030-06-01
Baseline,NZT,w22,2030,7,BIOENERGY,0,2030-07-01
Baseline,NZT,w22,2030,7,DIESEL,0,2030-07-01
Baseline,NZT,w22,2030,7,FUEL OIL,0,2030-07-01
Baseline,NZT,w22,2030,7,GAS,0,2030-07-01
Baseline,NZT,w22,2030,7,GEOTHERMAL,0,2030-07-01
Baseline,NZT,w22,2030,7,HYDRO,3394.097433,2030-07-01
Baseline,NZT,w22,2030,7,IMPORTS,0,2030-07-01
Baseline,NZT,w22,2030,7,NUCLEAR,0,2030-07-01
Baseline,NZT,w22,2030,7,PV,391.0530047,2030-07-01
Baseline,NZT,w22,2030,7,WIND,274.7575596,2030-07-01
Baseline,NZT,w22,2030,8,BIOENERGY,18.57038419,2030-08-01
Baseline,NZT,w22,2030,8,DIESEL,0,2030-08-01
Baseline,NZT,w22,2030,8,FUEL OIL,0,2030-08-01
Baseline,NZT,w22,2030,8,GAS,0,2030-08-01
Baseline,NZT,w22,2030,8,GEOTHERMAL,58.26674646,2030-08-01
Baseline,NZT,w22,2030,8,HYDRO,3167.776303,2030-08-01
Baseline,NZT,w22,2030,8,IMPORTS,0,2030-08-01
Baseline,NZT,w22,2030,8,NUCLEAR,0,2030-08-01
Baseline,NZT,w22,2030,8,PV,487.6683005,2030-08-01
Baseline,NZT,w22,2030,8,WIND,316.5149572,2030-08-01
Baseline,NZT,w22,2030,9,BIOENERGY,18.46285618,2030-09-01
Baseline,NZT,w22,2030,9,DIESEL,0,2030-09-01
Baseline,NZT,w22,2030,9,FUEL OIL,0,2030-09-01
Baseline,NZT,w22,2030,9,GAS,0,2030-09-01
Baseline,NZT,w22,2030,9,GEOTHERMAL,79.01178343,2030-09-01
Baseline,NZT,w22,2030,9,HYDRO,3242.384646,2030-09-01
Baseline,NZT,w22,2030,9,IMPORTS,0,2030-09-01
Baseline,NZT,w22,2030,9,NUCLEAR,0,2030-09-01
Baseline,NZT,w22,2030,9,PV,494.5540267,2030-09-01
Baseline,NZT,w22,2030,9,WIND,309.0070604,2030-09-01
Baseline,NZT,w22,2030,10,BIOENERGY,18.68758068,2030-10-01
Baseline,NZT,w22,2030,10,DIESEL,0,2030-10-01
Baseline,NZT,w22,2030,10,FUEL OIL,31.75825382,2030-10-01
Baseline,NZT,w22,2030,10,GAS,61.99866892,2030-10-01
Baseline,NZT,w22,2030,10,GEOTHERMAL,59.02143349,2030-10-01
Baseline,NZT,w22,2030,10,HYDRO,3185.130129,2030-10-01
Baseline,NZT,w22,2030,10,IMPORTS,0,2030-10-01
Baseline,NZT,w22,2030,10,NUCLEAR,0,2030-10-01
Baseline,NZT,w22,2030,10,PV,507.4600853,2030-10-01
Baseline,NZT,w22,2030,10,WIND,292.9415867,2030-10-01
Baseline,NZT,w22,2030,11,BIOENERGY,21.77978074,2030-11-01
Baseline,NZT,w22,2030,11,DIESEL,71.61589568,2030-11-01
Baseline,NZT,w22,2030,11,FUEL OIL,32.61339688,2030-11-01
Baseline,NZT,w22,2030,11,GAS,63.69422255,2030-11-01
Baseline,NZT,w22,2030,11,GEOTHERMAL,115.0734086,2030-11-01
Baseline,NZT,w22,2030,11,HYDRO,3114.907919,2030-11-01
Baseline,NZT,w22,2030,11,IMPORTS,0,2030-11-01
Baseline,NZT,w22,2030,11,NUCLEAR,0,2030-11-01
Baseline,NZT,w22,2030,11,PV,527.0469586,2030-11-01
Baseline,NZT,w22,2030,11,WIND,294.3878627,2030-11-01
Baseline,NZT,w22,2030,12,BIOENERGY,18.8146336,2030-12-01
Baseline,NZT,w22,2030,12,DIESEL,72.73103089,2030-12-01
Baseline,NZT,w22,2030,12,FUEL OIL,31.70819509,2030-12-01
Baseline,NZT,w22,2030,12,GAS,61.78025287,2030-12-01
Baseline,NZT,w22,2030,12,GEOTHERMAL,115.377783,2030-12-01
Baseline,NZT,w22,2030,12,HYDRO,3248.54331,2030-12-01
Baseline,NZT,w22,2030,12,IMPORTS,0,2030-12-01
Baseline,NZT,w22,2030,12,NUCLEAR,0,2030-12-01
Baseline,NZT,w22,2030,12,PV,498.0824221,2030-12-01
Baseline,NZT,w22,2030,12,WIND,295.4775543,2030-12-01
Baseline,NZT,w22,2031,1,BIOENERGY,54.56204323,2031-01-01
Baseline,NZT,w22,2031,1,DIESEL,38.10002126,2031-01-01
Baseline,NZT,w22,2031,1,FUEL OIL,31.45674981,2031-01-01
Baseline,NZT,w22,2031,1,GAS,62.93354871,2031-01-01
Baseline,NZT,w22,2031,1,GEOTHERMAL,113.9284667,2031-01-01
Baseline,NZT,w22,2031,1,HYDRO,3179.551517,2031-01-01
Baseline,NZT,w22,2031,1,IMPORTS,0,2031-01-01
Baseline,NZT,w22,2031,1,NUCLEAR,0,2031-01-01
Baseline,NZT,w22,2031,1,PV,499.5028941,2031-01-01
Baseline,NZT,w22,2031,1,WIND,341.4473023,2031-01-01
Baseline,NZT,w22,2031,2,BIOENERGY,19.21442292,2031-02-01
Baseline,NZT,w22,2031,2,DIESEL,31.94259238,2031-02-01
Baseline,NZT,w22,2031,2,FUEL OIL,31.76342946,2031-02-01
Baseline,NZT,w22,2031,2,GAS,63.26463628,2031-02-01
Baseline,NZT,w22,2031,2,GEOTHERMAL,86.48452905,2031-02-01
Baseline,NZT,w22,2031,2,HYDRO,3230.394719,2031-02-01
Baseline,NZT,w22,2031,2,IMPORTS,0,2031-02-01
Baseline,NZT,w22,2031,2,NUCLEAR,0,2031-02-01
Baseline,NZT,w22,2031,2,PV,497.0862521,2031-02-01
Baseline,NZT,w22,2031,2,WIND,339.7283623,2031-02-01
Baseline,NZT,w22,2031,3,BIOENERGY,0,2031-03-01
Baseline,NZT,w22,2031,3,DIESEL,0,2031-03-01
Baseline,NZT,w22,2031,3,FUEL OIL,0,2031-03-01
Baseline,NZT,w22,2031,3,GAS,0,2031-03-01
Baseline,NZT,w22,2031,3,GEOTHERMAL,0,2031-03-01
Baseline,NZT,w22,2031,3,HYDRO,3687.311513,2031-03-01
Baseline,NZT,w22,2031,3,IMPORTS,0,2031-03-01
Baseline,NZT,w22,2031,3,NUCLEAR,0,2031-03-01
Baseline,NZT,w22,2031,3,PV,392.8377334,2031-03-01
Baseline,NZT,w22,2031,3,WIND,294.6788045,2031-03-01
Baseline,NZT,w22,2031,4,BIOENERGY,0,2031-04-01
Baseline,NZT,w22,2031,4,DIESEL,0,2031-04-01
Baseline,NZT,w22,2031,4,FUEL OIL,0,2031-04-01
Baseline,NZT,w22,2031,4,GAS,0,2031-04-01
Baseline,NZT,w22,2031,4,GEOTHERMAL,0,2031-04-01
Baseline,NZT,w22,2031,4,HYDRO,3655.627206,2031-04-01
Baseline,NZT,w22,2031,4,IMPORTS,0,2031-04-01
Baseline,NZT,w22,2031,4,NUCLEAR,0,2031-04-01
Baseline,NZT,w22,2031,4,PV,431.3804657,2031-04-01
Baseline,NZT,w22,2031,4,WIND,310.062946,2031-04-01
Baseline,NZT,w22,2031,5,BIOENERGY,0,2031-05-01
Baseline,NZT,w22,2031,5,DIESEL,0,2031-05-01
Baseline,NZT,w22,2031,5,FUEL OIL,0,2031-05-01
Baseline,NZT,w22,2031,5,GAS,0,2031-05-01
Baseline,NZT,w22,2031,5,GEOTHERMAL,0,2031-05-01
Baseline,NZT,w22,2031,5,HYDRO,3649.642371,2031-05-01
Baseline,NZT,w22,2031,5,IMPORTS,0,2031-05-01
Baseline,NZT,w22,2031,5,NUCLEAR,0,2031-05-01
Baseline,NZT,w22,2031,5,PV,411.9941371,2031-05-01
Baseline,NZT,w22,2031,5,WIND,313.6700392,2031-05-01
Baseline,NZT,w22,2031,6,BIOENERGY,0,2031-06-01
Baseline,NZT,w22,2031,6,DIESEL,0,2031-06-01
Baseline,NZT,w22,2031,6,FUEL OIL,0,2031-06-01
Baseline,NZT,w22,2031,6,GAS,0,2031-06-01
Baseline,NZT,w22,2031,6,GEOTHERMAL,0,2031-06-01
Baseline,NZT,w22,2031,6,HYDRO,3574.417518,2031-06-01
Baseline,NZT,w22,2031,6,IMPORTS,0,2031-06-01
Baseline,NZT,w22,2031,6,NUCLEAR,0,2031-06-01
Baseline,NZT,w22,2031,6,PV,416.9535082,2031-06-01
Baseline,NZT,w22,2031,6,WIND,287.6618114,2031-06-01
Baseline,NZT,w22,2031,7,BIOENERGY,0,2031-07-01
Baseline,NZT,w22,2031,7,DIESEL,0,2031-07-01
Baseline,NZT,w22,2031,7,FUEL OIL,0,2031-07-01
Baseline,NZT,w22,2031,7,GAS,0,2031-07-01
Baseline,NZT,w22,2031,7,GEOTHERMAL,0,2031-07-01
Baseline,NZT,w22,2031,7,HYDRO,3516.038685,2031-07-01
Baseline,NZT,w22,2031,7,IMPORTS,0,2031-07-01
Baseline,NZT,w22,2031,7,NUCLEAR,0,2031-07-01
Baseline,NZT,w22,2031,7,PV,411.0824559,2031-07-01
Baseline,NZT,w22,2031,7,WIND,295.183176,2031-07-01
Baseline,NZT,w22,2031,8,BIOENERGY,18.70539108,2031-08-01
Baseline,NZT,w22,2031,8,DIESEL,0,2031-08-01
Baseline,NZT,w22,2031,8,FUEL OIL,94.55599957,2031-08-01
Baseline,NZT,w22,2031,8,GAS,62.55493406,2031-08-01
Baseline,NZT,w22,2031,8,GEOTHERMAL,49.61395823,2031-08-01
Baseline,NZT,w22,2031,8,HYDRO,3158.166104,2031-08-01
Baseline,NZT,w22,2031,8,IMPORTS,0,2031-08-01
Baseline,NZT,w22,2031,8,NUCLEAR,0,2031-08-01
Baseline,NZT,w22,2031,8,PV,491.7043952,2031-08-01
Baseline,NZT,w22,2031,8,WIND,335.4477766,2031-08-01
Baseline,NZT,w22,2031,9,BIOENERGY,79.31586343,2031-09-01
Baseline,NZT,w22,2031,9,DIESEL,31.859619,2031-09-01
Baseline,NZT,w22,2031,9,FUEL OIL,32.67710508,2031-09-01
Baseline,NZT,w22,2031,9,GAS,63.70107175,2031-09-01
Baseline,NZT,w22,2031,9,GEOTHERMAL,120.7850445,2031-09-01
Baseline,NZT,w22,2031,9,HYDRO,3157.52376,2031-09-01
Baseline,NZT,w22,2031,9,IMPORTS,0,2031-09-01
Baseline,NZT,w22,2031,9,NUCLEAR,0,2031-09-01
Baseline,NZT,w22,2031,9,PV,473.7232685,2031-09-01
Baseline,NZT,w22,2031,9,WIND,349.5714556,2031-09-01
Baseline,NZT,w22,2031,10,BIOENERGY,74.2076755,2031-10-01
Baseline,NZT,w22,2031,10,DIESEL,32.42046127,2031-10-01
Baseline,NZT,w22,2031,10,FUEL OIL,33.207554,2031-10-01
Baseline,NZT,w22,2031,10,GAS,62.49881977,2031-10-01
Baseline,NZT,w22,2031,10,GEOTHERMAL,122.2348521,2031-10-01
Baseline,NZT,w22,2031,10,HYDRO,3182.428297,2031-10-01
Baseline,NZT,w22,2031,10,IMPORTS,0,2031-10-01
Baseline,NZT,w22,2031,10,NUCLEAR,0,2031-10-01
Baseline,NZT,w22,2031,10,PV,506.7907789,2031-10-01
Baseline,NZT,w22,2031,10,WIND,309.4892085,2031-10-01
Baseline,NZT,w22,2031,11,BIOENERGY,19.41659174,2031-11-01
Baseline,NZT,w22,2031,11,DIESEL,0,2031-11-01
Baseline,NZT,w22,2031,11,FUEL OIL,31.80883885,2031-11-01
Baseline,NZT,w22,2031,11,GAS,62.57292262,2031-11-01
Baseline,NZT,w22,2031,11,GEOTHERMAL,92.15894074,2031-11-01
Baseline,NZT,w22,2031,11,HYDRO,3369.932591,2031-11-01
Baseline,NZT,w22,2031,11,IMPORTS,0,2031-11-01
Baseline,NZT,w22,2031,11,NUCLEAR,0,2031-11-01
Baseline,NZT,w22,2031,11,PV,503.5664351,2031-11-01
Baseline,NZT,w22,2031,11,WIND,331.3079026,2031-11-01
Baseline,NZT,w22,2031,12,BIOENERGY,89.29065754,2031-12-01
Baseline,NZT,w22,2031,12,DIESEL,71.52426797,2031-12-01
Baseline,NZT,w22,2031,12,FUEL OIL,94.06054891,2031-12-01
Baseline,NZT,w22,2031,12,GAS,91.2083074,2031-12-01
Baseline,NZT,w22,2031,12,GEOTHERMAL,116.1195735,2031-12-01
Baseline,NZT,w22,2031,12,HYDRO,3233.732697,2031-12-01
Baseline,NZT,w22,2031,12,IMPORTS,0,2031-12-01
Baseline,NZT,w22,2031,12,NUCLEAR,0,2031-12-01
Baseline,NZT,w22,2031,12,PV,490.6063709,2031-12-01
Baseline,NZT,w22,2031,12,WIND,329.6733659,2031-12-01
Baseline,NZT,w22,2032,1,BIOENERGY,24.07611973,2032-01-01
Baseline,NZT,w22,2032,1,DIESEL,70.54696498,2032-01-01
Baseline,NZT,w22,2032,1,FUEL OIL,91.90032036,2032-01-01
Baseline,NZT,w22,2032,1,GAS,62.55904107,2032-01-01
Baseline,NZT,w22,2032,1,GEOTHERMAL,120.4997919,2032-01-01
Baseline,NZT,w22,2032,1,HYDRO,3061.722823,2032-01-01
Baseline,NZT,w22,2032,1,IMPORTS,0,2032-01-01
Baseline,NZT,w22,2032,1,NUCLEAR,0,2032-01-01
Baseline,NZT,w22,2032,1,PV,674.413353,2032-01-01
Baseline,NZT,w22,2032,1,WIND,388.6234305,2032-01-01
Baseline,NZT,w22,2032,2,BIOENERGY,19.04027867,2032-02-01
Baseline,NZT,w22,2032,2,DIESEL,0,2032-02-01
Baseline,NZT,w22,2032,2,FUEL OIL,91.12328999,2032-02-01
Baseline,NZT,w22,2032,2,GAS,63.59315011,2032-02-01
Baseline,NZT,w22,2032,2,GEOTHERMAL,50.29391865,2032-02-01
Baseline,NZT,w22,2032,2,HYDRO,3205.89484,2032-02-01
Baseline,NZT,w22,2032,2,IMPORTS,0,2032-02-01
Baseline,NZT,w22,2032,2,NUCLEAR,0,2032-02-01
Baseline,NZT,w22,2032,2,PV,650.1287984,2032-02-01
Baseline,NZT,w22,2032,2,WIND,391.7998254,2032-02-01
Baseline,NZT,w22,2032,3,BIOENERGY,0,2032-03-01
Baseline,NZT,w22,2032,3,DIESEL,0,2032-03-01
Baseline,NZT,w22,2032,3,FUEL OIL,0,2032-03-01
Baseline,NZT,w22,2032,3,GAS,0,2032-03-01
Baseline,NZT,w22,2032,3,GEOTHERMAL,0,2032-03-01
Baseline,NZT,w22,2032,3,HYDRO,3676.873736,2032-03-01
Baseline,NZT,w22,2032,3,IMPORTS,0,2032-03-01
Baseline,NZT,w22,2032,3,NUCLEAR,0,2032-03-01
Baseline,NZT,w22,2032,3,PV,539.3039399,2032-03-01
Baseline,NZT,w22,2032,3,WIND,333.6434975,2032-03-01
Baseline,NZT,w22,2032,4,BIOENERGY,0,2032-04-01
Baseline,NZT,w22,2032,4,DIESEL,0,2032-04-01
Baseline,NZT,w22,2032,4,FUEL OIL,0,2032-04-01
Baseline,NZT,w22,2032,4,GAS,0,2032-04-01
Baseline,NZT,w22,2032,4,GEOTHERMAL,0,2032-04-01
Baseline,NZT,w22,2032,4,HYDRO,3668.960335,2032-04-01
Baseline,NZT,w22,2032,4,IMPORTS,0,2032-04-01
Baseline,NZT,w22,2032,4,NUCLEAR,0,2032-04-01
Baseline,NZT,w22,2032,4,PV,552.6174663,2032-04-01
Baseline,NZT,w22,2032,4,WIND,351.3756418,2032-04-01
Baseline,NZT,w22,2032,5,BIOENERGY,0,2032-05-01
Baseline,NZT,w22,2032,5,DIESEL,0,2032-05-01
Baseline,NZT,w22,2032,5,FUEL OIL,0,2032-05-01
Baseline,NZT,w22,2032,5,GAS,0,2032-05-01
Baseline,NZT,w22,2032,5,GEOTHERMAL,0,2032-05-01
Baseline,NZT,w22,2032,5,HYDRO,3692.673441,2032-05-01
Baseline,NZT,w22,2032,5,IMPORTS,0,2032-05-01
Baseline,NZT,w22,2032,5,NUCLEAR,0,2032-05-01
Baseline,NZT,w22,2032,5,PV,529.550667,2032-05-01
Baseline,NZT,w22,2032,5,WIND,328.0947013,2032-05-01
Baseline,NZT,w22,2032,6,BIOENERGY,0,2032-06-01
Baseline,NZT,w22,2032,6,DIESEL,0,2032-06-01
Baseline,NZT,w22,2032,6,FUEL OIL,0,2032-06-01
Baseline,NZT,w22,2032,6,GAS,0,2032-06-01
Baseline,NZT,w22,2032,6,GEOTHERMAL,0,2032-06-01
Baseline,NZT,w22,2032,6,HYDRO,3558.035407,2032-06-01
Baseline,NZT,w22,2032,6,IMPORTS,0,2032-06-01
Baseline,NZT,w22,2032,6,NUCLEAR,0,2032-06-01
Baseline,NZT,w22,2032,6,PV,553.6613351,2032-06-01
Baseline,NZT,w22,2032,6,WIND,338.4974096,2032-06-01
Baseline,NZT,w22,2032,7,BIOENERGY,0,2032-07-01
Baseline,NZT,w22,2032,7,DIESEL,0,2032-07-01
Baseline,NZT,w22,2032,7,FUEL OIL,0,2032-07-01
Baseline,NZT,w22,2032,7,GAS,0,2032-07-01
Baseline,NZT,w22,2032,7,GEOTHERMAL,0,2032-07-01
Baseline,NZT,w22,2032,7,HYDRO,3494.537696,2032-07-01
Baseline,NZT,w22,2032,7,IMPORTS,0,2032-07-01
Baseline,NZT,w22,2032,7,NUCLEAR,0,2032-07-01
Baseline,NZT,w22,2032,7,PV,551.2807728,2032-07-01
Baseline,NZT,w22,2032,7,WIND,345.3780203,2032-07-01
Baseline,NZT,w22,2032,8,BIOENERGY,40.12221083,2032-08-01
Baseline,NZT,w22,2032,8,DIESEL,37.63158702,2032-08-01
Baseline,NZT,w22,2032,8,FUEL OIL,33.30589905,2032-08-01
Baseline,NZT,w22,2032,8,GAS,63.3055809,2032-08-01
Baseline,NZT,w22,2032,8,GEOTHERMAL,121.6325751,2032-08-01
Baseline,NZT,w22,2032,8,HYDRO,3050.281718,2032-08-01
Baseline,NZT,w22,2032,8,IMPORTS,0,2032-08-01
Baseline,NZT,w22,2032,8,NUCLEAR,0,2032-08-01
Baseline,NZT,w22,2032,8,PV,661.8804906,2032-08-01
Baseline,NZT,w22,2032,8,WIND,371.0184401,2032-08-01
Baseline,NZT,w22,2032,9,BIOENERGY,19.12719364,2032-09-01
Baseline,NZT,w22,2032,9,DIESEL,0,2032-09-01
Baseline,NZT,w22,2032,9,FUEL OIL,93.8326275,2032-09-01
Baseline,NZT,w22,2032,9,GAS,63.81727772,2032-09-01
Baseline,NZT,w22,2032,9,GEOTHERMAL,74.68767773,2032-09-01
Baseline,NZT,w22,2032,9,HYDRO,3207.233877,2032-09-01
Baseline,NZT,w22,2032,9,IMPORTS,0,2032-09-01
Baseline,NZT,w22,2032,9,NUCLEAR,0,2032-09-01
Baseline,NZT,w22,2032,9,PV,638.1619284,2032-09-01
Baseline,NZT,w22,2032,9,WIND,384.6628926,2032-09-01
Baseline,NZT,w22,2032,10,BIOENERGY,19.38067598,2032-10-01
Baseline,NZT,w22,2032,10,DIESEL,31.96025379,2032-10-01
Baseline,NZT,w22,2032,10,FUEL OIL,91.922997,2032-10-01
Baseline,NZT,w22,2032,10,GAS,62.60218472,2032-10-01
Baseline,NZT,w22,2032,10,GEOTHERMAL,82.85668262,2032-10-01
Baseline,NZT,w22,2032,10,HYDRO,3196.649692,2032-10-01
Baseline,NZT,w22,2032,10,IMPORTS,0,2032-10-01
Baseline,NZT,w22,2032,10,NUCLEAR,0,2032-10-01
Baseline,NZT,w22,2032,10,PV,644.3127212,2032-10-01
Baseline,NZT,w22,2032,10,WIND,366.5235463,2032-10-01
Baseline,NZT,w22,2032,11,BIOENERGY,18.12867208,2032-11-01
Baseline,NZT,w22,2032,11,DIESEL,72.06159374,2032-11-01
Baseline,NZT,w22,2032,11,FUEL OIL,93.70603135,2032-11-01
Baseline,NZT,w22,2032,11,GAS,62.32952679,2032-11-01
Baseline,NZT,w22,2032,11,GEOTHERMAL,89.95303013,2032-11-01
Baseline,NZT,w22,2032,11,HYDRO,3212.640782,2032-11-01
Baseline,NZT,w22,2032,11,IMPORTS,0,2032-11-01
Baseline,NZT,w22,2032,11,NUCLEAR,0,2032-11-01
Baseline,NZT,w22,2032,11,PV,668.821001,2032-11-01
Baseline,NZT,w22,2032,11,WIND,369.5541546,2032-11-01
Baseline,NZT,w22,2032,12,BIOENERGY,91.58845088,2032-12-01
Baseline,NZT,w22,2032,12,DIESEL,70.95855441,2032-12-01
Baseline,NZT,w22,2032,12,FUEL OIL,93.24581259,2032-12-01
Baseline,NZT,w22,2032,12,GAS,91.09397774,2032-12-01
Baseline,NZT,w22,2032,12,GEOTHERMAL,117.9680367,2032-12-01
Baseline,NZT,w22,2032,12,HYDRO,3219.872553,2032-12-01
Baseline,NZT,w22,2032,12,IMPORTS,0,2032-12-01
Baseline,NZT,w22,2032,12,NUCLEAR,0,2032-12-01
Baseline,NZT,w22,2032,12,PV,636.3203774,2032-12-01
Baseline,NZT,w22,2032,12,WIND,375.8166584,2032-12-01
Baseline,NZT,w22,2033,1,BIOENERGY,19.97116846,2033-01-01
Baseline,NZT,w22,2033,1,DIESEL,39.3503722,2033-01-01
Baseline,NZT,w22,2033,1,FUEL OIL,0,2033-01-01
Baseline,NZT,w22,2033,1,GAS,62.80229816,2033-01-01
Baseline,NZT,w22,2033,1,GEOTHERMAL,76.37422864,2033-01-01
Baseline,NZT,w22,2033,1,HYDRO,3105.678463,2033-01-01
Baseline,NZT,w22,2033,1,IMPORTS,0,2033-01-01
Baseline,NZT,w22,2033,1,NUCLEAR,0,2033-01-01
Baseline,NZT,w22,2033,1,PV,862.7617191,2033-01-01
Baseline,NZT,w22,2033,1,WIND,417.2904314,2033-01-01
Baseline,NZT,w22,2033,2,BIOENERGY,18.9380081,2033-02-01
Baseline,NZT,w22,2033,2,DIESEL,0,2033-02-01
Baseline,NZT,w22,2033,2,FUEL OIL,0,2033-02-01
Baseline,NZT,w22,2033,2,GAS,0,2033-02-01
Baseline,NZT,w22,2033,2,GEOTHERMAL,73.73969013,2033-02-01
Baseline,NZT,w22,2033,2,HYDRO,3177.617708,2033-02-01
Baseline,NZT,w22,2033,2,IMPORTS,0,2033-02-01
Baseline,NZT,w22,2033,2,NUCLEAR,0,2033-02-01
Baseline,NZT,w22,2033,2,PV,862.1201122,2033-02-01
Baseline,NZT,w22,2033,2,WIND,428.8960643,2033-02-01
Baseline,NZT,w22,2033,3,BIOENERGY,0,2033-03-01
Baseline,NZT,w22,2033,3,DIESEL,0,2033-03-01
Baseline,NZT,w22,2033,3,FUEL OIL,0,2033-03-01
Baseline,NZT,w22,2033,3,GAS,0,2033-03-01
Baseline,NZT,w22,2033,3,GEOTHERMAL,0,2033-03-01
Baseline,NZT,w22,2033,3,HYDRO,3565.497245,2033-03-01
Baseline,NZT,w22,2033,3,IMPORTS,0,2033-03-01
Baseline,NZT,w22,2033,3,NUCLEAR,0,2033-03-01
Baseline,NZT,w22,2033,3,PV,729.3022715,2033-03-01
Baseline,NZT,w22,2033,3,WIND,346.0180803,2033-03-01
Baseline,NZT,w22,2033,4,BIOENERGY,0,2033-04-01
Baseline,NZT,w22,2033,4,DIESEL,0,2033-04-01
Baseline,NZT,w22,2033,4,FUEL OIL,0,2033-04-01
Baseline,NZT,w22,2033,4,GAS,0,2033-04-01
Baseline,NZT,w22,2033,4,GEOTHERMAL,0,2033-04-01
Baseline,NZT,w22,2033,4,HYDRO,3581.066021,2033-04-01
Baseline,NZT,w22,2033,4,IMPORTS,0,2033-04-01
Baseline,NZT,w22,2033,4,NUCLEAR,0,2033-04-01
Baseline,NZT,w22,2033,4,PV,720.0322015,2033-04-01
Baseline,NZT,w22,2033,4,WIND,363.3142895,2033-04-01
Baseline,NZT,w22,2033,5,BIOENERGY,0,2033-05-01
Baseline,NZT,w22,2033,5,DIESEL,0,2033-05-01
Baseline,NZT,w22,2033,5,FUEL OIL,0,2033-05-01
Baseline,NZT,w22,2033,5,GAS,0,2033-05-01
Baseline,NZT,w22,2033,5,GEOTHERMAL,0,2033-05-01
Baseline,NZT,w22,2033,5,HYDRO,3542.586908,2033-05-01
Baseline,NZT,w22,2033,5,IMPORTS,0,2033-05-01
Baseline,NZT,w22,2033,5,NUCLEAR,0,2033-05-01
Baseline,NZT,w22,2033,5,PV,730.2304853,2033-05-01
Baseline,NZT,w22,2033,5,WIND,368.5077918,2033-05-01
Baseline,NZT,w22,2033,6,BIOENERGY,0,2033-06-01
Baseline,NZT,w22,2033,6,DIESEL,0,2033-06-01
Baseline,NZT,w22,2033,6,FUEL OIL,0,2033-06-01
Baseline,NZT,w22,2033,6,GAS,0,2033-06-01
Baseline,NZT,w22,2033,6,GEOTHERMAL,0,2033-06-01
Baseline,NZT,w22,2033,6,HYDRO,3462.135953,2033-06-01
Baseline,NZT,w22,2033,6,IMPORTS,0,2033-06-01
Baseline,NZT,w22,2033,6,NUCLEAR,0,2033-06-01
Baseline,NZT,w22,2033,6,PV,729.8162727,2033-06-01
Baseline,NZT,w22,2033,6,WIND,347.2458083,2033-06-01
Baseline,NZT,w22,2033,7,BIOENERGY,0,2033-07-01
Baseline,NZT,w22,2033,7,DIESEL,0,2033-07-01
Baseline,NZT,w22,2033,7,FUEL OIL,0,2033-07-01
Baseline,NZT,w22,2033,7,GAS,0,2033-07-01
Baseline,NZT,w22,2033,7,GEOTHERMAL,0,2033-07-01
Baseline,NZT,w22,2033,7,HYDRO,3406.057606,2033-07-01
Baseline,NZT,w22,2033,7,IMPORTS,0,2033-07-01
Baseline,NZT,w22,2033,7,NUCLEAR,0,2033-07-01
Baseline,NZT,w22,2033,7,PV,686.5589367,2033-07-01
Baseline,NZT,w22,2033,7,WIND,386.4038764,2033-07-01
Baseline,NZT,w22,2033,8,BIOENERGY,0,2033-08-01
Baseline,NZT,w22,2033,8,DIESEL,0,2033-08-01
Baseline,NZT,w22,2033,8,FUEL OIL,0,2033-08-01
Baseline,NZT,w22,2033,8,GAS,0,2033-08-01
Baseline,NZT,w22,2033,8,GEOTHERMAL,50.34570312,2033-08-01
Baseline,NZT,w22,2033,8,HYDRO,3124.163896,2033-08-01
Baseline,NZT,w22,2033,8,IMPORTS,0,2033-08-01
Baseline,NZT,w22,2033,8,NUCLEAR,0,2033-08-01
Baseline,NZT,w22,2033,8,PV,888.1045031,2033-08-01
Baseline,NZT,w22,2033,8,WIND,404.1479689,2033-08-01
Baseline,NZT,w22,2033,9,BIOENERGY,17.61426408,2033-09-01
Baseline,NZT,w22,2033,9,DIESEL,0,2033-09-01
Baseline,NZT,w22,2033,9,FUEL OIL,0,2033-09-01
Baseline,NZT,w22,2033,9,GAS,26.07348449,2033-09-01
Baseline,NZT,w22,2033,9,GEOTHERMAL,49.30662086,2033-09-01
Baseline,NZT,w22,2033,9,HYDRO,3173.843239,2033-09-01
Baseline,NZT,w22,2033,9,IMPORTS,0,2033-09-01
Baseline,NZT,w22,2033,9,NUCLEAR,0,2033-09-01
Baseline,NZT,w22,2033,9,PV,878.0079268,2033-09-01
Baseline,NZT,w22,2033,9,WIND,426.3084094,2033-09-01
Baseline,NZT,w22,2033,10,BIOENERGY,18.15219727,2033-10-01
Baseline,NZT,w22,2033,10,DIESEL,0,2033-10-01
Baseline,NZT,w22,2033,10,FUEL OIL,0,2033-10-01
Baseline,NZT,w22,2033,10,GAS,26.14801255,2033-10-01
Baseline,NZT,w22,2033,10,GEOTHERMAL,65.16512431,2033-10-01
Baseline,NZT,w22,2033,10,HYDRO,3167.717227,2033-10-01
Baseline,NZT,w22,2033,10,IMPORTS,0,2033-10-01
Baseline,NZT,w22,2033,10,NUCLEAR,0,2033-10-01
Baseline,NZT,w22,2033,10,PV,879.457581,2033-10-01
Baseline,NZT,w22,2033,10,WIND,429.4927865,2033-10-01
Baseline,NZT,w22,2033,11,BIOENERGY,44.51961139,2033-11-01
Baseline,NZT,w22,2033,11,DIESEL,69.04020047,2033-11-01
Baseline,NZT,w22,2033,11,FUEL OIL,33.01407618,2033-11-01
Baseline,NZT,w22,2033,11,GAS,63.52363305,2033-11-01
Baseline,NZT,w22,2033,11,GEOTHERMAL,120.8896059,2033-11-01
Baseline,NZT,w22,2033,11,HYDRO,3026.873039,2033-11-01
Baseline,NZT,w22,2033,11,IMPORTS,0,2033-11-01
Baseline,NZT,w22,2033,11,NUCLEAR,0,2033-11-01
Baseline,NZT,w22,2033,11,PV,892.9617887,2033-11-01
Baseline,NZT,w22,2033,11,WIND,428.1167327,2033-11-01
Baseline,NZT,w22,2033,12,BIOENERGY,57.10206307,2033-12-01
Baseline,NZT,w22,2033,12,DIESEL,71.00229428,2033-12-01
Baseline,NZT,w22,2033,12,FUEL OIL,93.44437478,2033-12-01
Baseline,NZT,w22,2033,12,GAS,63.60936496,2033-12-01
Baseline,NZT,w22,2033,12,GEOTHERMAL,120.5523605,2033-12-01
Baseline,NZT,w22,2033,12,HYDRO,3103.954531,2033-12-01
Baseline,NZT,w22,2033,12,IMPORTS,0,2033-12-01
Baseline,NZT,w22,2033,12,NUCLEAR,0,2033-12-01
Baseline,NZT,w22,2033,12,PV,860.741797,2033-12-01
Baseline,NZT,w22,2033,12,WIND,420.3949233,2033-12-01
Baseline,NZT,w22,2034,1,BIOENERGY,19.39214862,2034-01-01
Baseline,NZT,w22,2034,1,DIESEL,0,2034-01-01
Baseline,NZT,w22,2034,1,FUEL OIL,0,2034-01-01
Baseline,NZT,w22,2034,1,GAS,0,2034-01-01
Baseline,NZT,w22,2034,1,GEOTHERMAL,59.68220454,2034-01-01
Baseline,NZT,w22,2034,1,HYDRO,3130.238356,2034-01-01
Baseline,NZT,w22,2034,1,IMPORTS,0,2034-01-01
Baseline,NZT,w22,2034,1,NUCLEAR,0,2034-01-01
Baseline,NZT,w22,2034,1,PV,1007.278477,2034-01-01
Baseline,NZT,w22,2034,1,WIND,459.3220691,2034-01-01
Baseline,NZT,w22,2034,2,BIOENERGY,18.67450627,2034-02-01
Baseline,NZT,w22,2034,2,DIESEL,0,2034-02-01
Baseline,NZT,w22,2034,2,FUEL OIL,0,2034-02-01
Baseline,NZT,w22,2034,2,GAS,0,2034-02-01
Baseline,NZT,w22,2034,2,GEOTHERMAL,51.50564873,2034-02-01
Baseline,NZT,w22,2034,2,HYDRO,3086.003592,2034-02-01
Baseline,NZT,w22,2034,2,IMPORTS,0,2034-02-01
Baseline,NZT,w22,2034,2,NUCLEAR,0,2034-02-01
Baseline,NZT,w22,2034,2,PV,1034.720252,2034-02-01
Baseline,NZT,w22,2034,2,WIND,461.6338163,2034-02-01
Baseline,NZT,w22,2034,3,BIOENERGY,0,2034-03-01
Baseline,NZT,w22,2034,3,DIESEL,0,2034-03-01
Baseline,NZT,w22,2034,3,FUEL OIL,0,2034-03-01
Baseline,NZT,w22,2034,3,GAS,0,2034-03-01
Baseline,NZT,w22,2034,3,GEOTHERMAL,0,2034-03-01
Baseline,NZT,w22,2034,3,HYDRO,3493.650477,2034-03-01
Baseline,NZT,w22,2034,3,IMPORTS,0,2034-03-01
Baseline,NZT,w22,2034,3,NUCLEAR,0,2034-03-01
Baseline,NZT,w22,2034,3,PV,848.8466748,2034-03-01
Baseline,NZT,w22,2034,3,WIND,389.1838009,2034-03-01
Baseline,NZT,w22,2034,4,BIOENERGY,0,2034-04-01
Baseline,NZT,w22,2034,4,DIESEL,0,2034-04-01
Baseline,NZT,w22,2034,4,FUEL OIL,0,2034-04-01
Baseline,NZT,w22,2034,4,GAS,0,2034-04-01
Baseline,NZT,w22,2034,4,GEOTHERMAL,0,2034-04-01
Baseline,NZT,w22,2034,4,HYDRO,3513.303175,2034-04-01
Baseline,NZT,w22,2034,4,IMPORTS,0,2034-04-01
Baseline,NZT,w22,2034,4,NUCLEAR,0,2034-04-01
Baseline,NZT,w22,2034,4,PV,841.8995825,2034-04-01
Baseline,NZT,w22,2034,4,WIND,402.4980044,2034-04-01
Baseline,NZT,w22,2034,5,BIOENERGY,0,2034-05-01
Baseline,NZT,w22,2034,5,DIESEL,0,2034-05-01
Baseline,NZT,w22,2034,5,FUEL OIL,0,2034-05-01
Baseline,NZT,w22,2034,5,GAS,0,2034-05-01
Baseline,NZT,w22,2034,5,GEOTHERMAL,0,2034-05-01
Baseline,NZT,w22,2034,5,HYDRO,3491.88264,2034-05-01
Baseline,NZT,w22,2034,5,IMPORTS,0,2034-05-01
Baseline,NZT,w22,2034,5,NUCLEAR,0,2034-05-01
Baseline,NZT,w22,2034,5,PV,834.8180581,2034-05-01
Baseline,NZT,w22,2034,5,WIND,407.4509911,2034-05-01
Baseline,NZT,w22,2034,6,BIOENERGY,0,2034-06-01
Baseline,NZT,w22,2034,6,DIESEL,0,2034-06-01
Baseline,NZT,w22,2034,6,FUEL OIL,0,2034-06-01
Baseline,NZT,w22,2034,6,GAS,0,2034-06-01
Baseline,NZT,w22,2034,6,GEOTHERMAL,0,2034-06-01
Baseline,NZT,w22,2034,6,HYDRO,3422.068999,2034-06-01
Baseline,NZT,w22,2034,6,IMPORTS,0,2034-06-01
Baseline,NZT,w22,2034,6,NUCLEAR,0,2034-06-01
Baseline,NZT,w22,2034,6,PV,819.7734195,2034-06-01
Baseline,NZT,w22,2034,6,WIND,388.1395763,2034-06-01
Baseline,NZT,w22,2034,7,BIOENERGY,0,2034-07-01
Baseline,NZT,w22,2034,7,DIESEL,0,2034-07-01
Baseline,NZT,w22,2034,7,FUEL OIL,0,2034-07-01
Baseline,NZT,w22,2034,7,GAS,0,2034-07-01
Baseline,NZT,w22,2034,7,GEOTHERMAL,0,2034-07-01
Baseline,NZT,w22,2034,7,HYDRO,3335.183206,2034-07-01
Baseline,NZT,w22,2034,7,IMPORTS,0,2034-07-01
Baseline,NZT,w22,2034,7,NUCLEAR,0,2034-07-01
Baseline,NZT,w22,2034,7,PV,840.2283697,2034-07-01
Baseline,NZT,w22,2034,7,WIND,393.1892519,2034-07-01
Baseline,NZT,w22,2034,8,BIOENERGY,0,2034-08-01
Baseline,NZT,w22,2034,8,DIESEL,0,2034-08-01
Baseline,NZT,w22,2034,8,FUEL OIL,0,2034-08-01
Baseline,NZT,w22,2034,8,GAS,0,2034-08-01
Baseline,NZT,w22,2034,8,GEOTHERMAL,50.64472896,2034-08-01
Baseline,NZT,w22,2034,8,HYDRO,3033.272505,2034-08-01
Baseline,NZT,w22,2034,8,IMPORTS,0,2034-08-01
Baseline,NZT,w22,2034,8,NUCLEAR,0,2034-08-01
Baseline,NZT,w22,2034,8,PV,1023.595352,2034-08-01
Baseline,NZT,w22,2034,8,WIND,448.584727,2034-08-01
Baseline,NZT,w22,2034,9,BIOENERGY,18.92107982,2034-09-01
Baseline,NZT,w22,2034,9,DIESEL,0,2034-09-01
Baseline,NZT,w22,2034,9,FUEL OIL,31.38119358,2034-09-01
Baseline,NZT,w22,2034,9,GAS,62.78579022,2034-09-01
Baseline,NZT,w22,2034,9,GEOTHERMAL,49.9310977,2034-09-01
Baseline,NZT,w22,2034,9,HYDRO,3045.777872,2034-09-01
Baseline,NZT,w22,2034,9,IMPORTS,0,2034-09-01
Baseline,NZT,w22,2034,9,NUCLEAR,0,2034-09-01
Baseline,NZT,w22,2034,9,PV,1018.148106,2034-09-01
Baseline,NZT,w22,2034,9,WIND,435.6318845,2034-09-01
Baseline,NZT,w22,2034,10,BIOENERGY,18.00623074,2034-10-01
Baseline,NZT,w22,2034,10,DIESEL,0,2034-10-01
Baseline,NZT,w22,2034,10,FUEL OIL,0,2034-10-01
Baseline,NZT,w22,2034,10,GAS,0,2034-10-01
Baseline,NZT,w22,2034,10,GEOTHERMAL,94.91504446,2034-10-01
Baseline,NZT,w22,2034,10,HYDRO,3129.62752,2034-10-01
Baseline,NZT,w22,2034,10,IMPORTS,0,2034-10-01
Baseline,NZT,w22,2034,10,NUCLEAR,0,2034-10-01
Baseline,NZT,w22,2034,10,PV,984.0823146,2034-10-01
Baseline,NZT,w22,2034,10,WIND,451.2244773,2034-10-01
Baseline,NZT,w22,2034,11,BIOENERGY,53.74204949,2034-11-01
Baseline,NZT,w22,2034,11,DIESEL,0,2034-11-01
Baseline,NZT,w22,2034,11,FUEL OIL,59.75452397,2034-11-01
Baseline,NZT,w22,2034,11,GAS,63.87989885,2034-11-01
Baseline,NZT,w22,2034,11,GEOTHERMAL,120.0436742,2034-11-01
Baseline,NZT,w22,2034,11,HYDRO,3020.721863,2034-11-01
Baseline,NZT,w22,2034,11,IMPORTS,0,2034-11-01
Baseline,NZT,w22,2034,11,NUCLEAR,0,2034-11-01
Baseline,NZT,w22,2034,11,PV,1010.601599,2034-11-01
Baseline,NZT,w22,2034,11,WIND,443.773852,2034-11-01
Baseline,NZT,w22,2034,12,BIOENERGY,17.54321563,2034-12-01
Baseline,NZT,w22,2034,12,DIESEL,32.1060198,2034-12-01
Baseline,NZT,w22,2034,12,FUEL OIL,96.11712771,2034-12-01
Baseline,NZT,w22,2034,12,GAS,63.72378421,2034-12-01
Baseline,NZT,w22,2034,12,GEOTHERMAL,94.21346644,2034-12-01
Baseline,NZT,w22,2034,12,HYDRO,3152.747058,2034-12-01
Baseline,NZT,w22,2034,12,IMPORTS,0,2034-12-01
Baseline,NZT,w22,2034,12,NUCLEAR,0,2034-12-01
Baseline,NZT,w22,2034,12,PV,994.5786097,2034-12-01
Baseline,NZT,w22,2034,12,WIND,435.5884622,2034-12-01
Baseline,NZT,w22,2035,1,BIOENERGY,19.59164043,2035-01-01
Baseline,NZT,w22,2035,1,DIESEL,0,2035-01-01
Baseline,NZT,w22,2035,1,FUEL OIL,0,2035-01-01
Baseline,NZT,w22,2035,1,GAS,62.70024726,2035-01-01
Baseline,NZT,w22,2035,1,GEOTHERMAL,53.3369371,2035-01-01
Baseline,NZT,w22,2035,1,HYDRO,3113.085475,2035-01-01
Baseline,NZT,w22,2035,1,IMPORTS,0,2035-01-01
Baseline,NZT,w22,2035,1,NUCLEAR,0,2035-01-01
Baseline,NZT,w22,2035,1,PV,1067.614695,2035-01-01
Baseline,NZT,w22,2035,1,WIND,453.1025245,2035-01-01
Baseline,NZT,w22,2035,2,BIOENERGY,19.03469904,2035-02-01
Baseline,NZT,w22,2035,2,DIESEL,0,2035-02-01
Baseline,NZT,w22,2035,2,FUEL OIL,33.02079276,2035-02-01
Baseline,NZT,w22,2035,2,GAS,63.91087964,2035-02-01
Baseline,NZT,w22,2035,2,GEOTHERMAL,70.76382787,2035-02-01
Baseline,NZT,w22,2035,2,HYDRO,3034.944297,2035-02-01
Baseline,NZT,w22,2035,2,IMPORTS,0,2035-02-01
Baseline,NZT,w22,2035,2,NUCLEAR,0,2035-02-01
Baseline,NZT,w22,2035,2,PV,1075.371698,2035-02-01
Baseline,NZT,w22,2035,2,WIND,448.5423773,2035-02-01
Baseline,NZT,w22,2035,3,BIOENERGY,0,2035-03-01
Baseline,NZT,w22,2035,3,DIESEL,0,2035-03-01
Baseline,NZT,w22,2035,3,FUEL OIL,33.27387503,2035-03-01
Baseline,NZT,w22,2035,3,GAS,0,2035-03-01
Baseline,NZT,w22,2035,3,GEOTHERMAL,0,2035-03-01
Baseline,NZT,w22,2035,3,HYDRO,3479.534582,2035-03-01
Baseline,NZT,w22,2035,3,IMPORTS,0,2035-03-01
Baseline,NZT,w22,2035,3,NUCLEAR,0,2035-03-01
Baseline,NZT,w22,2035,3,PV,917.2135063,2035-03-01
Baseline,NZT,w22,2035,3,WIND,398.2846639,2035-03-01
Baseline,NZT,w22,2035,4,BIOENERGY,0,2035-04-01
Baseline,NZT,w22,2035,4,DIESEL,0,2035-04-01
Baseline,NZT,w22,2035,4,FUEL OIL,0,2035-04-01
Baseline,NZT,w22,2035,4,GAS,0,2035-04-01
Baseline,NZT,w22,2035,4,GEOTHERMAL,0,2035-04-01
Baseline,NZT,w22,2035,4,HYDRO,3598.532621,2035-04-01
Baseline,NZT,w22,2035,4,IMPORTS,0,2035-04-01
Baseline,NZT,w22,2035,4,NUCLEAR,0,2035-04-01
Baseline,NZT,w22,2035,4,PV,866.5154152,2035-04-01
Baseline,NZT,w22,2035,4,WIND,386.3998611,2035-04-01
Baseline,NZT,w22,2035,5,BIOENERGY,0,2035-05-01
Baseline,NZT,w22,2035,5,DIESEL,0,2035-05-01
Baseline,NZT,w22,2035,5,FUEL OIL,0,2035-05-01
Baseline,NZT,w22,2035,5,GAS,0,2035-05-01
Baseline,NZT,w22,2035,5,GEOTHERMAL,0,2035-05-01
Baseline,NZT,w22,2035,5,HYDRO,3557.51829,2035-05-01
Baseline,NZT,w22,2035,5,IMPORTS,0,2035-05-01
Baseline,NZT,w22,2035,5,NUCLEAR,0,2035-05-01
Baseline,NZT,w22,2035,5,PV,893.9182598,2035-05-01
Baseline,NZT,w22,2035,5,WIND,376.5112742,2035-05-01
Baseline,NZT,w22,2035,6,BIOENERGY,0,2035-06-01
Baseline,NZT,w22,2035,6,DIESEL,0,2035-06-01
Baseline,NZT,w22,2035,6,FUEL OIL,0,2035-06-01
Baseline,NZT,w22,2035,6,GAS,0,2035-06-01
Baseline,NZT,w22,2035,6,GEOTHERMAL,0,2035-06-01
Baseline,NZT,w22,2035,6,HYDRO,3457.733448,2035-06-01
Baseline,NZT,w22,2035,6,IMPORTS,0,2035-06-01
Baseline,NZT,w22,2035,6,NUCLEAR,0,2035-06-01
Baseline,NZT,w22,2035,6,PV,864.0388565,2035-06-01
Baseline,NZT,w22,2035,6,WIND,400.8093309,2035-06-01
Baseline,NZT,w22,2035,7,BIOENERGY,0,2035-07-01
Baseline,NZT,w22,2035,7,DIESEL,0,2035-07-01
Baseline,NZT,w22,2035,7,FUEL OIL,0,2035-07-01
Baseline,NZT,w22,2035,7,GAS,0,2035-07-01
Baseline,NZT,w22,2035,7,GEOTHERMAL,0,2035-07-01
Baseline,NZT,w22,2035,7,HYDRO,3356.861357,2035-07-01
Baseline,NZT,w22,2035,7,IMPORTS,0,2035-07-01
Baseline,NZT,w22,2035,7,NUCLEAR,0,2035-07-01
Baseline,NZT,w22,2035,7,PV,898.8358725,2035-07-01
Baseline,NZT,w22,2035,7,WIND,404.2756143,2035-07-01
Baseline,NZT,w22,2035,8,BIOENERGY,28.98111151,2035-08-01
Baseline,NZT,w22,2035,8,DIESEL,0,2035-08-01
Baseline,NZT,w22,2035,8,FUEL OIL,0,2035-08-01
Baseline,NZT,w22,2035,8,GAS,0,2035-08-01
Baseline,NZT,w22,2035,8,GEOTHERMAL,118.2909736,2035-08-01
Baseline,NZT,w22,2035,8,HYDRO,3011.141091,2035-08-01
Baseline,NZT,w22,2035,8,IMPORTS,0,2035-08-01
Baseline,NZT,w22,2035,8,NUCLEAR,0,2035-08-01
Baseline,NZT,w22,2035,8,PV,1063.526077,2035-08-01
Baseline,NZT,w22,2035,8,WIND,425.2800062,2035-08-01
Baseline,NZT,w22,2035,9,BIOENERGY,19.05255706,2035-09-01
Baseline,NZT,w22,2035,9,DIESEL,0,2035-09-01
Baseline,NZT,w22,2035,9,FUEL OIL,0,2035-09-01
Baseline,NZT,w22,2035,9,GAS,62.52900973,2035-09-01
Baseline,NZT,w22,2035,9,GEOTHERMAL,48.97977698,2035-09-01
Baseline,NZT,w22,2035,9,HYDRO,3134.69161,2035-09-01
Baseline,NZT,w22,2035,9,IMPORTS,0,2035-09-01
Baseline,NZT,w22,2035,9,NUCLEAR,0,2035-09-01
Baseline,NZT,w22,2035,9,PV,1054.558375,2035-09-01
Baseline,NZT,w22,2035,9,WIND,436.0172353,2035-09-01
Baseline,NZT,w22,2035,10,BIOENERGY,27.66144647,2035-10-01
Baseline,NZT,w22,2035,10,DIESEL,0,2035-10-01
Baseline,NZT,w22,2035,10,FUEL OIL,31.76358492,2035-10-01
Baseline,NZT,w22,2035,10,GAS,63.34099541,2035-10-01
Baseline,NZT,w22,2035,10,GEOTHERMAL,120.4331626,2035-10-01
Baseline,NZT,w22,2035,10,HYDRO,3025.339879,2035-10-01
Baseline,NZT,w22,2035,10,IMPORTS,0,2035-10-01
Baseline,NZT,w22,2035,10,NUCLEAR,0,2035-10-01
Baseline,NZT,w22,2035,10,PV,1066.662504,2035-10-01
Baseline,NZT,w22,2035,10,WIND,436.2111262,2035-10-01
Baseline,NZT,w22,2035,11,BIOENERGY,18.66749966,2035-11-01
Baseline,NZT,w22,2035,11,DIESEL,0,2035-11-01
Baseline,NZT,w22,2035,11,FUEL OIL,91.14221856,2035-11-01
Baseline,NZT,w22,2035,11,GAS,62.90063585,2035-11-01
Baseline,NZT,w22,2035,11,GEOTHERMAL,72.35831669,2035-11-01
Baseline,NZT,w22,2035,11,HYDRO,3098.739827,2035-11-01
Baseline,NZT,w22,2035,11,IMPORTS,0,2035-11-01
Baseline,NZT,w22,2035,11,NUCLEAR,0,2035-11-01
Baseline,NZT,w22,2035,11,PV,1055.505279,2035-11-01
Baseline,NZT,w22,2035,11,WIND,468.6540338,2035-11-01
Baseline,NZT,w22,2035,12,BIOENERGY,18.230731,2035-12-01
Baseline,NZT,w22,2035,12,DIESEL,72.53635086,2035-12-01
Baseline,NZT,w22,2035,12,FUEL OIL,92.95622161,2035-12-01
Baseline,NZT,w22,2035,12,GAS,61.14574561,2035-12-01
Baseline,NZT,w22,2035,12,GEOTHERMAL,108.7812435,2035-12-01
Baseline,NZT,w22,2035,12,HYDRO,3146.696743,2035-12-01
Baseline,NZT,w22,2035,12,IMPORTS,0,2035-12-01
Baseline,NZT,w22,2035,12,NUCLEAR,0,2035-12-01
Baseline,NZT,w22,2035,12,PV,1050.822863,2035-12-01
Baseline,NZT,w22,2035,12,WIND,433.1801992,2035-12-01
Baseline,NZT,w22,2036,1,BIOENERGY,69.11825945,2036-01-01
Baseline,NZT,w22,2036,1,DIESEL,0,2036-01-01
Baseline,NZT,w22,2036,1,FUEL OIL,0,2036-01-01
Baseline,NZT,w22,2036,1,GAS,26.52878584,2036-01-01
Baseline,NZT,w22,2036,1,GEOTHERMAL,118.6135917,2036-01-01
Baseline,NZT,w22,2036,1,HYDRO,3081.407496,2036-01-01
Baseline,NZT,w22,2036,1,IMPORTS,0,2036-01-01
Baseline,NZT,w22,2036,1,NUCLEAR,0,2036-01-01
Baseline,NZT,w22,2036,1,PV,1068.062209,2036-01-01
Baseline,NZT,w22,2036,1,WIND,501.0898083,2036-01-01
Baseline,NZT,w22,2036,2,BIOENERGY,75.20086118,2036-02-01
Baseline,NZT,w22,2036,2,DIESEL,0,2036-02-01
Baseline,NZT,w22,2036,2,FUEL OIL,0,2036-02-01
Baseline,NZT,w22,2036,2,GAS,0,2036-02-01
Baseline,NZT,w22,2036,2,GEOTHERMAL,111.8953294,2036-02-01
Baseline,NZT,w22,2036,2,HYDRO,3040.648681,2036-02-01
Baseline,NZT,w22,2036,2,IMPORTS,0,2036-02-01
Baseline,NZT,w22,2036,2,NUCLEAR,0,2036-02-01
Baseline,NZT,w22,2036,2,PV,1105.416987,2036-02-01
Baseline,NZT,w22,2036,2,WIND,507.3384843,2036-02-01
Baseline,NZT,w22,2036,3,BIOENERGY,0,2036-03-01
Baseline,NZT,w22,2036,3,DIESEL,0,2036-03-01
Baseline,NZT,w22,2036,3,FUEL OIL,0,2036-03-01
Baseline,NZT,w22,2036,3,GAS,0,2036-03-01
Baseline,NZT,w22,2036,3,GEOTHERMAL,0,2036-03-01
Baseline,NZT,w22,2036,3,HYDRO,3611.583185,2036-03-01
Baseline,NZT,w22,2036,3,IMPORTS,0,2036-03-01
Baseline,NZT,w22,2036,3,NUCLEAR,0,2036-03-01
Baseline,NZT,w22,2036,3,PV,901.7207077,2036-03-01
Baseline,NZT,w22,2036,3,WIND,410.0865394,2036-03-01
Baseline,NZT,w22,2036,4,BIOENERGY,0,2036-04-01
Baseline,NZT,w22,2036,4,DIESEL,0,2036-04-01
Baseline,NZT,w22,2036,4,FUEL OIL,33.16137253,2036-04-01
Baseline,NZT,w22,2036,4,GAS,0,2036-04-01
Baseline,NZT,w22,2036,4,GEOTHERMAL,0,2036-04-01
Baseline,NZT,w22,2036,4,HYDRO,3557.936329,2036-04-01
Baseline,NZT,w22,2036,4,IMPORTS,0,2036-04-01
Baseline,NZT,w22,2036,4,NUCLEAR,0,2036-04-01
Baseline,NZT,w22,2036,4,PV,932.5346452,2036-04-01
Baseline,NZT,w22,2036,4,WIND,426.2795257,2036-04-01
Baseline,NZT,w22,2036,5,BIOENERGY,0,2036-05-01
Baseline,NZT,w22,2036,5,DIESEL,0,2036-05-01
Baseline,NZT,w22,2036,5,FUEL OIL,32.06017648,2036-05-01
Baseline,NZT,w22,2036,5,GAS,0,2036-05-01
Baseline,NZT,w22,2036,5,GEOTHERMAL,0,2036-05-01
Baseline,NZT,w22,2036,5,HYDRO,3547.23206,2036-05-01
Baseline,NZT,w22,2036,5,IMPORTS,0,2036-05-01
Baseline,NZT,w22,2036,5,NUCLEAR,0,2036-05-01
Baseline,NZT,w22,2036,5,PV,913.2243255,2036-05-01
Baseline,NZT,w22,2036,5,WIND,432.8948551,2036-05-01
Baseline,NZT,w22,2036,6,BIOENERGY,0,2036-06-01
Baseline,NZT,w22,2036,6,DIESEL,0,2036-06-01
Baseline,NZT,w22,2036,6,FUEL OIL,31.59241016,2036-06-01
Baseline,NZT,w22,2036,6,GAS,0,2036-06-01
Baseline,NZT,w22,2036,6,GEOTHERMAL,0,2036-06-01
Baseline,NZT,w22,2036,6,HYDRO,3439.440617,2036-06-01
Baseline,NZT,w22,2036,6,IMPORTS,0,2036-06-01
Baseline,NZT,w22,2036,6,NUCLEAR,0,2036-06-01
Baseline,NZT,w22,2036,6,PV,936.1607207,2036-06-01
Baseline,NZT,w22,2036,6,WIND,409.8395195,2036-06-01
Baseline,NZT,w22,2036,7,BIOENERGY,0,2036-07-01
Baseline,NZT,w22,2036,7,DIESEL,0,2036-07-01
Baseline,NZT,w22,2036,7,FUEL OIL,0,2036-07-01
Baseline,NZT,w22,2036,7,GAS,0,2036-07-01
Baseline,NZT,w22,2036,7,GEOTHERMAL,0,2036-07-01
Baseline,NZT,w22,2036,7,HYDRO,3358.396084,2036-07-01
Baseline,NZT,w22,2036,7,IMPORTS,0,2036-07-01
Baseline,NZT,w22,2036,7,NUCLEAR,0,2036-07-01
Baseline,NZT,w22,2036,7,PV,959.590321,2036-07-01
Baseline,NZT,w22,2036,7,WIND,435.1858967,2036-07-01
Baseline,NZT,w22,2036,8,BIOENERGY,0,2036-08-01
Baseline,NZT,w22,2036,8,DIESEL,0,2036-08-01
Baseline,NZT,w22,2036,8,FUEL OIL,0,2036-08-01
Baseline,NZT,w22,2036,8,GAS,0,2036-08-01
Baseline,NZT,w22,2036,8,GEOTHERMAL,50.55077538,2036-08-01
Baseline,NZT,w22,2036,8,HYDRO,3078.359634,2036-08-01
Baseline,NZT,w22,2036,8,IMPORTS,0,2036-08-01
Baseline,NZT,w22,2036,8,NUCLEAR,0,2036-08-01
Baseline,NZT,w22,2036,8,PV,1119.468425,2036-08-01
Baseline,NZT,w22,2036,8,WIND,491.7848107,2036-08-01
Baseline,NZT,w22,2036,9,BIOENERGY,0,2036-09-01
Baseline,NZT,w22,2036,9,DIESEL,0,2036-09-01
Baseline,NZT,w22,2036,9,FUEL OIL,0,2036-09-01
Baseline,NZT,w22,2036,9,GAS,0,2036-09-01
Baseline,NZT,w22,2036,9,GEOTHERMAL,50.99072641,2036-09-01
Baseline,NZT,w22,2036,9,HYDRO,3192.712258,2036-09-01
Baseline,NZT,w22,2036,9,IMPORTS,0,2036-09-01
Baseline,NZT,w22,2036,9,NUCLEAR,0,2036-09-01
Baseline,NZT,w22,2036,9,PV,1131.900729,2036-09-01
Baseline,NZT,w22,2036,9,WIND,475.3414217,2036-09-01
Baseline,NZT,w22,2036,10,BIOENERGY,76.18226347,2036-10-01
Baseline,NZT,w22,2036,10,DIESEL,0,2036-10-01
Baseline,NZT,w22,2036,10,FUEL OIL,0,2036-10-01
Baseline,NZT,w22,2036,10,GAS,36.61175102,2036-10-01
Baseline,NZT,w22,2036,10,GEOTHERMAL,122.2336169,2036-10-01
Baseline,NZT,w22,2036,10,HYDRO,3091.700082,2036-10-01
Baseline,NZT,w22,2036,10,IMPORTS,0,2036-10-01
Baseline,NZT,w22,2036,10,NUCLEAR,0,2036-10-01
Baseline,NZT,w22,2036,10,PV,1085.723447,2036-10-01
Baseline,NZT,w22,2036,10,WIND,454.3897919,2036-10-01
Baseline,NZT,w22,2036,11,BIOENERGY,18.21243637,2036-11-01
Baseline,NZT,w22,2036,11,DIESEL,0,2036-11-01
Baseline,NZT,w22,2036,11,FUEL OIL,31.17451095,2036-11-01
Baseline,NZT,w22,2036,11,GAS,36.49905687,2036-11-01
Baseline,NZT,w22,2036,11,GEOTHERMAL,67.18661829,2036-11-01
Baseline,NZT,w22,2036,11,HYDRO,3182.627821,2036-11-01
Baseline,NZT,w22,2036,11,IMPORTS,0,2036-11-01
Baseline,NZT,w22,2036,11,NUCLEAR,0,2036-11-01
Baseline,NZT,w22,2036,11,PV,1150.665291,2036-11-01
Baseline,NZT,w22,2036,11,WIND,478.9614313,2036-11-01
Baseline,NZT,w22,2036,12,BIOENERGY,21.11076119,2036-12-01
Baseline,NZT,w22,2036,12,DIESEL,31.22477218,2036-12-01
Baseline,NZT,w22,2036,12,FUEL OIL,33.71089775,2036-12-01
Baseline,NZT,w22,2036,12,GAS,63.51846898,2036-12-01
Baseline,NZT,w22,2036,12,GEOTHERMAL,113.9771392,2036-12-01
Baseline,NZT,w22,2036,12,HYDRO,3238.92935,2036-12-01
Baseline,NZT,w22,2036,12,IMPORTS,0,2036-12-01
Baseline,NZT,w22,2036,12,NUCLEAR,0,2036-12-01
Baseline,NZT,w22,2036,12,PV,1117.097855,2036-12-01
Baseline,NZT,w22,2036,12,WIND,464.4678562,2036-12-01
Baseline,NZT,w22,2037,1,BIOENERGY,0,2037-01-01
Baseline,NZT,w22,2037,1,DIESEL,0,2037-01-01
Baseline,NZT,w22,2037,1,FUEL OIL,31.22171501,2037-01-01
Baseline,NZT,w22,2037,1,GAS,62.52803351,2037-01-01
Baseline,NZT,w22,2037,1,GEOTHERMAL,53.13116777,2037-01-01
Baseline,NZT,w22,2037,1,HYDRO,3205.267064,2037-01-01
Baseline,NZT,w22,2037,1,IMPORTS,0,2037-01-01
Baseline,NZT,w22,2037,1,NUCLEAR,0,2037-01-01
Baseline,NZT,w22,2037,1,PV,1094.400431,2037-01-01
Baseline,NZT,w22,2037,1,WIND,515.5681425,2037-01-01
Baseline,NZT,w22,2037,2,BIOENERGY,0,2037-02-01
Baseline,NZT,w22,2037,2,DIESEL,0,2037-02-01
Baseline,NZT,w22,2037,2,FUEL OIL,0,2037-02-01
Baseline,NZT,w22,2037,2,GAS,0,2037-02-01
Baseline,NZT,w22,2037,2,GEOTHERMAL,48.67096109,2037-02-01
Baseline,NZT,w22,2037,2,HYDRO,3243.617308,2037-02-01
Baseline,NZT,w22,2037,2,IMPORTS,0,2037-02-01
Baseline,NZT,w22,2037,2,NUCLEAR,0,2037-02-01
Baseline,NZT,w22,2037,2,PV,1146.706721,2037-02-01
Baseline,NZT,w22,2037,2,WIND,498.3153593,2037-02-01
Baseline,NZT,w22,2037,3,BIOENERGY,0,2037-03-01
Baseline,NZT,w22,2037,3,DIESEL,0,2037-03-01
Baseline,NZT,w22,2037,3,FUEL OIL,32.74848306,2037-03-01
Baseline,NZT,w22,2037,3,GAS,0,2037-03-01
Baseline,NZT,w22,2037,3,GEOTHERMAL,0,2037-03-01
Baseline,NZT,w22,2037,3,HYDRO,3631.542091,2037-03-01
Baseline,NZT,w22,2037,3,IMPORTS,0,2037-03-01
Baseline,NZT,w22,2037,3,NUCLEAR,0,2037-03-01
Baseline,NZT,w22,2037,3,PV,922.3273382,2037-03-01
Baseline,NZT,w22,2037,3,WIND,436.7523028,2037-03-01
Baseline,NZT,w22,2037,4,BIOENERGY,0,2037-04-01
Baseline,NZT,w22,2037,4,DIESEL,0,2037-04-01
Baseline,NZT,w22,2037,4,FUEL OIL,32.38325525,2037-04-01
Baseline,NZT,w22,2037,4,GAS,0,2037-04-01
Baseline,NZT,w22,2037,4,GEOTHERMAL,0,2037-04-01
Baseline,NZT,w22,2037,4,HYDRO,3628.414709,2037-04-01
Baseline,NZT,w22,2037,4,IMPORTS,0,2037-04-01
Baseline,NZT,w22,2037,4,NUCLEAR,0,2037-04-01
Baseline,NZT,w22,2037,4,PV,928.6878878,2037-04-01
Baseline,NZT,w22,2037,4,WIND,459.4242584,2037-04-01
Baseline,NZT,w22,2037,5,BIOENERGY,0,2037-05-01
Baseline,NZT,w22,2037,5,DIESEL,0,2037-05-01
Baseline,NZT,w22,2037,5,FUEL OIL,32.31398854,2037-05-01
Baseline,NZT,w22,2037,5,GAS,0,2037-05-01
Baseline,NZT,w22,2037,5,GEOTHERMAL,0,2037-05-01
Baseline,NZT,w22,2037,5,HYDRO,3624.742478,2037-05-01
Baseline,NZT,w22,2037,5,IMPORTS,0,2037-05-01
Baseline,NZT,w22,2037,5,NUCLEAR,0,2037-05-01
Baseline,NZT,w22,2037,5,PV,922.2948877,2037-05-01
Baseline,NZT,w22,2037,5,WIND,444.5682913,2037-05-01
Baseline,NZT,w22,2037,6,BIOENERGY,0,2037-06-01
Baseline,NZT,w22,2037,6,DIESEL,0,2037-06-01
Baseline,NZT,w22,2037,6,FUEL OIL,0,2037-06-01
Baseline,NZT,w22,2037,6,GAS,0,2037-06-01
Baseline,NZT,w22,2037,6,GEOTHERMAL,0,2037-06-01
Baseline,NZT,w22,2037,6,HYDRO,3568.318573,2037-06-01
Baseline,NZT,w22,2037,6,IMPORTS,0,2037-06-01
Baseline,NZT,w22,2037,6,NUCLEAR,0,2037-06-01
Baseline,NZT,w22,2037,6,PV,910.3797574,2037-06-01
Baseline,NZT,w22,2037,6,WIND,432.4014925,2037-06-01
Baseline,NZT,w22,2037,7,BIOENERGY,0,2037-07-01
Baseline,NZT,w22,2037,7,DIESEL,0,2037-07-01
Baseline,NZT,w22,2037,7,FUEL OIL,0,2037-07-01
Baseline,NZT,w22,2037,7,GAS,0,2037-07-01
Baseline,NZT,w22,2037,7,GEOTHERMAL,0,2037-07-01
Baseline,NZT,w22,2037,7,HYDRO,3467.660447,2037-07-01
Baseline,NZT,w22,2037,7,IMPORTS,0,2037-07-01
Baseline,NZT,w22,2037,7,NUCLEAR,0,2037-07-01
Baseline,NZT,w22,2037,7,PV,962.0616939,2037-07-01
Baseline,NZT,w22,2037,7,WIND,418.5136059,2037-07-01
Baseline,NZT,w22,2037,8,BIOENERGY,17.73876507,2037-08-01
Baseline,NZT,w22,2037,8,DIESEL,0,2037-08-01
Baseline,NZT,w22,2037,8,FUEL OIL,0,2037-08-01
Baseline,NZT,w22,2037,8,GAS,0,2037-08-01
Baseline,NZT,w22,2037,8,GEOTHERMAL,49.12176858,2037-08-01
Baseline,NZT,w22,2037,8,HYDRO,3200.495646,2037-08-01
Baseline,NZT,w22,2037,8,IMPORTS,0,2037-08-01
Baseline,NZT,w22,2037,8,NUCLEAR,0,2037-08-01
Baseline,NZT,w22,2037,8,PV,1080.716205,2037-08-01
Baseline,NZT,w22,2037,8,WIND,486.8945329,2037-08-01
Baseline,NZT,w22,2037,9,BIOENERGY,18.97607734,2037-09-01
Baseline,NZT,w22,2037,9,DIESEL,0,2037-09-01
Baseline,NZT,w22,2037,9,FUEL OIL,59.13069332,2037-09-01
Baseline,NZT,w22,2037,9,GAS,36.39926599,2037-09-01
Baseline,NZT,w22,2037,9,GEOTHERMAL,101.6519248,2037-09-01
Baseline,NZT,w22,2037,9,HYDRO,3117.41326,2037-09-01
Baseline,NZT,w22,2037,9,IMPORTS,0,2037-09-01
Baseline,NZT,w22,2037,9,NUCLEAR,0,2037-09-01
Baseline,NZT,w22,2037,9,PV,1118.986096,2037-09-01
Baseline,NZT,w22,2037,9,WIND,495.4067212,2037-09-01
Baseline,NZT,w22,2037,10,BIOENERGY,19.54819514,2037-10-01
Baseline,NZT,w22,2037,10,DIESEL,32.01978518,2037-10-01
Baseline,NZT,w22,2037,10,FUEL OIL,32.16148175,2037-10-01
Baseline,NZT,w22,2037,10,GAS,64.38377925,2037-10-01
Baseline,NZT,w22,2037,10,GEOTHERMAL,114.518316,2037-10-01
Baseline,NZT,w22,2037,10,HYDRO,3105.737509,2037-10-01
Baseline,NZT,w22,2037,10,IMPORTS,0,2037-10-01
Baseline,NZT,w22,2037,10,NUCLEAR,0,2037-10-01
Baseline,NZT,w22,2037,10,PV,1118.510842,2037-10-01
Baseline,NZT,w22,2037,10,WIND,477.2978632,2037-10-01
Baseline,NZT,w22,2037,11,BIOENERGY,18.94397341,2037-11-01
Baseline,NZT,w22,2037,11,DIESEL,0,2037-11-01
Baseline,NZT,w22,2037,11,FUEL OIL,93.67602482,2037-11-01
Baseline,NZT,w22,2037,11,GAS,63.11302289,2037-11-01
Baseline,NZT,w22,2037,11,GEOTHERMAL,51.30959834,2037-11-01
Baseline,NZT,w22,2037,11,HYDRO,3256.59694,2037-11-01
Baseline,NZT,w22,2037,11,IMPORTS,0,2037-11-01
Baseline,NZT,w22,2037,11,NUCLEAR,0,2037-11-01
Baseline,NZT,w22,2037,11,PV,1109.315274,2037-11-01
Baseline,NZT,w22,2037,11,WIND,471.6788767,2037-11-01
Baseline,NZT,w22,2037,12,BIOENERGY,18.79924721,2037-12-01
Baseline,NZT,w22,2037,12,DIESEL,31.37473015,2037-12-01
Baseline,NZT,w22,2037,12,FUEL OIL,91.75866665,2037-12-01
Baseline,NZT,w22,2037,12,GAS,62.7570437,2037-12-01
Baseline,NZT,w22,2037,12,GEOTHERMAL,81.05901011,2037-12-01
Baseline,NZT,w22,2037,12,HYDRO,3302.886689,2037-12-01
Baseline,NZT,w22,2037,12,IMPORTS,0,2037-12-01
Baseline,NZT,w22,2037,12,NUCLEAR,0,2037-12-01
Baseline,NZT,w22,2037,12,PV,1112.329125,2037-12-01
Baseline,NZT,w22,2037,12,WIND,484.7533299,2037-12-01
Baseline,NZT,w22,2038,1,BIOENERGY,18.22026021,2038-01-01
Baseline,NZT,w22,2038,1,DIESEL,0,2038-01-01
Baseline,NZT,w22,2038,1,FUEL OIL,91.01519746,2038-01-01
Baseline,NZT,w22,2038,1,GAS,62.75491263,2038-01-01
Baseline,NZT,w22,2038,1,GEOTHERMAL,86.02175995,2038-01-01
Baseline,NZT,w22,2038,1,HYDRO,3168.195321,2038-01-01
Baseline,NZT,w22,2038,1,IMPORTS,0,2038-01-01
Baseline,NZT,w22,2038,1,NUCLEAR,0,2038-01-01
Baseline,NZT,w22,2038,1,PV,1128.016729,2038-01-01
Baseline,NZT,w22,2038,1,WIND,507.1347047,2038-01-01
Baseline,NZT,w22,2038,2,BIOENERGY,18.28339907,2038-02-01
Baseline,NZT,w22,2038,2,DIESEL,0,2038-02-01
Baseline,NZT,w22,2038,2,FUEL OIL,92.2837192,2038-02-01
Baseline,NZT,w22,2038,2,GAS,62.67656508,2038-02-01
Baseline,NZT,w22,2038,2,GEOTHERMAL,75.64969021,2038-02-01
Baseline,NZT,w22,2038,2,HYDRO,3179.673921,2038-02-01
Baseline,NZT,w22,2038,2,IMPORTS,0,2038-02-01
Baseline,NZT,w22,2038,2,NUCLEAR,0,2038-02-01
Baseline,NZT,w22,2038,2,PV,1131.208439,2038-02-01
Baseline,NZT,w22,2038,2,WIND,476.2808225,2038-02-01
Baseline,NZT,w22,2038,3,BIOENERGY,0,2038-03-01
Baseline,NZT,w22,2038,3,DIESEL,0,2038-03-01
Baseline,NZT,w22,2038,3,FUEL OIL,32.1409408,2038-03-01
Baseline,NZT,w22,2038,3,GAS,0,2038-03-01
Baseline,NZT,w22,2038,3,GEOTHERMAL,0,2038-03-01
Baseline,NZT,w22,2038,3,HYDRO,3693.796581,2038-03-01
Baseline,NZT,w22,2038,3,IMPORTS,0,2038-03-01
Baseline,NZT,w22,2038,3,NUCLEAR,0,2038-03-01
Baseline,NZT,w22,2038,3,PV,959.4120596,2038-03-01
Baseline,NZT,w22,2038,3,WIND,438.4880379,2038-03-01
Baseline,NZT,w22,2038,4,BIOENERGY,0,2038-04-01
Baseline,NZT,w22,2038,4,DIESEL,0,2038-04-01
Baseline,NZT,w22,2038,4,FUEL OIL,32.35026438,2038-04-01
Baseline,NZT,w22,2038,4,GAS,0,2038-04-01
Baseline,NZT,w22,2038,4,GEOTHERMAL,0,2038-04-01
Baseline,NZT,w22,2038,4,HYDRO,3707.281954,2038-04-01
Baseline,NZT,w22,2038,4,IMPORTS,0,2038-04-01
Baseline,NZT,w22,2038,4,NUCLEAR,0,2038-04-01
Baseline,NZT,w22,2038,4,PV,954.75995,2038-04-01
Baseline,NZT,w22,2038,4,WIND,455.496144,2038-04-01
Baseline,NZT,w22,2038,5,BIOENERGY,0,2038-05-01
Baseline,NZT,w22,2038,5,DIESEL,0,2038-05-01
Baseline,NZT,w22,2038,5,FUEL OIL,32.61034016,2038-05-01
Baseline,NZT,w22,2038,5,GAS,0,2038-05-01
Baseline,NZT,w22,2038,5,GEOTHERMAL,0,2038-05-01
Baseline,NZT,w22,2038,5,HYDRO,3741.734205,2038-05-01
Baseline,NZT,w22,2038,5,IMPORTS,0,2038-05-01
Baseline,NZT,w22,2038,5,NUCLEAR,0,2038-05-01
Baseline,NZT,w22,2038,5,PV,943.6052636,2038-05-01
Baseline,NZT,w22,2038,5,WIND,406.4482295,2038-05-01
Baseline,NZT,w22,2038,6,BIOENERGY,0,2038-06-01
Baseline,NZT,w22,2038,6,DIESEL,0,2038-06-01
Baseline,NZT,w22,2038,6,FUEL OIL,32.4606942,2038-06-01
Baseline,NZT,w22,2038,6,GAS,0,2038-06-01
Baseline,NZT,w22,2038,6,GEOTHERMAL,0,2038-06-01
Baseline,NZT,w22,2038,6,HYDRO,3578.258734,2038-06-01
Baseline,NZT,w22,2038,6,IMPORTS,0,2038-06-01
Baseline,NZT,w22,2038,6,NUCLEAR,0,2038-06-01
Baseline,NZT,w22,2038,6,PV,956.9880017,2038-06-01
Baseline,NZT,w22,2038,6,WIND,443.9339816,2038-06-01
Baseline,NZT,w22,2038,7,BIOENERGY,0,2038-07-01
Baseline,NZT,w22,2038,7,DIESEL,0,2038-07-01
Baseline,NZT,w22,2038,7,FUEL OIL,31.78346035,2038-07-01
Baseline,NZT,w22,2038,7,GAS,0,2038-07-01
Baseline,NZT,w22,2038,7,GEOTHERMAL,0,2038-07-01
Baseline,NZT,w22,2038,7,HYDRO,3532.352181,2038-07-01
Baseline,NZT,w22,2038,7,IMPORTS,0,2038-07-01
Baseline,NZT,w22,2038,7,NUCLEAR,0,2038-07-01
Baseline,NZT,w22,2038,7,PV,934.325251,2038-07-01
Baseline,NZT,w22,2038,7,WIND,446.7395694,2038-07-01
Baseline,NZT,w22,2038,8,BIOENERGY,18.42706821,2038-08-01
Baseline,NZT,w22,2038,8,DIESEL,0,2038-08-01
Baseline,NZT,w22,2038,8,FUEL OIL,0,2038-08-01
Baseline,NZT,w22,2038,8,GAS,0,2038-08-01
Baseline,NZT,w22,2038,8,GEOTHERMAL,85.75485854,2038-08-01
Baseline,NZT,w22,2038,8,HYDRO,3226.905277,2038-08-01
Baseline,NZT,w22,2038,8,IMPORTS,0,2038-08-01
Baseline,NZT,w22,2038,8,NUCLEAR,0,2038-08-01
Baseline,NZT,w22,2038,8,PV,1128.544877,2038-08-01
Baseline,NZT,w22,2038,8,WIND,472.0341745,2038-08-01
Baseline,NZT,w22,2038,9,BIOENERGY,83.36173618,2038-09-01
Baseline,NZT,w22,2038,9,DIESEL,0,2038-09-01
Baseline,NZT,w22,2038,9,FUEL OIL,32.74441118,2038-09-01
Baseline,NZT,w22,2038,9,GAS,62.28858498,2038-09-01
Baseline,NZT,w22,2038,9,GEOTHERMAL,122.2423068,2038-09-01
Baseline,NZT,w22,2038,9,HYDRO,3141.503999,2038-09-01
Baseline,NZT,w22,2038,9,IMPORTS,0,2038-09-01
Baseline,NZT,w22,2038,9,NUCLEAR,0,2038-09-01
Baseline,NZT,w22,2038,9,PV,1106.973651,2038-09-01
Baseline,NZT,w22,2038,9,WIND,497.8086302,2038-09-01
Baseline,NZT,w22,2038,10,BIOENERGY,18.51409529,2038-10-01
Baseline,NZT,w22,2038,10,DIESEL,0,2038-10-01
Baseline,NZT,w22,2038,10,FUEL OIL,32.40425979,2038-10-01
Baseline,NZT,w22,2038,10,GAS,61.45699787,2038-10-01
Baseline,NZT,w22,2038,10,GEOTHERMAL,76.0188633,2038-10-01
Baseline,NZT,w22,2038,10,HYDRO,3259.985872,2038-10-01
Baseline,NZT,w22,2038,10,IMPORTS,0,2038-10-01
Baseline,NZT,w22,2038,10,NUCLEAR,0,2038-10-01
Baseline,NZT,w22,2038,10,PV,1119.209082,2038-10-01
Baseline,NZT,w22,2038,10,WIND,495.8721562,2038-10-01
Baseline,NZT,w22,2038,11,BIOENERGY,17.6842217,2038-11-01
Baseline,NZT,w22,2038,11,DIESEL,72.19613481,2038-11-01
Baseline,NZT,w22,2038,11,FUEL OIL,94.58333022,2038-11-01
Baseline,NZT,w22,2038,11,GAS,64.23996716,2038-11-01
Baseline,NZT,w22,2038,11,GEOTHERMAL,116.8821887,2038-11-01
Baseline,NZT,w22,2038,11,HYDRO,3193.749892,2038-11-01
Baseline,NZT,w22,2038,11,IMPORTS,0,2038-11-01
Baseline,NZT,w22,2038,11,NUCLEAR,0,2038-11-01
Baseline,NZT,w22,2038,11,PV,1122.320746,2038-11-01
Baseline,NZT,w22,2038,11,WIND,484.2699032,2038-11-01
Baseline,NZT,w22,2038,12,BIOENERGY,67.20882052,2038-12-01
Baseline,NZT,w22,2038,12,DIESEL,32.4273972,2038-12-01
Baseline,NZT,w22,2038,12,FUEL OIL,95.67850899,2038-12-01
Baseline,NZT,w22,2038,12,GAS,62.06346537,2038-12-01
Baseline,NZT,w22,2038,12,GEOTHERMAL,117.2123681,2038-12-01
Baseline,NZT,w22,2038,12,HYDRO,3339.57646,2038-12-01
Baseline,NZT,w22,2038,12,IMPORTS,0,2038-12-01
Baseline,NZT,w22,2038,12,NUCLEAR,0,2038-12-01
Baseline,NZT,w22,2038,12,PV,1086.129752,2038-12-01
Baseline,NZT,w22,2038,12,WIND,489.1354268,2038-12-01
Baseline,NZT,w22,2039,1,BIOENERGY,58.56637989,2039-01-01
Baseline,NZT,w22,2039,1,DIESEL,71.61376055,2039-01-01
Baseline,NZT,w22,2039,1,FUEL OIL,32.7694378,2039-01-01
Baseline,NZT,w22,2039,1,GAS,64.38172053,2039-01-01
Baseline,NZT,w22,2039,1,GEOTHERMAL,119.1304536,2039-01-01
Baseline,NZT,w22,2039,1,HYDRO,3236.318796,2039-01-01
Baseline,NZT,w22,2039,1,IMPORTS,0,2039-01-01
Baseline,NZT,w22,2039,1,NUCLEAR,0,2039-01-01
Baseline,NZT,w22,2039,1,PV,1088.472713,2039-01-01
Baseline,NZT,w22,2039,1,WIND,491.3328001,2039-01-01
Baseline,NZT,w22,2039,2,BIOENERGY,31.5243828,2039-02-01
Baseline,NZT,w22,2039,2,DIESEL,39.36856812,2039-02-01
Baseline,NZT,w22,2039,2,FUEL OIL,0,2039-02-01
Baseline,NZT,w22,2039,2,GAS,0,2039-02-01
Baseline,NZT,w22,2039,2,GEOTHERMAL,113.3284402,2039-02-01
Baseline,NZT,w22,2039,2,HYDRO,3376.118306,2039-02-01
Baseline,NZT,w22,2039,2,IMPORTS,0,2039-02-01
Baseline,NZT,w22,2039,2,NUCLEAR,0,2039-02-01
Baseline,NZT,w22,2039,2,PV,1096.335456,2039-02-01
Baseline,NZT,w22,2039,2,WIND,480.1025337,2039-02-01
Baseline,NZT,w22,2039,3,BIOENERGY,0,2039-03-01
Baseline,NZT,w22,2039,3,DIESEL,0,2039-03-01
Baseline,NZT,w22,2039,3,FUEL OIL,0,2039-03-01
Baseline,NZT,w22,2039,3,GAS,0,2039-03-01
Baseline,NZT,w22,2039,3,GEOTHERMAL,0,2039-03-01
Baseline,NZT,w22,2039,3,HYDRO,3850.414491,2039-03-01
Baseline,NZT,w22,2039,3,IMPORTS,0,2039-03-01
Baseline,NZT,w22,2039,3,NUCLEAR,0,2039-03-01
Baseline,NZT,w22,2039,3,PV,930.4766246,2039-03-01
Baseline,NZT,w22,2039,3,WIND,445.4232568,2039-03-01
Baseline,NZT,w22,2039,4,BIOENERGY,0,2039-04-01
Baseline,NZT,w22,2039,4,DIESEL,0,2039-04-01
Baseline,NZT,w22,2039,4,FUEL OIL,0,2039-04-01
Baseline,NZT,w22,2039,4,GAS,0,2039-04-01
Baseline,NZT,w22,2039,4,GEOTHERMAL,0,2039-04-01
Baseline,NZT,w22,2039,4,HYDRO,3916.961278,2039-04-01
Baseline,NZT,w22,2039,4,IMPORTS,0,2039-04-01
Baseline,NZT,w22,2039,4,NUCLEAR,0,2039-04-01
Baseline,NZT,w22,2039,4,PV,903.1576463,2039-04-01
Baseline,NZT,w22,2039,4,WIND,432.7671544,2039-04-01
Baseline,NZT,w22,2039,5,BIOENERGY,0,2039-05-01
Baseline,NZT,w22,2039,5,DIESEL,0,2039-05-01
Baseline,NZT,w22,2039,5,FUEL OIL,0,2039-05-01
Baseline,NZT,w22,2039,5,GAS,0,2039-05-01
Baseline,NZT,w22,2039,5,GEOTHERMAL,0,2039-05-01
Baseline,NZT,w22,2039,5,HYDRO,3831.546818,2039-05-01
Baseline,NZT,w22,2039,5,IMPORTS,0,2039-05-01
Baseline,NZT,w22,2039,5,NUCLEAR,0,2039-05-01
Baseline,NZT,w22,2039,5,PV,957.4035352,2039-05-01
Baseline,NZT,w22,2039,5,WIND,437.9356461,2039-05-01
Baseline,NZT,w22,2039,6,BIOENERGY,0,2039-06-01
Baseline,NZT,w22,2039,6,DIESEL,0,2039-06-01
Baseline,NZT,w22,2039,6,FUEL OIL,0,2039-06-01
Baseline,NZT,w22,2039,6,GAS,0,2039-06-01
Baseline,NZT,w22,2039,6,GEOTHERMAL,0,2039-06-01
Baseline,NZT,w22,2039,6,HYDRO,3747.260511,2039-06-01
Baseline,NZT,w22,2039,6,IMPORTS,0,2039-06-01
Baseline,NZT,w22,2039,6,NUCLEAR,0,2039-06-01
Baseline,NZT,w22,2039,6,PV,942.2043948,2039-06-01
Baseline,NZT,w22,2039,6,WIND,422.4093344,2039-06-01
Baseline,NZT,w22,2039,7,BIOENERGY,0,2039-07-01
Baseline,NZT,w22,2039,7,DIESEL,0,2039-07-01
Baseline,NZT,w22,2039,7,FUEL OIL,0,2039-07-01
Baseline,NZT,w22,2039,7,GAS,0,2039-07-01
Baseline,NZT,w22,2039,7,GEOTHERMAL,0,2039-07-01
Baseline,NZT,w22,2039,7,HYDRO,3682.146844,2039-07-01
Baseline,NZT,w22,2039,7,IMPORTS,0,2039-07-01
Baseline,NZT,w22,2039,7,NUCLEAR,0,2039-07-01
Baseline,NZT,w22,2039,7,PV,922.1849138,2039-07-01
Baseline,NZT,w22,2039,7,WIND,439.7727138,2039-07-01
Baseline,NZT,w22,2039,8,BIOENERGY,89.93645149,2039-08-01
Baseline,NZT,w22,2039,8,DIESEL,0,2039-08-01
Baseline,NZT,w22,2039,8,FUEL OIL,0,2039-08-01
Baseline,NZT,w22,2039,8,GAS,0,2039-08-01
Baseline,NZT,w22,2039,8,GEOTHERMAL,117.4720656,2039-08-01
Baseline,NZT,w22,2039,8,HYDRO,3179.508882,2039-08-01
Baseline,NZT,w22,2039,8,IMPORTS,30.18792506,2039-08-01
Baseline,NZT,w22,2039,8,NUCLEAR,0,2039-08-01
Baseline,NZT,w22,2039,8,PV,1114.836518,2039-08-01
Baseline,NZT,w22,2039,8,WIND,498.3577391,2039-08-01
Baseline,NZT,w22,2039,9,BIOENERGY,92.09447134,2039-09-01
Baseline,NZT,w22,2039,9,DIESEL,0,2039-09-01
Baseline,NZT,w22,2039,9,FUEL OIL,0,2039-09-01
Baseline,NZT,w22,2039,9,GAS,77.53418852,2039-09-01
Baseline,NZT,w22,2039,9,GEOTHERMAL,118.5794602,2039-09-01
Baseline,NZT,w22,2039,9,HYDRO,3267.435985,2039-09-01
Baseline,NZT,w22,2039,9,IMPORTS,0,2039-09-01
Baseline,NZT,w22,2039,9,NUCLEAR,0,2039-09-01
Baseline,NZT,w22,2039,9,PV,1129.390976,2039-09-01
Baseline,NZT,w22,2039,9,WIND,462.8267041,2039-09-01
Baseline,NZT,w22,2039,10,BIOENERGY,84.80092298,2039-10-01
Baseline,NZT,w22,2039,10,DIESEL,0,2039-10-01
Baseline,NZT,w22,2039,10,FUEL OIL,0,2039-10-01
Baseline,NZT,w22,2039,10,GAS,143.4031179,2039-10-01
Baseline,NZT,w22,2039,10,GEOTHERMAL,120.0842739,2039-10-01
Baseline,NZT,w22,2039,10,HYDRO,3203.134657,2039-10-01
Baseline,NZT,w22,2039,10,IMPORTS,1.815707258,2039-10-01
Baseline,NZT,w22,2039,10,NUCLEAR,0,2039-10-01
Baseline,NZT,w22,2039,10,PV,1106.214231,2039-10-01
Baseline,NZT,w22,2039,10,WIND,505.2776442,2039-10-01
Baseline,NZT,w22,2039,11,BIOENERGY,87.01195348,2039-11-01
Baseline,NZT,w22,2039,11,DIESEL,0,2039-11-01
Baseline,NZT,w22,2039,11,FUEL OIL,0,2039-11-01
Baseline,NZT,w22,2039,11,GAS,144.597002,2039-11-01
Baseline,NZT,w22,2039,11,GEOTHERMAL,118.8556725,2039-11-01
Baseline,NZT,w22,2039,11,HYDRO,3306.66084,2039-11-01
Baseline,NZT,w22,2039,11,IMPORTS,0,2039-11-01
Baseline,NZT,w22,2039,11,NUCLEAR,0,2039-11-01
Baseline,NZT,w22,2039,11,PV,1124.9573,2039-11-01
Baseline,NZT,w22,2039,11,WIND,487.1621432,2039-11-01
Baseline,NZT,w22,2039,12,BIOENERGY,90.51419174,2039-12-01
Baseline,NZT,w22,2039,12,DIESEL,0,2039-12-01
Baseline,NZT,w22,2039,12,FUEL OIL,162.1589395,2039-12-01
Baseline,NZT,w22,2039,12,GAS,64.45066414,2039-12-01
Baseline,NZT,w22,2039,12,GEOTHERMAL,119.2258547,2039-12-01
Baseline,NZT,w22,2039,12,HYDRO,3361.351295,2039-12-01
Baseline,NZT,w22,2039,12,IMPORTS,0,2039-12-01
Baseline,NZT,w22,2039,12,NUCLEAR,0,2039-12-01
Baseline,NZT,w22,2039,12,PV,1115.232735,2039-12-01
Baseline,NZT,w22,2039,12,WIND,482.2871627,2039-12-01
Baseline,NZT,w22,2040,1,BIOENERGY,86.75999375,2040-01-01
Baseline,NZT,w22,2040,1,DIESEL,0,2040-01-01
Baseline,NZT,w22,2040,1,FUEL OIL,0,2040-01-01
Baseline,NZT,w22,2040,1,GAS,140.0768144,2040-01-01
Baseline,NZT,w22,2040,1,GEOTHERMAL,115.7025378,2040-01-01
Baseline,NZT,w22,2040,1,HYDRO,3330.582767,2040-01-01
Baseline,NZT,w22,2040,1,IMPORTS,0,2040-01-01
Baseline,NZT,w22,2040,1,NUCLEAR,0,2040-01-01
Baseline,NZT,w22,2040,1,PV,1119.15627,2040-01-01
Baseline,NZT,w22,2040,1,WIND,473.5594004,2040-01-01
Baseline,NZT,w22,2040,2,BIOENERGY,89.64231845,2040-02-01
Baseline,NZT,w22,2040,2,DIESEL,0,2040-02-01
Baseline,NZT,w22,2040,2,FUEL OIL,0,2040-02-01
Baseline,NZT,w22,2040,2,GAS,154.0399271,2040-02-01
Baseline,NZT,w22,2040,2,GEOTHERMAL,112.3716181,2040-02-01
Baseline,NZT,w22,2040,2,HYDRO,3264.145343,2040-02-01
Baseline,NZT,w22,2040,2,IMPORTS,0,2040-02-01
Baseline,NZT,w22,2040,2,NUCLEAR,0,2040-02-01
Baseline,NZT,w22,2040,2,PV,1118.913163,2040-02-01
Baseline,NZT,w22,2040,2,WIND,500.4008715,2040-02-01
Baseline,NZT,w22,2040,3,BIOENERGY,0,2040-03-01
Baseline,NZT,w22,2040,3,DIESEL,0,2040-03-01
Baseline,NZT,w22,2040,3,FUEL OIL,0,2040-03-01
Baseline,NZT,w22,2040,3,GAS,0,2040-03-01
Baseline,NZT,w22,2040,3,GEOTHERMAL,0,2040-03-01
Baseline,NZT,w22,2040,3,HYDRO,3980.763097,2040-03-01
Baseline,NZT,w22,2040,3,IMPORTS,0,2040-03-01
Baseline,NZT,w22,2040,3,NUCLEAR,0,2040-03-01
Baseline,NZT,w22,2040,3,PV,908.8464194,2040-03-01
Baseline,NZT,w22,2040,3,WIND,441.2311433,2040-03-01
Baseline,NZT,w22,2040,4,BIOENERGY,0,2040-04-01
Baseline,NZT,w22,2040,4,DIESEL,0,2040-04-01
Baseline,NZT,w22,2040,4,FUEL OIL,0,2040-04-01
Baseline,NZT,w22,2040,4,GAS,0,2040-04-01
Baseline,NZT,w22,2040,4,GEOTHERMAL,0,2040-04-01
Baseline,NZT,w22,2040,4,HYDRO,4001.183482,2040-04-01
Baseline,NZT,w22,2040,4,IMPORTS,0,2040-04-01
Baseline,NZT,w22,2040,4,NUCLEAR,0,2040-04-01
Baseline,NZT,w22,2040,4,PV,907.3844877,2040-04-01
Baseline,NZT,w22,2040,4,WIND,449.3758309,2040-04-01
Baseline,NZT,w22,2040,5,BIOENERGY,0,2040-05-01
Baseline,NZT,w22,2040,5,DIESEL,0,2040-05-01
Baseline,NZT,w22,2040,5,FUEL OIL,0,2040-05-01
Baseline,NZT,w22,2040,5,GAS,0,2040-05-01
Baseline,NZT,w22,2040,5,GEOTHERMAL,0,2040-05-01
Baseline,NZT,w22,2040,5,HYDRO,3950.01796,2040-05-01
Baseline,NZT,w22,2040,5,IMPORTS,0,2040-05-01
Baseline,NZT,w22,2040,5,NUCLEAR,0,2040-05-01
Baseline,NZT,w22,2040,5,PV,934.1511648,2040-05-01
Baseline,NZT,w22,2040,5,WIND,447.2545945,2040-05-01
Baseline,NZT,w22,2040,6,BIOENERGY,0,2040-06-01
Baseline,NZT,w22,2040,6,DIESEL,0,2040-06-01
Baseline,NZT,w22,2040,6,FUEL OIL,0,2040-06-01
Baseline,NZT,w22,2040,6,GAS,0,2040-06-01
Baseline,NZT,w22,2040,6,GEOTHERMAL,0,2040-06-01
Baseline,NZT,w22,2040,6,HYDRO,3858.222292,2040-06-01
Baseline,NZT,w22,2040,6,IMPORTS,0,2040-06-01
Baseline,NZT,w22,2040,6,NUCLEAR,0,2040-06-01
Baseline,NZT,w22,2040,6,PV,933.1466674,2040-06-01
Baseline,NZT,w22,2040,6,WIND,422.7427652,2040-06-01
Baseline,NZT,w22,2040,7,BIOENERGY,0,2040-07-01
Baseline,NZT,w22,2040,7,DIESEL,0,2040-07-01
Baseline,NZT,w22,2040,7,FUEL OIL,0,2040-07-01
Baseline,NZT,w22,2040,7,GAS,0,2040-07-01
Baseline,NZT,w22,2040,7,GEOTHERMAL,0,2040-07-01
Baseline,NZT,w22,2040,7,HYDRO,3763.63042,2040-07-01
Baseline,NZT,w22,2040,7,IMPORTS,0,2040-07-01
Baseline,NZT,w22,2040,7,NUCLEAR,0,2040-07-01
Baseline,NZT,w22,2040,7,PV,944.8116356,2040-07-01
Baseline,NZT,w22,2040,7,WIND,436.5445056,2040-07-01
Baseline,NZT,w22,2040,8,BIOENERGY,90.58464035,2040-08-01
Baseline,NZT,w22,2040,8,DIESEL,0,2040-08-01
Baseline,NZT,w22,2040,8,FUEL OIL,0,2040-08-01
Baseline,NZT,w22,2040,8,GAS,0,2040-08-01
Baseline,NZT,w22,2040,8,GEOTHERMAL,119.8131636,2040-08-01
Baseline,NZT,w22,2040,8,HYDRO,3223.516731,2040-08-01
Baseline,NZT,w22,2040,8,IMPORTS,75.69712372,2040-08-01
Baseline,NZT,w22,2040,8,NUCLEAR,0,2040-08-01
Baseline,NZT,w22,2040,8,PV,1130.657506,2040-08-01
Baseline,NZT,w22,2040,8,WIND,490.636407,2040-08-01
Baseline,NZT,w22,2040,9,BIOENERGY,83.88405538,2040-09-01
Baseline,NZT,w22,2040,9,DIESEL,0,2040-09-01
Baseline,NZT,w22,2040,9,FUEL OIL,141.0573701,2040-09-01
Baseline,NZT,w22,2040,9,GAS,63.12617111,2040-09-01
Baseline,NZT,w22,2040,9,GEOTHERMAL,119.6146832,2040-09-01
Baseline,NZT,w22,2040,9,HYDRO,3242.830759,2040-09-01
Baseline,NZT,w22,2040,9,IMPORTS,0,2040-09-01
Baseline,NZT,w22,2040,9,NUCLEAR,0,2040-09-01
Baseline,NZT,w22,2040,9,PV,1146.059387,2040-09-01
Baseline,NZT,w22,2040,9,WIND,454.2465949,2040-09-01
Baseline,NZT,w22,2040,10,BIOENERGY,88.30747735,2040-10-01
Baseline,NZT,w22,2040,10,DIESEL,40.12126098,2040-10-01
Baseline,NZT,w22,2040,10,FUEL OIL,126.4089586,2040-10-01
Baseline,NZT,w22,2040,10,GAS,63.11906189,2040-10-01
Baseline,NZT,w22,2040,10,GEOTHERMAL,116.2523914,2040-10-01
Baseline,NZT,w22,2040,10,HYDRO,3251.124186,2040-10-01
Baseline,NZT,w22,2040,10,IMPORTS,0,2040-10-01
Baseline,NZT,w22,2040,10,NUCLEAR,0,2040-10-01
Baseline,NZT,w22,2040,10,PV,1090.74428,2040-10-01
Baseline,NZT,w22,2040,10,WIND,491.947548,2040-10-01
Baseline,NZT,w22,2040,11,BIOENERGY,83.71132198,2040-11-01
Baseline,NZT,w22,2040,11,DIESEL,0,2040-11-01
Baseline,NZT,w22,2040,11,FUEL OIL,145.355074,2040-11-01
Baseline,NZT,w22,2040,11,GAS,64.58031175,2040-11-01
Baseline,NZT,w22,2040,11,GEOTHERMAL,109.7071851,2040-11-01
Baseline,NZT,w22,2040,11,HYDRO,3349.834336,2040-11-01
Baseline,NZT,w22,2040,11,IMPORTS,0,2040-11-01
Baseline,NZT,w22,2040,11,NUCLEAR,0,2040-11-01
Baseline,NZT,w22,2040,11,PV,1133.477389,2040-11-01
Baseline,NZT,w22,2040,11,WIND,487.9641922,2040-11-01
Baseline,NZT,w22,2040,12,BIOENERGY,86.06249979,2040-12-01
Baseline,NZT,w22,2040,12,DIESEL,38.95254157,2040-12-01
Baseline,NZT,w22,2040,12,FUEL OIL,204.1199333,2040-12-01
Baseline,NZT,w22,2040,12,GAS,147.5441653,2040-12-01
Baseline,NZT,w22,2040,12,GEOTHERMAL,122.4787106,2040-12-01
Baseline,NZT,w22,2040,12,HYDRO,3305.069429,2040-12-01
Baseline,NZT,w22,2040,12,IMPORTS,0,2040-12-01
Baseline,NZT,w22,2040,12,NUCLEAR,0,2040-12-01
Baseline,NZT,w22,2040,12,PV,1119.08302,2040-12-01
Baseline,NZT,w22,2040,12,WIND,479.8149606,2040-12-01
Baseline,NZT,w22,2041,1,BIOENERGY,86.8951268,2041-01-01
Baseline,NZT,w22,2041,1,DIESEL,0,2041-01-01
Baseline,NZT,w22,2041,1,FUEL OIL,0,2041-01-01
Baseline,NZT,w22,2041,1,GAS,25.72657832,2041-01-01
Baseline,NZT,w22,2041,1,GEOTHERMAL,120.3035659,2041-01-01
Baseline,NZT,w22,2041,1,HYDRO,3332.533734,2041-01-01
Baseline,NZT,w22,2041,1,IMPORTS,182.3834103,2041-01-01
Baseline,NZT,w22,2041,1,NUCLEAR,0,2041-01-01
Baseline,NZT,w22,2041,1,PV,1097.785531,2041-01-01
Baseline,NZT,w22,2041,1,WIND,525.5265931,2041-01-01
Baseline,NZT,w22,2041,2,BIOENERGY,84.71678226,2041-02-01
Baseline,NZT,w22,2041,2,DIESEL,0,2041-02-01
Baseline,NZT,w22,2041,2,FUEL OIL,0,2041-02-01
Baseline,NZT,w22,2041,2,GAS,26.4807712,2041-02-01
Baseline,NZT,w22,2041,2,GEOTHERMAL,118.1714072,2041-02-01
Baseline,NZT,w22,2041,2,HYDRO,3350.857324,2041-02-01
Baseline,NZT,w22,2041,2,IMPORTS,140.5256568,2041-02-01
Baseline,NZT,w22,2041,2,NUCLEAR,0,2041-02-01
Baseline,NZT,w22,2041,2,PV,1137.919364,2041-02-01
Baseline,NZT,w22,2041,2,WIND,485.6322009,2041-02-01
Baseline,NZT,w22,2041,3,BIOENERGY,0,2041-03-01
Baseline,NZT,w22,2041,3,DIESEL,0,2041-03-01
Baseline,NZT,w22,2041,3,FUEL OIL,0,2041-03-01
Baseline,NZT,w22,2041,3,GAS,0,2041-03-01
Baseline,NZT,w22,2041,3,GEOTHERMAL,0,2041-03-01
Baseline,NZT,w22,2041,3,HYDRO,4092.250294,2041-03-01
Baseline,NZT,w22,2041,3,IMPORTS,0,2041-03-01
Baseline,NZT,w22,2041,3,NUCLEAR,0,2041-03-01
Baseline,NZT,w22,2041,3,PV,937.8535151,2041-03-01
Baseline,NZT,w22,2041,3,WIND,407.3536632,2041-03-01
Baseline,NZT,w22,2041,4,BIOENERGY,0,2041-04-01
Baseline,NZT,w22,2041,4,DIESEL,0,2041-04-01
Baseline,NZT,w22,2041,4,FUEL OIL,0,2041-04-01
Baseline,NZT,w22,2041,4,GAS,0,2041-04-01
Baseline,NZT,w22,2041,4,GEOTHERMAL,0,2041-04-01
Baseline,NZT,w22,2041,4,HYDRO,4129.714512,2041-04-01
Baseline,NZT,w22,2041,4,IMPORTS,0,2041-04-01
Baseline,NZT,w22,2041,4,NUCLEAR,0,2041-04-01
Baseline,NZT,w22,2041,4,PV,924.9335636,2041-04-01
Baseline,NZT,w22,2041,4,WIND,410.4546012,2041-04-01
Baseline,NZT,w22,2041,5,BIOENERGY,0,2041-05-01
Baseline,NZT,w22,2041,5,DIESEL,0,2041-05-01
Baseline,NZT,w22,2041,5,FUEL OIL,0,2041-05-01
Baseline,NZT,w22,2041,5,GAS,0,2041-05-01
Baseline,NZT,w22,2041,5,GEOTHERMAL,0,2041-05-01
Baseline,NZT,w22,2041,5,HYDRO,4095.435224,2041-05-01
Baseline,NZT,w22,2041,5,IMPORTS,0,2041-05-01
Baseline,NZT,w22,2041,5,NUCLEAR,0,2041-05-01
Baseline,NZT,w22,2041,5,PV,901.9628049,2041-05-01
Baseline,NZT,w22,2041,5,WIND,440.6541649,2041-05-01
Baseline,NZT,w22,2041,6,BIOENERGY,0,2041-06-01
Baseline,NZT,w22,2041,6,DIESEL,0,2041-06-01
Baseline,NZT,w22,2041,6,FUEL OIL,0,2041-06-01
Baseline,NZT,w22,2041,6,GAS,0,2041-06-01
Baseline,NZT,w22,2041,6,GEOTHERMAL,0,2041-06-01
Baseline,NZT,w22,2041,6,HYDRO,3940.191129,2041-06-01
Baseline,NZT,w22,2041,6,IMPORTS,0,2041-06-01
Baseline,NZT,w22,2041,6,NUCLEAR,0,2041-06-01
Baseline,NZT,w22,2041,6,PV,937.591247,2041-06-01
Baseline,NZT,w22,2041,6,WIND,440.6115836,2041-06-01
Baseline,NZT,w22,2041,7,BIOENERGY,0,2041-07-01
Baseline,NZT,w22,2041,7,DIESEL,0,2041-07-01
Baseline,NZT,w22,2041,7,FUEL OIL,0,2041-07-01
Baseline,NZT,w22,2041,7,GAS,0,2041-07-01
Baseline,NZT,w22,2041,7,GEOTHERMAL,0,2041-07-01
Baseline,NZT,w22,2041,7,HYDRO,3918.258022,2041-07-01
Baseline,NZT,w22,2041,7,IMPORTS,0,2041-07-01
Baseline,NZT,w22,2041,7,NUCLEAR,0,2041-07-01
Baseline,NZT,w22,2041,7,PV,881.0458096,2041-07-01
Baseline,NZT,w22,2041,7,WIND,448.5824605,2041-07-01
Baseline,NZT,w22,2041,8,BIOENERGY,88.59203132,2041-08-01
Baseline,NZT,w22,2041,8,DIESEL,0,2041-08-01
Baseline,NZT,w22,2041,8,FUEL OIL,0,2041-08-01
Baseline,NZT,w22,2041,8,GAS,0,2041-08-01
Baseline,NZT,w22,2041,8,GEOTHERMAL,114.7581164,2041-08-01
Baseline,NZT,w22,2041,8,HYDRO,3299.84164,2041-08-01
Baseline,NZT,w22,2041,8,IMPORTS,128.8507404,2041-08-01
Baseline,NZT,w22,2041,8,NUCLEAR,0,2041-08-01
Baseline,NZT,w22,2041,8,PV,1126.073913,2041-08-01
Baseline,NZT,w22,2041,8,WIND,475.4072425,2041-08-01
Baseline,NZT,w22,2041,9,BIOENERGY,85.29759325,2041-09-01
Baseline,NZT,w22,2041,9,DIESEL,0,2041-09-01
Baseline,NZT,w22,2041,9,FUEL OIL,135.1238987,2041-09-01
Baseline,NZT,w22,2041,9,GAS,61.60167863,2041-09-01
Baseline,NZT,w22,2041,9,GEOTHERMAL,125.6793219,2041-09-01
Baseline,NZT,w22,2041,9,HYDRO,3311.373166,2041-09-01
Baseline,NZT,w22,2041,9,IMPORTS,0,2041-09-01
Baseline,NZT,w22,2041,9,NUCLEAR,0,2041-09-01
Baseline,NZT,w22,2041,9,PV,1135.250344,2041-09-01
Baseline,NZT,w22,2041,9,WIND,501.5093985,2041-09-01
Baseline,NZT,w22,2041,10,BIOENERGY,89.93342889,2041-10-01
Baseline,NZT,w22,2041,10,DIESEL,0,2041-10-01
Baseline,NZT,w22,2041,10,FUEL OIL,138.2309946,2041-10-01
Baseline,NZT,w22,2041,10,GAS,132.2767598,2041-10-01
Baseline,NZT,w22,2041,10,GEOTHERMAL,115.9636209,2041-10-01
Baseline,NZT,w22,2041,10,HYDRO,3329.647756,2041-10-01
Baseline,NZT,w22,2041,10,IMPORTS,0,2041-10-01
Baseline,NZT,w22,2041,10,NUCLEAR,0,2041-10-01
Baseline,NZT,w22,2041,10,PV,1079.477851,2041-10-01
Baseline,NZT,w22,2041,10,WIND,487.8552564,2041-10-01
Baseline,NZT,w22,2041,11,BIOENERGY,91.66942894,2041-11-01
Baseline,NZT,w22,2041,11,DIESEL,38.76900604,2041-11-01
Baseline,NZT,w22,2041,11,FUEL OIL,201.782935,2041-11-01
Baseline,NZT,w22,2041,11,GAS,141.2801026,2041-11-01
Baseline,NZT,w22,2041,11,GEOTHERMAL,123.6820262,2041-11-01
Baseline,NZT,w22,2041,11,HYDRO,3302.897318,2041-11-01
Baseline,NZT,w22,2041,11,IMPORTS,0,2041-11-01
Baseline,NZT,w22,2041,11,NUCLEAR,0,2041-11-01
Baseline,NZT,w22,2041,11,PV,1117.738584,2041-11-01
Baseline,NZT,w22,2041,11,WIND,464.3030054,2041-11-01
Baseline,NZT,w22,2041,12,BIOENERGY,88.93566623,2041-12-01
Baseline,NZT,w22,2041,12,DIESEL,94.20952462,2041-12-01
Baseline,NZT,w22,2041,12,FUEL OIL,212.4584993,2041-12-01
Baseline,NZT,w22,2041,12,GAS,184.3587357,2041-12-01
Baseline,NZT,w22,2041,12,GEOTHERMAL,118.4494162,2041-12-01
Baseline,NZT,w22,2041,12,HYDRO,3321.077356,2041-12-01
Baseline,NZT,w22,2041,12,IMPORTS,0,2041-12-01
Baseline,NZT,w22,2041,12,NUCLEAR,0,2041-12-01
Baseline,NZT,w22,2041,12,PV,1108.507649,2041-12-01
Baseline,NZT,w22,2041,12,WIND,485.1909184,2041-12-01
Baseline,NZT,w22,2042,1,BIOENERGY,84.33650798,2042-01-01
Baseline,NZT,w22,2042,1,DIESEL,0,2042-01-01
Baseline,NZT,w22,2042,1,FUEL OIL,0,2042-01-01
Baseline,NZT,w22,2042,1,GAS,144.5282591,2042-01-01
Baseline,NZT,w22,2042,1,GEOTHERMAL,116.5709699,2042-01-01
Baseline,NZT,w22,2042,1,HYDRO,3547.268467,2042-01-01
Baseline,NZT,w22,2042,1,IMPORTS,0,2042-01-01
Baseline,NZT,w22,2042,1,NUCLEAR,0,2042-01-01
Baseline,NZT,w22,2042,1,PV,1118.334256,2042-01-01
Baseline,NZT,w22,2042,1,WIND,467.53917,2042-01-01
Baseline,NZT,w22,2042,2,BIOENERGY,90.75341657,2042-02-01
Baseline,NZT,w22,2042,2,DIESEL,0,2042-02-01
Baseline,NZT,w22,2042,2,FUEL OIL,0,2042-02-01
Baseline,NZT,w22,2042,2,GAS,166.5302152,2042-02-01
Baseline,NZT,w22,2042,2,GEOTHERMAL,119.1951177,2042-02-01
Baseline,NZT,w22,2042,2,HYDRO,3409.53317,2042-02-01
Baseline,NZT,w22,2042,2,IMPORTS,28.27197865,2042-02-01
Baseline,NZT,w22,2042,2,NUCLEAR,0,2042-02-01
Baseline,NZT,w22,2042,2,PV,1158.963309,2042-02-01
Baseline,NZT,w22,2042,2,WIND,477.9423689,2042-02-01
Baseline,NZT,w22,2042,3,BIOENERGY,0,2042-03-01
Baseline,NZT,w22,2042,3,DIESEL,0,2042-03-01
Baseline,NZT,w22,2042,3,FUEL OIL,0,2042-03-01
Baseline,NZT,w22,2042,3,GAS,0,2042-03-01
Baseline,NZT,w22,2042,3,GEOTHERMAL,0,2042-03-01
Baseline,NZT,w22,2042,3,HYDRO,4184.125061,2042-03-01
Baseline,NZT,w22,2042,3,IMPORTS,0,2042-03-01
Baseline,NZT,w22,2042,3,NUCLEAR,0,2042-03-01
Baseline,NZT,w22,2042,3,PV,935.5820085,2042-03-01
Baseline,NZT,w22,2042,3,WIND,426.499553,2042-03-01
Baseline,NZT,w22,2042,4,BIOENERGY,0,2042-04-01
Baseline,NZT,w22,2042,4,DIESEL,0,2042-04-01
Baseline,NZT,w22,2042,4,FUEL OIL,0,2042-04-01
Baseline,NZT,w22,2042,4,GAS,0,2042-04-01
Baseline,NZT,w22,2042,4,GEOTHERMAL,0,2042-04-01
Baseline,NZT,w22,2042,4,HYDRO,4209.395592,2042-04-01
Baseline,NZT,w22,2042,4,IMPORTS,0,2042-04-01
Baseline,NZT,w22,2042,4,NUCLEAR,0,2042-04-01
Baseline,NZT,w22,2042,4,PV,924.170332,2042-04-01
Baseline,NZT,w22,2042,4,WIND,440.8388054,2042-04-01
Baseline,NZT,w22,2042,5,BIOENERGY,0,2042-05-01
Baseline,NZT,w22,2042,5,DIESEL,0,2042-05-01
Baseline,NZT,w22,2042,5,FUEL OIL,0,2042-05-01
Baseline,NZT,w22,2042,5,GAS,0,2042-05-01
Baseline,NZT,w22,2042,5,GEOTHERMAL,0,2042-05-01
Baseline,NZT,w22,2042,5,HYDRO,4148.293575,2042-05-01
Baseline,NZT,w22,2042,5,IMPORTS,0,2042-05-01
Baseline,NZT,w22,2042,5,NUCLEAR,0,2042-05-01
Baseline,NZT,w22,2042,5,PV,938.6999511,2042-05-01
Baseline,NZT,w22,2042,5,WIND,459.8197112,2042-05-01
Baseline,NZT,w22,2042,6,BIOENERGY,0,2042-06-01
Baseline,NZT,w22,2042,6,DIESEL,0,2042-06-01
Baseline,NZT,w22,2042,6,FUEL OIL,0,2042-06-01
Baseline,NZT,w22,2042,6,GAS,0,2042-06-01
Baseline,NZT,w22,2042,6,GEOTHERMAL,0,2042-06-01
Baseline,NZT,w22,2042,6,HYDRO,4065.174856,2042-06-01
Baseline,NZT,w22,2042,6,IMPORTS,0,2042-06-01
Baseline,NZT,w22,2042,6,NUCLEAR,0,2042-06-01
Baseline,NZT,w22,2042,6,PV,930.5702069,2042-06-01
Baseline,NZT,w22,2042,6,WIND,429.0167758,2042-06-01
Baseline,NZT,w22,2042,7,BIOENERGY,0,2042-07-01
Baseline,NZT,w22,2042,7,DIESEL,0,2042-07-01
Baseline,NZT,w22,2042,7,FUEL OIL,0,2042-07-01
Baseline,NZT,w22,2042,7,GAS,0,2042-07-01
Baseline,NZT,w22,2042,7,GEOTHERMAL,0,2042-07-01
Baseline,NZT,w22,2042,7,HYDRO,4000.606754,2042-07-01
Baseline,NZT,w22,2042,7,IMPORTS,0,2042-07-01
Baseline,NZT,w22,2042,7,NUCLEAR,0,2042-07-01
Baseline,NZT,w22,2042,7,PV,930.6147902,2042-07-01
Baseline,NZT,w22,2042,7,WIND,421.6224739,2042-07-01
Baseline,NZT,w22,2042,8,BIOENERGY,88.45279627,2042-08-01
Baseline,NZT,w22,2042,8,DIESEL,0,2042-08-01
Baseline,NZT,w22,2042,8,FUEL OIL,0,2042-08-01
Baseline,NZT,w22,2042,8,GAS,25.67687676,2042-08-01
Baseline,NZT,w22,2042,8,GEOTHERMAL,116.8512859,2042-08-01
Baseline,NZT,w22,2042,8,HYDRO,3481.657508,2042-08-01
Baseline,NZT,w22,2042,8,IMPORTS,70.75735111,2042-08-01
Baseline,NZT,w22,2042,8,NUCLEAR,0,2042-08-01
Baseline,NZT,w22,2042,8,PV,1075.330307,2042-08-01
Baseline,NZT,w22,2042,8,WIND,479.4680325,2042-08-01
Baseline,NZT,w22,2042,9,BIOENERGY,90.69783544,2042-09-01
Baseline,NZT,w22,2042,9,DIESEL,0,2042-09-01
Baseline,NZT,w22,2042,9,FUEL OIL,46.02823976,2042-09-01
Baseline,NZT,w22,2042,9,GAS,98.71766953,2042-09-01
Baseline,NZT,w22,2042,9,GEOTHERMAL,113.2710209,2042-09-01
Baseline,NZT,w22,2042,9,HYDRO,3528.22047,2042-09-01
Baseline,NZT,w22,2042,9,IMPORTS,0,2042-09-01
Baseline,NZT,w22,2042,9,NUCLEAR,0,2042-09-01
Baseline,NZT,w22,2042,9,PV,1132.847833,2042-09-01
Baseline,NZT,w22,2042,9,WIND,453.1690401,2042-09-01
Baseline,NZT,w22,2042,10,BIOENERGY,88.04840327,2042-10-01
Baseline,NZT,w22,2042,10,DIESEL,0,2042-10-01
Baseline,NZT,w22,2042,10,FUEL OIL,0,2042-10-01
Baseline,NZT,w22,2042,10,GAS,0,2042-10-01
Baseline,NZT,w22,2042,10,GEOTHERMAL,125.4773244,2042-10-01
Baseline,NZT,w22,2042,10,HYDRO,3562.108756,2042-10-01
Baseline,NZT,w22,2042,10,IMPORTS,103.2022124,2042-10-01
Baseline,NZT,w22,2042,10,NUCLEAR,0,2042-10-01
Baseline,NZT,w22,2042,10,PV,1115.944285,2042-10-01
Baseline,NZT,w22,2042,10,WIND,486.0724004,2042-10-01
Baseline,NZT,w22,2042,11,BIOENERGY,88.31597057,2042-11-01
Baseline,NZT,w22,2042,11,DIESEL,39.04968525,2042-11-01
Baseline,NZT,w22,2042,11,FUEL OIL,206.5246241,2042-11-01
Baseline,NZT,w22,2042,11,GAS,62.56726723,2042-11-01
Baseline,NZT,w22,2042,11,GEOTHERMAL,123.5721885,2042-11-01
Baseline,NZT,w22,2042,11,HYDRO,3446.643473,2042-11-01
Baseline,NZT,w22,2042,11,IMPORTS,0,2042-11-01
Baseline,NZT,w22,2042,11,NUCLEAR,0,2042-11-01
Baseline,NZT,w22,2042,11,PV,1127.767299,2042-11-01
Baseline,NZT,w22,2042,11,WIND,497.3243467,2042-11-01
Baseline,NZT,w22,2042,12,BIOENERGY,91.2138175,2042-12-01
Baseline,NZT,w22,2042,12,DIESEL,39.64283707,2042-12-01
Baseline,NZT,w22,2042,12,FUEL OIL,212.3014536,2042-12-01
Baseline,NZT,w22,2042,12,GAS,74.06080632,2042-12-01
Baseline,NZT,w22,2042,12,GEOTHERMAL,120.7478997,2042-12-01
Baseline,NZT,w22,2042,12,HYDRO,3545.967738,2042-12-01
Baseline,NZT,w22,2042,12,IMPORTS,0,2042-12-01
Baseline,NZT,w22,2042,12,NUCLEAR,0,2042-12-01
Baseline,NZT,w22,2042,12,PV,1144.759667,2042-12-01
Baseline,NZT,w22,2042,12,WIND,496.757301,2042-12-01
Baseline,NZT,w22,2043,1,BIOENERGY,85.45267798,2043-01-01
Baseline,NZT,w22,2043,1,DIESEL,0,2043-01-01
Baseline,NZT,w22,2043,1,FUEL OIL,33.09211905,2043-01-01
Baseline,NZT,w22,2043,1,GAS,145.6968489,2043-01-01
Baseline,NZT,w22,2043,1,GEOTHERMAL,109.6762797,2043-01-01
Baseline,NZT,w22,2043,1,HYDRO,3609.075975,2043-01-01
Baseline,NZT,w22,2043,1,IMPORTS,0,2043-01-01
Baseline,NZT,w22,2043,1,NUCLEAR,0,2043-01-01
Baseline,NZT,w22,2043,1,PV,1120.640192,2043-01-01
Baseline,NZT,w22,2043,1,WIND,484.5150897,2043-01-01
Baseline,NZT,w22,2043,2,BIOENERGY,90.45082589,2043-02-01
Baseline,NZT,w22,2043,2,DIESEL,0,2043-02-01
Baseline,NZT,w22,2043,2,FUEL OIL,109.7297501,2043-02-01
Baseline,NZT,w22,2043,2,GAS,142.9436739,2043-02-01
Baseline,NZT,w22,2043,2,GEOTHERMAL,122.2866983,2043-02-01
Baseline,NZT,w22,2043,2,HYDRO,3442.791375,2043-02-01
Baseline,NZT,w22,2043,2,IMPORTS,0,2043-02-01
Baseline,NZT,w22,2043,2,NUCLEAR,0,2043-02-01
Baseline,NZT,w22,2043,2,PV,1148.965426,2043-02-01
Baseline,NZT,w22,2043,2,WIND,503.0456186,2043-02-01
Baseline,NZT,w22,2043,3,BIOENERGY,0,2043-03-01
Baseline,NZT,w22,2043,3,DIESEL,0,2043-03-01
Baseline,NZT,w22,2043,3,FUEL OIL,0,2043-03-01
Baseline,NZT,w22,2043,3,GAS,0,2043-03-01
Baseline,NZT,w22,2043,3,GEOTHERMAL,0,2043-03-01
Baseline,NZT,w22,2043,3,HYDRO,4261.700177,2043-03-01
Baseline,NZT,w22,2043,3,IMPORTS,0,2043-03-01
Baseline,NZT,w22,2043,3,NUCLEAR,0,2043-03-01
Baseline,NZT,w22,2043,3,PV,956.4663114,2043-03-01
Baseline,NZT,w22,2043,3,WIND,438.964266,2043-03-01
Baseline,NZT,w22,2043,4,BIOENERGY,0,2043-04-01
Baseline,NZT,w22,2043,4,DIESEL,0,2043-04-01
Baseline,NZT,w22,2043,4,FUEL OIL,0,2043-04-01
Baseline,NZT,w22,2043,4,GAS,0,2043-04-01
Baseline,NZT,w22,2043,4,GEOTHERMAL,0,2043-04-01
Baseline,NZT,w22,2043,4,HYDRO,4382.901394,2043-04-01
Baseline,NZT,w22,2043,4,IMPORTS,0,2043-04-01
Baseline,NZT,w22,2043,4,NUCLEAR,0,2043-04-01
Baseline,NZT,w22,2043,4,PV,902.2401043,2043-04-01
Baseline,NZT,w22,2043,4,WIND,400.7513265,2043-04-01
Baseline,NZT,w22,2043,5,BIOENERGY,0,2043-05-01
Baseline,NZT,w22,2043,5,DIESEL,0,2043-05-01
Baseline,NZT,w22,2043,5,FUEL OIL,0,2043-05-01
Baseline,NZT,w22,2043,5,GAS,0,2043-05-01
Baseline,NZT,w22,2043,5,GEOTHERMAL,0,2043-05-01
Baseline,NZT,w22,2043,5,HYDRO,4304.270134,2043-05-01
Baseline,NZT,w22,2043,5,IMPORTS,0,2043-05-01
Baseline,NZT,w22,2043,5,NUCLEAR,0,2043-05-01
Baseline,NZT,w22,2043,5,PV,918.5843362,2043-05-01
Baseline,NZT,w22,2043,5,WIND,434.8950327,2043-05-01
Baseline,NZT,w22,2043,6,BIOENERGY,0,2043-06-01
Baseline,NZT,w22,2043,6,DIESEL,0,2043-06-01
Baseline,NZT,w22,2043,6,FUEL OIL,0,2043-06-01
Baseline,NZT,w22,2043,6,GAS,0,2043-06-01
Baseline,NZT,w22,2043,6,GEOTHERMAL,0,2043-06-01
Baseline,NZT,w22,2043,6,HYDRO,4196.276631,2043-06-01
Baseline,NZT,w22,2043,6,IMPORTS,0,2043-06-01
Baseline,NZT,w22,2043,6,NUCLEAR,0,2043-06-01
Baseline,NZT,w22,2043,6,PV,911.790862,2043-06-01
Baseline,NZT,w22,2043,6,WIND,425.189582,2043-06-01
Baseline,NZT,w22,2043,7,BIOENERGY,0,2043-07-01
Baseline,NZT,w22,2043,7,DIESEL,0,2043-07-01
Baseline,NZT,w22,2043,7,FUEL OIL,0,2043-07-01
Baseline,NZT,w22,2043,7,GAS,0,2043-07-01
Baseline,NZT,w22,2043,7,GEOTHERMAL,0,2043-07-01
Baseline,NZT,w22,2043,7,HYDRO,4097.691454,2043-07-01
Baseline,NZT,w22,2043,7,IMPORTS,0,2043-07-01
Baseline,NZT,w22,2043,7,NUCLEAR,0,2043-07-01
Baseline,NZT,w22,2043,7,PV,945.4290879,2043-07-01
Baseline,NZT,w22,2043,7,WIND,416.7803561,2043-07-01
Baseline,NZT,w22,2043,8,BIOENERGY,87.67999626,2043-08-01
Baseline,NZT,w22,2043,8,DIESEL,0,2043-08-01
Baseline,NZT,w22,2043,8,FUEL OIL,0,2043-08-01
Baseline,NZT,w22,2043,8,GAS,0,2043-08-01
Baseline,NZT,w22,2043,8,GEOTHERMAL,117.8361953,2043-08-01
Baseline,NZT,w22,2043,8,HYDRO,3586.421486,2043-08-01
Baseline,NZT,w22,2043,8,IMPORTS,58.47551635,2043-08-01
Baseline,NZT,w22,2043,8,NUCLEAR,0,2043-08-01
Baseline,NZT,w22,2043,8,PV,1110.822827,2043-08-01
Baseline,NZT,w22,2043,8,WIND,483.7220193,2043-08-01
Baseline,NZT,w22,2043,9,BIOENERGY,88.6146953,2043-09-01
Baseline,NZT,w22,2043,9,DIESEL,0,2043-09-01
Baseline,NZT,w22,2043,9,FUEL OIL,143.5124335,2043-09-01
Baseline,NZT,w22,2043,9,GAS,116.3905195,2043-09-01
Baseline,NZT,w22,2043,9,GEOTHERMAL,111.5474642,2043-09-01
Baseline,NZT,w22,2043,9,HYDRO,3488.925152,2043-09-01
Baseline,NZT,w22,2043,9,IMPORTS,0,2043-09-01
Baseline,NZT,w22,2043,9,NUCLEAR,0,2043-09-01
Baseline,NZT,w22,2043,9,PV,1135.284587,2043-09-01
Baseline,NZT,w22,2043,9,WIND,487.9362991,2043-09-01
Baseline,NZT,w22,2043,10,BIOENERGY,90.18822719,2043-10-01
Baseline,NZT,w22,2043,10,DIESEL,0,2043-10-01
Baseline,NZT,w22,2043,10,FUEL OIL,0,2043-10-01
Baseline,NZT,w22,2043,10,GAS,26.30276083,2043-10-01
Baseline,NZT,w22,2043,10,GEOTHERMAL,122.3131101,2043-10-01
Baseline,NZT,w22,2043,10,HYDRO,3613.905282,2043-10-01
Baseline,NZT,w22,2043,10,IMPORTS,139.6855699,2043-10-01
Baseline,NZT,w22,2043,10,NUCLEAR,0,2043-10-01
Baseline,NZT,w22,2043,10,PV,1101.159615,2043-10-01
Baseline,NZT,w22,2043,10,WIND,496.9158831,2043-10-01
Baseline,NZT,w22,2043,11,BIOENERGY,90.79852255,2043-11-01
Baseline,NZT,w22,2043,11,DIESEL,0,2043-11-01
Baseline,NZT,w22,2043,11,FUEL OIL,210.24602,2043-11-01
Baseline,NZT,w22,2043,11,GAS,77.85195179,2043-11-01
Baseline,NZT,w22,2043,11,GEOTHERMAL,123.4716141,2043-11-01
Baseline,NZT,w22,2043,11,HYDRO,3596.440463,2043-11-01
Baseline,NZT,w22,2043,11,IMPORTS,0,2043-11-01
Baseline,NZT,w22,2043,11,NUCLEAR,0,2043-11-01
Baseline,NZT,w22,2043,11,PV,1106.6617,2043-11-01
Baseline,NZT,w22,2043,11,WIND,498.1298801,2043-11-01
Baseline,NZT,w22,2043,12,BIOENERGY,89.95551227,2043-12-01
Baseline,NZT,w22,2043,12,DIESEL,39.19083448,2043-12-01
Baseline,NZT,w22,2043,12,FUEL OIL,214.1667098,2043-12-01
Baseline,NZT,w22,2043,12,GAS,195.6359994,2043-12-01
Baseline,NZT,w22,2043,12,GEOTHERMAL,111.9729184,2043-12-01
Baseline,NZT,w22,2043,12,HYDRO,3564.680312,2043-12-01
Baseline,NZT,w22,2043,12,IMPORTS,0,2043-12-01
Baseline,NZT,w22,2043,12,NUCLEAR,0,2043-12-01
Baseline,NZT,w22,2043,12,PV,1136.683599,2043-12-01
Baseline,NZT,w22,2043,12,WIND,487.6746658,2043-12-01
Baseline,NZT,w22,2044,1,BIOENERGY,89.98100675,2044-01-01
Baseline,NZT,w22,2044,1,DIESEL,0,2044-01-01
Baseline,NZT,w22,2044,1,FUEL OIL,174.2568977,2044-01-01
Baseline,NZT,w22,2044,1,GAS,124.489337,2044-01-01
Baseline,NZT,w22,2044,1,GEOTHERMAL,109.2593025,2044-01-01
Baseline,NZT,w22,2044,1,HYDRO,3597.898948,2044-01-01
Baseline,NZT,w22,2044,1,IMPORTS,0,2044-01-01
Baseline,NZT,w22,2044,1,NUCLEAR,0,2044-01-01
Baseline,NZT,w22,2044,1,PV,1119.009014,2044-01-01
Baseline,NZT,w22,2044,1,WIND,485.0176606,2044-01-01
Baseline,NZT,w22,2044,2,BIOENERGY,87.70578022,2044-02-01
Baseline,NZT,w22,2044,2,DIESEL,0,2044-02-01
Baseline,NZT,w22,2044,2,FUEL OIL,0,2044-02-01
Baseline,NZT,w22,2044,2,GAS,97.21146927,2044-02-01
Baseline,NZT,w22,2044,2,GEOTHERMAL,119.1324859,2044-02-01
Baseline,NZT,w22,2044,2,HYDRO,3622.403408,2044-02-01
Baseline,NZT,w22,2044,2,IMPORTS,138.7715258,2044-02-01
Baseline,NZT,w22,2044,2,NUCLEAR,0,2044-02-01
Baseline,NZT,w22,2044,2,PV,1092.038067,2044-02-01
Baseline,NZT,w22,2044,2,WIND,514.1548991,2044-02-01
Baseline,NZT,w22,2044,3,BIOENERGY,0,2044-03-01
Baseline,NZT,w22,2044,3,DIESEL,0,2044-03-01
Baseline,NZT,w22,2044,3,FUEL OIL,0,2044-03-01
Baseline,NZT,w22,2044,3,GAS,0,2044-03-01
Baseline,NZT,w22,2044,3,GEOTHERMAL,0,2044-03-01
Baseline,NZT,w22,2044,3,HYDRO,4429.991326,2044-03-01
Baseline,NZT,w22,2044,3,IMPORTS,0,2044-03-01
Baseline,NZT,w22,2044,3,NUCLEAR,0,2044-03-01
Baseline,NZT,w22,2044,3,PV,917.5104378,2044-03-01
Baseline,NZT,w22,2044,3,WIND,422.7716058,2044-03-01
Baseline,NZT,w22,2044,4,BIOENERGY,0,2044-04-01
Baseline,NZT,w22,2044,4,DIESEL,0,2044-04-01
Baseline,NZT,w22,2044,4,FUEL OIL,0,2044-04-01
Baseline,NZT,w22,2044,4,GAS,0,2044-04-01
Baseline,NZT,w22,2044,4,GEOTHERMAL,0,2044-04-01
Baseline,NZT,w22,2044,4,HYDRO,4463.814921,2044-04-01
Baseline,NZT,w22,2044,4,IMPORTS,0,2044-04-01
Baseline,NZT,w22,2044,4,NUCLEAR,0,2044-04-01
Baseline,NZT,w22,2044,4,PV,923.7593323,2044-04-01
Baseline,NZT,w22,2044,4,WIND,412.0364272,2044-04-01
Baseline,NZT,w22,2044,5,BIOENERGY,0,2044-05-01
Baseline,NZT,w22,2044,5,DIESEL,0,2044-05-01
Baseline,NZT,w22,2044,5,FUEL OIL,0,2044-05-01
Baseline,NZT,w22,2044,5,GAS,0,2044-05-01
Baseline,NZT,w22,2044,5,GEOTHERMAL,0,2044-05-01
Baseline,NZT,w22,2044,5,HYDRO,4422.057009,2044-05-01
Baseline,NZT,w22,2044,5,IMPORTS,0,2044-05-01
Baseline,NZT,w22,2044,5,NUCLEAR,0,2044-05-01
Baseline,NZT,w22,2044,5,PV,934.7657817,2044-05-01
Baseline,NZT,w22,2044,5,WIND,414.0817018,2044-05-01
Baseline,NZT,w22,2044,6,BIOENERGY,0,2044-06-01
Baseline,NZT,w22,2044,6,DIESEL,0,2044-06-01
Baseline,NZT,w22,2044,6,FUEL OIL,0,2044-06-01
Baseline,NZT,w22,2044,6,GAS,0,2044-06-01
Baseline,NZT,w22,2044,6,GEOTHERMAL,0,2044-06-01
Baseline,NZT,w22,2044,6,HYDRO,4290.442942,2044-06-01
Baseline,NZT,w22,2044,6,IMPORTS,0,2044-06-01
Baseline,NZT,w22,2044,6,NUCLEAR,0,2044-06-01
Baseline,NZT,w22,2044,6,PV,935.5519873,2044-06-01
Baseline,NZT,w22,2044,6,WIND,417.9272877,2044-06-01
Baseline,NZT,w22,2044,7,BIOENERGY,0,2044-07-01
Baseline,NZT,w22,2044,7,DIESEL,0,2044-07-01
Baseline,NZT,w22,2044,7,FUEL OIL,0,2044-07-01
Baseline,NZT,w22,2044,7,GAS,0,2044-07-01
Baseline,NZT,w22,2044,7,GEOTHERMAL,0,2044-07-01
Baseline,NZT,w22,2044,7,HYDRO,4199.863148,2044-07-01
Baseline,NZT,w22,2044,7,IMPORTS,0,2044-07-01
Baseline,NZT,w22,2044,7,NUCLEAR,0,2044-07-01
Baseline,NZT,w22,2044,7,PV,934.3306442,2044-07-01
Baseline,NZT,w22,2044,7,WIND,434.9051244,2044-07-01
Baseline,NZT,w22,2044,8,BIOENERGY,0,2044-08-01
Baseline,NZT,w22,2044,8,DIESEL,0,2044-08-01
Baseline,NZT,w22,2044,8,FUEL OIL,0,2044-08-01
Baseline,NZT,w22,2044,8,GAS,0,2044-08-01
Baseline,NZT,w22,2044,8,GEOTHERMAL,124.0039666,2044-08-01
Baseline,NZT,w22,2044,8,HYDRO,3741.567547,2044-08-01
Baseline,NZT,w22,2044,8,IMPORTS,93.27828815,2044-08-01
Baseline,NZT,w22,2044,8,NUCLEAR,0,2044-08-01
Baseline,NZT,w22,2044,8,PV,1110.709808,2044-08-01
Baseline,NZT,w22,2044,8,WIND,484.2975921,2044-08-01
Baseline,NZT,w22,2044,9,BIOENERGY,89.47743879,2044-09-01
Baseline,NZT,w22,2044,9,DIESEL,121.6443526,2044-09-01
Baseline,NZT,w22,2044,9,FUEL OIL,0,2044-09-01
Baseline,NZT,w22,2044,9,GAS,58.21815858,2044-09-01
Baseline,NZT,w22,2044,9,GEOTHERMAL,121.505977,2044-09-01
Baseline,NZT,w22,2044,9,HYDRO,3697.365809,2044-09-01
Baseline,NZT,w22,2044,9,IMPORTS,0,2044-09-01
Baseline,NZT,w22,2044,9,NUCLEAR,0,2044-09-01
Baseline,NZT,w22,2044,9,PV,1093.445963,2044-09-01
Baseline,NZT,w22,2044,9,WIND,501.9976752,2044-09-01
Baseline,NZT,w22,2044,10,BIOENERGY,92.42097174,2044-10-01
Baseline,NZT,w22,2044,10,DIESEL,0,2044-10-01
Baseline,NZT,w22,2044,10,FUEL OIL,0,2044-10-01
Baseline,NZT,w22,2044,10,GAS,64.21225731,2044-10-01
Baseline,NZT,w22,2044,10,GEOTHERMAL,122.3803,2044-10-01
Baseline,NZT,w22,2044,10,HYDRO,3690.539776,2044-10-01
Baseline,NZT,w22,2044,10,IMPORTS,116.1300979,2044-10-01
Baseline,NZT,w22,2044,10,NUCLEAR,0,2044-10-01
Baseline,NZT,w22,2044,10,PV,1129.977667,2044-10-01
Baseline,NZT,w22,2044,10,WIND,486.6187876,2044-10-01
Baseline,NZT,w22,2044,11,BIOENERGY,91.03304254,2044-11-01
Baseline,NZT,w22,2044,11,DIESEL,0,2044-11-01
Baseline,NZT,w22,2044,11,FUEL OIL,200.5191598,2044-11-01
Baseline,NZT,w22,2044,11,GAS,89.17281866,2044-11-01
Baseline,NZT,w22,2044,11,GEOTHERMAL,119.2939277,2044-11-01
Baseline,NZT,w22,2044,11,HYDRO,3681.194916,2044-11-01
Baseline,NZT,w22,2044,11,IMPORTS,0,2044-11-01
Baseline,NZT,w22,2044,11,NUCLEAR,0,2044-11-01
Baseline,NZT,w22,2044,11,PV,1127.867195,2044-11-01
Baseline,NZT,w22,2044,11,WIND,508.5910941,2044-11-01
Baseline,NZT,w22,2044,12,BIOENERGY,84.77834403,2044-12-01
Baseline,NZT,w22,2044,12,DIESEL,39.4640237,2044-12-01
Baseline,NZT,w22,2044,12,FUEL OIL,236.0125832,2044-12-01
Baseline,NZT,w22,2044,12,GAS,123.5819286,2044-12-01
Baseline,NZT,w22,2044,12,GEOTHERMAL,115.7852693,2044-12-01
Baseline,NZT,w22,2044,12,HYDRO,3725.337176,2044-12-01
Baseline,NZT,w22,2044,12,IMPORTS,0,2044-12-01
Baseline,NZT,w22,2044,12,NUCLEAR,0,2044-12-01
Baseline,NZT,w22,2044,12,PV,1137.198865,2044-12-01
Baseline,NZT,w22,2044,12,WIND,494.6015711,2044-12-01
Baseline,NZT,w22,2045,1,BIOENERGY,0,2045-01-01
Baseline,NZT,w22,2045,1,DIESEL,0,2045-01-01
Baseline,NZT,w22,2045,1,FUEL OIL,0,2045-01-01
Baseline,NZT,w22,2045,1,GAS,40.0460861,2045-01-01
Baseline,NZT,w22,2045,1,GEOTHERMAL,120.1407422,2045-01-01
Baseline,NZT,w22,2045,1,HYDRO,4104.471358,2045-01-01
Baseline,NZT,w22,2045,1,IMPORTS,0,2045-01-01
Baseline,NZT,w22,2045,1,NUCLEAR,0,2045-01-01
Baseline,NZT,w22,2045,1,PV,1098.070212,2045-01-01
Baseline,NZT,w22,2045,1,WIND,451.1820113,2045-01-01
Baseline,NZT,w22,2045,2,BIOENERGY,0,2045-02-01
Baseline,NZT,w22,2045,2,DIESEL,0,2045-02-01
Baseline,NZT,w22,2045,2,FUEL OIL,0,2045-02-01
Baseline,NZT,w22,2045,2,GAS,40.96242672,2045-02-01
Baseline,NZT,w22,2045,2,GEOTHERMAL,51.81437345,2045-02-01
Baseline,NZT,w22,2045,2,HYDRO,4109.030934,2045-02-01
Baseline,NZT,w22,2045,2,IMPORTS,0,2045-02-01
Baseline,NZT,w22,2045,2,NUCLEAR,0,2045-02-01
Baseline,NZT,w22,2045,2,PV,1141.23574,2045-02-01
Baseline,NZT,w22,2045,2,WIND,441.8025141,2045-02-01
Baseline,NZT,w22,2045,3,BIOENERGY,0,2045-03-01
Baseline,NZT,w22,2045,3,DIESEL,0,2045-03-01
Baseline,NZT,w22,2045,3,FUEL OIL,0,2045-03-01
Baseline,NZT,w22,2045,3,GAS,0,2045-03-01
Baseline,NZT,w22,2045,3,GEOTHERMAL,0,2045-03-01
Baseline,NZT,w22,2045,3,HYDRO,4569.608546,2045-03-01
Baseline,NZT,w22,2045,3,IMPORTS,0,2045-03-01
Baseline,NZT,w22,2045,3,NUCLEAR,0,2045-03-01
Baseline,NZT,w22,2045,3,PV,912.2313177,2045-03-01
Baseline,NZT,w22,2045,3,WIND,403.8389728,2045-03-01
Baseline,NZT,w22,2045,4,BIOENERGY,0,2045-04-01
Baseline,NZT,w22,2045,4,DIESEL,0,2045-04-01
Baseline,NZT,w22,2045,4,FUEL OIL,0,2045-04-01
Baseline,NZT,w22,2045,4,GAS,0,2045-04-01
Baseline,NZT,w22,2045,4,GEOTHERMAL,0,2045-04-01
Baseline,NZT,w22,2045,4,HYDRO,4559.497723,2045-04-01
Baseline,NZT,w22,2045,4,IMPORTS,0,2045-04-01
Baseline,NZT,w22,2045,4,NUCLEAR,0,2045-04-01
Baseline,NZT,w22,2045,4,PV,927.8407383,2045-04-01
Baseline,NZT,w22,2045,4,WIND,428.2644336,2045-04-01
Baseline,NZT,w22,2045,5,BIOENERGY,0,2045-05-01
Baseline,NZT,w22,2045,5,DIESEL,0,2045-05-01
Baseline,NZT,w22,2045,5,FUEL OIL,0,2045-05-01
Baseline,NZT,w22,2045,5,GAS,0,2045-05-01
Baseline,NZT,w22,2045,5,GEOTHERMAL,0,2045-05-01
Baseline,NZT,w22,2045,5,HYDRO,4568.844364,2045-05-01
Baseline,NZT,w22,2045,5,IMPORTS,0,2045-05-01
Baseline,NZT,w22,2045,5,NUCLEAR,0,2045-05-01
Baseline,NZT,w22,2045,5,PV,905.8190951,2045-05-01
Baseline,NZT,w22,2045,5,WIND,411.6591235,2045-05-01
Baseline,NZT,w22,2045,6,BIOENERGY,0,2045-06-01
Baseline,NZT,w22,2045,6,DIESEL,0,2045-06-01
Baseline,NZT,w22,2045,6,FUEL OIL,0,2045-06-01
Baseline,NZT,w22,2045,6,GAS,0,2045-06-01
Baseline,NZT,w22,2045,6,GEOTHERMAL,0,2045-06-01
Baseline,NZT,w22,2045,6,HYDRO,4439.953331,2045-06-01
Baseline,NZT,w22,2045,6,IMPORTS,0,2045-06-01
Baseline,NZT,w22,2045,6,NUCLEAR,0,2045-06-01
Baseline,NZT,w22,2045,6,PV,940.1730918,2045-06-01
Baseline,NZT,w22,2045,6,WIND,376.6742381,2045-06-01
Baseline,NZT,w22,2045,7,BIOENERGY,0,2045-07-01
Baseline,NZT,w22,2045,7,DIESEL,0,2045-07-01
Baseline,NZT,w22,2045,7,FUEL OIL,0,2045-07-01
Baseline,NZT,w22,2045,7,GAS,0,2045-07-01
Baseline,NZT,w22,2045,7,GEOTHERMAL,0,2045-07-01
Baseline,NZT,w22,2045,7,HYDRO,4383.485207,2045-07-01
Baseline,NZT,w22,2045,7,IMPORTS,0,2045-07-01
Baseline,NZT,w22,2045,7,NUCLEAR,0,2045-07-01
Baseline,NZT,w22,2045,7,PV,890.6409709,2045-07-01
Baseline,NZT,w22,2045,7,WIND,406.3547166,2045-07-01
Baseline,NZT,w22,2045,8,BIOENERGY,0,2045-08-01
Baseline,NZT,w22,2045,8,DIESEL,0,2045-08-01
Baseline,NZT,w22,2045,8,FUEL OIL,0,2045-08-01
Baseline,NZT,w22,2045,8,GAS,0,2045-08-01
Baseline,NZT,w22,2045,8,GEOTHERMAL,52.41721994,2045-08-01
Baseline,NZT,w22,2045,8,HYDRO,4067.838519,2045-08-01
Baseline,NZT,w22,2045,8,IMPORTS,0,2045-08-01
Baseline,NZT,w22,2045,8,NUCLEAR,0,2045-08-01
Baseline,NZT,w22,2045,8,PV,1098.336901,2045-08-01
Baseline,NZT,w22,2045,8,WIND,446.3417055,2045-08-01
Baseline,NZT,w22,2045,9,BIOENERGY,0,2045-09-01
Baseline,NZT,w22,2045,9,DIESEL,0,2045-09-01
Baseline,NZT,w22,2045,9,FUEL OIL,0,2045-09-01
Baseline,NZT,w22,2045,9,GAS,42.33218815,2045-09-01
Baseline,NZT,w22,2045,9,GEOTHERMAL,169.5010672,2045-09-01
Baseline,NZT,w22,2045,9,HYDRO,4019.121927,2045-09-01
Baseline,NZT,w22,2045,9,IMPORTS,0,2045-09-01
Baseline,NZT,w22,2045,9,NUCLEAR,0,2045-09-01
Baseline,NZT,w22,2045,9,PV,1120.732108,2045-09-01
Baseline,NZT,w22,2045,9,WIND,445.6411915,2045-09-01
Baseline,NZT,w22,2045,10,BIOENERGY,0,2045-10-01
Baseline,NZT,w22,2045,10,DIESEL,0,2045-10-01
Baseline,NZT,w22,2045,10,FUEL OIL,0,2045-10-01
Baseline,NZT,w22,2045,10,GAS,0,2045-10-01
Baseline,NZT,w22,2045,10,GEOTHERMAL,164.0572998,2045-10-01
Baseline,NZT,w22,2045,10,HYDRO,4072.238085,2045-10-01
Baseline,NZT,w22,2045,10,IMPORTS,0,2045-10-01
Baseline,NZT,w22,2045,10,NUCLEAR,0,2045-10-01
Baseline,NZT,w22,2045,10,PV,1111.181906,2045-10-01
Baseline,NZT,w22,2045,10,WIND,468.8481651,2045-10-01
Baseline,NZT,w22,2045,11,BIOENERGY,0,2045-11-01
Baseline,NZT,w22,2045,11,DIESEL,0,2045-11-01
Baseline,NZT,w22,2045,11,FUEL OIL,0,2045-11-01
Baseline,NZT,w22,2045,11,GAS,145.7072229,2045-11-01
Baseline,NZT,w22,2045,11,GEOTHERMAL,174.9226143,2045-11-01
Baseline,NZT,w22,2045,11,HYDRO,4081.08116,2045-11-01
Baseline,NZT,w22,2045,11,IMPORTS,1.215847573,2045-11-01
Baseline,NZT,w22,2045,11,NUCLEAR,0,2045-11-01
Baseline,NZT,w22,2045,11,PV,1099.629713,2045-11-01
Baseline,NZT,w22,2045,11,WIND,431.4690398,2045-11-01
Baseline,NZT,w22,2045,12,BIOENERGY,0,2045-12-01
Baseline,NZT,w22,2045,12,DIESEL,0,2045-12-01
Baseline,NZT,w22,2045,12,FUEL OIL,0,2045-12-01
Baseline,NZT,w22,2045,12,GAS,179.1536193,2045-12-01
Baseline,NZT,w22,2045,12,GEOTHERMAL,180.1230594,2045-12-01
Baseline,NZT,w22,2045,12,HYDRO,4089.762316,2045-12-01
Baseline,NZT,w22,2045,12,IMPORTS,65.65548679,2045-12-01
Baseline,NZT,w22,2045,12,NUCLEAR,0,2045-12-01
Baseline,NZT,w22,2045,12,PV,1102.226192,2045-12-01
Baseline,NZT,w22,2045,12,WIND,458.9742841,2045-12-01
Baseline,NZT,w22,2046,1,BIOENERGY,0,2046-01-01
Baseline,NZT,w22,2046,1,DIESEL,0,2046-01-01
Baseline,NZT,w22,2046,1,FUEL OIL,0,2046-01-01
Baseline,NZT,w22,2046,1,GAS,0,2046-01-01
Baseline,NZT,w22,2046,1,GEOTHERMAL,150.1564227,2046-01-01
Baseline,NZT,w22,2046,1,HYDRO,4220.69858,2046-01-01
Baseline,NZT,w22,2046,1,IMPORTS,0,2046-01-01
Baseline,NZT,w22,2046,1,NUCLEAR,0,2046-01-01
Baseline,NZT,w22,2046,1,PV,1098.941762,2046-01-01
Baseline,NZT,w22,2046,1,WIND,460.3918525,2046-01-01
Baseline,NZT,w22,2046,2,BIOENERGY,0,2046-02-01
Baseline,NZT,w22,2046,2,DIESEL,0,2046-02-01
Baseline,NZT,w22,2046,2,FUEL OIL,0,2046-02-01
Baseline,NZT,w22,2046,2,GAS,39.9235668,2046-02-01
Baseline,NZT,w22,2046,2,GEOTHERMAL,136.742581,2046-02-01
Baseline,NZT,w22,2046,2,HYDRO,4152.340928,2046-02-01
Baseline,NZT,w22,2046,2,IMPORTS,0,2046-02-01
Baseline,NZT,w22,2046,2,NUCLEAR,0,2046-02-01
Baseline,NZT,w22,2046,2,PV,1106.071907,2046-02-01
Baseline,NZT,w22,2046,2,WIND,465.4639247,2046-02-01
Baseline,NZT,w22,2046,3,BIOENERGY,0,2046-03-01
Baseline,NZT,w22,2046,3,DIESEL,0,2046-03-01
Baseline,NZT,w22,2046,3,FUEL OIL,0,2046-03-01
Baseline,NZT,w22,2046,3,GAS,0,2046-03-01
Baseline,NZT,w22,2046,3,GEOTHERMAL,0,2046-03-01
Baseline,NZT,w22,2046,3,HYDRO,4668.268168,2046-03-01
Baseline,NZT,w22,2046,3,IMPORTS,0,2046-03-01
Baseline,NZT,w22,2046,3,NUCLEAR,0,2046-03-01
Baseline,NZT,w22,2046,3,PV,934.0691021,2046-03-01
Baseline,NZT,w22,2046,3,WIND,401.0551434,2046-03-01
Baseline,NZT,w22,2046,4,BIOENERGY,0,2046-04-01
Baseline,NZT,w22,2046,4,DIESEL,0,2046-04-01
Baseline,NZT,w22,2046,4,FUEL OIL,0,2046-04-01
Baseline,NZT,w22,2046,4,GAS,0,2046-04-01
Baseline,NZT,w22,2046,4,GEOTHERMAL,0,2046-04-01
Baseline,NZT,w22,2046,4,HYDRO,4724.17217,2046-04-01
Baseline,NZT,w22,2046,4,IMPORTS,0,2046-04-01
Baseline,NZT,w22,2046,4,NUCLEAR,0,2046-04-01
Baseline,NZT,w22,2046,4,PV,898.2667782,2046-04-01
Baseline,NZT,w22,2046,4,WIND,411.4760042,2046-04-01
Baseline,NZT,w22,2046,5,BIOENERGY,0,2046-05-01
Baseline,NZT,w22,2046,5,DIESEL,0,2046-05-01
Baseline,NZT,w22,2046,5,FUEL OIL,0,2046-05-01
Baseline,NZT,w22,2046,5,GAS,0,2046-05-01
Baseline,NZT,w22,2046,5,GEOTHERMAL,0,2046-05-01
Baseline,NZT,w22,2046,5,HYDRO,4696.618034,2046-05-01
Baseline,NZT,w22,2046,5,IMPORTS,0,2046-05-01
Baseline,NZT,w22,2046,5,NUCLEAR,0,2046-05-01
Baseline,NZT,w22,2046,5,PV,915.9523928,2046-05-01
Baseline,NZT,w22,2046,5,WIND,391.4786069,2046-05-01
Baseline,NZT,w22,2046,6,BIOENERGY,0,2046-06-01
Baseline,NZT,w22,2046,6,DIESEL,0,2046-06-01
Baseline,NZT,w22,2046,6,FUEL OIL,0,2046-06-01
Baseline,NZT,w22,2046,6,GAS,0,2046-06-01
Baseline,NZT,w22,2046,6,GEOTHERMAL,0,2046-06-01
Baseline,NZT,w22,2046,6,HYDRO,4535.874584,2046-06-01
Baseline,NZT,w22,2046,6,IMPORTS,0,2046-06-01
Baseline,NZT,w22,2046,6,NUCLEAR,0,2046-06-01
Baseline,NZT,w22,2046,6,PV,936.5086975,2046-06-01
Baseline,NZT,w22,2046,6,WIND,399.5533931,2046-06-01
Baseline,NZT,w22,2046,7,BIOENERGY,0,2046-07-01
Baseline,NZT,w22,2046,7,DIESEL,0,2046-07-01
Baseline,NZT,w22,2046,7,FUEL OIL,0,2046-07-01
Baseline,NZT,w22,2046,7,GAS,0,2046-07-01
Baseline,NZT,w22,2046,7,GEOTHERMAL,0,2046-07-01
Baseline,NZT,w22,2046,7,HYDRO,4429.590133,2046-07-01
Baseline,NZT,w22,2046,7,IMPORTS,0,2046-07-01
Baseline,NZT,w22,2046,7,NUCLEAR,0,2046-07-01
Baseline,NZT,w22,2046,7,PV,930.1131671,2046-07-01
Baseline,NZT,w22,2046,7,WIND,434.387212,2046-07-01
Baseline,NZT,w22,2046,8,BIOENERGY,0,2046-08-01
Baseline,NZT,w22,2046,8,DIESEL,0,2046-08-01
Baseline,NZT,w22,2046,8,FUEL OIL,0,2046-08-01
Baseline,NZT,w22,2046,8,GAS,0,2046-08-01
Baseline,NZT,w22,2046,8,GEOTHERMAL,100.4960264,2046-08-01
Baseline,NZT,w22,2046,8,HYDRO,4111.998857,2046-08-01
Baseline,NZT,w22,2046,8,IMPORTS,0,2046-08-01
Baseline,NZT,w22,2046,8,NUCLEAR,0,2046-08-01
Baseline,NZT,w22,2046,8,PV,1092.421395,2046-08-01
Baseline,NZT,w22,2046,8,WIND,473.3167546,2046-08-01
Baseline,NZT,w22,2046,9,BIOENERGY,0,2046-09-01
Baseline,NZT,w22,2046,9,DIESEL,0,2046-09-01
Baseline,NZT,w22,2046,9,FUEL OIL,0,2046-09-01
Baseline,NZT,w22,2046,9,GAS,0,2046-09-01
Baseline,NZT,w22,2046,9,GEOTHERMAL,100.3279929,2046-09-01
Baseline,NZT,w22,2046,9,HYDRO,4194.61603,2046-09-01
Baseline,NZT,w22,2046,9,IMPORTS,0,2046-09-01
Baseline,NZT,w22,2046,9,NUCLEAR,0,2046-09-01
Baseline,NZT,w22,2046,9,PV,1147.216694,2046-09-01
Baseline,NZT,w22,2046,9,WIND,471.1143348,2046-09-01
Baseline,NZT,w22,2046,10,BIOENERGY,0,2046-10-01
Baseline,NZT,w22,2046,10,DIESEL,0,2046-10-01
Baseline,NZT,w22,2046,10,FUEL OIL,0,2046-10-01
Baseline,NZT,w22,2046,10,GAS,0,2046-10-01
Baseline,NZT,w22,2046,10,GEOTHERMAL,160.4783831,2046-10-01
Baseline,NZT,w22,2046,10,HYDRO,4182.537809,2046-10-01
Baseline,NZT,w22,2046,10,IMPORTS,0,2046-10-01
Baseline,NZT,w22,2046,10,NUCLEAR,0,2046-10-01
Baseline,NZT,w22,2046,10,PV,1124.059032,2046-10-01
Baseline,NZT,w22,2046,10,WIND,465.5767405,2046-10-01
Baseline,NZT,w22,2046,11,BIOENERGY,0,2046-11-01
Baseline,NZT,w22,2046,11,DIESEL,0,2046-11-01
Baseline,NZT,w22,2046,11,FUEL OIL,0,2046-11-01
Baseline,NZT,w22,2046,11,GAS,39.57060723,2046-11-01
Baseline,NZT,w22,2046,11,GEOTHERMAL,262.1362309,2046-11-01
Baseline,NZT,w22,2046,11,HYDRO,4169.123349,2046-11-01
Baseline,NZT,w22,2046,11,IMPORTS,0,2046-11-01
Baseline,NZT,w22,2046,11,NUCLEAR,0,2046-11-01
Baseline,NZT,w22,2046,11,PV,1108.951336,2046-11-01
Baseline,NZT,w22,2046,11,WIND,472.9245863,2046-11-01
Baseline,NZT,w22,2046,12,BIOENERGY,0,2046-12-01
Baseline,NZT,w22,2046,12,DIESEL,0,2046-12-01
Baseline,NZT,w22,2046,12,FUEL OIL,0,2046-12-01
Baseline,NZT,w22,2046,12,GAS,39.51061972,2046-12-01
Baseline,NZT,w22,2046,12,GEOTHERMAL,345.0989557,2046-12-01
Baseline,NZT,w22,2046,12,HYDRO,4229.358086,2046-12-01
Baseline,NZT,w22,2046,12,IMPORTS,0,2046-12-01
Baseline,NZT,w22,2046,12,NUCLEAR,0,2046-12-01
Baseline,NZT,w22,2046,12,PV,1106.563969,2046-12-01
Baseline,NZT,w22,2046,12,WIND,476.8812258,2046-12-01
Baseline,NZT,w22,2047,1,BIOENERGY,0,2047-01-01
Baseline,NZT,w22,2047,1,DIESEL,0,2047-01-01
Baseline,NZT,w22,2047,1,FUEL OIL,0,2047-01-01
Baseline,NZT,w22,2047,1,GAS,39.25961174,2047-01-01
Baseline,NZT,w22,2047,1,GEOTHERMAL,206.3582604,2047-01-01
Baseline,NZT,w22,2047,1,HYDRO,4230.30325,2047-01-01
Baseline,NZT,w22,2047,1,IMPORTS,0,2047-01-01
Baseline,NZT,w22,2047,1,NUCLEAR,0,2047-01-01
Baseline,NZT,w22,2047,1,PV,1089.891224,2047-01-01
Baseline,NZT,w22,2047,1,WIND,482.9800439,2047-01-01
Baseline,NZT,w22,2047,2,BIOENERGY,0,2047-02-01
Baseline,NZT,w22,2047,2,DIESEL,0,2047-02-01
Baseline,NZT,w22,2047,2,FUEL OIL,0,2047-02-01
Baseline,NZT,w22,2047,2,GAS,38.37183921,2047-02-01
Baseline,NZT,w22,2047,2,GEOTHERMAL,261.8959887,2047-02-01
Baseline,NZT,w22,2047,2,HYDRO,4153.628271,2047-02-01
Baseline,NZT,w22,2047,2,IMPORTS,0,2047-02-01
Baseline,NZT,w22,2047,2,NUCLEAR,0,2047-02-01
Baseline,NZT,w22,2047,2,PV,1112.926908,2047-02-01
Baseline,NZT,w22,2047,2,WIND,451.7307586,2047-02-01
Baseline,NZT,w22,2047,3,BIOENERGY,0,2047-03-01
Baseline,NZT,w22,2047,3,DIESEL,0,2047-03-01
Baseline,NZT,w22,2047,3,FUEL OIL,0,2047-03-01
Baseline,NZT,w22,2047,3,GAS,0,2047-03-01
Baseline,NZT,w22,2047,3,GEOTHERMAL,0,2047-03-01
Baseline,NZT,w22,2047,3,HYDRO,4762.16951,2047-03-01
Baseline,NZT,w22,2047,3,IMPORTS,0,2047-03-01
Baseline,NZT,w22,2047,3,NUCLEAR,0,2047-03-01
Baseline,NZT,w22,2047,3,PV,944.7541532,2047-03-01
Baseline,NZT,w22,2047,3,WIND,416.5365983,2047-03-01
Baseline,NZT,w22,2047,4,BIOENERGY,0,2047-04-01
Baseline,NZT,w22,2047,4,DIESEL,0,2047-04-01
Baseline,NZT,w22,2047,4,FUEL OIL,0,2047-04-01
Baseline,NZT,w22,2047,4,GAS,0,2047-04-01
Baseline,NZT,w22,2047,4,GEOTHERMAL,0,2047-04-01
Baseline,NZT,w22,2047,4,HYDRO,4794.273971,2047-04-01
Baseline,NZT,w22,2047,4,IMPORTS,0,2047-04-01
Baseline,NZT,w22,2047,4,NUCLEAR,0,2047-04-01
Baseline,NZT,w22,2047,4,PV,941.3262589,2047-04-01
Baseline,NZT,w22,2047,4,WIND,418.9930215,2047-04-01
Baseline,NZT,w22,2047,5,BIOENERGY,0,2047-05-01
Baseline,NZT,w22,2047,5,DIESEL,0,2047-05-01
Baseline,NZT,w22,2047,5,FUEL OIL,0,2047-05-01
Baseline,NZT,w22,2047,5,GAS,0,2047-05-01
Baseline,NZT,w22,2047,5,GEOTHERMAL,0,2047-05-01
Baseline,NZT,w22,2047,5,HYDRO,4798.135907,2047-05-01
Baseline,NZT,w22,2047,5,IMPORTS,0,2047-05-01
Baseline,NZT,w22,2047,5,NUCLEAR,0,2047-05-01
Baseline,NZT,w22,2047,5,PV,914.5831446,2047-05-01
Baseline,NZT,w22,2047,5,WIND,411.4109633,2047-05-01
Baseline,NZT,w22,2047,6,BIOENERGY,0,2047-06-01
Baseline,NZT,w22,2047,6,DIESEL,0,2047-06-01
Baseline,NZT,w22,2047,6,FUEL OIL,0,2047-06-01
Baseline,NZT,w22,2047,6,GAS,0,2047-06-01
Baseline,NZT,w22,2047,6,GEOTHERMAL,0,2047-06-01
Baseline,NZT,w22,2047,6,HYDRO,4673.03463,2047-06-01
Baseline,NZT,w22,2047,6,IMPORTS,0,2047-06-01
Baseline,NZT,w22,2047,6,NUCLEAR,0,2047-06-01
Baseline,NZT,w22,2047,6,PV,912.5028175,2047-06-01
Baseline,NZT,w22,2047,6,WIND,403.8379603,2047-06-01
Baseline,NZT,w22,2047,7,BIOENERGY,0,2047-07-01
Baseline,NZT,w22,2047,7,DIESEL,0,2047-07-01
Baseline,NZT,w22,2047,7,FUEL OIL,0,2047-07-01
Baseline,NZT,w22,2047,7,GAS,0,2047-07-01
Baseline,NZT,w22,2047,7,GEOTHERMAL,0,2047-07-01
Baseline,NZT,w22,2047,7,HYDRO,4553.914768,2047-07-01
Baseline,NZT,w22,2047,7,IMPORTS,0,2047-07-01
Baseline,NZT,w22,2047,7,NUCLEAR,0,2047-07-01
Baseline,NZT,w22,2047,7,PV,948.9037334,2047-07-01
Baseline,NZT,w22,2047,7,WIND,407.1538212,2047-07-01
Baseline,NZT,w22,2047,8,BIOENERGY,0,2047-08-01
Baseline,NZT,w22,2047,8,DIESEL,0,2047-08-01
Baseline,NZT,w22,2047,8,FUEL OIL,0,2047-08-01
Baseline,NZT,w22,2047,8,GAS,0,2047-08-01
Baseline,NZT,w22,2047,8,GEOTHERMAL,198.6321207,2047-08-01
Baseline,NZT,w22,2047,8,HYDRO,4177.924001,2047-08-01
Baseline,NZT,w22,2047,8,IMPORTS,0,2047-08-01
Baseline,NZT,w22,2047,8,NUCLEAR,0,2047-08-01
Baseline,NZT,w22,2047,8,PV,1082.485539,2047-08-01
Baseline,NZT,w22,2047,8,WIND,434.7560328,2047-08-01
Baseline,NZT,w22,2047,9,BIOENERGY,0,2047-09-01
Baseline,NZT,w22,2047,9,DIESEL,0,2047-09-01
Baseline,NZT,w22,2047,9,FUEL OIL,0,2047-09-01
Baseline,NZT,w22,2047,9,GAS,0,2047-09-01
Baseline,NZT,w22,2047,9,GEOTHERMAL,277.213222,2047-09-01
Baseline,NZT,w22,2047,9,HYDRO,4175.249022,2047-09-01
Baseline,NZT,w22,2047,9,IMPORTS,0,2047-09-01
Baseline,NZT,w22,2047,9,NUCLEAR,0,2047-09-01
Baseline,NZT,w22,2047,9,PV,1117.955402,2047-09-01
Baseline,NZT,w22,2047,9,WIND,461.1229058,2047-09-01
Baseline,NZT,w22,2047,10,BIOENERGY,0,2047-10-01
Baseline,NZT,w22,2047,10,DIESEL,0,2047-10-01
Baseline,NZT,w22,2047,10,FUEL OIL,0,2047-10-01
Baseline,NZT,w22,2047,10,GAS,0,2047-10-01
Baseline,NZT,w22,2047,10,GEOTHERMAL,199.7611087,2047-10-01
Baseline,NZT,w22,2047,10,HYDRO,4289.551859,2047-10-01
Baseline,NZT,w22,2047,10,IMPORTS,0,2047-10-01
Baseline,NZT,w22,2047,10,NUCLEAR,0,2047-10-01
Baseline,NZT,w22,2047,10,PV,1095.966178,2047-10-01
Baseline,NZT,w22,2047,10,WIND,466.0258579,2047-10-01
Baseline,NZT,w22,2047,11,BIOENERGY,0,2047-11-01
Baseline,NZT,w22,2047,11,DIESEL,0,2047-11-01
Baseline,NZT,w22,2047,11,FUEL OIL,0,2047-11-01
Baseline,NZT,w22,2047,11,GAS,39.70609529,2047-11-01
Baseline,NZT,w22,2047,11,GEOTHERMAL,294.6146636,2047-11-01
Baseline,NZT,w22,2047,11,HYDRO,4253.980201,2047-11-01
Baseline,NZT,w22,2047,11,IMPORTS,0,2047-11-01
Baseline,NZT,w22,2047,11,NUCLEAR,0,2047-11-01
Baseline,NZT,w22,2047,11,PV,1123.826937,2047-11-01
Baseline,NZT,w22,2047,11,WIND,461.6323344,2047-11-01
Baseline,NZT,w22,2047,12,BIOENERGY,0,2047-12-01
Baseline,NZT,w22,2047,12,DIESEL,0,2047-12-01
Baseline,NZT,w22,2047,12,FUEL OIL,0,2047-12-01
Baseline,NZT,w22,2047,12,GAS,66.32103904,2047-12-01
Baseline,NZT,w22,2047,12,GEOTHERMAL,439.8278101,2047-12-01
Baseline,NZT,w22,2047,12,HYDRO,4240.050176,2047-12-01
Baseline,NZT,w22,2047,12,IMPORTS,6.890498271,2047-12-01
Baseline,NZT,w22,2047,12,NUCLEAR,0,2047-12-01
Baseline,NZT,w22,2047,12,PV,1114.146324,2047-12-01
Baseline,NZT,w22,2047,12,WIND,454.1252652,2047-12-01
Baseline,NZT,w22,2048,1,BIOENERGY,0,2048-01-01
Baseline,NZT,w22,2048,1,DIESEL,0,2048-01-01
Baseline,NZT,w22,2048,1,FUEL OIL,0,2048-01-01
Baseline,NZT,w22,2048,1,GAS,40.05186947,2048-01-01
Baseline,NZT,w22,2048,1,GEOTHERMAL,322.9045573,2048-01-01
Baseline,NZT,w22,2048,1,HYDRO,4236.853359,2048-01-01
Baseline,NZT,w22,2048,1,IMPORTS,0,2048-01-01
Baseline,NZT,w22,2048,1,NUCLEAR,0,2048-01-01
Baseline,NZT,w22,2048,1,PV,1098.340999,2048-01-01
Baseline,NZT,w22,2048,1,WIND,471.6174532,2048-01-01
Baseline,NZT,w22,2048,2,BIOENERGY,0,2048-02-01
Baseline,NZT,w22,2048,2,DIESEL,0,2048-02-01
Baseline,NZT,w22,2048,2,FUEL OIL,0,2048-02-01
Baseline,NZT,w22,2048,2,GAS,40.85731834,2048-02-01
Baseline,NZT,w22,2048,2,GEOTHERMAL,407.6824828,2048-02-01
Baseline,NZT,w22,2048,2,HYDRO,4125.046042,2048-02-01
Baseline,NZT,w22,2048,2,IMPORTS,0,2048-02-01
Baseline,NZT,w22,2048,2,NUCLEAR,0,2048-02-01
Baseline,NZT,w22,2048,2,PV,1100.533238,2048-02-01
Baseline,NZT,w22,2048,2,WIND,464.8057595,2048-02-01
Baseline,NZT,w22,2048,3,BIOENERGY,0,2048-03-01
Baseline,NZT,w22,2048,3,DIESEL,0,2048-03-01
Baseline,NZT,w22,2048,3,FUEL OIL,0,2048-03-01
Baseline,NZT,w22,2048,3,GAS,0,2048-03-01
Baseline,NZT,w22,2048,3,GEOTHERMAL,0,2048-03-01
Baseline,NZT,w22,2048,3,HYDRO,4916.660853,2048-03-01
Baseline,NZT,w22,2048,3,IMPORTS,0,2048-03-01
Baseline,NZT,w22,2048,3,NUCLEAR,0,2048-03-01
Baseline,NZT,w22,2048,3,PV,909.1808082,2048-03-01
Baseline,NZT,w22,2048,3,WIND,420.0878061,2048-03-01
Baseline,NZT,w22,2048,4,BIOENERGY,0,2048-04-01
Baseline,NZT,w22,2048,4,DIESEL,0,2048-04-01
Baseline,NZT,w22,2048,4,FUEL OIL,0,2048-04-01
Baseline,NZT,w22,2048,4,GAS,0,2048-04-01
Baseline,NZT,w22,2048,4,GEOTHERMAL,0,2048-04-01
Baseline,NZT,w22,2048,4,HYDRO,4943.263264,2048-04-01
Baseline,NZT,w22,2048,4,IMPORTS,0,2048-04-01
Baseline,NZT,w22,2048,4,NUCLEAR,0,2048-04-01
Baseline,NZT,w22,2048,4,PV,921.0088948,2048-04-01
Baseline,NZT,w22,2048,4,WIND,413.4129576,2048-04-01
Baseline,NZT,w22,2048,5,BIOENERGY,0,2048-05-01
Baseline,NZT,w22,2048,5,DIESEL,0,2048-05-01
Baseline,NZT,w22,2048,5,FUEL OIL,0,2048-05-01
Baseline,NZT,w22,2048,5,GAS,0,2048-05-01
Baseline,NZT,w22,2048,5,GEOTHERMAL,0,2048-05-01
Baseline,NZT,w22,2048,5,HYDRO,4909.876622,2048-05-01
Baseline,NZT,w22,2048,5,IMPORTS,0,2048-05-01
Baseline,NZT,w22,2048,5,NUCLEAR,0,2048-05-01
Baseline,NZT,w22,2048,5,PV,934.9285956,2048-05-01
Baseline,NZT,w22,2048,5,WIND,401.8073974,2048-05-01
Baseline,NZT,w22,2048,6,BIOENERGY,0,2048-06-01
Baseline,NZT,w22,2048,6,DIESEL,0,2048-06-01
Baseline,NZT,w22,2048,6,FUEL OIL,0,2048-06-01
Baseline,NZT,w22,2048,6,GAS,0,2048-06-01
Baseline,NZT,w22,2048,6,GEOTHERMAL,0,2048-06-01
Baseline,NZT,w22,2048,6,HYDRO,4760.05036,2048-06-01
Baseline,NZT,w22,2048,6,IMPORTS,0,2048-06-01
Baseline,NZT,w22,2048,6,NUCLEAR,0,2048-06-01
Baseline,NZT,w22,2048,6,PV,939.5108569,2048-06-01
Baseline,NZT,w22,2048,6,WIND,409.6016987,2048-06-01
Baseline,NZT,w22,2048,7,BIOENERGY,0,2048-07-01
Baseline,NZT,w22,2048,7,DIESEL,0,2048-07-01
Baseline,NZT,w22,2048,7,FUEL OIL,0,2048-07-01
Baseline,NZT,w22,2048,7,GAS,0,2048-07-01
Baseline,NZT,w22,2048,7,GEOTHERMAL,0,2048-07-01
Baseline,NZT,w22,2048,7,HYDRO,4691.860495,2048-07-01
Baseline,NZT,w22,2048,7,IMPORTS,0,2048-07-01
Baseline,NZT,w22,2048,7,NUCLEAR,0,2048-07-01
Baseline,NZT,w22,2048,7,PV,923.656242,2048-07-01
Baseline,NZT,w22,2048,7,WIND,412.6550317,2048-07-01
Baseline,NZT,w22,2048,8,BIOENERGY,0,2048-08-01
Baseline,NZT,w22,2048,8,DIESEL,0,2048-08-01
Baseline,NZT,w22,2048,8,FUEL OIL,0,2048-08-01
Baseline,NZT,w22,2048,8,GAS,0,2048-08-01
Baseline,NZT,w22,2048,8,GEOTHERMAL,221.6566608,2048-08-01
Baseline,NZT,w22,2048,8,HYDRO,4218.287342,2048-08-01
Baseline,NZT,w22,2048,8,IMPORTS,0,2048-08-01
Baseline,NZT,w22,2048,8,NUCLEAR,0,2048-08-01
Baseline,NZT,w22,2048,8,PV,1132.0963,2048-08-01
Baseline,NZT,w22,2048,8,WIND,439.6333439,2048-08-01
Baseline,NZT,w22,2048,9,BIOENERGY,0,2048-09-01
Baseline,NZT,w22,2048,9,DIESEL,0,2048-09-01
Baseline,NZT,w22,2048,9,FUEL OIL,0,2048-09-01
Baseline,NZT,w22,2048,9,GAS,0,2048-09-01
Baseline,NZT,w22,2048,9,GEOTHERMAL,288.7330739,2048-09-01
Baseline,NZT,w22,2048,9,HYDRO,4279.321599,2048-09-01
Baseline,NZT,w22,2048,9,IMPORTS,24.53682013,2048-09-01
Baseline,NZT,w22,2048,9,NUCLEAR,0,2048-09-01
Baseline,NZT,w22,2048,9,PV,1099.553169,2048-09-01
Baseline,NZT,w22,2048,9,WIND,460.0267019,2048-09-01
Baseline,NZT,w22,2048,10,BIOENERGY,0,2048-10-01
Baseline,NZT,w22,2048,10,DIESEL,0,2048-10-01
Baseline,NZT,w22,2048,10,FUEL OIL,0,2048-10-01
Baseline,NZT,w22,2048,10,GAS,80.13433206,2048-10-01
Baseline,NZT,w22,2048,10,GEOTHERMAL,306.3562425,2048-10-01
Baseline,NZT,w22,2048,10,HYDRO,4230.624936,2048-10-01
Baseline,NZT,w22,2048,10,IMPORTS,0,2048-10-01
Baseline,NZT,w22,2048,10,NUCLEAR,0,2048-10-01
Baseline,NZT,w22,2048,10,PV,1098.345428,2048-10-01
Baseline,NZT,w22,2048,10,WIND,456.8701651,2048-10-01
Baseline,NZT,w22,2048,11,BIOENERGY,0,2048-11-01
Baseline,NZT,w22,2048,11,DIESEL,0,2048-11-01
Baseline,NZT,w22,2048,11,FUEL OIL,0,2048-11-01
Baseline,NZT,w22,2048,11,GAS,41.05313666,2048-11-01
Baseline,NZT,w22,2048,11,GEOTHERMAL,474.8906103,2048-11-01
Baseline,NZT,w22,2048,11,HYDRO,4174.037913,2048-11-01
Baseline,NZT,w22,2048,11,IMPORTS,22.02361949,2048-11-01
Baseline,NZT,w22,2048,11,NUCLEAR,0,2048-11-01
Baseline,NZT,w22,2048,11,PV,1110.734549,2048-11-01
Baseline,NZT,w22,2048,11,WIND,474.4956073,2048-11-01
Baseline,NZT,w22,2048,12,BIOENERGY,0,2048-12-01
Baseline,NZT,w22,2048,12,DIESEL,0,2048-12-01
Baseline,NZT,w22,2048,12,FUEL OIL,0,2048-12-01
Baseline,NZT,w22,2048,12,GAS,180.0642791,2048-12-01
Baseline,NZT,w22,2048,12,GEOTHERMAL,434.3514209,2048-12-01
Baseline,NZT,w22,2048,12,HYDRO,4167.446126,2048-12-01
Baseline,NZT,w22,2048,12,IMPORTS,113.8700543,2048-12-01
Baseline,NZT,w22,2048,12,NUCLEAR,0,2048-12-01
Baseline,NZT,w22,2048,12,PV,1101.027432,2048-12-01
Baseline,NZT,w22,2048,12,WIND,451.0290237,2048-12-01
Baseline,NZT,w22,2049,1,BIOENERGY,0,2049-01-01
Baseline,NZT,w22,2049,1,DIESEL,0,2049-01-01
Baseline,NZT,w22,2049,1,FUEL OIL,0,2049-01-01
Baseline,NZT,w22,2049,1,GAS,0,2049-01-01
Baseline,NZT,w22,2049,1,GEOTHERMAL,480.8057468,2049-01-01
Baseline,NZT,w22,2049,1,HYDRO,4151.746363,2049-01-01
Baseline,NZT,w22,2049,1,IMPORTS,54.60712884,2049-01-01
Baseline,NZT,w22,2049,1,NUCLEAR,0,2049-01-01
Baseline,NZT,w22,2049,1,PV,1128.981794,2049-01-01
Baseline,NZT,w22,2049,1,WIND,477.0225702,2049-01-01
Baseline,NZT,w22,2049,2,BIOENERGY,0,2049-02-01
Baseline,NZT,w22,2049,2,DIESEL,0,2049-02-01
Baseline,NZT,w22,2049,2,FUEL OIL,0,2049-02-01
Baseline,NZT,w22,2049,2,GAS,0,2049-02-01
Baseline,NZT,w22,2049,2,GEOTHERMAL,425.2350669,2049-02-01
Baseline,NZT,w22,2049,2,HYDRO,4213.745757,2049-02-01
Baseline,NZT,w22,2049,2,IMPORTS,41.4345413,2049-02-01
Baseline,NZT,w22,2049,2,NUCLEAR,0,2049-02-01
Baseline,NZT,w22,2049,2,PV,1126.35588,2049-02-01
Baseline,NZT,w22,2049,2,WIND,454.9320928,2049-02-01
Baseline,NZT,w22,2049,3,BIOENERGY,0,2049-03-01
Baseline,NZT,w22,2049,3,DIESEL,0,2049-03-01
Baseline,NZT,w22,2049,3,FUEL OIL,0,2049-03-01
Baseline,NZT,w22,2049,3,GAS,0,2049-03-01
Baseline,NZT,w22,2049,3,GEOTHERMAL,0,2049-03-01
Baseline,NZT,w22,2049,3,HYDRO,5013.715163,2049-03-01
Baseline,NZT,w22,2049,3,IMPORTS,0,2049-03-01
Baseline,NZT,w22,2049,3,NUCLEAR,0,2049-03-01
Baseline,NZT,w22,2049,3,PV,930.7819782,2049-03-01
Baseline,NZT,w22,2049,3,WIND,426.3509158,2049-03-01
Baseline,NZT,w22,2049,4,BIOENERGY,0,2049-04-01
Baseline,NZT,w22,2049,4,DIESEL,0,2049-04-01
Baseline,NZT,w22,2049,4,FUEL OIL,0,2049-04-01
Baseline,NZT,w22,2049,4,GAS,0,2049-04-01
Baseline,NZT,w22,2049,4,GEOTHERMAL,0,2049-04-01
Baseline,NZT,w22,2049,4,HYDRO,5076.838907,2049-04-01
Baseline,NZT,w22,2049,4,IMPORTS,0,2049-04-01
Baseline,NZT,w22,2049,4,NUCLEAR,0,2049-04-01
Baseline,NZT,w22,2049,4,PV,913.0079017,2049-04-01
Baseline,NZT,w22,2049,4,WIND,413.3920101,2049-04-01
Baseline,NZT,w22,2049,5,BIOENERGY,0,2049-05-01
Baseline,NZT,w22,2049,5,DIESEL,0,2049-05-01
Baseline,NZT,w22,2049,5,FUEL OIL,0,2049-05-01
Baseline,NZT,w22,2049,5,GAS,0,2049-05-01
Baseline,NZT,w22,2049,5,GEOTHERMAL,0,2049-05-01
Baseline,NZT,w22,2049,5,HYDRO,5051.957444,2049-05-01
Baseline,NZT,w22,2049,5,IMPORTS,0,2049-05-01
Baseline,NZT,w22,2049,5,NUCLEAR,0,2049-05-01
Baseline,NZT,w22,2049,5,PV,902.1800137,2049-05-01
Baseline,NZT,w22,2049,5,WIND,417.4074099,2049-05-01
Baseline,NZT,w22,2049,6,BIOENERGY,0,2049-06-01
Baseline,NZT,w22,2049,6,DIESEL,0,2049-06-01
Baseline,NZT,w22,2049,6,FUEL OIL,0,2049-06-01
Baseline,NZT,w22,2049,6,GAS,0,2049-06-01
Baseline,NZT,w22,2049,6,GEOTHERMAL,0,2049-06-01
Baseline,NZT,w22,2049,6,HYDRO,4906.266946,2049-06-01
Baseline,NZT,w22,2049,6,IMPORTS,0,2049-06-01
Baseline,NZT,w22,2049,6,NUCLEAR,0,2049-06-01
Baseline,NZT,w22,2049,6,PV,921.3886406,2049-06-01
Baseline,NZT,w22,2049,6,WIND,403.6905872,2049-06-01
Baseline,NZT,w22,2049,7,BIOENERGY,0,2049-07-01
Baseline,NZT,w22,2049,7,DIESEL,0,2049-07-01
Baseline,NZT,w22,2049,7,FUEL OIL,0,2049-07-01
Baseline,NZT,w22,2049,7,GAS,0,2049-07-01
Baseline,NZT,w22,2049,7,GEOTHERMAL,0,2049-07-01
Baseline,NZT,w22,2049,7,HYDRO,4823.220501,2049-07-01
Baseline,NZT,w22,2049,7,IMPORTS,0,2049-07-01
Baseline,NZT,w22,2049,7,NUCLEAR,0,2049-07-01
Baseline,NZT,w22,2049,7,PV,907.7578434,2049-07-01
Baseline,NZT,w22,2049,7,WIND,417.75686,2049-07-01
Baseline,NZT,w22,2049,8,BIOENERGY,0,2049-08-01
Baseline,NZT,w22,2049,8,DIESEL,0,2049-08-01
Baseline,NZT,w22,2049,8,FUEL OIL,0,2049-08-01
Baseline,NZT,w22,2049,8,GAS,0,2049-08-01
Baseline,NZT,w22,2049,8,GEOTHERMAL,304.8626013,2049-08-01
Baseline,NZT,w22,2049,8,HYDRO,4229.919501,2049-08-01
Baseline,NZT,w22,2049,8,IMPORTS,20.21733622,2049-08-01
Baseline,NZT,w22,2049,8,NUCLEAR,0,2049-08-01
Baseline,NZT,w22,2049,8,PV,1121.182859,2049-08-01
Baseline,NZT,w22,2049,8,WIND,455.724823,2049-08-01
Baseline,NZT,w22,2049,9,BIOENERGY,0,2049-09-01
Baseline,NZT,w22,2049,9,DIESEL,0,2049-09-01
Baseline,NZT,w22,2049,9,FUEL OIL,0,2049-09-01
Baseline,NZT,w22,2049,9,GAS,0,2049-09-01
Baseline,NZT,w22,2049,9,GEOTHERMAL,471.4706453,2049-09-01
Baseline,NZT,w22,2049,9,HYDRO,4110.328242,2049-09-01
Baseline,NZT,w22,2049,9,IMPORTS,116.0890571,2049-09-01
Baseline,NZT,w22,2049,9,NUCLEAR,0,2049-09-01
Baseline,NZT,w22,2049,9,PV,1134.088153,2049-09-01
Baseline,NZT,w22,2049,9,WIND,443.2386937,2049-09-01
Baseline,NZT,w22,2049,10,BIOENERGY,0,2049-10-01
Baseline,NZT,w22,2049,10,DIESEL,0,2049-10-01
Baseline,NZT,w22,2049,10,FUEL OIL,0,2049-10-01
Baseline,NZT,w22,2049,10,GAS,0,2049-10-01
Baseline,NZT,w22,2049,10,GEOTHERMAL,411.4728665,2049-10-01
Baseline,NZT,w22,2049,10,HYDRO,4172.903584,2049-10-01
Baseline,NZT,w22,2049,10,IMPORTS,100.3850414,2049-10-01
Baseline,NZT,w22,2049,10,NUCLEAR,0,2049-10-01
Baseline,NZT,w22,2049,10,PV,1142.090061,2049-10-01
Baseline,NZT,w22,2049,10,WIND,468.9261721,2049-10-01
Baseline,NZT,w22,2049,11,BIOENERGY,0,2049-11-01
Baseline,NZT,w22,2049,11,DIESEL,0,2049-11-01
Baseline,NZT,w22,2049,11,FUEL OIL,0,2049-11-01
Baseline,NZT,w22,2049,11,GAS,70.46275462,2049-11-01
Baseline,NZT,w22,2049,11,GEOTHERMAL,407.720794,2049-11-01
Baseline,NZT,w22,2049,11,HYDRO,4260.970432,2049-11-01
Baseline,NZT,w22,2049,11,IMPORTS,77.9570735,2049-11-01
Baseline,NZT,w22,2049,11,NUCLEAR,0,2049-11-01
Baseline,NZT,w22,2049,11,PV,1118.705125,2049-11-01
Baseline,NZT,w22,2049,11,WIND,487.3639662,2049-11-01
Baseline,NZT,w22,2049,12,BIOENERGY,0,2049-12-01
Baseline,NZT,w22,2049,12,DIESEL,0,2049-12-01
Baseline,NZT,w22,2049,12,FUEL OIL,0,2049-12-01
Baseline,NZT,w22,2049,12,GAS,69.93954517,2049-12-01
Baseline,NZT,w22,2049,12,GEOTHERMAL,459.4552607,2049-12-01
Baseline,NZT,w22,2049,12,HYDRO,4289.718169,2049-12-01
Baseline,NZT,w22,2049,12,IMPORTS,181.5545175,2049-12-01
Baseline,NZT,w22,2049,12,NUCLEAR,0,2049-12-01
Baseline,NZT,w22,2049,12,PV,1104.912911,2049-12-01
Baseline,NZT,w22,2049,12,WIND,471.1636987,2049-12-01
Baseline,NZT,w22,2050,1,BIOENERGY,0,2050-01-01
Baseline,NZT,w22,2050,1,DIESEL,0,2050-01-01
Baseline,NZT,w22,2050,1,FUEL OIL,0,2050-01-01
Baseline,NZT,w22,2050,1,GAS,40.40356995,2050-01-01
Baseline,NZT,w22,2050,1,GEOTHERMAL,481.9607013,2050-01-01
Baseline,NZT,w22,2050,1,HYDRO,4223.54329,2050-01-01
Baseline,NZT,w22,2050,1,IMPORTS,106.5382293,2050-01-01
Baseline,NZT,w22,2050,1,NUCLEAR,0,2050-01-01
Baseline,NZT,w22,2050,1,PV,1113.303897,2050-01-01
Baseline,NZT,w22,2050,1,WIND,453.2771864,2050-01-01
Baseline,NZT,w22,2050,2,BIOENERGY,0,2050-02-01
Baseline,NZT,w22,2050,2,DIESEL,0,2050-02-01
Baseline,NZT,w22,2050,2,FUEL OIL,0,2050-02-01
Baseline,NZT,w22,2050,2,GAS,0,2050-02-01
Baseline,NZT,w22,2050,2,GEOTHERMAL,466.9356323,2050-02-01
Baseline,NZT,w22,2050,2,HYDRO,4220.784509,2050-02-01
Baseline,NZT,w22,2050,2,IMPORTS,137.1669366,2050-02-01
Baseline,NZT,w22,2050,2,NUCLEAR,0,2050-02-01
Baseline,NZT,w22,2050,2,PV,1096.408897,2050-02-01
Baseline,NZT,w22,2050,2,WIND,465.6414298,2050-02-01
Baseline,NZT,w22,2050,3,BIOENERGY,0,2050-03-01
Baseline,NZT,w22,2050,3,DIESEL,0,2050-03-01
Baseline,NZT,w22,2050,3,FUEL OIL,0,2050-03-01
Baseline,NZT,w22,2050,3,GAS,0,2050-03-01
Baseline,NZT,w22,2050,3,GEOTHERMAL,0,2050-03-01
Baseline,NZT,w22,2050,3,HYDRO,5121.293899,2050-03-01
Baseline,NZT,w22,2050,3,IMPORTS,50.18731685,2050-03-01
Baseline,NZT,w22,2050,3,NUCLEAR,0,2050-03-01
Baseline,NZT,w22,2050,3,PV,921.9432888,2050-03-01
Baseline,NZT,w22,2050,3,WIND,404.8405131,2050-03-01
Baseline,NZT,w22,2050,4,BIOENERGY,0,2050-04-01
Baseline,NZT,w22,2050,4,DIESEL,0,2050-04-01
Baseline,NZT,w22,2050,4,FUEL OIL,0,2050-04-01
Baseline,NZT,w22,2050,4,GAS,0,2050-04-01
Baseline,NZT,w22,2050,4,GEOTHERMAL,0,2050-04-01
Baseline,NZT,w22,2050,4,HYDRO,5136.705654,2050-04-01
Baseline,NZT,w22,2050,4,IMPORTS,47.50679425,2050-04-01
Baseline,NZT,w22,2050,4,NUCLEAR,0,2050-04-01
Baseline,NZT,w22,2050,4,PV,945.0646796,2050-04-01
Baseline,NZT,w22,2050,4,WIND,400.483674,2050-04-01
Baseline,NZT,w22,2050,5,BIOENERGY,0,2050-05-01
Baseline,NZT,w22,2050,5,DIESEL,0,2050-05-01
Baseline,NZT,w22,2050,5,FUEL OIL,0,2050-05-01
Baseline,NZT,w22,2050,5,GAS,0,2050-05-01
Baseline,NZT,w22,2050,5,GEOTHERMAL,0,2050-05-01
Baseline,NZT,w22,2050,5,HYDRO,5130.100048,2050-05-01
Baseline,NZT,w22,2050,5,IMPORTS,18.99028233,2050-05-01
Baseline,NZT,w22,2050,5,NUCLEAR,0,2050-05-01
Baseline,NZT,w22,2050,5,PV,932.5084896,2050-05-01
Baseline,NZT,w22,2050,5,WIND,417.3769444,2050-05-01
Baseline,NZT,w22,2050,6,BIOENERGY,0,2050-06-01
Baseline,NZT,w22,2050,6,DIESEL,0,2050-06-01
Baseline,NZT,w22,2050,6,FUEL OIL,0,2050-06-01
Baseline,NZT,w22,2050,6,GAS,0,2050-06-01
Baseline,NZT,w22,2050,6,GEOTHERMAL,0,2050-06-01
Baseline,NZT,w22,2050,6,HYDRO,4997.814894,2050-06-01
Baseline,NZT,w22,2050,6,IMPORTS,0,2050-06-01
Baseline,NZT,w22,2050,6,NUCLEAR,0,2050-06-01
Baseline,NZT,w22,2050,6,PV,939.1230039,2050-06-01
Baseline,NZT,w22,2050,6,WIND,419.0351997,2050-06-01
Baseline,NZT,w22,2050,7,BIOENERGY,0,2050-07-01
Baseline,NZT,w22,2050,7,DIESEL,0,2050-07-01
Baseline,NZT,w22,2050,7,FUEL OIL,0,2050-07-01
Baseline,NZT,w22,2050,7,GAS,0,2050-07-01
Baseline,NZT,w22,2050,7,GEOTHERMAL,0,2050-07-01
Baseline,NZT,w22,2050,7,HYDRO,4926.9196,2050-07-01
Baseline,NZT,w22,2050,7,IMPORTS,0,2050-07-01
Baseline,NZT,w22,2050,7,NUCLEAR,0,2050-07-01
Baseline,NZT,w22,2050,7,PV,928.706459,2050-07-01
Baseline,NZT,w22,2050,7,WIND,416.0838496,2050-07-01
Baseline,NZT,w22,2050,8,BIOENERGY,0,2050-08-01
Baseline,NZT,w22,2050,8,DIESEL,0,2050-08-01
Baseline,NZT,w22,2050,8,FUEL OIL,0,2050-08-01
Baseline,NZT,w22,2050,8,GAS,0,2050-08-01
Baseline,NZT,w22,2050,8,GEOTHERMAL,434.3932316,2050-08-01
Baseline,NZT,w22,2050,8,HYDRO,4161.524924,2050-08-01
Baseline,NZT,w22,2050,8,IMPORTS,85.92139,2050-08-01
Baseline,NZT,w22,2050,8,NUCLEAR,0,2050-08-01
Baseline,NZT,w22,2050,8,PV,1108.571841,2050-08-01
Baseline,NZT,w22,2050,8,WIND,464.1338757,2050-08-01
Baseline,NZT,w22,2050,9,BIOENERGY,0,2050-09-01
Baseline,NZT,w22,2050,9,DIESEL,0,2050-09-01
Baseline,NZT,w22,2050,9,FUEL OIL,0,2050-09-01
Baseline,NZT,w22,2050,9,GAS,0,2050-09-01
Baseline,NZT,w22,2050,9,GEOTHERMAL,463.7111191,2050-09-01
Baseline,NZT,w22,2050,9,HYDRO,4203.569013,2050-09-01
Baseline,NZT,w22,2050,9,IMPORTS,146.5725028,2050-09-01
Baseline,NZT,w22,2050,9,NUCLEAR,0,2050-09-01
Baseline,NZT,w22,2050,9,PV,1131.331407,2050-09-01
Baseline,NZT,w22,2050,9,WIND,455.5350449,2050-09-01
Baseline,NZT,w22,2050,10,BIOENERGY,0,2050-10-01
Baseline,NZT,w22,2050,10,DIESEL,0,2050-10-01
Baseline,NZT,w22,2050,10,FUEL OIL,0,2050-10-01
Baseline,NZT,w22,2050,10,GAS,0,2050-10-01
Baseline,NZT,w22,2050,10,GEOTHERMAL,410.5229734,2050-10-01
Baseline,NZT,w22,2050,10,HYDRO,4319.956873,2050-10-01
Baseline,NZT,w22,2050,10,IMPORTS,136.3110284,2050-10-01
Baseline,NZT,w22,2050,10,NUCLEAR,0,2050-10-01
Baseline,NZT,w22,2050,10,PV,1110.040106,2050-10-01
Baseline,NZT,w22,2050,10,WIND,444.8622985,2050-10-01
Baseline,NZT,w22,2050,11,BIOENERGY,0,2050-11-01
Baseline,NZT,w22,2050,11,DIESEL,0,2050-11-01
Baseline,NZT,w22,2050,11,FUEL OIL,0,2050-11-01
Baseline,NZT,w22,2050,11,GAS,0,2050-11-01
Baseline,NZT,w22,2050,11,GEOTHERMAL,452.474755,2050-11-01
Baseline,NZT,w22,2050,11,HYDRO,4261.752146,2050-11-01
Baseline,NZT,w22,2050,11,IMPORTS,215.7125663,2050-11-01
Baseline,NZT,w22,2050,11,NUCLEAR,0,2050-11-01
Baseline,NZT,w22,2050,11,PV,1153.038483,2050-11-01
Baseline,NZT,w22,2050,11,WIND,468.6657973,2050-11-01
Baseline,NZT,w22,2050,12,BIOENERGY,0,2050-12-01
Baseline,NZT,w22,2050,12,DIESEL,0,2050-12-01
Baseline,NZT,w22,2050,12,FUEL OIL,0,2050-12-01
Baseline,NZT,w22,2050,12,GAS,39.91623342,2050-12-01
Baseline,NZT,w22,2050,12,GEOTHERMAL,457.7124243,2050-12-01
Baseline,NZT,w22,2050,12,HYDRO,4272.159494,2050-12-01
Baseline,NZT,w22,2050,12,IMPORTS,332.3442273,2050-12-01
Baseline,NZT,w22,2050,12,NUCLEAR,0,2050-12-01
Baseline,NZT,w22,2050,12,PV,1119.266725,2050-12-01
Baseline,NZT,w22,2050,12,WIND,486.8798796,2050-12-01
Adverse,REF,w4,2025,1,BIOENERGY,88.72324549,2025-01-01
Adverse,REF,w4,2025,1,DIESEL,0,2025-01-01
Adverse,REF,w4,2025,1,FUEL OIL,790.2306686,2025-01-01
Adverse,REF,w4,2025,1,GAS,0,2025-01-01
Adverse,REF,w4,2025,1,GEOTHERMAL,0,2025-01-01
Adverse,REF,w4,2025,1,HYDRO,2526.542435,2025-01-01
Adverse,REF,w4,2025,1,IMPORTS,0,2025-01-01
Adverse,REF,w4,2025,1,NUCLEAR,0,2025-01-01
Adverse,REF,w4,2025,1,PV,7.673555413,2025-01-01
Adverse,REF,w4,2025,1,WIND,46.06884148,2025-01-01
Adverse,REF,w4,2025,2,BIOENERGY,93.74622106,2025-02-01
Adverse,REF,w4,2025,2,DIESEL,0,2025-02-01
Adverse,REF,w4,2025,2,FUEL OIL,1018.801386,2025-02-01
Adverse,REF,w4,2025,2,GAS,0,2025-02-01
Adverse,REF,w4,2025,2,GEOTHERMAL,0,2025-02-01
Adverse,REF,w4,2025,2,HYDRO,2281.244193,2025-02-01
Adverse,REF,w4,2025,2,IMPORTS,0,2025-02-01
Adverse,REF,w4,2025,2,NUCLEAR,0,2025-02-01
Adverse,REF,w4,2025,2,PV,8.09652805,2025-02-01
Adverse,REF,w4,2025,2,WIND,40.05727579,2025-02-01
Adverse,REF,w4,2025,3,BIOENERGY,94.72658827,2025-03-01
Adverse,REF,w4,2025,3,DIESEL,0,2025-03-01
Adverse,REF,w4,2025,3,FUEL OIL,771.3072495,2025-03-01
Adverse,REF,w4,2025,3,GAS,0,2025-03-01
Adverse,REF,w4,2025,3,GEOTHERMAL,0,2025-03-01
Adverse,REF,w4,2025,3,HYDRO,2586.887899,2025-03-01
Adverse,REF,w4,2025,3,IMPORTS,0,2025-03-01
Adverse,REF,w4,2025,3,NUCLEAR,0,2025-03-01
Adverse,REF,w4,2025,3,PV,8.34161636,2025-03-01
Adverse,REF,w4,2025,3,WIND,40.67713831,2025-03-01
Adverse,REF,w4,2025,4,BIOENERGY,97.49300156,2025-04-01
Adverse,REF,w4,2025,4,DIESEL,0,2025-04-01
Adverse,REF,w4,2025,4,FUEL OIL,875.1983091,2025-04-01
Adverse,REF,w4,2025,4,GAS,0,2025-04-01
Adverse,REF,w4,2025,4,GEOTHERMAL,0,2025-04-01
Adverse,REF,w4,2025,4,HYDRO,2498.919791,2025-04-01
Adverse,REF,w4,2025,4,IMPORTS,0,2025-04-01
Adverse,REF,w4,2025,4,NUCLEAR,0,2025-04-01
Adverse,REF,w4,2025,4,PV,7.509746083,2025-04-01
Adverse,REF,w4,2025,4,WIND,40.6242631,2025-04-01
Adverse,REF,w4,2025,5,BIOENERGY,95.62081198,2025-05-01
Adverse,REF,w4,2025,5,DIESEL,328.1054561,2025-05-01
Adverse,REF,w4,2025,5,FUEL OIL,1599.271269,2025-05-01
Adverse,REF,w4,2025,5,GAS,278.8021664,2025-05-01
Adverse,REF,w4,2025,5,GEOTHERMAL,0,2025-05-01
Adverse,REF,w4,2025,5,HYDRO,1139.592174,2025-05-01
Adverse,REF,w4,2025,5,IMPORTS,0,2025-05-01
Adverse,REF,w4,2025,5,NUCLEAR,0,2025-05-01
Adverse,REF,w4,2025,5,PV,10.66693622,2025-05-01
Adverse,REF,w4,2025,5,WIND,50.26470186,2025-05-01
Adverse,REF,w4,2025,6,BIOENERGY,96.34785489,2025-06-01
Adverse,REF,w4,2025,6,DIESEL,121.3601399,2025-06-01
Adverse,REF,w4,2025,6,FUEL OIL,1624.49293,2025-06-01
Adverse,REF,w4,2025,6,GAS,243.7432894,2025-06-01
Adverse,REF,w4,2025,6,GEOTHERMAL,0,2025-06-01
Adverse,REF,w4,2025,6,HYDRO,1285.104911,2025-06-01
Adverse,REF,w4,2025,6,IMPORTS,0,2025-06-01
Adverse,REF,w4,2025,6,NUCLEAR,0,2025-06-01
Adverse,REF,w4,2025,6,PV,11.13989059,2025-06-01
Adverse,REF,w4,2025,6,WIND,43.06980202,2025-06-01
Adverse,REF,w4,2025,7,BIOENERGY,96.4899479,2025-07-01
Adverse,REF,w4,2025,7,DIESEL,179.8873261,2025-07-01
Adverse,REF,w4,2025,7,FUEL OIL,1608.87723,2025-07-01
Adverse,REF,w4,2025,7,GAS,192.5045903,2025-07-01
Adverse,REF,w4,2025,7,GEOTHERMAL,0,2025-07-01
Adverse,REF,w4,2025,7,HYDRO,1240.300348,2025-07-01
Adverse,REF,w4,2025,7,IMPORTS,0,2025-07-01
Adverse,REF,w4,2025,7,NUCLEAR,0,2025-07-01
Adverse,REF,w4,2025,7,PV,11.32182396,2025-07-01
Adverse,REF,w4,2025,7,WIND,50.46778919,2025-07-01
Adverse,REF,w4,2025,8,BIOENERGY,93.51937725,2025-08-01
Adverse,REF,w4,2025,8,DIESEL,114.3906249,2025-08-01
Adverse,REF,w4,2025,8,FUEL OIL,1520.206943,2025-08-01
Adverse,REF,w4,2025,8,GAS,189.0030827,2025-08-01
Adverse,REF,w4,2025,8,GEOTHERMAL,0,2025-08-01
Adverse,REF,w4,2025,8,HYDRO,1396.835805,2025-08-01
Adverse,REF,w4,2025,8,IMPORTS,0,2025-08-01
Adverse,REF,w4,2025,8,NUCLEAR,0,2025-08-01
Adverse,REF,w4,2025,8,PV,10.38612899,2025-08-01
Adverse,REF,w4,2025,8,WIND,46.25699782,2025-08-01
Adverse,REF,w4,2025,9,BIOENERGY,89.63576977,2025-09-01
Adverse,REF,w4,2025,9,DIESEL,223.6123259,2025-09-01
Adverse,REF,w4,2025,9,FUEL OIL,1603.845661,2025-09-01
Adverse,REF,w4,2025,9,GAS,281.5473223,2025-09-01
Adverse,REF,w4,2025,9,GEOTHERMAL,0,2025-09-01
Adverse,REF,w4,2025,9,HYDRO,1195.578778,2025-09-01
Adverse,REF,w4,2025,9,IMPORTS,0,2025-09-01
Adverse,REF,w4,2025,9,NUCLEAR,0,2025-09-01
Adverse,REF,w4,2025,9,PV,10.04508376,2025-09-01
Adverse,REF,w4,2025,9,WIND,45.1076664,2025-09-01
Adverse,REF,w4,2025,10,BIOENERGY,95.84283677,2025-10-01
Adverse,REF,w4,2025,10,DIESEL,177.3664806,2025-10-01
Adverse,REF,w4,2025,10,FUEL OIL,1565.43991,2025-10-01
Adverse,REF,w4,2025,10,GAS,158.948135,2025-10-01
Adverse,REF,w4,2025,10,GEOTHERMAL,0,2025-10-01
Adverse,REF,w4,2025,10,HYDRO,1408.166784,2025-10-01
Adverse,REF,w4,2025,10,IMPORTS,0,2025-10-01
Adverse,REF,w4,2025,10,NUCLEAR,0,2025-10-01
Adverse,REF,w4,2025,10,PV,10.64636826,2025-10-01
Adverse,REF,w4,2025,10,WIND,44.26516778,2025-10-01
Adverse,REF,w4,2025,11,BIOENERGY,94.06610371,2025-11-01
Adverse,REF,w4,2025,11,DIESEL,0,2025-11-01
Adverse,REF,w4,2025,11,FUEL OIL,771.172863,2025-11-01
Adverse,REF,w4,2025,11,GAS,0,2025-11-01
Adverse,REF,w4,2025,11,GEOTHERMAL,0,2025-11-01
Adverse,REF,w4,2025,11,HYDRO,2614.582831,2025-11-01
Adverse,REF,w4,2025,11,IMPORTS,0,2025-11-01
Adverse,REF,w4,2025,11,NUCLEAR,0,2025-11-01
Adverse,REF,w4,2025,11,PV,8.404892899,2025-11-01
Adverse,REF,w4,2025,11,WIND,42.47980826,2025-11-01
Adverse,REF,w4,2025,12,BIOENERGY,94.60834947,2025-12-01
Adverse,REF,w4,2025,12,DIESEL,0,2025-12-01
Adverse,REF,w4,2025,12,FUEL OIL,1017.019493,2025-12-01
Adverse,REF,w4,2025,12,GAS,0,2025-12-01
Adverse,REF,w4,2025,12,GEOTHERMAL,0,2025-12-01
Adverse,REF,w4,2025,12,HYDRO,2454.194842,2025-12-01
Adverse,REF,w4,2025,12,IMPORTS,0,2025-12-01
Adverse,REF,w4,2025,12,NUCLEAR,0,2025-12-01
Adverse,REF,w4,2025,12,PV,8.640458196,2025-12-01
Adverse,REF,w4,2025,12,WIND,40.65469862,2025-12-01
Adverse,REF,w4,2026,1,BIOENERGY,97.04255187,2026-01-01
Adverse,REF,w4,2026,1,DIESEL,0,2026-01-01
Adverse,REF,w4,2026,1,FUEL OIL,673.4778649,2026-01-01
Adverse,REF,w4,2026,1,GAS,0,2026-01-01
Adverse,REF,w4,2026,1,GEOTHERMAL,127.1368778,2026-01-01
Adverse,REF,w4,2026,1,HYDRO,2641.052941,2026-01-01
Adverse,REF,w4,2026,1,IMPORTS,0,2026-01-01
Adverse,REF,w4,2026,1,NUCLEAR,0,2026-01-01
Adverse,REF,w4,2026,1,PV,7.832637674,2026-01-01
Adverse,REF,w4,2026,1,WIND,39.99585852,2026-01-01
Adverse,REF,w4,2026,2,BIOENERGY,88.18593602,2026-02-01
Adverse,REF,w4,2026,2,DIESEL,0,2026-02-01
Adverse,REF,w4,2026,2,FUEL OIL,527.6429451,2026-02-01
Adverse,REF,w4,2026,2,GAS,0,2026-02-01
Adverse,REF,w4,2026,2,GEOTHERMAL,123.7320626,2026-02-01
Adverse,REF,w4,2026,2,HYDRO,2780.587832,2026-02-01
Adverse,REF,w4,2026,2,IMPORTS,0,2026-02-01
Adverse,REF,w4,2026,2,NUCLEAR,0,2026-02-01
Adverse,REF,w4,2026,2,PV,7.304703501,2026-02-01
Adverse,REF,w4,2026,2,WIND,41.15572305,2026-02-01
Adverse,REF,w4,2026,3,BIOENERGY,91.66604111,2026-03-01
Adverse,REF,w4,2026,3,DIESEL,0,2026-03-01
Adverse,REF,w4,2026,3,FUEL OIL,580.8109723,2026-03-01
Adverse,REF,w4,2026,3,GAS,0,2026-03-01
Adverse,REF,w4,2026,3,GEOTHERMAL,125.3052398,2026-03-01
Adverse,REF,w4,2026,3,HYDRO,2781.418939,2026-03-01
Adverse,REF,w4,2026,3,IMPORTS,0,2026-03-01
Adverse,REF,w4,2026,3,NUCLEAR,0,2026-03-01
Adverse,REF,w4,2026,3,PV,8.322195735,2026-03-01
Adverse,REF,w4,2026,3,WIND,43.28851405,2026-03-01
Adverse,REF,w4,2026,4,BIOENERGY,96.81332906,2026-04-01
Adverse,REF,w4,2026,4,DIESEL,0,2026-04-01
Adverse,REF,w4,2026,4,FUEL OIL,554.2768228,2026-04-01
Adverse,REF,w4,2026,4,GAS,0,2026-04-01
Adverse,REF,w4,2026,4,GEOTHERMAL,119.1622938,2026-04-01
Adverse,REF,w4,2026,4,HYDRO,2832.972588,2026-04-01
Adverse,REF,w4,2026,4,IMPORTS,0,2026-04-01
Adverse,REF,w4,2026,4,NUCLEAR,0,2026-04-01
Adverse,REF,w4,2026,4,PV,6.94632596,2026-04-01
Adverse,REF,w4,2026,4,WIND,39.10037146,2026-04-01
Adverse,REF,w4,2026,5,BIOENERGY,94.67057592,2026-05-01
Adverse,REF,w4,2026,5,DIESEL,111.3082957,2026-05-01
Adverse,REF,w4,2026,5,FUEL OIL,1629.472909,2026-05-01
Adverse,REF,w4,2026,5,GAS,258.2628882,2026-05-01
Adverse,REF,w4,2026,5,GEOTHERMAL,125.0160719,2026-05-01
Adverse,REF,w4,2026,5,HYDRO,1354.239261,2026-05-01
Adverse,REF,w4,2026,5,IMPORTS,0,2026-05-01
Adverse,REF,w4,2026,5,NUCLEAR,0,2026-05-01
Adverse,REF,w4,2026,5,PV,10.70238875,2026-05-01
Adverse,REF,w4,2026,5,WIND,47.53663057,2026-05-01
Adverse,REF,w4,2026,6,BIOENERGY,97.51870189,2026-06-01
Adverse,REF,w4,2026,6,DIESEL,0,2026-06-01
Adverse,REF,w4,2026,6,FUEL OIL,1550.124283,2026-06-01
Adverse,REF,w4,2026,6,GAS,208.3745196,2026-06-01
Adverse,REF,w4,2026,6,GEOTHERMAL,120.9742554,2026-06-01
Adverse,REF,w4,2026,6,HYDRO,1513.25723,2026-06-01
Adverse,REF,w4,2026,6,IMPORTS,0,2026-06-01
Adverse,REF,w4,2026,6,NUCLEAR,0,2026-06-01
Adverse,REF,w4,2026,6,PV,12.27580978,2026-06-01
Adverse,REF,w4,2026,6,WIND,48.78354269,2026-06-01
Adverse,REF,w4,2026,7,BIOENERGY,91.28676877,2026-07-01
Adverse,REF,w4,2026,7,DIESEL,32.58333605,2026-07-01
Adverse,REF,w4,2026,7,FUEL OIL,1584.252096,2026-07-01
Adverse,REF,w4,2026,7,GAS,272.5032396,2026-07-01
Adverse,REF,w4,2026,7,GEOTHERMAL,120.5823568,2026-07-01
Adverse,REF,w4,2026,7,HYDRO,1347.403799,2026-07-01
Adverse,REF,w4,2026,7,IMPORTS,0,2026-07-01
Adverse,REF,w4,2026,7,NUCLEAR,0,2026-07-01
Adverse,REF,w4,2026,7,PV,10.59113199,2026-07-01
Adverse,REF,w4,2026,7,WIND,45.02477183,2026-07-01
Adverse,REF,w4,2026,8,BIOENERGY,96.12988827,2026-08-01
Adverse,REF,w4,2026,8,DIESEL,0,2026-08-01
Adverse,REF,w4,2026,8,FUEL OIL,1545.27259,2026-08-01
Adverse,REF,w4,2026,8,GAS,160.1012935,2026-08-01
Adverse,REF,w4,2026,8,GEOTHERMAL,132.3441419,2026-08-01
Adverse,REF,w4,2026,8,HYDRO,1497.475278,2026-08-01
Adverse,REF,w4,2026,8,IMPORTS,0,2026-08-01
Adverse,REF,w4,2026,8,NUCLEAR,0,2026-08-01
Adverse,REF,w4,2026,8,PV,10.75241231,2026-08-01
Adverse,REF,w4,2026,8,WIND,52.56139743,2026-08-01
Adverse,REF,w4,2026,9,BIOENERGY,90.16523282,2026-09-01
Adverse,REF,w4,2026,9,DIESEL,0,2026-09-01
Adverse,REF,w4,2026,9,FUEL OIL,1507.273866,2026-09-01
Adverse,REF,w4,2026,9,GAS,191.293563,2026-09-01
Adverse,REF,w4,2026,9,GEOTHERMAL,129.3136061,2026-09-01
Adverse,REF,w4,2026,9,HYDRO,1602.218522,2026-09-01
Adverse,REF,w4,2026,9,IMPORTS,0,2026-09-01
Adverse,REF,w4,2026,9,NUCLEAR,0,2026-09-01
Adverse,REF,w4,2026,9,PV,9.934869269,2026-09-01
Adverse,REF,w4,2026,9,WIND,46.10985916,2026-09-01
Adverse,REF,w4,2026,10,BIOENERGY,91.36677453,2026-10-01
Adverse,REF,w4,2026,10,DIESEL,0,2026-10-01
Adverse,REF,w4,2026,10,FUEL OIL,1597.569368,2026-10-01
Adverse,REF,w4,2026,10,GAS,202.8528163,2026-10-01
Adverse,REF,w4,2026,10,GEOTHERMAL,121.1836215,2026-10-01
Adverse,REF,w4,2026,10,HYDRO,1514.78149,2026-10-01
Adverse,REF,w4,2026,10,IMPORTS,0,2026-10-01
Adverse,REF,w4,2026,10,NUCLEAR,0,2026-10-01
Adverse,REF,w4,2026,10,PV,11.01122536,2026-10-01
Adverse,REF,w4,2026,10,WIND,49.26325199,2026-10-01
Adverse,REF,w4,2026,11,BIOENERGY,93.67065289,2026-11-01
Adverse,REF,w4,2026,11,DIESEL,0,2026-11-01
Adverse,REF,w4,2026,11,FUEL OIL,551.2561333,2026-11-01
Adverse,REF,w4,2026,11,GAS,0,2026-11-01
Adverse,REF,w4,2026,11,GEOTHERMAL,115.8008407,2026-11-01
Adverse,REF,w4,2026,11,HYDRO,2850.503211,2026-11-01
Adverse,REF,w4,2026,11,IMPORTS,0,2026-11-01
Adverse,REF,w4,2026,11,NUCLEAR,0,2026-11-01
Adverse,REF,w4,2026,11,PV,6.994204711,2026-11-01
Adverse,REF,w4,2026,11,WIND,42.41145462,2026-11-01
Adverse,REF,w4,2026,12,BIOENERGY,92.54034323,2026-12-01
Adverse,REF,w4,2026,12,DIESEL,0,2026-12-01
Adverse,REF,w4,2026,12,FUEL OIL,677.3561655,2026-12-01
Adverse,REF,w4,2026,12,GAS,0,2026-12-01
Adverse,REF,w4,2026,12,GEOTHERMAL,128.9362555,2026-12-01
Adverse,REF,w4,2026,12,HYDRO,2801.649632,2026-12-01
Adverse,REF,w4,2026,12,IMPORTS,0,2026-12-01
Adverse,REF,w4,2026,12,NUCLEAR,0,2026-12-01
Adverse,REF,w4,2026,12,PV,9.056453422,2026-12-01
Adverse,REF,w4,2026,12,WIND,38.61532844,2026-12-01
Adverse,REF,w4,2027,1,BIOENERGY,95.35153708,2027-01-01
Adverse,REF,w4,2027,1,DIESEL,0,2027-01-01
Adverse,REF,w4,2027,1,FUEL OIL,261.6814243,2027-01-01
Adverse,REF,w4,2027,1,GAS,0,2027-01-01
Adverse,REF,w4,2027,1,GEOTHERMAL,258.2406736,2027-01-01
Adverse,REF,w4,2027,1,HYDRO,3015.482072,2027-01-01
Adverse,REF,w4,2027,1,IMPORTS,0,2027-01-01
Adverse,REF,w4,2027,1,NUCLEAR,0,2027-01-01
Adverse,REF,w4,2027,1,PV,8.714806719,2027-01-01
Adverse,REF,w4,2027,1,WIND,47.49130175,2027-01-01
Adverse,REF,w4,2027,2,BIOENERGY,94.06956116,2027-02-01
Adverse,REF,w4,2027,2,DIESEL,0,2027-02-01
Adverse,REF,w4,2027,2,FUEL OIL,301.5751984,2027-02-01
Adverse,REF,w4,2027,2,GAS,0,2027-02-01
Adverse,REF,w4,2027,2,GEOTHERMAL,259.7997084,2027-02-01
Adverse,REF,w4,2027,2,HYDRO,2964.021494,2027-02-01
Adverse,REF,w4,2027,2,IMPORTS,0,2027-02-01
Adverse,REF,w4,2027,2,NUCLEAR,0,2027-02-01
Adverse,REF,w4,2027,2,PV,10.10363267,2027-02-01
Adverse,REF,w4,2027,2,WIND,38.96066604,2027-02-01
Adverse,REF,w4,2027,3,BIOENERGY,98.05437283,2027-03-01
Adverse,REF,w4,2027,3,DIESEL,0,2027-03-01
Adverse,REF,w4,2027,3,FUEL OIL,343.3814853,2027-03-01
Adverse,REF,w4,2027,3,GAS,0,2027-03-01
Adverse,REF,w4,2027,3,GEOTHERMAL,250.3823696,2027-03-01
Adverse,REF,w4,2027,3,HYDRO,2989.757489,2027-03-01
Adverse,REF,w4,2027,3,IMPORTS,0,2027-03-01
Adverse,REF,w4,2027,3,NUCLEAR,0,2027-03-01
Adverse,REF,w4,2027,3,PV,9.774656929,2027-03-01
Adverse,REF,w4,2027,3,WIND,41.1242611,2027-03-01
Adverse,REF,w4,2027,4,BIOENERGY,97.84023363,2027-04-01
Adverse,REF,w4,2027,4,DIESEL,0,2027-04-01
Adverse,REF,w4,2027,4,FUEL OIL,473.8184134,2027-04-01
Adverse,REF,w4,2027,4,GAS,0,2027-04-01
Adverse,REF,w4,2027,4,GEOTHERMAL,259.5683519,2027-04-01
Adverse,REF,w4,2027,4,HYDRO,2867.075632,2027-04-01
Adverse,REF,w4,2027,4,IMPORTS,0,2027-04-01
Adverse,REF,w4,2027,4,NUCLEAR,0,2027-04-01
Adverse,REF,w4,2027,4,PV,8.37374072,2027-04-01
Adverse,REF,w4,2027,4,WIND,44.77496758,2027-04-01
Adverse,REF,w4,2027,5,BIOENERGY,96.14838411,2027-05-01
Adverse,REF,w4,2027,5,DIESEL,77.68927471,2027-05-01
Adverse,REF,w4,2027,5,FUEL OIL,1575.126751,2027-05-01
Adverse,REF,w4,2027,5,GAS,218.4629476,2027-05-01
Adverse,REF,w4,2027,5,GEOTHERMAL,257.6892354,2027-05-01
Adverse,REF,w4,2027,5,HYDRO,1449.627409,2027-05-01
Adverse,REF,w4,2027,5,IMPORTS,0,2027-05-01
Adverse,REF,w4,2027,5,NUCLEAR,0,2027-05-01
Adverse,REF,w4,2027,5,PV,11.44634445,2027-05-01
Adverse,REF,w4,2027,5,WIND,46.69252798,2027-05-01
Adverse,REF,w4,2027,6,BIOENERGY,96.55452181,2027-06-01
Adverse,REF,w4,2027,6,DIESEL,0,2027-06-01
Adverse,REF,w4,2027,6,FUEL OIL,1475.848481,2027-06-01
Adverse,REF,w4,2027,6,GAS,189.7297228,2027-06-01
Adverse,REF,w4,2027,6,GEOTHERMAL,256.0150419,2027-06-01
Adverse,REF,w4,2027,6,HYDRO,1568.826172,2027-06-01
Adverse,REF,w4,2027,6,IMPORTS,0,2027-06-01
Adverse,REF,w4,2027,6,NUCLEAR,0,2027-06-01
Adverse,REF,w4,2027,6,PV,11.20548037,2027-06-01
Adverse,REF,w4,2027,6,WIND,52.56555643,2027-06-01
Adverse,REF,w4,2027,7,BIOENERGY,95.6081151,2027-07-01
Adverse,REF,w4,2027,7,DIESEL,0,2027-07-01
Adverse,REF,w4,2027,7,FUEL OIL,1395.199817,2027-07-01
Adverse,REF,w4,2027,7,GAS,71.06495782,2027-07-01
Adverse,REF,w4,2027,7,GEOTHERMAL,248.6613994,2027-07-01
Adverse,REF,w4,2027,7,HYDRO,1729.644648,2027-07-01
Adverse,REF,w4,2027,7,IMPORTS,0,2027-07-01
Adverse,REF,w4,2027,7,NUCLEAR,0,2027-07-01
Adverse,REF,w4,2027,7,PV,10.18727168,2027-07-01
Adverse,REF,w4,2027,7,WIND,51.97966224,2027-07-01
Adverse,REF,w4,2027,8,BIOENERGY,90.95047924,2027-08-01
Adverse,REF,w4,2027,8,DIESEL,0,2027-08-01
Adverse,REF,w4,2027,8,FUEL OIL,1531.24142,2027-08-01
Adverse,REF,w4,2027,8,GAS,282.2785227,2027-08-01
Adverse,REF,w4,2027,8,GEOTHERMAL,248.2504113,2027-08-01
Adverse,REF,w4,2027,8,HYDRO,1366.159368,2027-08-01
Adverse,REF,w4,2027,8,IMPORTS,15.76561681,2027-08-01
Adverse,REF,w4,2027,8,NUCLEAR,0,2027-08-01
Adverse,REF,w4,2027,8,PV,10.636586,2027-08-01
Adverse,REF,w4,2027,8,WIND,47.20443385,2027-08-01
Adverse,REF,w4,2027,9,BIOENERGY,96.77536934,2027-09-01
Adverse,REF,w4,2027,9,DIESEL,0,2027-09-01
Adverse,REF,w4,2027,9,FUEL OIL,1568.45712,2027-09-01
Adverse,REF,w4,2027,9,GAS,195.6280417,2027-09-01
Adverse,REF,w4,2027,9,GEOTHERMAL,239.7425875,2027-09-01
Adverse,REF,w4,2027,9,HYDRO,1518.025577,2027-09-01
Adverse,REF,w4,2027,9,IMPORTS,0,2027-09-01
Adverse,REF,w4,2027,9,NUCLEAR,0,2027-09-01
Adverse,REF,w4,2027,9,PV,9.802806436,2027-09-01
Adverse,REF,w4,2027,9,WIND,48.01468333,2027-09-01
Adverse,REF,w4,2027,10,BIOENERGY,96.32012127,2027-10-01
Adverse,REF,w4,2027,10,DIESEL,0,2027-10-01
Adverse,REF,w4,2027,10,FUEL OIL,1570.461798,2027-10-01
Adverse,REF,w4,2027,10,GAS,228.1587153,2027-10-01
Adverse,REF,w4,2027,10,GEOTHERMAL,251.1070655,2027-10-01
Adverse,REF,w4,2027,10,HYDRO,1487.104736,2027-10-01
Adverse,REF,w4,2027,10,IMPORTS,0,2027-10-01
Adverse,REF,w4,2027,10,NUCLEAR,0,2027-10-01
Adverse,REF,w4,2027,10,PV,11.15320549,2027-10-01
Adverse,REF,w4,2027,10,WIND,44.1877047,2027-10-01
Adverse,REF,w4,2027,11,BIOENERGY,95.7166933,2027-11-01
Adverse,REF,w4,2027,11,DIESEL,0,2027-11-01
Adverse,REF,w4,2027,11,FUEL OIL,263.2297475,2027-11-01
Adverse,REF,w4,2027,11,GAS,0,2027-11-01
Adverse,REF,w4,2027,11,GEOTHERMAL,251.1005884,2027-11-01
Adverse,REF,w4,2027,11,HYDRO,3099.023513,2027-11-01
Adverse,REF,w4,2027,11,IMPORTS,0,2027-11-01
Adverse,REF,w4,2027,11,NUCLEAR,0,2027-11-01
Adverse,REF,w4,2027,11,PV,9.65008274,2027-11-01
Adverse,REF,w4,2027,11,WIND,44.41369437,2027-11-01
Adverse,REF,w4,2027,12,BIOENERGY,90.54939919,2027-12-01
Adverse,REF,w4,2027,12,DIESEL,0,2027-12-01
Adverse,REF,w4,2027,12,FUEL OIL,513.2551566,2027-12-01
Adverse,REF,w4,2027,12,GAS,0,2027-12-01
Adverse,REF,w4,2027,12,GEOTHERMAL,254.0225776,2027-12-01
Adverse,REF,w4,2027,12,HYDRO,2938.314886,2027-12-01
Adverse,REF,w4,2027,12,IMPORTS,0,2027-12-01
Adverse,REF,w4,2027,12,NUCLEAR,0,2027-12-01
Adverse,REF,w4,2027,12,PV,10.26826569,2027-12-01
Adverse,REF,w4,2027,12,WIND,46.69220992,2027-12-01
Adverse,REF,w4,2028,1,BIOENERGY,91.12883673,2028-01-01
Adverse,REF,w4,2028,1,DIESEL,0,2028-01-01
Adverse,REF,w4,2028,1,FUEL OIL,319.0577385,2028-01-01
Adverse,REF,w4,2028,1,GAS,0,2028-01-01
Adverse,REF,w4,2028,1,GEOTHERMAL,376.1971187,2028-01-01
Adverse,REF,w4,2028,1,HYDRO,2990.657902,2028-01-01
Adverse,REF,w4,2028,1,IMPORTS,0,2028-01-01
Adverse,REF,w4,2028,1,NUCLEAR,0,2028-01-01
Adverse,REF,w4,2028,1,PV,7.044185402,2028-01-01
Adverse,REF,w4,2028,1,WIND,39.29362212,2028-01-01
Adverse,REF,w4,2028,2,BIOENERGY,95.0082078,2028-02-01
Adverse,REF,w4,2028,2,DIESEL,0,2028-02-01
Adverse,REF,w4,2028,2,FUEL OIL,264.7996803,2028-02-01
Adverse,REF,w4,2028,2,GAS,0,2028-02-01
Adverse,REF,w4,2028,2,GEOTHERMAL,386.001691,2028-02-01
Adverse,REF,w4,2028,2,HYDRO,3007.755059,2028-02-01
Adverse,REF,w4,2028,2,IMPORTS,0,2028-02-01
Adverse,REF,w4,2028,2,NUCLEAR,0,2028-02-01
Adverse,REF,w4,2028,2,PV,8.926197534,2028-02-01
Adverse,REF,w4,2028,2,WIND,41.77504469,2028-02-01
Adverse,REF,w4,2028,3,BIOENERGY,89.0361219,2028-03-01
Adverse,REF,w4,2028,3,DIESEL,0,2028-03-01
Adverse,REF,w4,2028,3,FUEL OIL,223.5727787,2028-03-01
Adverse,REF,w4,2028,3,GAS,0,2028-03-01
Adverse,REF,w4,2028,3,GEOTHERMAL,372.8880745,2028-03-01
Adverse,REF,w4,2028,3,HYDRO,3128.951896,2028-03-01
Adverse,REF,w4,2028,3,IMPORTS,0,2028-03-01
Adverse,REF,w4,2028,3,NUCLEAR,0,2028-03-01
Adverse,REF,w4,2028,3,PV,9.243664216,2028-03-01
Adverse,REF,w4,2028,3,WIND,46.88366145,2028-03-01
Adverse,REF,w4,2028,4,BIOENERGY,89.85956914,2028-04-01
Adverse,REF,w4,2028,4,DIESEL,0,2028-04-01
Adverse,REF,w4,2028,4,FUEL OIL,361.3197024,2028-04-01
Adverse,REF,w4,2028,4,GAS,0,2028-04-01
Adverse,REF,w4,2028,4,GEOTHERMAL,389.2094889,2028-04-01
Adverse,REF,w4,2028,4,HYDRO,3003.311185,2028-04-01
Adverse,REF,w4,2028,4,IMPORTS,0,2028-04-01
Adverse,REF,w4,2028,4,NUCLEAR,0,2028-04-01
Adverse,REF,w4,2028,4,PV,8.386924902,2028-04-01
Adverse,REF,w4,2028,4,WIND,38.16816874,2028-04-01
Adverse,REF,w4,2028,5,BIOENERGY,93.91874074,2028-05-01
Adverse,REF,w4,2028,5,DIESEL,114.1818228,2028-05-01
Adverse,REF,w4,2028,5,FUEL OIL,1486.289565,2028-05-01
Adverse,REF,w4,2028,5,GAS,168.8463308,2028-05-01
Adverse,REF,w4,2028,5,GEOTHERMAL,371.6124171,2028-05-01
Adverse,REF,w4,2028,5,HYDRO,1580.46479,2028-05-01
Adverse,REF,w4,2028,5,IMPORTS,0,2028-05-01
Adverse,REF,w4,2028,5,NUCLEAR,0,2028-05-01
Adverse,REF,w4,2028,5,PV,9.878623748,2028-05-01
Adverse,REF,w4,2028,5,WIND,45.80724986,2028-05-01
Adverse,REF,w4,2028,6,BIOENERGY,90.56453831,2028-06-01
Adverse,REF,w4,2028,6,DIESEL,76.98346712,2028-06-01
Adverse,REF,w4,2028,6,FUEL OIL,1647.410243,2028-06-01
Adverse,REF,w4,2028,6,GAS,26.86670819,2028-06-01
Adverse,REF,w4,2028,6,GEOTHERMAL,384.9689607,2028-06-01
Adverse,REF,w4,2028,6,HYDRO,1502.578342,2028-06-01
Adverse,REF,w4,2028,6,IMPORTS,0,2028-06-01
Adverse,REF,w4,2028,6,NUCLEAR,0,2028-06-01
Adverse,REF,w4,2028,6,PV,10.3907729,2028-06-01
Adverse,REF,w4,2028,6,WIND,46.05950776,2028-06-01
Adverse,REF,w4,2028,7,BIOENERGY,96.02989268,2028-07-01
Adverse,REF,w4,2028,7,DIESEL,0,2028-07-01
Adverse,REF,w4,2028,7,FUEL OIL,1469.39591,2028-07-01
Adverse,REF,w4,2028,7,GAS,101.2890818,2028-07-01
Adverse,REF,w4,2028,7,GEOTHERMAL,379.9755974,2028-07-01
Adverse,REF,w4,2028,7,HYDRO,1626.435772,2028-07-01
Adverse,REF,w4,2028,7,IMPORTS,0,2028-07-01
Adverse,REF,w4,2028,7,NUCLEAR,0,2028-07-01
Adverse,REF,w4,2028,7,PV,10.36704713,2028-07-01
Adverse,REF,w4,2028,7,WIND,52.13936677,2028-07-01
Adverse,REF,w4,2028,8,BIOENERGY,90.00894762,2028-08-01
Adverse,REF,w4,2028,8,DIESEL,0,2028-08-01
Adverse,REF,w4,2028,8,FUEL OIL,1518.62148,2028-08-01
Adverse,REF,w4,2028,8,GAS,55.37085563,2028-08-01
Adverse,REF,w4,2028,8,GEOTHERMAL,384.8103612,2028-08-01
Adverse,REF,w4,2028,8,HYDRO,1613.609626,2028-08-01
Adverse,REF,w4,2028,8,IMPORTS,0,2028-08-01
Adverse,REF,w4,2028,8,NUCLEAR,0,2028-08-01
Adverse,REF,w4,2028,8,PV,10.36337928,2028-08-01
Adverse,REF,w4,2028,8,WIND,52.62420102,2028-08-01
Adverse,REF,w4,2028,9,BIOENERGY,95.38258557,2028-09-01
Adverse,REF,w4,2028,9,DIESEL,32.49194709,2028-09-01
Adverse,REF,w4,2028,9,FUEL OIL,1579.293329,2028-09-01
Adverse,REF,w4,2028,9,GAS,158.2999612,2028-09-01
Adverse,REF,w4,2028,9,GEOTHERMAL,371.168482,2028-09-01
Adverse,REF,w4,2028,9,HYDRO,1520.457548,2028-09-01
Adverse,REF,w4,2028,9,IMPORTS,0,2028-09-01
Adverse,REF,w4,2028,9,NUCLEAR,0,2028-09-01
Adverse,REF,w4,2028,9,PV,8.585326442,2028-09-01
Adverse,REF,w4,2028,9,WIND,46.79551516,2028-09-01
Adverse,REF,w4,2028,10,BIOENERGY,90.90729708,2028-10-01
Adverse,REF,w4,2028,10,DIESEL,0,2028-10-01
Adverse,REF,w4,2028,10,FUEL OIL,1639.597882,2028-10-01
Adverse,REF,w4,2028,10,GAS,167.6591274,2028-10-01
Adverse,REF,w4,2028,10,GEOTHERMAL,378.7904875,2028-10-01
Adverse,REF,w4,2028,10,HYDRO,1490.949871,2028-10-01
Adverse,REF,w4,2028,10,IMPORTS,0,2028-10-01
Adverse,REF,w4,2028,10,NUCLEAR,0,2028-10-01
Adverse,REF,w4,2028,10,PV,10.1829761,2028-10-01
Adverse,REF,w4,2028,10,WIND,46.87995947,2028-10-01
Adverse,REF,w4,2028,11,BIOENERGY,86.56328545,2028-11-01
Adverse,REF,w4,2028,11,DIESEL,0,2028-11-01
Adverse,REF,w4,2028,11,FUEL OIL,257.1686068,2028-11-01
Adverse,REF,w4,2028,11,GAS,0,2028-11-01
Adverse,REF,w4,2028,11,GEOTHERMAL,356.3228348,2028-11-01
Adverse,REF,w4,2028,11,HYDRO,3151.290671,2028-11-01
Adverse,REF,w4,2028,11,IMPORTS,0,2028-11-01
Adverse,REF,w4,2028,11,NUCLEAR,0,2028-11-01
Adverse,REF,w4,2028,11,PV,7.402615389,2028-11-01
Adverse,REF,w4,2028,11,WIND,43.62227568,2028-11-01
Adverse,REF,w4,2028,12,BIOENERGY,95.64235806,2028-12-01
Adverse,REF,w4,2028,12,DIESEL,0,2028-12-01
Adverse,REF,w4,2028,12,FUEL OIL,496.7702899,2028-12-01
Adverse,REF,w4,2028,12,GAS,0,2028-12-01
Adverse,REF,w4,2028,12,GEOTHERMAL,376.911803,2028-12-01
Adverse,REF,w4,2028,12,HYDRO,2982.047365,2028-12-01
Adverse,REF,w4,2028,12,IMPORTS,0,2028-12-01
Adverse,REF,w4,2028,12,NUCLEAR,0,2028-12-01
Adverse,REF,w4,2028,12,PV,8.702672358,2028-12-01
Adverse,REF,w4,2028,12,WIND,35.59279951,2028-12-01
Adverse,REF,w4,2029,1,BIOENERGY,89.62488948,2029-01-01
Adverse,REF,w4,2029,1,DIESEL,0,2029-01-01
Adverse,REF,w4,2029,1,FUEL OIL,500.5491956,2029-01-01
Adverse,REF,w4,2029,1,GAS,0,2029-01-01
Adverse,REF,w4,2029,1,GEOTHERMAL,372.1340665,2029-01-01
Adverse,REF,w4,2029,1,HYDRO,2966.18335,2029-01-01
Adverse,REF,w4,2029,1,IMPORTS,0,2029-01-01
Adverse,REF,w4,2029,1,NUCLEAR,0,2029-01-01
Adverse,REF,w4,2029,1,PV,8.874778336,2029-01-01
Adverse,REF,w4,2029,1,WIND,46.59505811,2029-01-01
Adverse,REF,w4,2029,2,BIOENERGY,97.34672584,2029-02-01
Adverse,REF,w4,2029,2,DIESEL,0,2029-02-01
Adverse,REF,w4,2029,2,FUEL OIL,395.8402161,2029-02-01
Adverse,REF,w4,2029,2,GAS,0,2029-02-01
Adverse,REF,w4,2029,2,GEOTHERMAL,375.694891,2029-02-01
Adverse,REF,w4,2029,2,HYDRO,3048.362419,2029-02-01
Adverse,REF,w4,2029,2,IMPORTS,0,2029-02-01
Adverse,REF,w4,2029,2,NUCLEAR,0,2029-02-01
Adverse,REF,w4,2029,2,PV,8.367969141,2029-02-01
Adverse,REF,w4,2029,2,WIND,38.43282548,2029-02-01
Adverse,REF,w4,2029,3,BIOENERGY,90.18061831,2029-03-01
Adverse,REF,w4,2029,3,DIESEL,0,2029-03-01
Adverse,REF,w4,2029,3,FUEL OIL,469.4711709,2029-03-01
Adverse,REF,w4,2029,3,GAS,0,2029-03-01
Adverse,REF,w4,2029,3,GEOTHERMAL,383.7290448,2029-03-01
Adverse,REF,w4,2029,3,HYDRO,3038.686358,2029-03-01
Adverse,REF,w4,2029,3,IMPORTS,0,2029-03-01
Adverse,REF,w4,2029,3,NUCLEAR,0,2029-03-01
Adverse,REF,w4,2029,3,PV,8.381301134,2029-03-01
Adverse,REF,w4,2029,3,WIND,42.69190324,2029-03-01
Adverse,REF,w4,2029,4,BIOENERGY,98.85146884,2029-04-01
Adverse,REF,w4,2029,4,DIESEL,0,2029-04-01
Adverse,REF,w4,2029,4,FUEL OIL,447.8701347,2029-04-01
Adverse,REF,w4,2029,4,GAS,0,2029-04-01
Adverse,REF,w4,2029,4,GEOTHERMAL,380.7644414,2029-04-01
Adverse,REF,w4,2029,4,HYDRO,3075.909449,2029-04-01
Adverse,REF,w4,2029,4,IMPORTS,0,2029-04-01
Adverse,REF,w4,2029,4,NUCLEAR,0,2029-04-01
Adverse,REF,w4,2029,4,PV,8.22725013,2029-04-01
Adverse,REF,w4,2029,4,WIND,42.02300633,2029-04-01
Adverse,REF,w4,2029,5,BIOENERGY,93.37135758,2029-05-01
Adverse,REF,w4,2029,5,DIESEL,107.9960253,2029-05-01
Adverse,REF,w4,2029,5,FUEL OIL,1385.225793,2029-05-01
Adverse,REF,w4,2029,5,GAS,341.6722608,2029-05-01
Adverse,REF,w4,2029,5,GEOTHERMAL,368.4250116,2029-05-01
Adverse,REF,w4,2029,5,HYDRO,1683.652046,2029-05-01
Adverse,REF,w4,2029,5,IMPORTS,0,2029-05-01
Adverse,REF,w4,2029,5,NUCLEAR,0,2029-05-01
Adverse,REF,w4,2029,5,PV,10.66371837,2029-05-01
Adverse,REF,w4,2029,5,WIND,42.57530831,2029-05-01
Adverse,REF,w4,2029,6,BIOENERGY,94.23731744,2029-06-01
Adverse,REF,w4,2029,6,DIESEL,144.6017663,2029-06-01
Adverse,REF,w4,2029,6,FUEL OIL,1365.903497,2029-06-01
Adverse,REF,w4,2029,6,GAS,350.3756581,2029-06-01
Adverse,REF,w4,2029,6,GEOTHERMAL,382.5328609,2029-06-01
Adverse,REF,w4,2029,6,HYDRO,1544.639898,2029-06-01
Adverse,REF,w4,2029,6,IMPORTS,0,2029-06-01
Adverse,REF,w4,2029,6,NUCLEAR,0,2029-06-01
Adverse,REF,w4,2029,6,PV,11.39776292,2029-06-01
Adverse,REF,w4,2029,6,WIND,51.13832651,2029-06-01
Adverse,REF,w4,2029,7,BIOENERGY,93.13714644,2029-07-01
Adverse,REF,w4,2029,7,DIESEL,47.11152008,2029-07-01
Adverse,REF,w4,2029,7,FUEL OIL,1400.307176,2029-07-01
Adverse,REF,w4,2029,7,GAS,460.4965047,2029-07-01
Adverse,REF,w4,2029,7,GEOTHERMAL,379.6453002,2029-07-01
Adverse,REF,w4,2029,7,HYDRO,1449.062575,2029-07-01
Adverse,REF,w4,2029,7,IMPORTS,0,2029-07-01
Adverse,REF,w4,2029,7,NUCLEAR,0,2029-07-01
Adverse,REF,w4,2029,7,PV,11.90535867,2029-07-01
Adverse,REF,w4,2029,7,WIND,50.86365891,2029-07-01
Adverse,REF,w4,2029,8,BIOENERGY,96.36569688,2029-08-01
Adverse,REF,w4,2029,8,DIESEL,60.36666458,2029-08-01
Adverse,REF,w4,2029,8,FUEL OIL,1372.673384,2029-08-01
Adverse,REF,w4,2029,8,GAS,348.1213949,2029-08-01
Adverse,REF,w4,2029,8,GEOTHERMAL,381.5324741,2029-08-01
Adverse,REF,w4,2029,8,HYDRO,1565.765732,2029-08-01
Adverse,REF,w4,2029,8,IMPORTS,0,2029-08-01
Adverse,REF,w4,2029,8,NUCLEAR,0,2029-08-01
Adverse,REF,w4,2029,8,PV,9.590924671,2029-08-01
Adverse,REF,w4,2029,8,WIND,47.45975155,2029-08-01
Adverse,REF,w4,2029,9,BIOENERGY,92.65709744,2029-09-01
Adverse,REF,w4,2029,9,DIESEL,108.3956854,2029-09-01
Adverse,REF,w4,2029,9,FUEL OIL,1439.746637,2029-09-01
Adverse,REF,w4,2029,9,GAS,344.2124731,2029-09-01
Adverse,REF,w4,2029,9,GEOTHERMAL,377.1032926,2029-09-01
Adverse,REF,w4,2029,9,HYDRO,1550.086096,2029-09-01
Adverse,REF,w4,2029,9,IMPORTS,0,2029-09-01
Adverse,REF,w4,2029,9,NUCLEAR,0,2029-09-01
Adverse,REF,w4,2029,9,PV,9.065804215,2029-09-01
Adverse,REF,w4,2029,9,WIND,51.33154492,2029-09-01
Adverse,REF,w4,2029,10,BIOENERGY,92.67511935,2029-10-01
Adverse,REF,w4,2029,10,DIESEL,132.3823021,2029-10-01
Adverse,REF,w4,2029,10,FUEL OIL,1334.070585,2029-10-01
Adverse,REF,w4,2029,10,GAS,309.9090551,2029-10-01
Adverse,REF,w4,2029,10,GEOTHERMAL,375.4128172,2029-10-01
Adverse,REF,w4,2029,10,HYDRO,1678.393274,2029-10-01
Adverse,REF,w4,2029,10,IMPORTS,0,2029-10-01
Adverse,REF,w4,2029,10,NUCLEAR,0,2029-10-01
Adverse,REF,w4,2029,10,PV,10.8280975,2029-10-01
Adverse,REF,w4,2029,10,WIND,51.94498886,2029-10-01
Adverse,REF,w4,2029,11,BIOENERGY,91.4525354,2029-11-01
Adverse,REF,w4,2029,11,DIESEL,0,2029-11-01
Adverse,REF,w4,2029,11,FUEL OIL,468.4687377,2029-11-01
Adverse,REF,w4,2029,11,GAS,35.97195587,2029-11-01
Adverse,REF,w4,2029,11,GEOTHERMAL,366.6470798,2029-11-01
Adverse,REF,w4,2029,11,HYDRO,3052.6212,2029-11-01
Adverse,REF,w4,2029,11,IMPORTS,0,2029-11-01
Adverse,REF,w4,2029,11,NUCLEAR,0,2029-11-01
Adverse,REF,w4,2029,11,PV,8.331504221,2029-11-01
Adverse,REF,w4,2029,11,WIND,42.7768284,2029-11-01
Adverse,REF,w4,2029,12,BIOENERGY,91.3405708,2029-12-01
Adverse,REF,w4,2029,12,DIESEL,0,2029-12-01
Adverse,REF,w4,2029,12,FUEL OIL,576.261077,2029-12-01
Adverse,REF,w4,2029,12,GAS,63.86205051,2029-12-01
Adverse,REF,w4,2029,12,GEOTHERMAL,373.3657073,2029-12-01
Adverse,REF,w4,2029,12,HYDRO,3006.244046,2029-12-01
Adverse,REF,w4,2029,12,IMPORTS,0,2029-12-01
Adverse,REF,w4,2029,12,NUCLEAR,0,2029-12-01
Adverse,REF,w4,2029,12,PV,8.852676151,2029-12-01
Adverse,REF,w4,2029,12,WIND,43.55918569,2029-12-01
Adverse,REF,w4,2030,1,BIOENERGY,0,2030-01-01
Adverse,REF,w4,2030,1,DIESEL,0,2030-01-01
Adverse,REF,w4,2030,1,FUEL OIL,77.39646524,2030-01-01
Adverse,REF,w4,2030,1,GAS,0,2030-01-01
Adverse,REF,w4,2030,1,GEOTHERMAL,132.4611992,2030-01-01
Adverse,REF,w4,2030,1,HYDRO,3866.765263,2030-01-01
Adverse,REF,w4,2030,1,IMPORTS,0,2030-01-01
Adverse,REF,w4,2030,1,NUCLEAR,0,2030-01-01
Adverse,REF,w4,2030,1,PV,8.334552476,2030-01-01
Adverse,REF,w4,2030,1,WIND,70.31419527,2030-01-01
Adverse,REF,w4,2030,2,BIOENERGY,0,2030-02-01
Adverse,REF,w4,2030,2,DIESEL,0,2030-02-01
Adverse,REF,w4,2030,2,FUEL OIL,37.59049753,2030-02-01
Adverse,REF,w4,2030,2,GAS,0,2030-02-01
Adverse,REF,w4,2030,2,GEOTHERMAL,359.7053676,2030-02-01
Adverse,REF,w4,2030,2,HYDRO,3641.728454,2030-02-01
Adverse,REF,w4,2030,2,IMPORTS,0,2030-02-01
Adverse,REF,w4,2030,2,NUCLEAR,0,2030-02-01
Adverse,REF,w4,2030,2,PV,9.633099907,2030-02-01
Adverse,REF,w4,2030,2,WIND,85.84156539,2030-02-01
Adverse,REF,w4,2030,3,BIOENERGY,67.91103222,2030-03-01
Adverse,REF,w4,2030,3,DIESEL,0,2030-03-01
Adverse,REF,w4,2030,3,FUEL OIL,79.72705582,2030-03-01
Adverse,REF,w4,2030,3,GAS,0,2030-03-01
Adverse,REF,w4,2030,3,GEOTHERMAL,363.0368881,2030-03-01
Adverse,REF,w4,2030,3,HYDRO,3606.82853,2030-03-01
Adverse,REF,w4,2030,3,IMPORTS,0,2030-03-01
Adverse,REF,w4,2030,3,NUCLEAR,0,2030-03-01
Adverse,REF,w4,2030,3,PV,8.693134391,2030-03-01
Adverse,REF,w4,2030,3,WIND,80.36879285,2030-03-01
Adverse,REF,w4,2030,4,BIOENERGY,0,2030-04-01
Adverse,REF,w4,2030,4,DIESEL,0,2030-04-01
Adverse,REF,w4,2030,4,FUEL OIL,105.3599851,2030-04-01
Adverse,REF,w4,2030,4,GAS,0,2030-04-01
Adverse,REF,w4,2030,4,GEOTHERMAL,331.2009196,2030-04-01
Adverse,REF,w4,2030,4,HYDRO,3715.863045,2030-04-01
Adverse,REF,w4,2030,4,IMPORTS,0,2030-04-01
Adverse,REF,w4,2030,4,NUCLEAR,0,2030-04-01
Adverse,REF,w4,2030,4,PV,9.187166664,2030-04-01
Adverse,REF,w4,2030,4,WIND,66.34140113,2030-04-01
Adverse,REF,w4,2030,5,BIOENERGY,93.83915954,2030-05-01
Adverse,REF,w4,2030,5,DIESEL,0,2030-05-01
Adverse,REF,w4,2030,5,FUEL OIL,1211.247269,2030-05-01
Adverse,REF,w4,2030,5,GAS,202.5722901,2030-05-01
Adverse,REF,w4,2030,5,GEOTHERMAL,380.6092393,2030-05-01
Adverse,REF,w4,2030,5,HYDRO,2216.9675,2030-05-01
Adverse,REF,w4,2030,5,IMPORTS,0,2030-05-01
Adverse,REF,w4,2030,5,NUCLEAR,0,2030-05-01
Adverse,REF,w4,2030,5,PV,10.56705268,2030-05-01
Adverse,REF,w4,2030,5,WIND,91.22301564,2030-05-01
Adverse,REF,w4,2030,6,BIOENERGY,97.71644262,2030-06-01
Adverse,REF,w4,2030,6,DIESEL,0,2030-06-01
Adverse,REF,w4,2030,6,FUEL OIL,1167.923845,2030-06-01
Adverse,REF,w4,2030,6,GAS,266.1909132,2030-06-01
Adverse,REF,w4,2030,6,GEOTHERMAL,381.2391095,2030-06-01
Adverse,REF,w4,2030,6,HYDRO,2104.061516,2030-06-01
Adverse,REF,w4,2030,6,IMPORTS,0,2030-06-01
Adverse,REF,w4,2030,6,NUCLEAR,0,2030-06-01
Adverse,REF,w4,2030,6,PV,11.70431747,2030-06-01
Adverse,REF,w4,2030,6,WIND,85.61850869,2030-06-01
Adverse,REF,w4,2030,7,BIOENERGY,93.86651664,2030-07-01
Adverse,REF,w4,2030,7,DIESEL,0,2030-07-01
Adverse,REF,w4,2030,7,FUEL OIL,1198.291643,2030-07-01
Adverse,REF,w4,2030,7,GAS,183.3274059,2030-07-01
Adverse,REF,w4,2030,7,GEOTHERMAL,366.8193075,2030-07-01
Adverse,REF,w4,2030,7,HYDRO,2119.993212,2030-07-01
Adverse,REF,w4,2030,7,IMPORTS,0,2030-07-01
Adverse,REF,w4,2030,7,NUCLEAR,0,2030-07-01
Adverse,REF,w4,2030,7,PV,11.88025232,2030-07-01
Adverse,REF,w4,2030,7,WIND,85.72966018,2030-07-01
Adverse,REF,w4,2030,8,BIOENERGY,94.51422034,2030-08-01
Adverse,REF,w4,2030,8,DIESEL,0,2030-08-01
Adverse,REF,w4,2030,8,FUEL OIL,1139.387165,2030-08-01
Adverse,REF,w4,2030,8,GAS,247.759137,2030-08-01
Adverse,REF,w4,2030,8,GEOTHERMAL,374.4089841,2030-08-01
Adverse,REF,w4,2030,8,HYDRO,2101.901472,2030-08-01
Adverse,REF,w4,2030,8,IMPORTS,0,2030-08-01
Adverse,REF,w4,2030,8,NUCLEAR,0,2030-08-01
Adverse,REF,w4,2030,8,PV,10.70779935,2030-08-01
Adverse,REF,w4,2030,8,WIND,80.11791381,2030-08-01
Adverse,REF,w4,2030,9,BIOENERGY,95.11430069,2030-09-01
Adverse,REF,w4,2030,9,DIESEL,38.18299754,2030-09-01
Adverse,REF,w4,2030,9,FUEL OIL,1192.999937,2030-09-01
Adverse,REF,w4,2030,9,GAS,203.8423757,2030-09-01
Adverse,REF,w4,2030,9,GEOTHERMAL,373.5262569,2030-09-01
Adverse,REF,w4,2030,9,HYDRO,2143.269253,2030-09-01
Adverse,REF,w4,2030,9,IMPORTS,0,2030-09-01
Adverse,REF,w4,2030,9,NUCLEAR,0,2030-09-01
Adverse,REF,w4,2030,9,PV,10.9056081,2030-09-01
Adverse,REF,w4,2030,9,WIND,85.57964394,2030-09-01
Adverse,REF,w4,2030,10,BIOENERGY,96.67205234,2030-10-01
Adverse,REF,w4,2030,10,DIESEL,115.0538627,2030-10-01
Adverse,REF,w4,2030,10,FUEL OIL,1340.240126,2030-10-01
Adverse,REF,w4,2030,10,GAS,311.0684585,2030-10-01
Adverse,REF,w4,2030,10,GEOTHERMAL,369.8280214,2030-10-01
Adverse,REF,w4,2030,10,HYDRO,1830.913993,2030-10-01
Adverse,REF,w4,2030,10,IMPORTS,0,2030-10-01
Adverse,REF,w4,2030,10,NUCLEAR,0,2030-10-01
Adverse,REF,w4,2030,10,PV,9.118046209,2030-10-01
Adverse,REF,w4,2030,10,WIND,84.10317751,2030-10-01
Adverse,REF,w4,2030,11,BIOENERGY,18.3963881,2030-11-01
Adverse,REF,w4,2030,11,DIESEL,0,2030-11-01
Adverse,REF,w4,2030,11,FUEL OIL,43.82837329,2030-11-01
Adverse,REF,w4,2030,11,GAS,0,2030-11-01
Adverse,REF,w4,2030,11,GEOTHERMAL,328.1092969,2030-11-01
Adverse,REF,w4,2030,11,HYDRO,3772.703158,2030-11-01
Adverse,REF,w4,2030,11,IMPORTS,0,2030-11-01
Adverse,REF,w4,2030,11,NUCLEAR,0,2030-11-01
Adverse,REF,w4,2030,11,PV,8.962898588,2030-11-01
Adverse,REF,w4,2030,11,WIND,69.11933005,2030-11-01
Adverse,REF,w4,2030,12,BIOENERGY,73.44499967,2030-12-01
Adverse,REF,w4,2030,12,DIESEL,0,2030-12-01
Adverse,REF,w4,2030,12,FUEL OIL,31.38383416,2030-12-01
Adverse,REF,w4,2030,12,GAS,52.70077506,2030-12-01
Adverse,REF,w4,2030,12,GEOTHERMAL,349.071082,2030-12-01
Adverse,REF,w4,2030,12,HYDRO,3754.945518,2030-12-01
Adverse,REF,w4,2030,12,IMPORTS,0,2030-12-01
Adverse,REF,w4,2030,12,NUCLEAR,0,2030-12-01
Adverse,REF,w4,2030,12,PV,8.994383283,2030-12-01
Adverse,REF,w4,2030,12,WIND,71.97459008,2030-12-01
Adverse,REF,w4,2031,1,BIOENERGY,19.33376148,2031-01-01
Adverse,REF,w4,2031,1,DIESEL,0,2031-01-01
Adverse,REF,w4,2031,1,FUEL OIL,48.53005079,2031-01-01
Adverse,REF,w4,2031,1,GAS,0,2031-01-01
Adverse,REF,w4,2031,1,GEOTHERMAL,479.7480426,2031-01-01
Adverse,REF,w4,2031,1,HYDRO,3691.091963,2031-01-01
Adverse,REF,w4,2031,1,IMPORTS,0,2031-01-01
Adverse,REF,w4,2031,1,NUCLEAR,0,2031-01-01
Adverse,REF,w4,2031,1,PV,7.991982421,2031-01-01
Adverse,REF,w4,2031,1,WIND,74.78674207,2031-01-01
Adverse,REF,w4,2031,2,BIOENERGY,18.43079231,2031-02-01
Adverse,REF,w4,2031,2,DIESEL,0,2031-02-01
Adverse,REF,w4,2031,2,FUEL OIL,47.26612296,2031-02-01
Adverse,REF,w4,2031,2,GAS,0,2031-02-01
Adverse,REF,w4,2031,2,GEOTHERMAL,419.903317,2031-02-01
Adverse,REF,w4,2031,2,HYDRO,3730.558701,2031-02-01
Adverse,REF,w4,2031,2,IMPORTS,0,2031-02-01
Adverse,REF,w4,2031,2,NUCLEAR,0,2031-02-01
Adverse,REF,w4,2031,2,PV,8.324700498,2031-02-01
Adverse,REF,w4,2031,2,WIND,75.39530947,2031-02-01
Adverse,REF,w4,2031,3,BIOENERGY,18.77886445,2031-03-01
Adverse,REF,w4,2031,3,DIESEL,0,2031-03-01
Adverse,REF,w4,2031,3,FUEL OIL,112.7182396,2031-03-01
Adverse,REF,w4,2031,3,GAS,0,2031-03-01
Adverse,REF,w4,2031,3,GEOTHERMAL,404.4094886,2031-03-01
Adverse,REF,w4,2031,3,HYDRO,3751.109795,2031-03-01
Adverse,REF,w4,2031,3,IMPORTS,0,2031-03-01
Adverse,REF,w4,2031,3,NUCLEAR,0,2031-03-01
Adverse,REF,w4,2031,3,PV,8.386707297,2031-03-01
Adverse,REF,w4,2031,3,WIND,79.42495608,2031-03-01
Adverse,REF,w4,2031,4,BIOENERGY,20.02834679,2031-04-01
Adverse,REF,w4,2031,4,DIESEL,0,2031-04-01
Adverse,REF,w4,2031,4,FUEL OIL,52.95236356,2031-04-01
Adverse,REF,w4,2031,4,GAS,0,2031-04-01
Adverse,REF,w4,2031,4,GEOTHERMAL,480.2195282,2031-04-01
Adverse,REF,w4,2031,4,HYDRO,3764.05375,2031-04-01
Adverse,REF,w4,2031,4,IMPORTS,0,2031-04-01
Adverse,REF,w4,2031,4,NUCLEAR,0,2031-04-01
Adverse,REF,w4,2031,4,PV,8.414710819,2031-04-01
Adverse,REF,w4,2031,4,WIND,71.40191904,2031-04-01
Adverse,REF,w4,2031,5,BIOENERGY,98.06781233,2031-05-01
Adverse,REF,w4,2031,5,DIESEL,39.59676803,2031-05-01
Adverse,REF,w4,2031,5,FUEL OIL,1150.594318,2031-05-01
Adverse,REF,w4,2031,5,GAS,387.6672764,2031-05-01
Adverse,REF,w4,2031,5,GEOTHERMAL,511.667061,2031-05-01
Adverse,REF,w4,2031,5,HYDRO,2090.579905,2031-05-01
Adverse,REF,w4,2031,5,IMPORTS,0,2031-05-01
Adverse,REF,w4,2031,5,NUCLEAR,0,2031-05-01
Adverse,REF,w4,2031,5,PV,11.0450495,2031-05-01
Adverse,REF,w4,2031,5,WIND,86.08835647,2031-05-01
Adverse,REF,w4,2031,6,BIOENERGY,89.96099445,2031-06-01
Adverse,REF,w4,2031,6,DIESEL,38.4014607,2031-06-01
Adverse,REF,w4,2031,6,FUEL OIL,1097.117331,2031-06-01
Adverse,REF,w4,2031,6,GAS,335.6827077,2031-06-01
Adverse,REF,w4,2031,6,GEOTHERMAL,496.9716761,2031-06-01
Adverse,REF,w4,2031,6,HYDRO,2132.904774,2031-06-01
Adverse,REF,w4,2031,6,IMPORTS,0,2031-06-01
Adverse,REF,w4,2031,6,NUCLEAR,0,2031-06-01
Adverse,REF,w4,2031,6,PV,10.87664804,2031-06-01
Adverse,REF,w4,2031,6,WIND,77.1172452,2031-06-01
Adverse,REF,w4,2031,7,BIOENERGY,91.96962571,2031-07-01
Adverse,REF,w4,2031,7,DIESEL,31.47420956,2031-07-01
Adverse,REF,w4,2031,7,FUEL OIL,1288.519312,2031-07-01
Adverse,REF,w4,2031,7,GAS,241.1681992,2031-07-01
Adverse,REF,w4,2031,7,GEOTHERMAL,507.4150979,2031-07-01
Adverse,REF,w4,2031,7,HYDRO,1958.11122,2031-07-01
Adverse,REF,w4,2031,7,IMPORTS,0,2031-07-01
Adverse,REF,w4,2031,7,NUCLEAR,0,2031-07-01
Adverse,REF,w4,2031,7,PV,10.8170021,2031-07-01
Adverse,REF,w4,2031,7,WIND,92.82965097,2031-07-01
Adverse,REF,w4,2031,8,BIOENERGY,88.66134023,2031-08-01
Adverse,REF,w4,2031,8,DIESEL,0,2031-08-01
Adverse,REF,w4,2031,8,FUEL OIL,1221.338099,2031-08-01
Adverse,REF,w4,2031,8,GAS,246.8405897,2031-08-01
Adverse,REF,w4,2031,8,GEOTHERMAL,489.2162564,2031-08-01
Adverse,REF,w4,2031,8,HYDRO,2062.822416,2031-08-01
Adverse,REF,w4,2031,8,IMPORTS,0,2031-08-01
Adverse,REF,w4,2031,8,NUCLEAR,0,2031-08-01
Adverse,REF,w4,2031,8,PV,9.350083709,2031-08-01
Adverse,REF,w4,2031,8,WIND,92.51977432,2031-08-01
Adverse,REF,w4,2031,9,BIOENERGY,92.49211716,2031-09-01
Adverse,REF,w4,2031,9,DIESEL,38.84162278,2031-09-01
Adverse,REF,w4,2031,9,FUEL OIL,1174.58593,2031-09-01
Adverse,REF,w4,2031,9,GAS,274.7574161,2031-09-01
Adverse,REF,w4,2031,9,GEOTHERMAL,505.9783773,2031-09-01
Adverse,REF,w4,2031,9,HYDRO,2126.422936,2031-09-01
Adverse,REF,w4,2031,9,IMPORTS,0,2031-09-01
Adverse,REF,w4,2031,9,NUCLEAR,0,2031-09-01
Adverse,REF,w4,2031,9,PV,9.449937725,2031-09-01
Adverse,REF,w4,2031,9,WIND,86.62885087,2031-09-01
Adverse,REF,w4,2031,10,BIOENERGY,93.55140244,2031-10-01
Adverse,REF,w4,2031,10,DIESEL,39.19996084,2031-10-01
Adverse,REF,w4,2031,10,FUEL OIL,1141.875385,2031-10-01
Adverse,REF,w4,2031,10,GAS,251.4289814,2031-10-01
Adverse,REF,w4,2031,10,GEOTHERMAL,498.1730634,2031-10-01
Adverse,REF,w4,2031,10,HYDRO,2200.756367,2031-10-01
Adverse,REF,w4,2031,10,IMPORTS,0,2031-10-01
Adverse,REF,w4,2031,10,NUCLEAR,0,2031-10-01
Adverse,REF,w4,2031,10,PV,10.63421752,2031-10-01
Adverse,REF,w4,2031,10,WIND,87.65826978,2031-10-01
Adverse,REF,w4,2031,11,BIOENERGY,0,2031-11-01
Adverse,REF,w4,2031,11,DIESEL,0,2031-11-01
Adverse,REF,w4,2031,11,FUEL OIL,129.7384217,2031-11-01
Adverse,REF,w4,2031,11,GAS,0,2031-11-01
Adverse,REF,w4,2031,11,GEOTHERMAL,398.9413989,2031-11-01
Adverse,REF,w4,2031,11,HYDRO,3802.550846,2031-11-01
Adverse,REF,w4,2031,11,IMPORTS,0,2031-11-01
Adverse,REF,w4,2031,11,NUCLEAR,0,2031-11-01
Adverse,REF,w4,2031,11,PV,8.751923872,2031-11-01
Adverse,REF,w4,2031,11,WIND,70.78163162,2031-11-01
Adverse,REF,w4,2031,12,BIOENERGY,18.84697372,2031-12-01
Adverse,REF,w4,2031,12,DIESEL,0,2031-12-01
Adverse,REF,w4,2031,12,FUEL OIL,41.13082298,2031-12-01
Adverse,REF,w4,2031,12,GAS,54.17358812,2031-12-01
Adverse,REF,w4,2031,12,GEOTHERMAL,431.1905265,2031-12-01
Adverse,REF,w4,2031,12,HYDRO,3892.042327,2031-12-01
Adverse,REF,w4,2031,12,IMPORTS,0,2031-12-01
Adverse,REF,w4,2031,12,NUCLEAR,0,2031-12-01
Adverse,REF,w4,2031,12,PV,7.737103895,2031-12-01
Adverse,REF,w4,2031,12,WIND,71.0944466,2031-12-01
Adverse,REF,w4,2032,1,BIOENERGY,0,2032-01-01
Adverse,REF,w4,2032,1,DIESEL,0,2032-01-01
Adverse,REF,w4,2032,1,FUEL OIL,32.01797651,2032-01-01
Adverse,REF,w4,2032,1,GAS,0,2032-01-01
Adverse,REF,w4,2032,1,GEOTHERMAL,383.3755761,2032-01-01
Adverse,REF,w4,2032,1,HYDRO,3958.624919,2032-01-01
Adverse,REF,w4,2032,1,IMPORTS,0,2032-01-01
Adverse,REF,w4,2032,1,NUCLEAR,0,2032-01-01
Adverse,REF,w4,2032,1,PV,7.53566113,2032-01-01
Adverse,REF,w4,2032,1,WIND,112.7877117,2032-01-01
Adverse,REF,w4,2032,2,BIOENERGY,0,2032-02-01
Adverse,REF,w4,2032,2,DIESEL,0,2032-02-01
Adverse,REF,w4,2032,2,FUEL OIL,60.1438412,2032-02-01
Adverse,REF,w4,2032,2,GAS,0,2032-02-01
Adverse,REF,w4,2032,2,GEOTHERMAL,368.2233955,2032-02-01
Adverse,REF,w4,2032,2,HYDRO,3929.251116,2032-02-01
Adverse,REF,w4,2032,2,IMPORTS,0,2032-02-01
Adverse,REF,w4,2032,2,NUCLEAR,0,2032-02-01
Adverse,REF,w4,2032,2,PV,7.398441604,2032-02-01
Adverse,REF,w4,2032,2,WIND,106.8573071,2032-02-01
Adverse,REF,w4,2032,3,BIOENERGY,0,2032-03-01
Adverse,REF,w4,2032,3,DIESEL,0,2032-03-01
Adverse,REF,w4,2032,3,FUEL OIL,84.97256949,2032-03-01
Adverse,REF,w4,2032,3,GAS,0,2032-03-01
Adverse,REF,w4,2032,3,GEOTHERMAL,385.9262443,2032-03-01
Adverse,REF,w4,2032,3,HYDRO,3960.896485,2032-03-01
Adverse,REF,w4,2032,3,IMPORTS,0,2032-03-01
Adverse,REF,w4,2032,3,NUCLEAR,0,2032-03-01
Adverse,REF,w4,2032,3,PV,8.211241945,2032-03-01
Adverse,REF,w4,2032,3,WIND,109.8146327,2032-03-01
Adverse,REF,w4,2032,4,BIOENERGY,0,2032-04-01
Adverse,REF,w4,2032,4,DIESEL,0,2032-04-01
Adverse,REF,w4,2032,4,FUEL OIL,81.92114964,2032-04-01
Adverse,REF,w4,2032,4,GAS,0,2032-04-01
Adverse,REF,w4,2032,4,GEOTHERMAL,362.9109778,2032-04-01
Adverse,REF,w4,2032,4,HYDRO,4001.651563,2032-04-01
Adverse,REF,w4,2032,4,IMPORTS,0,2032-04-01
Adverse,REF,w4,2032,4,NUCLEAR,0,2032-04-01
Adverse,REF,w4,2032,4,PV,7.980115447,2032-04-01
Adverse,REF,w4,2032,4,WIND,118.4896371,2032-04-01
Adverse,REF,w4,2032,5,BIOENERGY,93.23314273,2032-05-01
Adverse,REF,w4,2032,5,DIESEL,0,2032-05-01
Adverse,REF,w4,2032,5,FUEL OIL,1089.198878,2032-05-01
Adverse,REF,w4,2032,5,GAS,232.4767712,2032-05-01
Adverse,REF,w4,2032,5,GEOTHERMAL,508.5243082,2032-05-01
Adverse,REF,w4,2032,5,HYDRO,2496.848318,2032-05-01
Adverse,REF,w4,2032,5,IMPORTS,0,2032-05-01
Adverse,REF,w4,2032,5,NUCLEAR,0,2032-05-01
Adverse,REF,w4,2032,5,PV,9.609650019,2032-05-01
Adverse,REF,w4,2032,5,WIND,120.4277413,2032-05-01
Adverse,REF,w4,2032,6,BIOENERGY,92.38261211,2032-06-01
Adverse,REF,w4,2032,6,DIESEL,0,2032-06-01
Adverse,REF,w4,2032,6,FUEL OIL,1115.721529,2032-06-01
Adverse,REF,w4,2032,6,GAS,227.4642601,2032-06-01
Adverse,REF,w4,2032,6,GEOTHERMAL,506.7414795,2032-06-01
Adverse,REF,w4,2032,6,HYDRO,2373.300363,2032-06-01
Adverse,REF,w4,2032,6,IMPORTS,0,2032-06-01
Adverse,REF,w4,2032,6,NUCLEAR,0,2032-06-01
Adverse,REF,w4,2032,6,PV,11.52604781,2032-06-01
Adverse,REF,w4,2032,6,WIND,123.0578602,2032-06-01
Adverse,REF,w4,2032,7,BIOENERGY,91.1854268,2032-07-01
Adverse,REF,w4,2032,7,DIESEL,0,2032-07-01
Adverse,REF,w4,2032,7,FUEL OIL,1147.15135,2032-07-01
Adverse,REF,w4,2032,7,GAS,250.8578086,2032-07-01
Adverse,REF,w4,2032,7,GEOTHERMAL,497.6116209,2032-07-01
Adverse,REF,w4,2032,7,HYDRO,2264.910546,2032-07-01
Adverse,REF,w4,2032,7,IMPORTS,0,2032-07-01
Adverse,REF,w4,2032,7,NUCLEAR,0,2032-07-01
Adverse,REF,w4,2032,7,PV,10.91272076,2032-07-01
Adverse,REF,w4,2032,7,WIND,128.5670165,2032-07-01
Adverse,REF,w4,2032,8,BIOENERGY,99.25346536,2032-08-01
Adverse,REF,w4,2032,8,DIESEL,0,2032-08-01
Adverse,REF,w4,2032,8,FUEL OIL,1166.644591,2032-08-01
Adverse,REF,w4,2032,8,GAS,159.3426797,2032-08-01
Adverse,REF,w4,2032,8,GEOTHERMAL,507.5809066,2032-08-01
Adverse,REF,w4,2032,8,HYDRO,2310.85442,2032-08-01
Adverse,REF,w4,2032,8,IMPORTS,0,2032-08-01
Adverse,REF,w4,2032,8,NUCLEAR,0,2032-08-01
Adverse,REF,w4,2032,8,PV,11.28753777,2032-08-01
Adverse,REF,w4,2032,8,WIND,124.2149014,2032-08-01
Adverse,REF,w4,2032,9,BIOENERGY,96.47477774,2032-09-01
Adverse,REF,w4,2032,9,DIESEL,0,2032-09-01
Adverse,REF,w4,2032,9,FUEL OIL,1069.744022,2032-09-01
Adverse,REF,w4,2032,9,GAS,130.9388055,2032-09-01
Adverse,REF,w4,2032,9,GEOTHERMAL,511.298609,2032-09-01
Adverse,REF,w4,2032,9,HYDRO,2525.20073,2032-09-01
Adverse,REF,w4,2032,9,IMPORTS,0,2032-09-01
Adverse,REF,w4,2032,9,NUCLEAR,0,2032-09-01
Adverse,REF,w4,2032,9,PV,10.93831923,2032-09-01
Adverse,REF,w4,2032,9,WIND,136.9282108,2032-09-01
Adverse,REF,w4,2032,10,BIOENERGY,96.80883502,2032-10-01
Adverse,REF,w4,2032,10,DIESEL,0,2032-10-01
Adverse,REF,w4,2032,10,FUEL OIL,991.9094286,2032-10-01
Adverse,REF,w4,2032,10,GAS,189.8386057,2032-10-01
Adverse,REF,w4,2032,10,GEOTHERMAL,499.3464764,2032-10-01
Adverse,REF,w4,2032,10,HYDRO,2585.252036,2032-10-01
Adverse,REF,w4,2032,10,IMPORTS,0,2032-10-01
Adverse,REF,w4,2032,10,NUCLEAR,0,2032-10-01
Adverse,REF,w4,2032,10,PV,8.746084394,2032-10-01
Adverse,REF,w4,2032,10,WIND,124.3072874,2032-10-01
Adverse,REF,w4,2032,11,BIOENERGY,0,2032-11-01
Adverse,REF,w4,2032,11,DIESEL,0,2032-11-01
Adverse,REF,w4,2032,11,FUEL OIL,99.03888701,2032-11-01
Adverse,REF,w4,2032,11,GAS,0,2032-11-01
Adverse,REF,w4,2032,11,GEOTHERMAL,378.8659928,2032-11-01
Adverse,REF,w4,2032,11,HYDRO,3992.363055,2032-11-01
Adverse,REF,w4,2032,11,IMPORTS,0,2032-11-01
Adverse,REF,w4,2032,11,NUCLEAR,0,2032-11-01
Adverse,REF,w4,2032,11,PV,9.235620193,2032-11-01
Adverse,REF,w4,2032,11,WIND,107.691236,2032-11-01
Adverse,REF,w4,2032,12,BIOENERGY,94.54113263,2032-12-01
Adverse,REF,w4,2032,12,DIESEL,0,2032-12-01
Adverse,REF,w4,2032,12,FUEL OIL,158.0510094,2032-12-01
Adverse,REF,w4,2032,12,GAS,0,2032-12-01
Adverse,REF,w4,2032,12,GEOTHERMAL,386.9449935,2032-12-01
Adverse,REF,w4,2032,12,HYDRO,3910.743121,2032-12-01
Adverse,REF,w4,2032,12,IMPORTS,28.12313624,2032-12-01
Adverse,REF,w4,2032,12,NUCLEAR,0,2032-12-01
Adverse,REF,w4,2032,12,PV,8.157997469,2032-12-01
Adverse,REF,w4,2032,12,WIND,110.3030309,2032-12-01
Adverse,REF,w4,2033,1,BIOENERGY,0,2033-01-01
Adverse,REF,w4,2033,1,DIESEL,0,2033-01-01
Adverse,REF,w4,2033,1,FUEL OIL,32.26867023,2033-01-01
Adverse,REF,w4,2033,1,GAS,0,2033-01-01
Adverse,REF,w4,2033,1,GEOTHERMAL,350.5271208,2033-01-01
Adverse,REF,w4,2033,1,HYDRO,4046.59241,2033-01-01
Adverse,REF,w4,2033,1,IMPORTS,0,2033-01-01
Adverse,REF,w4,2033,1,NUCLEAR,0,2033-01-01
Adverse,REF,w4,2033,1,PV,8.556791428,2033-01-01
Adverse,REF,w4,2033,1,WIND,146.2836885,2033-01-01
Adverse,REF,w4,2033,2,BIOENERGY,0,2033-02-01
Adverse,REF,w4,2033,2,DIESEL,0,2033-02-01
Adverse,REF,w4,2033,2,FUEL OIL,66.44881165,2033-02-01
Adverse,REF,w4,2033,2,GAS,0,2033-02-01
Adverse,REF,w4,2033,2,GEOTHERMAL,377.32072,2033-02-01
Adverse,REF,w4,2033,2,HYDRO,3958.989605,2033-02-01
Adverse,REF,w4,2033,2,IMPORTS,0,2033-02-01
Adverse,REF,w4,2033,2,NUCLEAR,0,2033-02-01
Adverse,REF,w4,2033,2,PV,9.065741708,2033-02-01
Adverse,REF,w4,2033,2,WIND,149.4867043,2033-02-01
Adverse,REF,w4,2033,3,BIOENERGY,0,2033-03-01
Adverse,REF,w4,2033,3,DIESEL,0,2033-03-01
Adverse,REF,w4,2033,3,FUEL OIL,110.2150206,2033-03-01
Adverse,REF,w4,2033,3,GAS,0,2033-03-01
Adverse,REF,w4,2033,3,GEOTHERMAL,379.397984,2033-03-01
Adverse,REF,w4,2033,3,HYDRO,4001.324159,2033-03-01
Adverse,REF,w4,2033,3,IMPORTS,0,2033-03-01
Adverse,REF,w4,2033,3,NUCLEAR,0,2033-03-01
Adverse,REF,w4,2033,3,PV,7.809059917,2033-03-01
Adverse,REF,w4,2033,3,WIND,142.0713728,2033-03-01
Adverse,REF,w4,2033,4,BIOENERGY,0,2033-04-01
Adverse,REF,w4,2033,4,DIESEL,0,2033-04-01
Adverse,REF,w4,2033,4,FUEL OIL,99.95673334,2033-04-01
Adverse,REF,w4,2033,4,GAS,0,2033-04-01
Adverse,REF,w4,2033,4,GEOTHERMAL,381.6163289,2033-04-01
Adverse,REF,w4,2033,4,HYDRO,4033.015871,2033-04-01
Adverse,REF,w4,2033,4,IMPORTS,0,2033-04-01
Adverse,REF,w4,2033,4,NUCLEAR,0,2033-04-01
Adverse,REF,w4,2033,4,PV,8.263427218,2033-04-01
Adverse,REF,w4,2033,4,WIND,141.5601513,2033-04-01
Adverse,REF,w4,2033,5,BIOENERGY,90.63210202,2033-05-01
Adverse,REF,w4,2033,5,DIESEL,32.33944514,2033-05-01
Adverse,REF,w4,2033,5,FUEL OIL,1211.946153,2033-05-01
Adverse,REF,w4,2033,5,GAS,185.9319226,2033-05-01
Adverse,REF,w4,2033,5,GEOTHERMAL,509.9543636,2033-05-01
Adverse,REF,w4,2033,5,HYDRO,2429.648229,2033-05-01
Adverse,REF,w4,2033,5,IMPORTS,0,2033-05-01
Adverse,REF,w4,2033,5,NUCLEAR,0,2033-05-01
Adverse,REF,w4,2033,5,PV,11.83774352,2033-05-01
Adverse,REF,w4,2033,5,WIND,169.0352261,2033-05-01
Adverse,REF,w4,2033,6,BIOENERGY,92.64153676,2033-06-01
Adverse,REF,w4,2033,6,DIESEL,0,2033-06-01
Adverse,REF,w4,2033,6,FUEL OIL,1037.870079,2033-06-01
Adverse,REF,w4,2033,6,GAS,200.6171192,2033-06-01
Adverse,REF,w4,2033,6,GEOTHERMAL,504.6846223,2033-06-01
Adverse,REF,w4,2033,6,HYDRO,2530.296088,2033-06-01
Adverse,REF,w4,2033,6,IMPORTS,0,2033-06-01
Adverse,REF,w4,2033,6,NUCLEAR,0,2033-06-01
Adverse,REF,w4,2033,6,PV,10.0318219,2033-06-01
Adverse,REF,w4,2033,6,WIND,163.0567673,2033-06-01
Adverse,REF,w4,2033,7,BIOENERGY,97.02161158,2033-07-01
Adverse,REF,w4,2033,7,DIESEL,0,2033-07-01
Adverse,REF,w4,2033,7,FUEL OIL,1010.906415,2033-07-01
Adverse,REF,w4,2033,7,GAS,142.2973975,2033-07-01
Adverse,REF,w4,2033,7,GEOTHERMAL,497.3158393,2033-07-01
Adverse,REF,w4,2033,7,HYDRO,2534.090482,2033-07-01
Adverse,REF,w4,2033,7,IMPORTS,0,2033-07-01
Adverse,REF,w4,2033,7,NUCLEAR,0,2033-07-01
Adverse,REF,w4,2033,7,PV,11.64808909,2033-07-01
Adverse,REF,w4,2033,7,WIND,185.7405846,2033-07-01
Adverse,REF,w4,2033,8,BIOENERGY,95.47282201,2033-08-01
Adverse,REF,w4,2033,8,DIESEL,0,2033-08-01
Adverse,REF,w4,2033,8,FUEL OIL,616.1007103,2033-08-01
Adverse,REF,w4,2033,8,GAS,190.0391636,2033-08-01
Adverse,REF,w4,2033,8,GEOTHERMAL,493.5964975,2033-08-01
Adverse,REF,w4,2033,8,HYDRO,2894.076995,2033-08-01
Adverse,REF,w4,2033,8,IMPORTS,0,2033-08-01
Adverse,REF,w4,2033,8,NUCLEAR,0,2033-08-01
Adverse,REF,w4,2033,8,PV,10.94133781,2033-08-01
Adverse,REF,w4,2033,8,WIND,166.5345449,2033-08-01
Adverse,REF,w4,2033,9,BIOENERGY,89.79874737,2033-09-01
Adverse,REF,w4,2033,9,DIESEL,0,2033-09-01
Adverse,REF,w4,2033,9,FUEL OIL,1119.70212,2033-09-01
Adverse,REF,w4,2033,9,GAS,180.8293434,2033-09-01
Adverse,REF,w4,2033,9,GEOTHERMAL,500.5179955,2033-09-01
Adverse,REF,w4,2033,9,HYDRO,2501.695677,2033-09-01
Adverse,REF,w4,2033,9,IMPORTS,0,2033-09-01
Adverse,REF,w4,2033,9,NUCLEAR,0,2033-09-01
Adverse,REF,w4,2033,9,PV,8.51160507,2033-09-01
Adverse,REF,w4,2033,9,WIND,170.0984564,2033-09-01
Adverse,REF,w4,2033,10,BIOENERGY,94.96483176,2033-10-01
Adverse,REF,w4,2033,10,DIESEL,0,2033-10-01
Adverse,REF,w4,2033,10,FUEL OIL,1113.138856,2033-10-01
Adverse,REF,w4,2033,10,GAS,388.6760183,2033-10-01
Adverse,REF,w4,2033,10,GEOTHERMAL,500.1710476,2033-10-01
Adverse,REF,w4,2033,10,HYDRO,2319.178782,2033-10-01
Adverse,REF,w4,2033,10,IMPORTS,0,2033-10-01
Adverse,REF,w4,2033,10,NUCLEAR,0,2033-10-01
Adverse,REF,w4,2033,10,PV,9.296949888,2033-10-01
Adverse,REF,w4,2033,10,WIND,160.7064421,2033-10-01
Adverse,REF,w4,2033,11,BIOENERGY,0,2033-11-01
Adverse,REF,w4,2033,11,DIESEL,0,2033-11-01
Adverse,REF,w4,2033,11,FUEL OIL,100.8469608,2033-11-01
Adverse,REF,w4,2033,11,GAS,0,2033-11-01
Adverse,REF,w4,2033,11,GEOTHERMAL,375.4443523,2033-11-01
Adverse,REF,w4,2033,11,HYDRO,4034.319841,2033-11-01
Adverse,REF,w4,2033,11,IMPORTS,0,2033-11-01
Adverse,REF,w4,2033,11,NUCLEAR,0,2033-11-01
Adverse,REF,w4,2033,11,PV,9.34299095,2033-11-01
Adverse,REF,w4,2033,11,WIND,158.9845421,2033-11-01
Adverse,REF,w4,2033,12,BIOENERGY,0,2033-12-01
Adverse,REF,w4,2033,12,DIESEL,0,2033-12-01
Adverse,REF,w4,2033,12,FUEL OIL,135.7748504,2033-12-01
Adverse,REF,w4,2033,12,GAS,0,2033-12-01
Adverse,REF,w4,2033,12,GEOTHERMAL,413.7838335,2033-12-01
Adverse,REF,w4,2033,12,HYDRO,4099.131835,2033-12-01
Adverse,REF,w4,2033,12,IMPORTS,0,2033-12-01
Adverse,REF,w4,2033,12,NUCLEAR,0,2033-12-01
Adverse,REF,w4,2033,12,PV,7.374486902,2033-12-01
Adverse,REF,w4,2033,12,WIND,134.7367035,2033-12-01
Adverse,REF,w4,2034,1,BIOENERGY,0,2034-01-01
Adverse,REF,w4,2034,1,DIESEL,0,2034-01-01
Adverse,REF,w4,2034,1,FUEL OIL,36.24152824,2034-01-01
Adverse,REF,w4,2034,1,GAS,0,2034-01-01
Adverse,REF,w4,2034,1,GEOTHERMAL,256.2061557,2034-01-01
Adverse,REF,w4,2034,1,HYDRO,4226.262572,2034-01-01
Adverse,REF,w4,2034,1,IMPORTS,0,2034-01-01
Adverse,REF,w4,2034,1,NUCLEAR,0,2034-01-01
Adverse,REF,w4,2034,1,PV,7.867511417,2034-01-01
Adverse,REF,w4,2034,1,WIND,149.3354879,2034-01-01
Adverse,REF,w4,2034,2,BIOENERGY,0,2034-02-01
Adverse,REF,w4,2034,2,DIESEL,0,2034-02-01
Adverse,REF,w4,2034,2,FUEL OIL,35.37650863,2034-02-01
Adverse,REF,w4,2034,2,GAS,0,2034-02-01
Adverse,REF,w4,2034,2,GEOTHERMAL,103.4216232,2034-02-01
Adverse,REF,w4,2034,2,HYDRO,4369.495207,2034-02-01
Adverse,REF,w4,2034,2,IMPORTS,0,2034-02-01
Adverse,REF,w4,2034,2,NUCLEAR,0,2034-02-01
Adverse,REF,w4,2034,2,PV,7.336551154,2034-02-01
Adverse,REF,w4,2034,2,WIND,136.9079249,2034-02-01
Adverse,REF,w4,2034,3,BIOENERGY,0,2034-03-01
Adverse,REF,w4,2034,3,DIESEL,0,2034-03-01
Adverse,REF,w4,2034,3,FUEL OIL,38.0643234,2034-03-01
Adverse,REF,w4,2034,3,GAS,0,2034-03-01
Adverse,REF,w4,2034,3,GEOTHERMAL,92.86827582,2034-03-01
Adverse,REF,w4,2034,3,HYDRO,4447.735505,2034-03-01
Adverse,REF,w4,2034,3,IMPORTS,0,2034-03-01
Adverse,REF,w4,2034,3,NUCLEAR,0,2034-03-01
Adverse,REF,w4,2034,3,PV,8.671099733,2034-03-01
Adverse,REF,w4,2034,3,WIND,146.2947447,2034-03-01
Adverse,REF,w4,2034,4,BIOENERGY,0,2034-04-01
Adverse,REF,w4,2034,4,DIESEL,0,2034-04-01
Adverse,REF,w4,2034,4,FUEL OIL,42.37258214,2034-04-01
Adverse,REF,w4,2034,4,GAS,0,2034-04-01
Adverse,REF,w4,2034,4,GEOTHERMAL,191.7750273,2034-04-01
Adverse,REF,w4,2034,4,HYDRO,4375.261214,2034-04-01
Adverse,REF,w4,2034,4,IMPORTS,0,2034-04-01
Adverse,REF,w4,2034,4,NUCLEAR,0,2034-04-01
Adverse,REF,w4,2034,4,PV,7.189193016,2034-04-01
Adverse,REF,w4,2034,4,WIND,141.1027451,2034-04-01
Adverse,REF,w4,2034,5,BIOENERGY,95.61808078,2034-05-01
Adverse,REF,w4,2034,5,DIESEL,34.07216383,2034-05-01
Adverse,REF,w4,2034,5,FUEL OIL,1196.23969,2034-05-01
Adverse,REF,w4,2034,5,GAS,181.8506719,2034-05-01
Adverse,REF,w4,2034,5,GEOTHERMAL,487.3306717,2034-05-01
Adverse,REF,w4,2034,5,HYDRO,2563.731091,2034-05-01
Adverse,REF,w4,2034,5,IMPORTS,0,2034-05-01
Adverse,REF,w4,2034,5,NUCLEAR,0,2034-05-01
Adverse,REF,w4,2034,5,PV,9.011301912,2034-05-01
Adverse,REF,w4,2034,5,WIND,166.2980177,2034-05-01
Adverse,REF,w4,2034,6,BIOENERGY,91.59063354,2034-06-01
Adverse,REF,w4,2034,6,DIESEL,0,2034-06-01
Adverse,REF,w4,2034,6,FUEL OIL,1172.207565,2034-06-01
Adverse,REF,w4,2034,6,GAS,185.3597611,2034-06-01
Adverse,REF,w4,2034,6,GEOTHERMAL,499.7029724,2034-06-01
Adverse,REF,w4,2034,6,HYDRO,2516.064104,2034-06-01
Adverse,REF,w4,2034,6,IMPORTS,0,2034-06-01
Adverse,REF,w4,2034,6,NUCLEAR,0,2034-06-01
Adverse,REF,w4,2034,6,PV,10.41259621,2034-06-01
Adverse,REF,w4,2034,6,WIND,154.6443634,2034-06-01
Adverse,REF,w4,2034,7,BIOENERGY,88.86077587,2034-07-01
Adverse,REF,w4,2034,7,DIESEL,0,2034-07-01
Adverse,REF,w4,2034,7,FUEL OIL,1156.292389,2034-07-01
Adverse,REF,w4,2034,7,GAS,150.5492134,2034-07-01
Adverse,REF,w4,2034,7,GEOTHERMAL,506.2006536,2034-07-01
Adverse,REF,w4,2034,7,HYDRO,2476.925632,2034-07-01
Adverse,REF,w4,2034,7,IMPORTS,0,2034-07-01
Adverse,REF,w4,2034,7,NUCLEAR,0,2034-07-01
Adverse,REF,w4,2034,7,PV,9.503185673,2034-07-01
Adverse,REF,w4,2034,7,WIND,180.2689788,2034-07-01
Adverse,REF,w4,2034,8,BIOENERGY,96.4848649,2034-08-01
Adverse,REF,w4,2034,8,DIESEL,0,2034-08-01
Adverse,REF,w4,2034,8,FUEL OIL,1192.989862,2034-08-01
Adverse,REF,w4,2034,8,GAS,160.8198788,2034-08-01
Adverse,REF,w4,2034,8,GEOTHERMAL,502.9913231,2034-08-01
Adverse,REF,w4,2034,8,HYDRO,2432.180653,2034-08-01
Adverse,REF,w4,2034,8,IMPORTS,0,2034-08-01
Adverse,REF,w4,2034,8,NUCLEAR,0,2034-08-01
Adverse,REF,w4,2034,8,PV,10.14989992,2034-08-01
Adverse,REF,w4,2034,8,WIND,160.4808308,2034-08-01
Adverse,REF,w4,2034,9,BIOENERGY,95.47982868,2034-09-01
Adverse,REF,w4,2034,9,DIESEL,0,2034-09-01
Adverse,REF,w4,2034,9,FUEL OIL,1040.60222,2034-09-01
Adverse,REF,w4,2034,9,GAS,179.5531059,2034-09-01
Adverse,REF,w4,2034,9,GEOTHERMAL,500.8189139,2034-09-01
Adverse,REF,w4,2034,9,HYDRO,2669.231646,2034-09-01
Adverse,REF,w4,2034,9,IMPORTS,0,2034-09-01
Adverse,REF,w4,2034,9,NUCLEAR,0,2034-09-01
Adverse,REF,w4,2034,9,PV,10.76707502,2034-09-01
Adverse,REF,w4,2034,9,WIND,166.1242342,2034-09-01
Adverse,REF,w4,2034,10,BIOENERGY,93.82588458,2034-10-01
Adverse,REF,w4,2034,10,DIESEL,33.87950012,2034-10-01
Adverse,REF,w4,2034,10,FUEL OIL,1031.776016,2034-10-01
Adverse,REF,w4,2034,10,GAS,197.104189,2034-10-01
Adverse,REF,w4,2034,10,GEOTHERMAL,517.3787393,2034-10-01
Adverse,REF,w4,2034,10,HYDRO,2622.17265,2034-10-01
Adverse,REF,w4,2034,10,IMPORTS,0,2034-10-01
Adverse,REF,w4,2034,10,NUCLEAR,0,2034-10-01
Adverse,REF,w4,2034,10,PV,10.59208893,2034-10-01
Adverse,REF,w4,2034,10,WIND,171.1265193,2034-10-01
Adverse,REF,w4,2034,11,BIOENERGY,0,2034-11-01
Adverse,REF,w4,2034,11,DIESEL,0,2034-11-01
Adverse,REF,w4,2034,11,FUEL OIL,57.05304606,2034-11-01
Adverse,REF,w4,2034,11,GAS,0,2034-11-01
Adverse,REF,w4,2034,11,GEOTHERMAL,412.3076878,2034-11-01
Adverse,REF,w4,2034,11,HYDRO,4161.912124,2034-11-01
Adverse,REF,w4,2034,11,IMPORTS,0,2034-11-01
Adverse,REF,w4,2034,11,NUCLEAR,0,2034-11-01
Adverse,REF,w4,2034,11,PV,9.315587673,2034-11-01
Adverse,REF,w4,2034,11,WIND,131.9290157,2034-11-01
Adverse,REF,w4,2034,12,BIOENERGY,0,2034-12-01
Adverse,REF,w4,2034,12,DIESEL,0,2034-12-01
Adverse,REF,w4,2034,12,FUEL OIL,77.84825756,2034-12-01
Adverse,REF,w4,2034,12,GAS,0,2034-12-01
Adverse,REF,w4,2034,12,GEOTHERMAL,416.3123189,2034-12-01
Adverse,REF,w4,2034,12,HYDRO,4224.990632,2034-12-01
Adverse,REF,w4,2034,12,IMPORTS,0,2034-12-01
Adverse,REF,w4,2034,12,NUCLEAR,0,2034-12-01
Adverse,REF,w4,2034,12,PV,9.282784876,2034-12-01
Adverse,REF,w4,2034,12,WIND,158.1837503,2034-12-01
Adverse,REF,w4,2035,1,BIOENERGY,0,2035-01-01
Adverse,REF,w4,2035,1,DIESEL,0,2035-01-01
Adverse,REF,w4,2035,1,FUEL OIL,166.1602072,2035-01-01
Adverse,REF,w4,2035,1,GAS,0,2035-01-01
Adverse,REF,w4,2035,1,GEOTHERMAL,124.6274817,2035-01-01
Adverse,REF,w4,2035,1,HYDRO,4335.306355,2035-01-01
Adverse,REF,w4,2035,1,IMPORTS,0,2035-01-01
Adverse,REF,w4,2035,1,NUCLEAR,0,2035-01-01
Adverse,REF,w4,2035,1,PV,8.109990997,2035-01-01
Adverse,REF,w4,2035,1,WIND,135.2274846,2035-01-01
Adverse,REF,w4,2035,2,BIOENERGY,0,2035-02-01
Adverse,REF,w4,2035,2,DIESEL,0,2035-02-01
Adverse,REF,w4,2035,2,FUEL OIL,41.82730431,2035-02-01
Adverse,REF,w4,2035,2,GAS,0,2035-02-01
Adverse,REF,w4,2035,2,GEOTHERMAL,256.3093327,2035-02-01
Adverse,REF,w4,2035,2,HYDRO,4299.845414,2035-02-01
Adverse,REF,w4,2035,2,IMPORTS,0,2035-02-01
Adverse,REF,w4,2035,2,NUCLEAR,0,2035-02-01
Adverse,REF,w4,2035,2,PV,8.455097443,2035-02-01
Adverse,REF,w4,2035,2,WIND,139.1514227,2035-02-01
Adverse,REF,w4,2035,3,BIOENERGY,0,2035-03-01
Adverse,REF,w4,2035,3,DIESEL,0,2035-03-01
Adverse,REF,w4,2035,3,FUEL OIL,46.01666749,2035-03-01
Adverse,REF,w4,2035,3,GAS,0,2035-03-01
Adverse,REF,w4,2035,3,GEOTHERMAL,258.4940259,2035-03-01
Adverse,REF,w4,2035,3,HYDRO,4373.035236,2035-03-01
Adverse,REF,w4,2035,3,IMPORTS,0,2035-03-01
Adverse,REF,w4,2035,3,NUCLEAR,0,2035-03-01
Adverse,REF,w4,2035,3,PV,8.162158534,2035-03-01
Adverse,REF,w4,2035,3,WIND,142.5985397,2035-03-01
Adverse,REF,w4,2035,4,BIOENERGY,0,2035-04-01
Adverse,REF,w4,2035,4,DIESEL,0,2035-04-01
Adverse,REF,w4,2035,4,FUEL OIL,137.6476303,2035-04-01
Adverse,REF,w4,2035,4,GAS,0,2035-04-01
Adverse,REF,w4,2035,4,GEOTHERMAL,251.1297513,2035-04-01
Adverse,REF,w4,2035,4,HYDRO,4308.099939,2035-04-01
Adverse,REF,w4,2035,4,IMPORTS,0,2035-04-01
Adverse,REF,w4,2035,4,NUCLEAR,0,2035-04-01
Adverse,REF,w4,2035,4,PV,8.537687373,2035-04-01
Adverse,REF,w4,2035,4,WIND,147.4397693,2035-04-01
Adverse,REF,w4,2035,5,BIOENERGY,97.80944095,2035-05-01
Adverse,REF,w4,2035,5,DIESEL,30.82809459,2035-05-01
Adverse,REF,w4,2035,5,FUEL OIL,927.2345154,2035-05-01
Adverse,REF,w4,2035,5,GAS,232.8008367,2035-05-01
Adverse,REF,w4,2035,5,GEOTHERMAL,501.4970874,2035-05-01
Adverse,REF,w4,2035,5,HYDRO,2852.541037,2035-05-01
Adverse,REF,w4,2035,5,IMPORTS,0,2035-05-01
Adverse,REF,w4,2035,5,NUCLEAR,0,2035-05-01
Adverse,REF,w4,2035,5,PV,9.728332189,2035-05-01
Adverse,REF,w4,2035,5,WIND,176.3953789,2035-05-01
Adverse,REF,w4,2035,6,BIOENERGY,95.87177582,2035-06-01
Adverse,REF,w4,2035,6,DIESEL,30.82334498,2035-06-01
Adverse,REF,w4,2035,6,FUEL OIL,1146.824082,2035-06-01
Adverse,REF,w4,2035,6,GAS,171.3695946,2035-06-01
Adverse,REF,w4,2035,6,GEOTHERMAL,504.3185126,2035-06-01
Adverse,REF,w4,2035,6,HYDRO,2604.096315,2035-06-01
Adverse,REF,w4,2035,6,IMPORTS,0,2035-06-01
Adverse,REF,w4,2035,6,NUCLEAR,0,2035-06-01
Adverse,REF,w4,2035,6,PV,10.44168871,2035-06-01
Adverse,REF,w4,2035,6,WIND,158.8363221,2035-06-01
Adverse,REF,w4,2035,7,BIOENERGY,97.71719878,2035-07-01
Adverse,REF,w4,2035,7,DIESEL,32.03322768,2035-07-01
Adverse,REF,w4,2035,7,FUEL OIL,1279.005967,2035-07-01
Adverse,REF,w4,2035,7,GAS,191.2922154,2035-07-01
Adverse,REF,w4,2035,7,GEOTHERMAL,502.6355696,2035-07-01
Adverse,REF,w4,2035,7,HYDRO,2380.650749,2035-07-01
Adverse,REF,w4,2035,7,IMPORTS,0,2035-07-01
Adverse,REF,w4,2035,7,NUCLEAR,0,2035-07-01
Adverse,REF,w4,2035,7,PV,9.90545474,2035-07-01
Adverse,REF,w4,2035,7,WIND,166.7324624,2035-07-01
Adverse,REF,w4,2035,8,BIOENERGY,93.81283888,2035-08-01
Adverse,REF,w4,2035,8,DIESEL,0,2035-08-01
Adverse,REF,w4,2035,8,FUEL OIL,982.5436347,2035-08-01
Adverse,REF,w4,2035,8,GAS,245.826779,2035-08-01
Adverse,REF,w4,2035,8,GEOTHERMAL,511.8159733,2035-08-01
Adverse,REF,w4,2035,8,HYDRO,2642.233354,2035-08-01
Adverse,REF,w4,2035,8,IMPORTS,0,2035-08-01
Adverse,REF,w4,2035,8,NUCLEAR,0,2035-08-01
Adverse,REF,w4,2035,8,PV,10.11996721,2035-08-01
Adverse,REF,w4,2035,8,WIND,160.8667119,2035-08-01
Adverse,REF,w4,2035,9,BIOENERGY,89.5485729,2035-09-01
Adverse,REF,w4,2035,9,DIESEL,39.14492393,2035-09-01
Adverse,REF,w4,2035,9,FUEL OIL,943.7224971,2035-09-01
Adverse,REF,w4,2035,9,GAS,284.4107626,2035-09-01
Adverse,REF,w4,2035,9,GEOTHERMAL,515.0063725,2035-09-01
Adverse,REF,w4,2035,9,HYDRO,2703.411048,2035-09-01
Adverse,REF,w4,2035,9,IMPORTS,0,2035-09-01
Adverse,REF,w4,2035,9,NUCLEAR,0,2035-09-01
Adverse,REF,w4,2035,9,PV,10.80786974,2035-09-01
Adverse,REF,w4,2035,9,WIND,169.7765173,2035-09-01
Adverse,REF,w4,2035,10,BIOENERGY,93.85832583,2035-10-01
Adverse,REF,w4,2035,10,DIESEL,32.04704701,2035-10-01
Adverse,REF,w4,2035,10,FUEL OIL,1234.648609,2035-10-01
Adverse,REF,w4,2035,10,GAS,178.7129099,2035-10-01
Adverse,REF,w4,2035,10,GEOTHERMAL,499.2337398,2035-10-01
Adverse,REF,w4,2035,10,HYDRO,2561.578418,2035-10-01
Adverse,REF,w4,2035,10,IMPORTS,0,2035-10-01
Adverse,REF,w4,2035,10,NUCLEAR,0,2035-10-01
Adverse,REF,w4,2035,10,PV,11.34743408,2035-10-01
Adverse,REF,w4,2035,10,WIND,159.986215,2035-10-01
Adverse,REF,w4,2035,11,BIOENERGY,18.64815253,2035-11-01
Adverse,REF,w4,2035,11,DIESEL,0,2035-11-01
Adverse,REF,w4,2035,11,FUEL OIL,96.22846885,2035-11-01
Adverse,REF,w4,2035,11,GAS,0,2035-11-01
Adverse,REF,w4,2035,11,GEOTHERMAL,368.6523236,2035-11-01
Adverse,REF,w4,2035,11,HYDRO,4240.240998,2035-11-01
Adverse,REF,w4,2035,11,IMPORTS,0,2035-11-01
Adverse,REF,w4,2035,11,NUCLEAR,0,2035-11-01
Adverse,REF,w4,2035,11,PV,8.917013347,2035-11-01
Adverse,REF,w4,2035,11,WIND,135.2808543,2035-11-01
Adverse,REF,w4,2035,12,BIOENERGY,0,2035-12-01
Adverse,REF,w4,2035,12,DIESEL,0,2035-12-01
Adverse,REF,w4,2035,12,FUEL OIL,78.89580608,2035-12-01
Adverse,REF,w4,2035,12,GAS,0,2035-12-01
Adverse,REF,w4,2035,12,GEOTHERMAL,366.4670429,2035-12-01
Adverse,REF,w4,2035,12,HYDRO,4385.371848,2035-12-01
Adverse,REF,w4,2035,12,IMPORTS,0,2035-12-01
Adverse,REF,w4,2035,12,NUCLEAR,0,2035-12-01
Adverse,REF,w4,2035,12,PV,8.694476034,2035-12-01
Adverse,REF,w4,2035,12,WIND,144.920925,2035-12-01
Adverse,REF,w4,2036,1,BIOENERGY,0,2036-01-01
Adverse,REF,w4,2036,1,DIESEL,0,2036-01-01
Adverse,REF,w4,2036,1,FUEL OIL,60.76439849,2036-01-01
Adverse,REF,w4,2036,1,GAS,0,2036-01-01
Adverse,REF,w4,2036,1,GEOTHERMAL,115.7958238,2036-01-01
Adverse,REF,w4,2036,1,HYDRO,4471.855106,2036-01-01
Adverse,REF,w4,2036,1,IMPORTS,0,2036-01-01
Adverse,REF,w4,2036,1,NUCLEAR,0,2036-01-01
Adverse,REF,w4,2036,1,PV,9.60372122,2036-01-01
Adverse,REF,w4,2036,1,WIND,206.801101,2036-01-01
Adverse,REF,w4,2036,2,BIOENERGY,0,2036-02-01
Adverse,REF,w4,2036,2,DIESEL,0,2036-02-01
Adverse,REF,w4,2036,2,FUEL OIL,43.59022773,2036-02-01
Adverse,REF,w4,2036,2,GAS,0,2036-02-01
Adverse,REF,w4,2036,2,GEOTHERMAL,120.9091223,2036-02-01
Adverse,REF,w4,2036,2,HYDRO,4458.676707,2036-02-01
Adverse,REF,w4,2036,2,IMPORTS,0,2036-02-01
Adverse,REF,w4,2036,2,NUCLEAR,0,2036-02-01
Adverse,REF,w4,2036,2,PV,8.397095118,2036-02-01
Adverse,REF,w4,2036,2,WIND,208.9271907,2036-02-01
Adverse,REF,w4,2036,3,BIOENERGY,0,2036-03-01
Adverse,REF,w4,2036,3,DIESEL,0,2036-03-01
Adverse,REF,w4,2036,3,FUEL OIL,83.33775145,2036-03-01
Adverse,REF,w4,2036,3,GAS,0,2036-03-01
Adverse,REF,w4,2036,3,GEOTHERMAL,0,2036-03-01
Adverse,REF,w4,2036,3,HYDRO,4626.971065,2036-03-01
Adverse,REF,w4,2036,3,IMPORTS,0,2036-03-01
Adverse,REF,w4,2036,3,NUCLEAR,0,2036-03-01
Adverse,REF,w4,2036,3,PV,8.534060396,2036-03-01
Adverse,REF,w4,2036,3,WIND,206.0298828,2036-03-01
Adverse,REF,w4,2036,4,BIOENERGY,0,2036-04-01
Adverse,REF,w4,2036,4,DIESEL,0,2036-04-01
Adverse,REF,w4,2036,4,FUEL OIL,131.1366879,2036-04-01
Adverse,REF,w4,2036,4,GAS,0,2036-04-01
Adverse,REF,w4,2036,4,GEOTHERMAL,0,2036-04-01
Adverse,REF,w4,2036,4,HYDRO,4586.062961,2036-04-01
Adverse,REF,w4,2036,4,IMPORTS,0,2036-04-01
Adverse,REF,w4,2036,4,NUCLEAR,0,2036-04-01
Adverse,REF,w4,2036,4,PV,8.263465426,2036-04-01
Adverse,REF,w4,2036,4,WIND,224.4487584,2036-04-01
Adverse,REF,w4,2036,5,BIOENERGY,90.5900266,2036-05-01
Adverse,REF,w4,2036,5,DIESEL,32.89268983,2036-05-01
Adverse,REF,w4,2036,5,FUEL OIL,1131.567078,2036-05-01
Adverse,REF,w4,2036,5,GAS,163.3164972,2036-05-01
Adverse,REF,w4,2036,5,GEOTHERMAL,491.0150192,2036-05-01
Adverse,REF,w4,2036,5,HYDRO,2754.106127,2036-05-01
Adverse,REF,w4,2036,5,IMPORTS,0,2036-05-01
Adverse,REF,w4,2036,5,NUCLEAR,0,2036-05-01
Adverse,REF,w4,2036,5,PV,9.168995716,2036-05-01
Adverse,REF,w4,2036,5,WIND,252.7549838,2036-05-01
Adverse,REF,w4,2036,6,BIOENERGY,91.88278177,2036-06-01
Adverse,REF,w4,2036,6,DIESEL,31.22801962,2036-06-01
Adverse,REF,w4,2036,6,FUEL OIL,1085.332726,2036-06-01
Adverse,REF,w4,2036,6,GAS,210.22248,2036-06-01
Adverse,REF,w4,2036,6,GEOTHERMAL,499.7758525,2036-06-01
Adverse,REF,w4,2036,6,HYDRO,2641.532987,2036-06-01
Adverse,REF,w4,2036,6,IMPORTS,0,2036-06-01
Adverse,REF,w4,2036,6,NUCLEAR,0,2036-06-01
Adverse,REF,w4,2036,6,PV,8.944802902,2036-06-01
Adverse,REF,w4,2036,6,WIND,248.1136183,2036-06-01
Adverse,REF,w4,2036,7,BIOENERGY,88.31186346,2036-07-01
Adverse,REF,w4,2036,7,DIESEL,0,2036-07-01
Adverse,REF,w4,2036,7,FUEL OIL,982.4950459,2036-07-01
Adverse,REF,w4,2036,7,GAS,115.6997483,2036-07-01
Adverse,REF,w4,2036,7,GEOTHERMAL,491.8159456,2036-07-01
Adverse,REF,w4,2036,7,HYDRO,2822.046293,2036-07-01
Adverse,REF,w4,2036,7,IMPORTS,0,2036-07-01
Adverse,REF,w4,2036,7,NUCLEAR,0,2036-07-01
Adverse,REF,w4,2036,7,PV,8.640906544,2036-07-01
Adverse,REF,w4,2036,7,WIND,244.1624987,2036-07-01
Adverse,REF,w4,2036,8,BIOENERGY,95.10989569,2036-08-01
Adverse,REF,w4,2036,8,DIESEL,0,2036-08-01
Adverse,REF,w4,2036,8,FUEL OIL,1117.198877,2036-08-01
Adverse,REF,w4,2036,8,GAS,235.894453,2036-08-01
Adverse,REF,w4,2036,8,GEOTHERMAL,509.1710803,2036-08-01
Adverse,REF,w4,2036,8,HYDRO,2526.266423,2036-08-01
Adverse,REF,w4,2036,8,IMPORTS,0,2036-08-01
Adverse,REF,w4,2036,8,NUCLEAR,0,2036-08-01
Adverse,REF,w4,2036,8,PV,10.0900853,2036-08-01
Adverse,REF,w4,2036,8,WIND,246.4328304,2036-08-01
Adverse,REF,w4,2036,9,BIOENERGY,95.70485304,2036-09-01
Adverse,REF,w4,2036,9,DIESEL,38.77340044,2036-09-01
Adverse,REF,w4,2036,9,FUEL OIL,1063.65722,2036-09-01
Adverse,REF,w4,2036,9,GAS,166.4333076,2036-09-01
Adverse,REF,w4,2036,9,GEOTHERMAL,509.2776902,2036-09-01
Adverse,REF,w4,2036,9,HYDRO,2728.99004,2036-09-01
Adverse,REF,w4,2036,9,IMPORTS,0,2036-09-01
Adverse,REF,w4,2036,9,NUCLEAR,0,2036-09-01
Adverse,REF,w4,2036,9,PV,9.145297836,2036-09-01
Adverse,REF,w4,2036,9,WIND,238.9633265,2036-09-01
Adverse,REF,w4,2036,10,BIOENERGY,91.90502,2036-10-01
Adverse,REF,w4,2036,10,DIESEL,39.69978419,2036-10-01
Adverse,REF,w4,2036,10,FUEL OIL,1181.541553,2036-10-01
Adverse,REF,w4,2036,10,GAS,161.7243882,2036-10-01
Adverse,REF,w4,2036,10,GEOTHERMAL,514.5430633,2036-10-01
Adverse,REF,w4,2036,10,HYDRO,2632.233169,2036-10-01
Adverse,REF,w4,2036,10,IMPORTS,0,2036-10-01
Adverse,REF,w4,2036,10,NUCLEAR,0,2036-10-01
Adverse,REF,w4,2036,10,PV,10.4341619,2036-10-01
Adverse,REF,w4,2036,10,WIND,234.7598133,2036-10-01
Adverse,REF,w4,2036,11,BIOENERGY,0,2036-11-01
Adverse,REF,w4,2036,11,DIESEL,0,2036-11-01
Adverse,REF,w4,2036,11,FUEL OIL,53.20535906,2036-11-01
Adverse,REF,w4,2036,11,GAS,0,2036-11-01
Adverse,REF,w4,2036,11,GEOTHERMAL,48.98513405,2036-11-01
Adverse,REF,w4,2036,11,HYDRO,4635.022541,2036-11-01
Adverse,REF,w4,2036,11,IMPORTS,0,2036-11-01
Adverse,REF,w4,2036,11,NUCLEAR,0,2036-11-01
Adverse,REF,w4,2036,11,PV,9.227816196,2036-11-01
Adverse,REF,w4,2036,11,WIND,218.8863161,2036-11-01
Adverse,REF,w4,2036,12,BIOENERGY,0,2036-12-01
Adverse,REF,w4,2036,12,DIESEL,0,2036-12-01
Adverse,REF,w4,2036,12,FUEL OIL,56.22666634,2036-12-01
Adverse,REF,w4,2036,12,GAS,0,2036-12-01
Adverse,REF,w4,2036,12,GEOTHERMAL,282.9932469,2036-12-01
Adverse,REF,w4,2036,12,HYDRO,4506.411538,2036-12-01
Adverse,REF,w4,2036,12,IMPORTS,0,2036-12-01
Adverse,REF,w4,2036,12,NUCLEAR,0,2036-12-01
Adverse,REF,w4,2036,12,PV,9.748455577,2036-12-01
Adverse,REF,w4,2036,12,WIND,228.6571934,2036-12-01
Adverse,REF,w4,2037,1,BIOENERGY,0,2037-01-01
Adverse,REF,w4,2037,1,DIESEL,0,2037-01-01
Adverse,REF,w4,2037,1,FUEL OIL,67.84633405,2037-01-01
Adverse,REF,w4,2037,1,GAS,0,2037-01-01
Adverse,REF,w4,2037,1,GEOTHERMAL,118.1838813,2037-01-01
Adverse,REF,w4,2037,1,HYDRO,4546.765049,2037-01-01
Adverse,REF,w4,2037,1,IMPORTS,0,2037-01-01
Adverse,REF,w4,2037,1,NUCLEAR,0,2037-01-01
Adverse,REF,w4,2037,1,PV,8.10159924,2037-01-01
Adverse,REF,w4,2037,1,WIND,221.2196901,2037-01-01
Adverse,REF,w4,2037,2,BIOENERGY,0,2037-02-01
Adverse,REF,w4,2037,2,DIESEL,0,2037-02-01
Adverse,REF,w4,2037,2,FUEL OIL,159.4932517,2037-02-01
Adverse,REF,w4,2037,2,GAS,0,2037-02-01
Adverse,REF,w4,2037,2,GEOTHERMAL,126.5367429,2037-02-01
Adverse,REF,w4,2037,2,HYDRO,4429.429527,2037-02-01
Adverse,REF,w4,2037,2,IMPORTS,0,2037-02-01
Adverse,REF,w4,2037,2,NUCLEAR,0,2037-02-01
Adverse,REF,w4,2037,2,PV,8.860059773,2037-02-01
Adverse,REF,w4,2037,2,WIND,212.9907682,2037-02-01
Adverse,REF,w4,2037,3,BIOENERGY,0,2037-03-01
Adverse,REF,w4,2037,3,DIESEL,0,2037-03-01
Adverse,REF,w4,2037,3,FUEL OIL,98.26209005,2037-03-01
Adverse,REF,w4,2037,3,GAS,0,2037-03-01
Adverse,REF,w4,2037,3,GEOTHERMAL,257.6980393,2037-03-01
Adverse,REF,w4,2037,3,HYDRO,4442.456004,2037-03-01
Adverse,REF,w4,2037,3,IMPORTS,0,2037-03-01
Adverse,REF,w4,2037,3,NUCLEAR,0,2037-03-01
Adverse,REF,w4,2037,3,PV,8.979356087,2037-03-01
Adverse,REF,w4,2037,3,WIND,215.9747254,2037-03-01
Adverse,REF,w4,2037,4,BIOENERGY,0,2037-04-01
Adverse,REF,w4,2037,4,DIESEL,0,2037-04-01
Adverse,REF,w4,2037,4,FUEL OIL,76.41771217,2037-04-01
Adverse,REF,w4,2037,4,GAS,0,2037-04-01
Adverse,REF,w4,2037,4,GEOTHERMAL,246.9538279,2037-04-01
Adverse,REF,w4,2037,4,HYDRO,4503.534391,2037-04-01
Adverse,REF,w4,2037,4,IMPORTS,0,2037-04-01
Adverse,REF,w4,2037,4,NUCLEAR,0,2037-04-01
Adverse,REF,w4,2037,4,PV,9.556361751,2037-04-01
Adverse,REF,w4,2037,4,WIND,212.4478174,2037-04-01
Adverse,REF,w4,2037,5,BIOENERGY,94.81852276,2037-05-01
Adverse,REF,w4,2037,5,DIESEL,39.65758766,2037-05-01
Adverse,REF,w4,2037,5,FUEL OIL,1169.820487,2037-05-01
Adverse,REF,w4,2037,5,GAS,376.2602347,2037-05-01
Adverse,REF,w4,2037,5,GEOTHERMAL,488.0710365,2037-05-01
Adverse,REF,w4,2037,5,HYDRO,2624.810176,2037-05-01
Adverse,REF,w4,2037,5,IMPORTS,0,2037-05-01
Adverse,REF,w4,2037,5,NUCLEAR,0,2037-05-01
Adverse,REF,w4,2037,5,PV,9.474775103,2037-05-01
Adverse,REF,w4,2037,5,WIND,221.006826,2037-05-01
Adverse,REF,w4,2037,6,BIOENERGY,97.53013812,2037-06-01
Adverse,REF,w4,2037,6,DIESEL,41.18997585,2037-06-01
Adverse,REF,w4,2037,6,FUEL OIL,1215.31759,2037-06-01
Adverse,REF,w4,2037,6,GAS,204.411293,2037-06-01
Adverse,REF,w4,2037,6,GEOTHERMAL,514.2192857,2037-06-01
Adverse,REF,w4,2037,6,HYDRO,2584.221736,2037-06-01
Adverse,REF,w4,2037,6,IMPORTS,0,2037-06-01
Adverse,REF,w4,2037,6,NUCLEAR,0,2037-06-01
Adverse,REF,w4,2037,6,PV,11.38582348,2037-06-01
Adverse,REF,w4,2037,6,WIND,245.0980904,2037-06-01
Adverse,REF,w4,2037,7,BIOENERGY,92.06050596,2037-07-01
Adverse,REF,w4,2037,7,DIESEL,38.54314667,2037-07-01
Adverse,REF,w4,2037,7,FUEL OIL,1207.809324,2037-07-01
Adverse,REF,w4,2037,7,GAS,236.7231373,2037-07-01
Adverse,REF,w4,2037,7,GEOTHERMAL,503.0519839,2037-07-01
Adverse,REF,w4,2037,7,HYDRO,2520.706818,2037-07-01
Adverse,REF,w4,2037,7,IMPORTS,0,2037-07-01
Adverse,REF,w4,2037,7,NUCLEAR,0,2037-07-01
Adverse,REF,w4,2037,7,PV,9.886785319,2037-07-01
Adverse,REF,w4,2037,7,WIND,239.4540458,2037-07-01
Adverse,REF,w4,2037,8,BIOENERGY,97.37504857,2037-08-01
Adverse,REF,w4,2037,8,DIESEL,32.34755082,2037-08-01
Adverse,REF,w4,2037,8,FUEL OIL,1278.365966,2037-08-01
Adverse,REF,w4,2037,8,GAS,228.430897,2037-08-01
Adverse,REF,w4,2037,8,GEOTHERMAL,509.617153,2037-08-01
Adverse,REF,w4,2037,8,HYDRO,2432.177854,2037-08-01
Adverse,REF,w4,2037,8,IMPORTS,0,2037-08-01
Adverse,REF,w4,2037,8,NUCLEAR,0,2037-08-01
Adverse,REF,w4,2037,8,PV,11.60175246,2037-08-01
Adverse,REF,w4,2037,8,WIND,245.0506959,2037-08-01
Adverse,REF,w4,2037,9,BIOENERGY,98.07332187,2037-09-01
Adverse,REF,w4,2037,9,DIESEL,33.18559491,2037-09-01
Adverse,REF,w4,2037,9,FUEL OIL,920.4945318,2037-09-01
Adverse,REF,w4,2037,9,GAS,253.4189148,2037-09-01
Adverse,REF,w4,2037,9,GEOTHERMAL,501.6997926,2037-09-01
Adverse,REF,w4,2037,9,HYDRO,2887.435258,2037-09-01
Adverse,REF,w4,2037,9,IMPORTS,0,2037-09-01
Adverse,REF,w4,2037,9,NUCLEAR,0,2037-09-01
Adverse,REF,w4,2037,9,PV,11.0743063,2037-09-01
Adverse,REF,w4,2037,9,WIND,242.5823176,2037-09-01
Adverse,REF,w4,2037,10,BIOENERGY,89.34169918,2037-10-01
Adverse,REF,w4,2037,10,DIESEL,38.94270135,2037-10-01
Adverse,REF,w4,2037,10,FUEL OIL,1243.386057,2037-10-01
Adverse,REF,w4,2037,10,GAS,370.1708013,2037-10-01
Adverse,REF,w4,2037,10,GEOTHERMAL,516.3659912,2037-10-01
Adverse,REF,w4,2037,10,HYDRO,2465.433926,2037-10-01
Adverse,REF,w4,2037,10,IMPORTS,0,2037-10-01
Adverse,REF,w4,2037,10,NUCLEAR,0,2037-10-01
Adverse,REF,w4,2037,10,PV,9.935929074,2037-10-01
Adverse,REF,w4,2037,10,WIND,230.6006663,2037-10-01
Adverse,REF,w4,2037,11,BIOENERGY,0,2037-11-01
Adverse,REF,w4,2037,11,DIESEL,0,2037-11-01
Adverse,REF,w4,2037,11,FUEL OIL,61.81892294,2037-11-01
Adverse,REF,w4,2037,11,GAS,0,2037-11-01
Adverse,REF,w4,2037,11,GEOTHERMAL,46.3387191,2037-11-01
Adverse,REF,w4,2037,11,HYDRO,4737.723091,2037-11-01
Adverse,REF,w4,2037,11,IMPORTS,0,2037-11-01
Adverse,REF,w4,2037,11,NUCLEAR,0,2037-11-01
Adverse,REF,w4,2037,11,PV,8.497695151,2037-11-01
Adverse,REF,w4,2037,11,WIND,210.2552812,2037-11-01
Adverse,REF,w4,2037,12,BIOENERGY,0,2037-12-01
Adverse,REF,w4,2037,12,DIESEL,0,2037-12-01
Adverse,REF,w4,2037,12,FUEL OIL,64.94698271,2037-12-01
Adverse,REF,w4,2037,12,GAS,0,2037-12-01
Adverse,REF,w4,2037,12,GEOTHERMAL,318.9306506,2037-12-01
Adverse,REF,w4,2037,12,HYDRO,4573.364309,2037-12-01
Adverse,REF,w4,2037,12,IMPORTS,0,2037-12-01
Adverse,REF,w4,2037,12,NUCLEAR,0,2037-12-01
Adverse,REF,w4,2037,12,PV,8.502631837,2037-12-01
Adverse,REF,w4,2037,12,WIND,219.9732678,2037-12-01
Adverse,REF,w4,2038,1,BIOENERGY,0,2038-01-01
Adverse,REF,w4,2038,1,DIESEL,0,2038-01-01
Adverse,REF,w4,2038,1,FUEL OIL,92.33890774,2038-01-01
Adverse,REF,w4,2038,1,GAS,0,2038-01-01
Adverse,REF,w4,2038,1,GEOTHERMAL,120.8229337,2038-01-01
Adverse,REF,w4,2038,1,HYDRO,4623.352659,2038-01-01
Adverse,REF,w4,2038,1,IMPORTS,0,2038-01-01
Adverse,REF,w4,2038,1,NUCLEAR,0,2038-01-01
Adverse,REF,w4,2038,1,PV,7.193721912,2038-01-01
Adverse,REF,w4,2038,1,WIND,217.6506617,2038-01-01
Adverse,REF,w4,2038,2,BIOENERGY,0,2038-02-01
Adverse,REF,w4,2038,2,DIESEL,0,2038-02-01
Adverse,REF,w4,2038,2,FUEL OIL,61.7952552,2038-02-01
Adverse,REF,w4,2038,2,GAS,0,2038-02-01
Adverse,REF,w4,2038,2,GEOTHERMAL,129.8374017,2038-02-01
Adverse,REF,w4,2038,2,HYDRO,4628.46803,2038-02-01
Adverse,REF,w4,2038,2,IMPORTS,0,2038-02-01
Adverse,REF,w4,2038,2,NUCLEAR,0,2038-02-01
Adverse,REF,w4,2038,2,PV,9.188276563,2038-02-01
Adverse,REF,w4,2038,2,WIND,206.7675924,2038-02-01
Adverse,REF,w4,2038,3,BIOENERGY,0,2038-03-01
Adverse,REF,w4,2038,3,DIESEL,0,2038-03-01
Adverse,REF,w4,2038,3,FUEL OIL,57.51125587,2038-03-01
Adverse,REF,w4,2038,3,GAS,0,2038-03-01
Adverse,REF,w4,2038,3,GEOTHERMAL,121.3937719,2038-03-01
Adverse,REF,w4,2038,3,HYDRO,4723.548928,2038-03-01
Adverse,REF,w4,2038,3,IMPORTS,0,2038-03-01
Adverse,REF,w4,2038,3,NUCLEAR,0,2038-03-01
Adverse,REF,w4,2038,3,PV,8.393471169,2038-03-01
Adverse,REF,w4,2038,3,WIND,212.9901924,2038-03-01
Adverse,REF,w4,2038,4,BIOENERGY,0,2038-04-01
Adverse,REF,w4,2038,4,DIESEL,0,2038-04-01
Adverse,REF,w4,2038,4,FUEL OIL,163.1962338,2038-04-01
Adverse,REF,w4,2038,4,GAS,0,2038-04-01
Adverse,REF,w4,2038,4,GEOTHERMAL,128.8441844,2038-04-01
Adverse,REF,w4,2038,4,HYDRO,4642.710395,2038-04-01
Adverse,REF,w4,2038,4,IMPORTS,0,2038-04-01
Adverse,REF,w4,2038,4,NUCLEAR,0,2038-04-01
Adverse,REF,w4,2038,4,PV,9.042366077,2038-04-01
Adverse,REF,w4,2038,4,WIND,206.0951329,2038-04-01
Adverse,REF,w4,2038,5,BIOENERGY,92.77147157,2038-05-01
Adverse,REF,w4,2038,5,DIESEL,71.63413982,2038-05-01
Adverse,REF,w4,2038,5,FUEL OIL,1221.174537,2038-05-01
Adverse,REF,w4,2038,5,GAS,232.1657054,2038-05-01
Adverse,REF,w4,2038,5,GEOTHERMAL,499.175013,2038-05-01
Adverse,REF,w4,2038,5,HYDRO,2746.09986,2038-05-01
Adverse,REF,w4,2038,5,IMPORTS,0,2038-05-01
Adverse,REF,w4,2038,5,NUCLEAR,0,2038-05-01
Adverse,REF,w4,2038,5,PV,10.28277624,2038-05-01
Adverse,REF,w4,2038,5,WIND,251.0945365,2038-05-01
Adverse,REF,w4,2038,6,BIOENERGY,90.06501602,2038-06-01
Adverse,REF,w4,2038,6,DIESEL,39.04915477,2038-06-01
Adverse,REF,w4,2038,6,FUEL OIL,1115.060744,2038-06-01
Adverse,REF,w4,2038,6,GAS,299.5099924,2038-06-01
Adverse,REF,w4,2038,6,GEOTHERMAL,501.2312546,2038-06-01
Adverse,REF,w4,2038,6,HYDRO,2712.099595,2038-06-01
Adverse,REF,w4,2038,6,IMPORTS,0,2038-06-01
Adverse,REF,w4,2038,6,NUCLEAR,0,2038-06-01
Adverse,REF,w4,2038,6,PV,10.84267327,2038-06-01
Adverse,REF,w4,2038,6,WIND,243.7829809,2038-06-01
Adverse,REF,w4,2038,7,BIOENERGY,93.22957236,2038-07-01
Adverse,REF,w4,2038,7,DIESEL,32.25469663,2038-07-01
Adverse,REF,w4,2038,7,FUEL OIL,1246.519529,2038-07-01
Adverse,REF,w4,2038,7,GAS,161.7684701,2038-07-01
Adverse,REF,w4,2038,7,GEOTHERMAL,502.2238291,2038-07-01
Adverse,REF,w4,2038,7,HYDRO,2648.36559,2038-07-01
Adverse,REF,w4,2038,7,IMPORTS,0,2038-07-01
Adverse,REF,w4,2038,7,NUCLEAR,0,2038-07-01
Adverse,REF,w4,2038,7,PV,10.18126776,2038-07-01
Adverse,REF,w4,2038,7,WIND,250.6575074,2038-07-01
Adverse,REF,w4,2038,8,BIOENERGY,98.03149659,2038-08-01
Adverse,REF,w4,2038,8,DIESEL,40.42494009,2038-08-01
Adverse,REF,w4,2038,8,FUEL OIL,1220.170183,2038-08-01
Adverse,REF,w4,2038,8,GAS,253.0069152,2038-08-01
Adverse,REF,w4,2038,8,GEOTHERMAL,504.1570934,2038-08-01
Adverse,REF,w4,2038,8,HYDRO,2560.775231,2038-08-01
Adverse,REF,w4,2038,8,IMPORTS,0,2038-08-01
Adverse,REF,w4,2038,8,NUCLEAR,0,2038-08-01
Adverse,REF,w4,2038,8,PV,11.52150521,2038-08-01
Adverse,REF,w4,2038,8,WIND,243.5788907,2038-08-01
Adverse,REF,w4,2038,9,BIOENERGY,98.86970922,2038-09-01
Adverse,REF,w4,2038,9,DIESEL,39.05798448,2038-09-01
Adverse,REF,w4,2038,9,FUEL OIL,1071.565828,2038-09-01
Adverse,REF,w4,2038,9,GAS,267.6813772,2038-09-01
Adverse,REF,w4,2038,9,GEOTHERMAL,482.9088779,2038-09-01
Adverse,REF,w4,2038,9,HYDRO,2833.819973,2038-09-01
Adverse,REF,w4,2038,9,IMPORTS,0,2038-09-01
Adverse,REF,w4,2038,9,NUCLEAR,0,2038-09-01
Adverse,REF,w4,2038,9,PV,10.01875644,2038-09-01
Adverse,REF,w4,2038,9,WIND,243.000812,2038-09-01
Adverse,REF,w4,2038,10,BIOENERGY,97.88413816,2038-10-01
Adverse,REF,w4,2038,10,DIESEL,39.5482311,2038-10-01
Adverse,REF,w4,2038,10,FUEL OIL,1150.117364,2038-10-01
Adverse,REF,w4,2038,10,GAS,237.266497,2038-10-01
Adverse,REF,w4,2038,10,GEOTHERMAL,506.7020454,2038-10-01
Adverse,REF,w4,2038,10,HYDRO,2777.604843,2038-10-01
Adverse,REF,w4,2038,10,IMPORTS,0,2038-10-01
Adverse,REF,w4,2038,10,NUCLEAR,0,2038-10-01
Adverse,REF,w4,2038,10,PV,9.871596906,2038-10-01
Adverse,REF,w4,2038,10,WIND,244.4666115,2038-10-01
Adverse,REF,w4,2038,11,BIOENERGY,0,2038-11-01
Adverse,REF,w4,2038,11,DIESEL,0,2038-11-01
Adverse,REF,w4,2038,11,FUEL OIL,127.2975564,2038-11-01
Adverse,REF,w4,2038,11,GAS,0,2038-11-01
Adverse,REF,w4,2038,11,GEOTHERMAL,0,2038-11-01
Adverse,REF,w4,2038,11,HYDRO,4808.780187,2038-11-01
Adverse,REF,w4,2038,11,IMPORTS,0,2038-11-01
Adverse,REF,w4,2038,11,NUCLEAR,0,2038-11-01
Adverse,REF,w4,2038,11,PV,9.231050216,2038-11-01
Adverse,REF,w4,2038,11,WIND,220.6175899,2038-11-01
Adverse,REF,w4,2038,12,BIOENERGY,0,2038-12-01
Adverse,REF,w4,2038,12,DIESEL,0,2038-12-01
Adverse,REF,w4,2038,12,FUEL OIL,139.2248221,2038-12-01
Adverse,REF,w4,2038,12,GAS,0,2038-12-01
Adverse,REF,w4,2038,12,GEOTHERMAL,132.2845985,2038-12-01
Adverse,REF,w4,2038,12,HYDRO,4789.418471,2038-12-01
Adverse,REF,w4,2038,12,IMPORTS,0,2038-12-01
Adverse,REF,w4,2038,12,NUCLEAR,0,2038-12-01
Adverse,REF,w4,2038,12,PV,8.658923326,2038-12-01
Adverse,REF,w4,2038,12,WIND,219.8453845,2038-12-01
Adverse,REF,w4,2039,1,BIOENERGY,0,2039-01-01
Adverse,REF,w4,2039,1,DIESEL,0,2039-01-01
Adverse,REF,w4,2039,1,FUEL OIL,162.2353348,2039-01-01
Adverse,REF,w4,2039,1,GAS,0,2039-01-01
Adverse,REF,w4,2039,1,GEOTHERMAL,0,2039-01-01
Adverse,REF,w4,2039,1,HYDRO,4737.972189,2039-01-01
Adverse,REF,w4,2039,1,IMPORTS,47.99749407,2039-01-01
Adverse,REF,w4,2039,1,NUCLEAR,0,2039-01-01
Adverse,REF,w4,2039,1,PV,7.715953626,2039-01-01
Adverse,REF,w4,2039,1,WIND,206.6650907,2039-01-01
Adverse,REF,w4,2039,2,BIOENERGY,0,2039-02-01
Adverse,REF,w4,2039,2,DIESEL,0,2039-02-01
Adverse,REF,w4,2039,2,FUEL OIL,166.7164631,2039-02-01
Adverse,REF,w4,2039,2,GAS,0,2039-02-01
Adverse,REF,w4,2039,2,GEOTHERMAL,123.4273257,2039-02-01
Adverse,REF,w4,2039,2,HYDRO,4622.715436,2039-02-01
Adverse,REF,w4,2039,2,IMPORTS,0,2039-02-01
Adverse,REF,w4,2039,2,NUCLEAR,0,2039-02-01
Adverse,REF,w4,2039,2,PV,8.393341375,2039-02-01
Adverse,REF,w4,2039,2,WIND,215.5251214,2039-02-01
Adverse,REF,w4,2039,3,BIOENERGY,0,2039-03-01
Adverse,REF,w4,2039,3,DIESEL,0,2039-03-01
Adverse,REF,w4,2039,3,FUEL OIL,161.5410189,2039-03-01
Adverse,REF,w4,2039,3,GAS,0,2039-03-01
Adverse,REF,w4,2039,3,GEOTHERMAL,122.5782179,2039-03-01
Adverse,REF,w4,2039,3,HYDRO,4724.1071,2039-03-01
Adverse,REF,w4,2039,3,IMPORTS,5.585626321,2039-03-01
Adverse,REF,w4,2039,3,NUCLEAR,0,2039-03-01
Adverse,REF,w4,2039,3,PV,9.420583035,2039-03-01
Adverse,REF,w4,2039,3,WIND,203.0818259,2039-03-01
Adverse,REF,w4,2039,4,BIOENERGY,0,2039-04-01
Adverse,REF,w4,2039,4,DIESEL,0,2039-04-01
Adverse,REF,w4,2039,4,FUEL OIL,95.94727317,2039-04-01
Adverse,REF,w4,2039,4,GAS,0,2039-04-01
Adverse,REF,w4,2039,4,GEOTHERMAL,127.9557191,2039-04-01
Adverse,REF,w4,2039,4,HYDRO,4802.128304,2039-04-01
Adverse,REF,w4,2039,4,IMPORTS,0,2039-04-01
Adverse,REF,w4,2039,4,NUCLEAR,0,2039-04-01
Adverse,REF,w4,2039,4,PV,8.502138604,2039-04-01
Adverse,REF,w4,2039,4,WIND,218.3526438,2039-04-01
Adverse,REF,w4,2039,5,BIOENERGY,95.55579927,2039-05-01
Adverse,REF,w4,2039,5,DIESEL,74.83242207,2039-05-01
Adverse,REF,w4,2039,5,FUEL OIL,1181.988618,2039-05-01
Adverse,REF,w4,2039,5,GAS,432.7154526,2039-05-01
Adverse,REF,w4,2039,5,GEOTHERMAL,501.9715383,2039-05-01
Adverse,REF,w4,2039,5,HYDRO,2679.845013,2039-05-01
Adverse,REF,w4,2039,5,IMPORTS,0,2039-05-01
Adverse,REF,w4,2039,5,NUCLEAR,0,2039-05-01
Adverse,REF,w4,2039,5,PV,9.141352046,2039-05-01
Adverse,REF,w4,2039,5,WIND,250.835804,2039-05-01
Adverse,REF,w4,2039,6,BIOENERGY,93.83526387,2039-06-01
Adverse,REF,w4,2039,6,DIESEL,71.75500939,2039-06-01
Adverse,REF,w4,2039,6,FUEL OIL,1162.523224,2039-06-01
Adverse,REF,w4,2039,6,GAS,390.4673045,2039-06-01
Adverse,REF,w4,2039,6,GEOTHERMAL,494.8699812,2039-06-01
Adverse,REF,w4,2039,6,HYDRO,2645.392923,2039-06-01
Adverse,REF,w4,2039,6,IMPORTS,0,2039-06-01
Adverse,REF,w4,2039,6,NUCLEAR,0,2039-06-01
Adverse,REF,w4,2039,6,PV,11.86368167,2039-06-01
Adverse,REF,w4,2039,6,WIND,241.1668518,2039-06-01
Adverse,REF,w4,2039,7,BIOENERGY,95.52091215,2039-07-01
Adverse,REF,w4,2039,7,DIESEL,40.11197122,2039-07-01
Adverse,REF,w4,2039,7,FUEL OIL,1196.420589,2039-07-01
Adverse,REF,w4,2039,7,GAS,246.9223138,2039-07-01
Adverse,REF,w4,2039,7,GEOTHERMAL,503.0657705,2039-07-01
Adverse,REF,w4,2039,7,HYDRO,2705.516701,2039-07-01
Adverse,REF,w4,2039,7,IMPORTS,0,2039-07-01
Adverse,REF,w4,2039,7,NUCLEAR,0,2039-07-01
Adverse,REF,w4,2039,7,PV,10.88313838,2039-07-01
Adverse,REF,w4,2039,7,WIND,245.6630753,2039-07-01
Adverse,REF,w4,2039,8,BIOENERGY,95.47662156,2039-08-01
Adverse,REF,w4,2039,8,DIESEL,31.50221625,2039-08-01
Adverse,REF,w4,2039,8,FUEL OIL,1107.467926,2039-08-01
Adverse,REF,w4,2039,8,GAS,245.6355533,2039-08-01
Adverse,REF,w4,2039,8,GEOTHERMAL,516.8879318,2039-08-01
Adverse,REF,w4,2039,8,HYDRO,2794.912752,2039-08-01
Adverse,REF,w4,2039,8,IMPORTS,0,2039-08-01
Adverse,REF,w4,2039,8,NUCLEAR,0,2039-08-01
Adverse,REF,w4,2039,8,PV,9.106158791,2039-08-01
Adverse,REF,w4,2039,8,WIND,229.3104205,2039-08-01
Adverse,REF,w4,2039,9,BIOENERGY,94.32919519,2039-09-01
Adverse,REF,w4,2039,9,DIESEL,105.1238441,2039-09-01
Adverse,REF,w4,2039,9,FUEL OIL,1097.102846,2039-09-01
Adverse,REF,w4,2039,9,GAS,426.0971937,2039-09-01
Adverse,REF,w4,2039,9,GEOTHERMAL,496.0243657,2039-09-01
Adverse,REF,w4,2039,9,HYDRO,2684.95079,2039-09-01
Adverse,REF,w4,2039,9,IMPORTS,0,2039-09-01
Adverse,REF,w4,2039,9,NUCLEAR,0,2039-09-01
Adverse,REF,w4,2039,9,PV,11.68022617,2039-09-01
Adverse,REF,w4,2039,9,WIND,232.5533246,2039-09-01
Adverse,REF,w4,2039,10,BIOENERGY,88.7984453,2039-10-01
Adverse,REF,w4,2039,10,DIESEL,72.56143769,2039-10-01
Adverse,REF,w4,2039,10,FUEL OIL,1287.254739,2039-10-01
Adverse,REF,w4,2039,10,GAS,363.0337709,2039-10-01
Adverse,REF,w4,2039,10,GEOTHERMAL,499.291084,2039-10-01
Adverse,REF,w4,2039,10,HYDRO,2612.019189,2039-10-01
Adverse,REF,w4,2039,10,IMPORTS,0,2039-10-01
Adverse,REF,w4,2039,10,NUCLEAR,0,2039-10-01
Adverse,REF,w4,2039,10,PV,9.226616675,2039-10-01
Adverse,REF,w4,2039,10,WIND,232.5452712,2039-10-01
Adverse,REF,w4,2039,11,BIOENERGY,0,2039-11-01
Adverse,REF,w4,2039,11,DIESEL,0,2039-11-01
Adverse,REF,w4,2039,11,FUEL OIL,70.60514651,2039-11-01
Adverse,REF,w4,2039,11,GAS,0,2039-11-01
Adverse,REF,w4,2039,11,GEOTHERMAL,210.9390675,2039-11-01
Adverse,REF,w4,2039,11,HYDRO,4763.328888,2039-11-01
Adverse,REF,w4,2039,11,IMPORTS,0,2039-11-01
Adverse,REF,w4,2039,11,NUCLEAR,0,2039-11-01
Adverse,REF,w4,2039,11,PV,8.66863176,2039-11-01
Adverse,REF,w4,2039,11,WIND,215.7031779,2039-11-01
Adverse,REF,w4,2039,12,BIOENERGY,0,2039-12-01
Adverse,REF,w4,2039,12,DIESEL,0,2039-12-01
Adverse,REF,w4,2039,12,FUEL OIL,156.9271047,2039-12-01
Adverse,REF,w4,2039,12,GAS,0,2039-12-01
Adverse,REF,w4,2039,12,GEOTHERMAL,122.2110729,2039-12-01
Adverse,REF,w4,2039,12,HYDRO,4859.531092,2039-12-01
Adverse,REF,w4,2039,12,IMPORTS,40.34295734,2039-12-01
Adverse,REF,w4,2039,12,NUCLEAR,0,2039-12-01
Adverse,REF,w4,2039,12,PV,8.976859968,2039-12-01
Adverse,REF,w4,2039,12,WIND,207.2317562,2039-12-01
Adverse,REF,w4,2040,1,BIOENERGY,0,2040-01-01
Adverse,REF,w4,2040,1,DIESEL,0,2040-01-01
Adverse,REF,w4,2040,1,FUEL OIL,67.03280801,2040-01-01
Adverse,REF,w4,2040,1,GAS,0,2040-01-01
Adverse,REF,w4,2040,1,GEOTHERMAL,0,2040-01-01
Adverse,REF,w4,2040,1,HYDRO,4697.866828,2040-01-01
Adverse,REF,w4,2040,1,IMPORTS,0,2040-01-01
Adverse,REF,w4,2040,1,NUCLEAR,291.6888917,2040-01-01
Adverse,REF,w4,2040,1,PV,10.05346959,2040-01-01
Adverse,REF,w4,2040,1,WIND,199.1957865,2040-01-01
Adverse,REF,w4,2040,2,BIOENERGY,0,2040-02-01
Adverse,REF,w4,2040,2,DIESEL,0,2040-02-01
Adverse,REF,w4,2040,2,FUEL OIL,72.23212326,2040-02-01
Adverse,REF,w4,2040,2,GAS,0,2040-02-01
Adverse,REF,w4,2040,2,GEOTHERMAL,0,2040-02-01
Adverse,REF,w4,2040,2,HYDRO,4661.570253,2040-02-01
Adverse,REF,w4,2040,2,IMPORTS,0,2040-02-01
Adverse,REF,w4,2040,2,NUCLEAR,282.4611039,2040-02-01
Adverse,REF,w4,2040,2,PV,9.91941237,2040-02-01
Adverse,REF,w4,2040,2,WIND,213.3303489,2040-02-01
Adverse,REF,w4,2040,3,BIOENERGY,0,2040-03-01
Adverse,REF,w4,2040,3,DIESEL,0,2040-03-01
Adverse,REF,w4,2040,3,FUEL OIL,72.88389069,2040-03-01
Adverse,REF,w4,2040,3,GAS,0,2040-03-01
Adverse,REF,w4,2040,3,GEOTHERMAL,0,2040-03-01
Adverse,REF,w4,2040,3,HYDRO,4823.97495,2040-03-01
Adverse,REF,w4,2040,3,IMPORTS,0,2040-03-01
Adverse,REF,w4,2040,3,NUCLEAR,216.8721418,2040-03-01
Adverse,REF,w4,2040,3,PV,7.567910028,2040-03-01
Adverse,REF,w4,2040,3,WIND,209.541767,2040-03-01
Adverse,REF,w4,2040,4,BIOENERGY,0,2040-04-01
Adverse,REF,w4,2040,4,DIESEL,0,2040-04-01
Adverse,REF,w4,2040,4,FUEL OIL,75.69842365,2040-04-01
Adverse,REF,w4,2040,4,GAS,0,2040-04-01
Adverse,REF,w4,2040,4,GEOTHERMAL,0,2040-04-01
Adverse,REF,w4,2040,4,HYDRO,4639.234962,2040-04-01
Adverse,REF,w4,2040,4,IMPORTS,0,2040-04-01
Adverse,REF,w4,2040,4,NUCLEAR,425.9273771,2040-04-01
Adverse,REF,w4,2040,4,PV,8.648345391,2040-04-01
Adverse,REF,w4,2040,4,WIND,208.4346917,2040-04-01
Adverse,REF,w4,2040,5,BIOENERGY,89.6085555,2040-05-01
Adverse,REF,w4,2040,5,DIESEL,0,2040-05-01
Adverse,REF,w4,2040,5,FUEL OIL,914.805225,2040-05-01
Adverse,REF,w4,2040,5,GAS,116.754794,2040-05-01
Adverse,REF,w4,2040,5,GEOTHERMAL,484.4150876,2040-05-01
Adverse,REF,w4,2040,5,HYDRO,2801.891236,2040-05-01
Adverse,REF,w4,2040,5,IMPORTS,0,2040-05-01
Adverse,REF,w4,2040,5,NUCLEAR,669.510423,2040-05-01
Adverse,REF,w4,2040,5,PV,9.182600342,2040-05-01
Adverse,REF,w4,2040,5,WIND,245.2557983,2040-05-01
Adverse,REF,w4,2040,6,BIOENERGY,91.4978016,2040-06-01
Adverse,REF,w4,2040,6,DIESEL,0,2040-06-01
Adverse,REF,w4,2040,6,FUEL OIL,929.9916647,2040-06-01
Adverse,REF,w4,2040,6,GAS,116.8977923,2040-06-01
Adverse,REF,w4,2040,6,GEOTHERMAL,473.4074734,2040-06-01
Adverse,REF,w4,2040,6,HYDRO,2667.472845,2040-06-01
Adverse,REF,w4,2040,6,IMPORTS,0,2040-06-01
Adverse,REF,w4,2040,6,NUCLEAR,680.3229298,2040-06-01
Adverse,REF,w4,2040,6,PV,10.57647717,2040-06-01
Adverse,REF,w4,2040,6,WIND,243.9447408,2040-06-01
Adverse,REF,w4,2040,7,BIOENERGY,91.24245726,2040-07-01
Adverse,REF,w4,2040,7,DIESEL,0,2040-07-01
Adverse,REF,w4,2040,7,FUEL OIL,814.8414348,2040-07-01
Adverse,REF,w4,2040,7,GAS,118.7554274,2040-07-01
Adverse,REF,w4,2040,7,GEOTHERMAL,482.1556223,2040-07-01
Adverse,REF,w4,2040,7,HYDRO,2718.848009,2040-07-01
Adverse,REF,w4,2040,7,IMPORTS,0,2040-07-01
Adverse,REF,w4,2040,7,NUCLEAR,681.7348887,2040-07-01
Adverse,REF,w4,2040,7,PV,10.89480856,2040-07-01
Adverse,REF,w4,2040,7,WIND,226.5139131,2040-07-01
Adverse,REF,w4,2040,8,BIOENERGY,93.44676171,2040-08-01
Adverse,REF,w4,2040,8,DIESEL,0,2040-08-01
Adverse,REF,w4,2040,8,FUEL OIL,784.2407086,2040-08-01
Adverse,REF,w4,2040,8,GAS,118.6334027,2040-08-01
Adverse,REF,w4,2040,8,GEOTHERMAL,478.3666696,2040-08-01
Adverse,REF,w4,2040,8,HYDRO,2718.254966,2040-08-01
Adverse,REF,w4,2040,8,IMPORTS,0,2040-08-01
Adverse,REF,w4,2040,8,NUCLEAR,682.8364259,2040-08-01
Adverse,REF,w4,2040,8,PV,11.01493098,2040-08-01
Adverse,REF,w4,2040,8,WIND,244.1117065,2040-08-01
Adverse,REF,w4,2040,9,BIOENERGY,85.92277914,2040-09-01
Adverse,REF,w4,2040,9,DIESEL,0,2040-09-01
Adverse,REF,w4,2040,9,FUEL OIL,938.683982,2040-09-01
Adverse,REF,w4,2040,9,GAS,116.6751129,2040-09-01
Adverse,REF,w4,2040,9,GEOTHERMAL,463.4988438,2040-09-01
Adverse,REF,w4,2040,9,HYDRO,2727.924337,2040-09-01
Adverse,REF,w4,2040,9,IMPORTS,0,2040-09-01
Adverse,REF,w4,2040,9,NUCLEAR,679.6579174,2040-09-01
Adverse,REF,w4,2040,9,PV,10.8481776,2040-09-01
Adverse,REF,w4,2040,9,WIND,227.6078709,2040-09-01
Adverse,REF,w4,2040,10,BIOENERGY,88.94735942,2040-10-01
Adverse,REF,w4,2040,10,DIESEL,0,2040-10-01
Adverse,REF,w4,2040,10,FUEL OIL,717.2643563,2040-10-01
Adverse,REF,w4,2040,10,GAS,115.9715321,2040-10-01
Adverse,REF,w4,2040,10,GEOTHERMAL,457.8440928,2040-10-01
Adverse,REF,w4,2040,10,HYDRO,2961.358895,2040-10-01
Adverse,REF,w4,2040,10,IMPORTS,0,2040-10-01
Adverse,REF,w4,2040,10,NUCLEAR,682.180761,2040-10-01
Adverse,REF,w4,2040,10,PV,10.71561252,2040-10-01
Adverse,REF,w4,2040,10,WIND,233.7425554,2040-10-01
Adverse,REF,w4,2040,11,BIOENERGY,0,2040-11-01
Adverse,REF,w4,2040,11,DIESEL,0,2040-11-01
Adverse,REF,w4,2040,11,FUEL OIL,78.63547932,2040-11-01
Adverse,REF,w4,2040,11,GAS,0,2040-11-01
Adverse,REF,w4,2040,11,GEOTHERMAL,0,2040-11-01
Adverse,REF,w4,2040,11,HYDRO,4897.634429,2040-11-01
Adverse,REF,w4,2040,11,IMPORTS,0,2040-11-01
Adverse,REF,w4,2040,11,NUCLEAR,174.155789,2040-11-01
Adverse,REF,w4,2040,11,PV,8.796109406,2040-11-01
Adverse,REF,w4,2040,11,WIND,215.4080032,2040-11-01
Adverse,REF,w4,2040,12,BIOENERGY,0,2040-12-01
Adverse,REF,w4,2040,12,DIESEL,0,2040-12-01
Adverse,REF,w4,2040,12,FUEL OIL,87.80260979,2040-12-01
Adverse,REF,w4,2040,12,GAS,0,2040-12-01
Adverse,REF,w4,2040,12,GEOTHERMAL,125.2540998,2040-12-01
Adverse,REF,w4,2040,12,HYDRO,4865.624481,2040-12-01
Adverse,REF,w4,2040,12,IMPORTS,0,2040-12-01
Adverse,REF,w4,2040,12,NUCLEAR,213.4703077,2040-12-01
Adverse,REF,w4,2040,12,PV,8.601136611,2040-12-01
Adverse,REF,w4,2040,12,WIND,202.3726249,2040-12-01
Adverse,REF,w4,2041,1,BIOENERGY,0,2041-01-01
Adverse,REF,w4,2041,1,DIESEL,0,2041-01-01
Adverse,REF,w4,2041,1,FUEL OIL,33.27586519,2041-01-01
Adverse,REF,w4,2041,1,GAS,0,2041-01-01
Adverse,REF,w4,2041,1,GEOTHERMAL,0,2041-01-01
Adverse,REF,w4,2041,1,HYDRO,4801.153953,2041-01-01
Adverse,REF,w4,2041,1,IMPORTS,0,2041-01-01
Adverse,REF,w4,2041,1,NUCLEAR,146.3853139,2041-01-01
Adverse,REF,w4,2041,1,PV,52.08613917,2041-01-01
Adverse,REF,w4,2041,1,WIND,338.2532678,2041-01-01
Adverse,REF,w4,2041,2,BIOENERGY,0,2041-02-01
Adverse,REF,w4,2041,2,DIESEL,0,2041-02-01
Adverse,REF,w4,2041,2,FUEL OIL,32.47574181,2041-02-01
Adverse,REF,w4,2041,2,GAS,0,2041-02-01
Adverse,REF,w4,2041,2,GEOTHERMAL,0,2041-02-01
Adverse,REF,w4,2041,2,HYDRO,4709.825121,2041-02-01
Adverse,REF,w4,2041,2,IMPORTS,0,2041-02-01
Adverse,REF,w4,2041,2,NUCLEAR,206.3930413,2041-02-01
Adverse,REF,w4,2041,2,PV,52.9742134,2041-02-01
Adverse,REF,w4,2041,2,WIND,342.6353886,2041-02-01
Adverse,REF,w4,2041,3,BIOENERGY,0,2041-03-01
Adverse,REF,w4,2041,3,DIESEL,0,2041-03-01
Adverse,REF,w4,2041,3,FUEL OIL,31.39594134,2041-03-01
Adverse,REF,w4,2041,3,GAS,0,2041-03-01
Adverse,REF,w4,2041,3,GEOTHERMAL,0,2041-03-01
Adverse,REF,w4,2041,3,HYDRO,4773.768227,2041-03-01
Adverse,REF,w4,2041,3,IMPORTS,0,2041-03-01
Adverse,REF,w4,2041,3,NUCLEAR,236.9200839,2041-03-01
Adverse,REF,w4,2041,3,PV,57.84770075,2041-03-01
Adverse,REF,w4,2041,3,WIND,337.5255193,2041-03-01
Adverse,REF,w4,2041,4,BIOENERGY,0,2041-04-01
Adverse,REF,w4,2041,4,DIESEL,0,2041-04-01
Adverse,REF,w4,2041,4,FUEL OIL,42.23484135,2041-04-01
Adverse,REF,w4,2041,4,GAS,0,2041-04-01
Adverse,REF,w4,2041,4,GEOTHERMAL,0,2041-04-01
Adverse,REF,w4,2041,4,HYDRO,4801.223294,2041-04-01
Adverse,REF,w4,2041,4,IMPORTS,0,2041-04-01
Adverse,REF,w4,2041,4,NUCLEAR,229.4148749,2041-04-01
Adverse,REF,w4,2041,4,PV,48.56729104,2041-04-01
Adverse,REF,w4,2041,4,WIND,343.6623749,2041-04-01
Adverse,REF,w4,2041,5,BIOENERGY,88.51750459,2041-05-01
Adverse,REF,w4,2041,5,DIESEL,38.89699027,2041-05-01
Adverse,REF,w4,2041,5,FUEL OIL,995.4011127,2041-05-01
Adverse,REF,w4,2041,5,GAS,115.1630028,2041-05-01
Adverse,REF,w4,2041,5,GEOTHERMAL,479.8590268,2041-05-01
Adverse,REF,w4,2041,5,HYDRO,2553.192283,2041-05-01
Adverse,REF,w4,2041,5,IMPORTS,0,2041-05-01
Adverse,REF,w4,2041,5,NUCLEAR,691.5675864,2041-05-01
Adverse,REF,w4,2041,5,PV,64.92344607,2041-05-01
Adverse,REF,w4,2041,5,WIND,410.531241,2041-05-01
Adverse,REF,w4,2041,6,BIOENERGY,86.5237616,2041-06-01
Adverse,REF,w4,2041,6,DIESEL,0,2041-06-01
Adverse,REF,w4,2041,6,FUEL OIL,721.3642959,2041-06-01
Adverse,REF,w4,2041,6,GAS,115.3430688,2041-06-01
Adverse,REF,w4,2041,6,GEOTHERMAL,471.6117398,2041-06-01
Adverse,REF,w4,2041,6,HYDRO,2819.317552,2041-06-01
Adverse,REF,w4,2041,6,IMPORTS,0,2041-06-01
Adverse,REF,w4,2041,6,NUCLEAR,674.1617463,2041-06-01
Adverse,REF,w4,2041,6,PV,60.94104566,2041-06-01
Adverse,REF,w4,2041,6,WIND,369.130749,2041-06-01
Adverse,REF,w4,2041,7,BIOENERGY,84.54733594,2041-07-01
Adverse,REF,w4,2041,7,DIESEL,0,2041-07-01
Adverse,REF,w4,2041,7,FUEL OIL,616.6006732,2041-07-01
Adverse,REF,w4,2041,7,GAS,115.8595646,2041-07-01
Adverse,REF,w4,2041,7,GEOTHERMAL,466.9423345,2041-07-01
Adverse,REF,w4,2041,7,HYDRO,2803.01858,2041-07-01
Adverse,REF,w4,2041,7,IMPORTS,0,2041-07-01
Adverse,REF,w4,2041,7,NUCLEAR,671.1174796,2041-07-01
Adverse,REF,w4,2041,7,PV,67.39252157,2041-07-01
Adverse,REF,w4,2041,7,WIND,422.407803,2041-07-01
Adverse,REF,w4,2041,8,BIOENERGY,88.8297648,2041-08-01
Adverse,REF,w4,2041,8,DIESEL,0,2041-08-01
Adverse,REF,w4,2041,8,FUEL OIL,632.8747326,2041-08-01
Adverse,REF,w4,2041,8,GAS,116.2462804,2041-08-01
Adverse,REF,w4,2041,8,GEOTHERMAL,466.2058121,2041-08-01
Adverse,REF,w4,2041,8,HYDRO,2789.566948,2041-08-01
Adverse,REF,w4,2041,8,IMPORTS,0,2041-08-01
Adverse,REF,w4,2041,8,NUCLEAR,681.710175,2041-08-01
Adverse,REF,w4,2041,8,PV,60.97350643,2041-08-01
Adverse,REF,w4,2041,8,WIND,397.1164646,2041-08-01
Adverse,REF,w4,2041,9,BIOENERGY,93.34626713,2041-09-01
Adverse,REF,w4,2041,9,DIESEL,0,2041-09-01
Adverse,REF,w4,2041,9,FUEL OIL,932.7306876,2041-09-01
Adverse,REF,w4,2041,9,GAS,116.339585,2041-09-01
Adverse,REF,w4,2041,9,GEOTHERMAL,473.7747632,2041-09-01
Adverse,REF,w4,2041,9,HYDRO,2627.594775,2041-09-01
Adverse,REF,w4,2041,9,IMPORTS,0,2041-09-01
Adverse,REF,w4,2041,9,NUCLEAR,675.1936821,2041-09-01
Adverse,REF,w4,2041,9,PV,62.94212588,2041-09-01
Adverse,REF,w4,2041,9,WIND,373.913515,2041-09-01
Adverse,REF,w4,2041,10,BIOENERGY,92.99753623,2041-10-01
Adverse,REF,w4,2041,10,DIESEL,0,2041-10-01
Adverse,REF,w4,2041,10,FUEL OIL,826.3035525,2041-10-01
Adverse,REF,w4,2041,10,GAS,117.2779393,2041-10-01
Adverse,REF,w4,2041,10,GEOTHERMAL,466.8540759,2041-10-01
Adverse,REF,w4,2041,10,HYDRO,2764.902406,2041-10-01
Adverse,REF,w4,2041,10,IMPORTS,0,2041-10-01
Adverse,REF,w4,2041,10,NUCLEAR,678.319079,2041-10-01
Adverse,REF,w4,2041,10,PV,56.487904,2041-10-01
Adverse,REF,w4,2041,10,WIND,370.2431752,2041-10-01
Adverse,REF,w4,2041,11,BIOENERGY,0,2041-11-01
Adverse,REF,w4,2041,11,DIESEL,0,2041-11-01
Adverse,REF,w4,2041,11,FUEL OIL,35.45988169,2041-11-01
Adverse,REF,w4,2041,11,GAS,0,2041-11-01
Adverse,REF,w4,2041,11,GEOTHERMAL,51.33392953,2041-11-01
Adverse,REF,w4,2041,11,HYDRO,4794.663331,2041-11-01
Adverse,REF,w4,2041,11,IMPORTS,0,2041-11-01
Adverse,REF,w4,2041,11,NUCLEAR,191.9176664,2041-11-01
Adverse,REF,w4,2041,11,PV,55.84782478,2041-11-01
Adverse,REF,w4,2041,11,WIND,352.8997721,2041-11-01
Adverse,REF,w4,2041,12,BIOENERGY,0,2041-12-01
Adverse,REF,w4,2041,12,DIESEL,0,2041-12-01
Adverse,REF,w4,2041,12,FUEL OIL,46.11474876,2041-12-01
Adverse,REF,w4,2041,12,GAS,0,2041-12-01
Adverse,REF,w4,2041,12,GEOTHERMAL,73.93057299,2041-12-01
Adverse,REF,w4,2041,12,HYDRO,4932.546501,2041-12-01
Adverse,REF,w4,2041,12,IMPORTS,0,2041-12-01
Adverse,REF,w4,2041,12,NUCLEAR,157.3499333,2041-12-01
Adverse,REF,w4,2041,12,PV,58.59594914,2041-12-01
Adverse,REF,w4,2041,12,WIND,344.6500597,2041-12-01
Adverse,REF,w4,2042,1,BIOENERGY,0,2042-01-01
Adverse,REF,w4,2042,1,DIESEL,0,2042-01-01
Adverse,REF,w4,2042,1,FUEL OIL,34.88609913,2042-01-01
Adverse,REF,w4,2042,1,GAS,0,2042-01-01
Adverse,REF,w4,2042,1,GEOTHERMAL,0,2042-01-01
Adverse,REF,w4,2042,1,HYDRO,4621.81698,2042-01-01
Adverse,REF,w4,2042,1,IMPORTS,0,2042-01-01
Adverse,REF,w4,2042,1,NUCLEAR,430.3822548,2042-01-01
Adverse,REF,w4,2042,1,PV,56.02352619,2042-01-01
Adverse,REF,w4,2042,1,WIND,335.4687699,2042-01-01
Adverse,REF,w4,2042,2,BIOENERGY,0,2042-02-01
Adverse,REF,w4,2042,2,DIESEL,0,2042-02-01
Adverse,REF,w4,2042,2,FUEL OIL,35.47981668,2042-02-01
Adverse,REF,w4,2042,2,GAS,0,2042-02-01
Adverse,REF,w4,2042,2,GEOTHERMAL,0,2042-02-01
Adverse,REF,w4,2042,2,HYDRO,4571.556936,2042-02-01
Adverse,REF,w4,2042,2,IMPORTS,0,2042-02-01
Adverse,REF,w4,2042,2,NUCLEAR,435.6624562,2042-02-01
Adverse,REF,w4,2042,2,PV,53.58919728,2042-02-01
Adverse,REF,w4,2042,2,WIND,354.9011697,2042-02-01
Adverse,REF,w4,2042,3,BIOENERGY,0,2042-03-01
Adverse,REF,w4,2042,3,DIESEL,0,2042-03-01
Adverse,REF,w4,2042,3,FUEL OIL,36.9088791,2042-03-01
Adverse,REF,w4,2042,3,GAS,0,2042-03-01
Adverse,REF,w4,2042,3,GEOTHERMAL,0,2042-03-01
Adverse,REF,w4,2042,3,HYDRO,4615.570716,2042-03-01
Adverse,REF,w4,2042,3,IMPORTS,0,2042-03-01
Adverse,REF,w4,2042,3,NUCLEAR,498.1552765,2042-03-01
Adverse,REF,w4,2042,3,PV,57.45078957,2042-03-01
Adverse,REF,w4,2042,3,WIND,338.1209605,2042-03-01
Adverse,REF,w4,2042,4,BIOENERGY,0,2042-04-01
Adverse,REF,w4,2042,4,DIESEL,0,2042-04-01
Adverse,REF,w4,2042,4,FUEL OIL,51.0357767,2042-04-01
Adverse,REF,w4,2042,4,GAS,0,2042-04-01
Adverse,REF,w4,2042,4,GEOTHERMAL,50.01524262,2042-04-01
Adverse,REF,w4,2042,4,HYDRO,4703.479499,2042-04-01
Adverse,REF,w4,2042,4,IMPORTS,0,2042-04-01
Adverse,REF,w4,2042,4,NUCLEAR,367.6224362,2042-04-01
Adverse,REF,w4,2042,4,PV,46.45649652,2042-04-01
Adverse,REF,w4,2042,4,WIND,355.795279,2042-04-01
Adverse,REF,w4,2042,5,BIOENERGY,85.16497298,2042-05-01
Adverse,REF,w4,2042,5,DIESEL,0,2042-05-01
Adverse,REF,w4,2042,5,FUEL OIL,1088.035509,2042-05-01
Adverse,REF,w4,2042,5,GAS,114.843187,2042-05-01
Adverse,REF,w4,2042,5,GEOTHERMAL,470.2018646,2042-05-01
Adverse,REF,w4,2042,5,HYDRO,2658.452465,2042-05-01
Adverse,REF,w4,2042,5,IMPORTS,0,2042-05-01
Adverse,REF,w4,2042,5,NUCLEAR,665.7327611,2042-05-01
Adverse,REF,w4,2042,5,PV,65.89274213,2042-05-01
Adverse,REF,w4,2042,5,WIND,398.4897353,2042-05-01
Adverse,REF,w4,2042,6,BIOENERGY,87.24488929,2042-06-01
Adverse,REF,w4,2042,6,DIESEL,0,2042-06-01
Adverse,REF,w4,2042,6,FUEL OIL,896.5262902,2042-06-01
Adverse,REF,w4,2042,6,GAS,115.8228784,2042-06-01
Adverse,REF,w4,2042,6,GEOTHERMAL,473.8856392,2042-06-01
Adverse,REF,w4,2042,6,HYDRO,2720.200471,2042-06-01
Adverse,REF,w4,2042,6,IMPORTS,0,2042-06-01
Adverse,REF,w4,2042,6,NUCLEAR,667.2379809,2042-06-01
Adverse,REF,w4,2042,6,PV,68.85154187,2042-06-01
Adverse,REF,w4,2042,6,WIND,394.9921474,2042-06-01
Adverse,REF,w4,2042,7,BIOENERGY,89.61157194,2042-07-01
Adverse,REF,w4,2042,7,DIESEL,0,2042-07-01
Adverse,REF,w4,2042,7,FUEL OIL,812.6226566,2042-07-01
Adverse,REF,w4,2042,7,GAS,115.5830132,2042-07-01
Adverse,REF,w4,2042,7,GEOTHERMAL,468.3383554,2042-07-01
Adverse,REF,w4,2042,7,HYDRO,2749.393253,2042-07-01
Adverse,REF,w4,2042,7,IMPORTS,0,2042-07-01
Adverse,REF,w4,2042,7,NUCLEAR,667.0138548,2042-07-01
Adverse,REF,w4,2042,7,PV,66.15952833,2042-07-01
Adverse,REF,w4,2042,7,WIND,384.1217845,2042-07-01
Adverse,REF,w4,2042,8,BIOENERGY,86.86960679,2042-08-01
Adverse,REF,w4,2042,8,DIESEL,0,2042-08-01
Adverse,REF,w4,2042,8,FUEL OIL,917.355978,2042-08-01
Adverse,REF,w4,2042,8,GAS,114.4501922,2042-08-01
Adverse,REF,w4,2042,8,GEOTHERMAL,478.0529265,2042-08-01
Adverse,REF,w4,2042,8,HYDRO,2596.561024,2042-08-01
Adverse,REF,w4,2042,8,IMPORTS,0,2042-08-01
Adverse,REF,w4,2042,8,NUCLEAR,678.9513575,2042-08-01
Adverse,REF,w4,2042,8,PV,66.70227357,2042-08-01
Adverse,REF,w4,2042,8,WIND,399.2507994,2042-08-01
Adverse,REF,w4,2042,9,BIOENERGY,90.63044652,2042-09-01
Adverse,REF,w4,2042,9,DIESEL,0,2042-09-01
Adverse,REF,w4,2042,9,FUEL OIL,947.2388472,2042-09-01
Adverse,REF,w4,2042,9,GAS,117.0913194,2042-09-01
Adverse,REF,w4,2042,9,GEOTHERMAL,474.7396816,2042-09-01
Adverse,REF,w4,2042,9,HYDRO,2683.482204,2042-09-01
Adverse,REF,w4,2042,9,IMPORTS,0,2042-09-01
Adverse,REF,w4,2042,9,NUCLEAR,666.8601907,2042-09-01
Adverse,REF,w4,2042,9,PV,65.779811,2042-09-01
Adverse,REF,w4,2042,9,WIND,417.1296091,2042-09-01
Adverse,REF,w4,2042,10,BIOENERGY,88.89438325,2042-10-01
Adverse,REF,w4,2042,10,DIESEL,0,2042-10-01
Adverse,REF,w4,2042,10,FUEL OIL,896.739536,2042-10-01
Adverse,REF,w4,2042,10,GAS,117.5583278,2042-10-01
Adverse,REF,w4,2042,10,GEOTHERMAL,477.5568382,2042-10-01
Adverse,REF,w4,2042,10,HYDRO,2763.79982,2042-10-01
Adverse,REF,w4,2042,10,IMPORTS,0,2042-10-01
Adverse,REF,w4,2042,10,NUCLEAR,662.6963616,2042-10-01
Adverse,REF,w4,2042,10,PV,72.36391276,2042-10-01
Adverse,REF,w4,2042,10,WIND,401.2442021,2042-10-01
Adverse,REF,w4,2042,11,BIOENERGY,0,2042-11-01
Adverse,REF,w4,2042,11,DIESEL,0,2042-11-01
Adverse,REF,w4,2042,11,FUEL OIL,52.7888274,2042-11-01
Adverse,REF,w4,2042,11,GAS,0,2042-11-01
Adverse,REF,w4,2042,11,GEOTHERMAL,89.90159515,2042-11-01
Adverse,REF,w4,2042,11,HYDRO,4799.9407,2042-11-01
Adverse,REF,w4,2042,11,IMPORTS,0,2042-11-01
Adverse,REF,w4,2042,11,NUCLEAR,265.9040779,2042-11-01
Adverse,REF,w4,2042,11,PV,44.41884632,2042-11-01
Adverse,REF,w4,2042,11,WIND,338.8108077,2042-11-01
Adverse,REF,w4,2042,12,BIOENERGY,0,2042-12-01
Adverse,REF,w4,2042,12,DIESEL,0,2042-12-01
Adverse,REF,w4,2042,12,FUEL OIL,57.01562848,2042-12-01
Adverse,REF,w4,2042,12,GAS,0,2042-12-01
Adverse,REF,w4,2042,12,GEOTHERMAL,180.742621,2042-12-01
Adverse,REF,w4,2042,12,HYDRO,4867.995702,2042-12-01
Adverse,REF,w4,2042,12,IMPORTS,0,2042-12-01
Adverse,REF,w4,2042,12,NUCLEAR,207.1381362,2042-12-01
Adverse,REF,w4,2042,12,PV,51.64397874,2042-12-01
Adverse,REF,w4,2042,12,WIND,360.9154539,2042-12-01
Adverse,REF,w4,2043,1,BIOENERGY,0,2043-01-01
Adverse,REF,w4,2043,1,DIESEL,0,2043-01-01
Adverse,REF,w4,2043,1,FUEL OIL,40.04181653,2043-01-01
Adverse,REF,w4,2043,1,GAS,0,2043-01-01
Adverse,REF,w4,2043,1,GEOTHERMAL,0,2043-01-01
Adverse,REF,w4,2043,1,HYDRO,4720.371255,2043-01-01
Adverse,REF,w4,2043,1,IMPORTS,0,2043-01-01
Adverse,REF,w4,2043,1,NUCLEAR,399.5046832,2043-01-01
Adverse,REF,w4,2043,1,PV,51.81350012,2043-01-01
Adverse,REF,w4,2043,1,WIND,376.4179271,2043-01-01
Adverse,REF,w4,2043,2,BIOENERGY,0,2043-02-01
Adverse,REF,w4,2043,2,DIESEL,0,2043-02-01
Adverse,REF,w4,2043,2,FUEL OIL,51.78018306,2043-02-01
Adverse,REF,w4,2043,2,GAS,0,2043-02-01
Adverse,REF,w4,2043,2,GEOTHERMAL,0,2043-02-01
Adverse,REF,w4,2043,2,HYDRO,4673.740798,2043-02-01
Adverse,REF,w4,2043,2,IMPORTS,0,2043-02-01
Adverse,REF,w4,2043,2,NUCLEAR,439.1956179,2043-02-01
Adverse,REF,w4,2043,2,PV,49.45439136,2043-02-01
Adverse,REF,w4,2043,2,WIND,346.0423778,2043-02-01
Adverse,REF,w4,2043,3,BIOENERGY,0,2043-03-01
Adverse,REF,w4,2043,3,DIESEL,0,2043-03-01
Adverse,REF,w4,2043,3,FUEL OIL,53.91964393,2043-03-01
Adverse,REF,w4,2043,3,GAS,0,2043-03-01
Adverse,REF,w4,2043,3,GEOTHERMAL,50.90063637,2043-03-01
Adverse,REF,w4,2043,3,HYDRO,4832.704707,2043-03-01
Adverse,REF,w4,2043,3,IMPORTS,0,2043-03-01
Adverse,REF,w4,2043,3,NUCLEAR,335.6122151,2043-03-01
Adverse,REF,w4,2043,3,PV,46.08059518,2043-03-01
Adverse,REF,w4,2043,3,WIND,337.9129571,2043-03-01
Adverse,REF,w4,2043,4,BIOENERGY,0,2043-04-01
Adverse,REF,w4,2043,4,DIESEL,0,2043-04-01
Adverse,REF,w4,2043,4,FUEL OIL,55.79581552,2043-04-01
Adverse,REF,w4,2043,4,GAS,0,2043-04-01
Adverse,REF,w4,2043,4,GEOTHERMAL,48.80284886,2043-04-01
Adverse,REF,w4,2043,4,HYDRO,4792.019493,2043-04-01
Adverse,REF,w4,2043,4,IMPORTS,0,2043-04-01
Adverse,REF,w4,2043,4,NUCLEAR,382.2848336,2043-04-01
Adverse,REF,w4,2043,4,PV,47.2630713,2043-04-01
Adverse,REF,w4,2043,4,WIND,359.7267618,2043-04-01
Adverse,REF,w4,2043,5,BIOENERGY,86.93255909,2043-05-01
Adverse,REF,w4,2043,5,DIESEL,0,2043-05-01
Adverse,REF,w4,2043,5,FUEL OIL,1295.515528,2043-05-01
Adverse,REF,w4,2043,5,GAS,113.9322141,2043-05-01
Adverse,REF,w4,2043,5,GEOTHERMAL,482.5845868,2043-05-01
Adverse,REF,w4,2043,5,HYDRO,2559.119751,2043-05-01
Adverse,REF,w4,2043,5,IMPORTS,0,2043-05-01
Adverse,REF,w4,2043,5,NUCLEAR,656.2732721,2043-05-01
Adverse,REF,w4,2043,5,PV,61.88450308,2043-05-01
Adverse,REF,w4,2043,5,WIND,401.5070886,2043-05-01
Adverse,REF,w4,2043,6,BIOENERGY,82.00351741,2043-06-01
Adverse,REF,w4,2043,6,DIESEL,0,2043-06-01
Adverse,REF,w4,2043,6,FUEL OIL,950.7095545,2043-06-01
Adverse,REF,w4,2043,6,GAS,114.9563137,2043-06-01
Adverse,REF,w4,2043,6,GEOTHERMAL,481.0898932,2043-06-01
Adverse,REF,w4,2043,6,HYDRO,2774.812113,2043-06-01
Adverse,REF,w4,2043,6,IMPORTS,0,2043-06-01
Adverse,REF,w4,2043,6,NUCLEAR,660.3710187,2043-06-01
Adverse,REF,w4,2043,6,PV,67.84941122,2043-06-01
Adverse,REF,w4,2043,6,WIND,401.4652536,2043-06-01
Adverse,REF,w4,2043,7,BIOENERGY,86.07179618,2043-07-01
Adverse,REF,w4,2043,7,DIESEL,0,2043-07-01
Adverse,REF,w4,2043,7,FUEL OIL,979.7302974,2043-07-01
Adverse,REF,w4,2043,7,GAS,116.1016284,2043-07-01
Adverse,REF,w4,2043,7,GEOTHERMAL,476.7982651,2043-07-01
Adverse,REF,w4,2043,7,HYDRO,2695.096569,2043-07-01
Adverse,REF,w4,2043,7,IMPORTS,0,2043-07-01
Adverse,REF,w4,2043,7,NUCLEAR,661.4149448,2043-07-01
Adverse,REF,w4,2043,7,PV,58.02671432,2043-07-01
Adverse,REF,w4,2043,7,WIND,386.6606827,2043-07-01
Adverse,REF,w4,2043,8,BIOENERGY,90.20446043,2043-08-01
Adverse,REF,w4,2043,8,DIESEL,0,2043-08-01
Adverse,REF,w4,2043,8,FUEL OIL,810.4896475,2043-08-01
Adverse,REF,w4,2043,8,GAS,115.2517001,2043-08-01
Adverse,REF,w4,2043,8,GEOTHERMAL,468.8056392,2043-08-01
Adverse,REF,w4,2043,8,HYDRO,2830.649812,2043-08-01
Adverse,REF,w4,2043,8,IMPORTS,0,2043-08-01
Adverse,REF,w4,2043,8,NUCLEAR,677.9472756,2043-08-01
Adverse,REF,w4,2043,8,PV,62.03745029,2043-08-01
Adverse,REF,w4,2043,8,WIND,389.5720555,2043-08-01
Adverse,REF,w4,2043,9,BIOENERGY,88.6913214,2043-09-01
Adverse,REF,w4,2043,9,DIESEL,0,2043-09-01
Adverse,REF,w4,2043,9,FUEL OIL,1151.307246,2043-09-01
Adverse,REF,w4,2043,9,GAS,118.03423,2043-09-01
Adverse,REF,w4,2043,9,GEOTHERMAL,469.2795116,2043-09-01
Adverse,REF,w4,2043,9,HYDRO,2630.12535,2043-09-01
Adverse,REF,w4,2043,9,IMPORTS,0,2043-09-01
Adverse,REF,w4,2043,9,NUCLEAR,656.9545226,2043-09-01
Adverse,REF,w4,2043,9,PV,64.48797402,2043-09-01
Adverse,REF,w4,2043,9,WIND,393.3309952,2043-09-01
Adverse,REF,w4,2043,10,BIOENERGY,85.89053475,2043-10-01
Adverse,REF,w4,2043,10,DIESEL,0,2043-10-01
Adverse,REF,w4,2043,10,FUEL OIL,894.9462355,2043-10-01
Adverse,REF,w4,2043,10,GAS,113.6413333,2043-10-01
Adverse,REF,w4,2043,10,GEOTHERMAL,482.3707796,2043-10-01
Adverse,REF,w4,2043,10,HYDRO,2913.813376,2043-10-01
Adverse,REF,w4,2043,10,IMPORTS,0,2043-10-01
Adverse,REF,w4,2043,10,NUCLEAR,672.3042263,2043-10-01
Adverse,REF,w4,2043,10,PV,55.44443706,2043-10-01
Adverse,REF,w4,2043,10,WIND,372.0595258,2043-10-01
Adverse,REF,w4,2043,11,BIOENERGY,0,2043-11-01
Adverse,REF,w4,2043,11,DIESEL,0,2043-11-01
Adverse,REF,w4,2043,11,FUEL OIL,49.67102736,2043-11-01
Adverse,REF,w4,2043,11,GAS,0,2043-11-01
Adverse,REF,w4,2043,11,GEOTHERMAL,66.01571659,2043-11-01
Adverse,REF,w4,2043,11,HYDRO,4772.002797,2043-11-01
Adverse,REF,w4,2043,11,IMPORTS,0,2043-11-01
Adverse,REF,w4,2043,11,NUCLEAR,418.0663353,2043-11-01
Adverse,REF,w4,2043,11,PV,52.15339166,2043-11-01
Adverse,REF,w4,2043,11,WIND,345.6908831,2043-11-01
Adverse,REF,w4,2043,12,BIOENERGY,0,2043-12-01
Adverse,REF,w4,2043,12,DIESEL,0,2043-12-01
Adverse,REF,w4,2043,12,FUEL OIL,70.01246623,2043-12-01
Adverse,REF,w4,2043,12,GAS,0,2043-12-01
Adverse,REF,w4,2043,12,GEOTHERMAL,168.4738466,2043-12-01
Adverse,REF,w4,2043,12,HYDRO,4954.79091,2043-12-01
Adverse,REF,w4,2043,12,IMPORTS,0,2043-12-01
Adverse,REF,w4,2043,12,NUCLEAR,241.4709839,2043-12-01
Adverse,REF,w4,2043,12,PV,49.59971728,2043-12-01
Adverse,REF,w4,2043,12,WIND,355.6126268,2043-12-01
Adverse,REF,w4,2044,1,BIOENERGY,0,2044-01-01
Adverse,REF,w4,2044,1,DIESEL,0,2044-01-01
Adverse,REF,w4,2044,1,FUEL OIL,48.31185468,2044-01-01
Adverse,REF,w4,2044,1,GAS,0,2044-01-01
Adverse,REF,w4,2044,1,GEOTHERMAL,52.01575178,2044-01-01
Adverse,REF,w4,2044,1,HYDRO,4697.550695,2044-01-01
Adverse,REF,w4,2044,1,IMPORTS,0,2044-01-01
Adverse,REF,w4,2044,1,NUCLEAR,444.8902682,2044-01-01
Adverse,REF,w4,2044,1,PV,103.6238521,2044-01-01
Adverse,REF,w4,2044,1,WIND,353.5197446,2044-01-01
Adverse,REF,w4,2044,2,BIOENERGY,0,2044-02-01
Adverse,REF,w4,2044,2,DIESEL,0,2044-02-01
Adverse,REF,w4,2044,2,FUEL OIL,46.77210243,2044-02-01
Adverse,REF,w4,2044,2,GAS,0,2044-02-01
Adverse,REF,w4,2044,2,GEOTHERMAL,96.78774631,2044-02-01
Adverse,REF,w4,2044,2,HYDRO,4623.594794,2044-02-01
Adverse,REF,w4,2044,2,IMPORTS,0,2044-02-01
Adverse,REF,w4,2044,2,NUCLEAR,455.5614651,2044-02-01
Adverse,REF,w4,2044,2,PV,94.90628551,2044-02-01
Adverse,REF,w4,2044,2,WIND,353.7952422,2044-02-01
Adverse,REF,w4,2044,3,BIOENERGY,0,2044-03-01
Adverse,REF,w4,2044,3,DIESEL,0,2044-03-01
Adverse,REF,w4,2044,3,FUEL OIL,51.86663172,2044-03-01
Adverse,REF,w4,2044,3,GAS,0,2044-03-01
Adverse,REF,w4,2044,3,GEOTHERMAL,49.68391454,2044-03-01
Adverse,REF,w4,2044,3,HYDRO,4794.929043,2044-03-01
Adverse,REF,w4,2044,3,IMPORTS,0,2044-03-01
Adverse,REF,w4,2044,3,NUCLEAR,435.1400488,2044-03-01
Adverse,REF,w4,2044,3,PV,93.73076018,2044-03-01
Adverse,REF,w4,2044,3,WIND,344.9229714,2044-03-01
Adverse,REF,w4,2044,4,BIOENERGY,0,2044-04-01
Adverse,REF,w4,2044,4,DIESEL,0,2044-04-01
Adverse,REF,w4,2044,4,FUEL OIL,56.2725699,2044-04-01
Adverse,REF,w4,2044,4,GAS,0,2044-04-01
Adverse,REF,w4,2044,4,GEOTHERMAL,100.6550461,2044-04-01
Adverse,REF,w4,2044,4,HYDRO,4764.583556,2044-04-01
Adverse,REF,w4,2044,4,IMPORTS,0,2044-04-01
Adverse,REF,w4,2044,4,NUCLEAR,428.6568345,2044-04-01
Adverse,REF,w4,2044,4,PV,89.86909852,2044-04-01
Adverse,REF,w4,2044,4,WIND,359.5735763,2044-04-01
Adverse,REF,w4,2044,5,BIOENERGY,90.34759469,2044-05-01
Adverse,REF,w4,2044,5,DIESEL,0,2044-05-01
Adverse,REF,w4,2044,5,FUEL OIL,1233.084772,2044-05-01
Adverse,REF,w4,2044,5,GAS,117.4183051,2044-05-01
Adverse,REF,w4,2044,5,GEOTHERMAL,478.0483755,2044-05-01
Adverse,REF,w4,2044,5,HYDRO,2698.274818,2044-05-01
Adverse,REF,w4,2044,5,IMPORTS,0,2044-05-01
Adverse,REF,w4,2044,5,NUCLEAR,649.9024027,2044-05-01
Adverse,REF,w4,2044,5,PV,107.2736722,2044-05-01
Adverse,REF,w4,2044,5,WIND,396.5545527,2044-05-01
Adverse,REF,w4,2044,6,BIOENERGY,89.89853729,2044-06-01
Adverse,REF,w4,2044,6,DIESEL,0,2044-06-01
Adverse,REF,w4,2044,6,FUEL OIL,1176.605161,2044-06-01
Adverse,REF,w4,2044,6,GAS,114.4878373,2044-06-01
Adverse,REF,w4,2044,6,GEOTHERMAL,473.1338028,2044-06-01
Adverse,REF,w4,2044,6,HYDRO,2629.319228,2044-06-01
Adverse,REF,w4,2044,6,IMPORTS,0,2044-06-01
Adverse,REF,w4,2044,6,NUCLEAR,659.2995993,2044-06-01
Adverse,REF,w4,2044,6,PV,119.3953056,2044-06-01
Adverse,REF,w4,2044,6,WIND,381.7827449,2044-06-01
Adverse,REF,w4,2044,7,BIOENERGY,83.6529234,2044-07-01
Adverse,REF,w4,2044,7,DIESEL,0,2044-07-01
Adverse,REF,w4,2044,7,FUEL OIL,1105.233672,2044-07-01
Adverse,REF,w4,2044,7,GAS,115.8689576,2044-07-01
Adverse,REF,w4,2044,7,GEOTHERMAL,483.9659332,2044-07-01
Adverse,REF,w4,2044,7,HYDRO,2623.182862,2044-07-01
Adverse,REF,w4,2044,7,IMPORTS,0,2044-07-01
Adverse,REF,w4,2044,7,NUCLEAR,654.9471903,2044-07-01
Adverse,REF,w4,2044,7,PV,100.0738688,2044-07-01
Adverse,REF,w4,2044,7,WIND,402.1735084,2044-07-01
Adverse,REF,w4,2044,8,BIOENERGY,84.45682469,2044-08-01
Adverse,REF,w4,2044,8,DIESEL,38.66519002,2044-08-01
Adverse,REF,w4,2044,8,FUEL OIL,1041.998485,2044-08-01
Adverse,REF,w4,2044,8,GAS,114.9305693,2044-08-01
Adverse,REF,w4,2044,8,GEOTHERMAL,475.0421959,2044-08-01
Adverse,REF,w4,2044,8,HYDRO,2624.208873,2044-08-01
Adverse,REF,w4,2044,8,IMPORTS,0,2044-08-01
Adverse,REF,w4,2044,8,NUCLEAR,677.0557549,2044-08-01
Adverse,REF,w4,2044,8,PV,126.8360009,2044-08-01
Adverse,REF,w4,2044,8,WIND,370.663308,2044-08-01
Adverse,REF,w4,2044,9,BIOENERGY,88.87705522,2044-09-01
Adverse,REF,w4,2044,9,DIESEL,0,2044-09-01
Adverse,REF,w4,2044,9,FUEL OIL,1163.347309,2044-09-01
Adverse,REF,w4,2044,9,GAS,119.3454668,2044-09-01
Adverse,REF,w4,2044,9,GEOTHERMAL,476.9828613,2044-09-01
Adverse,REF,w4,2044,9,HYDRO,2667.123034,2044-09-01
Adverse,REF,w4,2044,9,IMPORTS,0,2044-09-01
Adverse,REF,w4,2044,9,NUCLEAR,654.8614436,2044-09-01
Adverse,REF,w4,2044,9,PV,119.1908281,2044-09-01
Adverse,REF,w4,2044,9,WIND,393.9273772,2044-09-01
Adverse,REF,w4,2044,10,BIOENERGY,90.09182811,2044-10-01
Adverse,REF,w4,2044,10,DIESEL,0,2044-10-01
Adverse,REF,w4,2044,10,FUEL OIL,1109.358015,2044-10-01
Adverse,REF,w4,2044,10,GAS,117.4765493,2044-10-01
Adverse,REF,w4,2044,10,GEOTHERMAL,458.8953881,2044-10-01
Adverse,REF,w4,2044,10,HYDRO,2772.41567,2044-10-01
Adverse,REF,w4,2044,10,IMPORTS,0,2044-10-01
Adverse,REF,w4,2044,10,NUCLEAR,656.6981226,2044-10-01
Adverse,REF,w4,2044,10,PV,113.4910116,2044-10-01
Adverse,REF,w4,2044,10,WIND,383.8532727,2044-10-01
Adverse,REF,w4,2044,11,BIOENERGY,0,2044-11-01
Adverse,REF,w4,2044,11,DIESEL,0,2044-11-01
Adverse,REF,w4,2044,11,FUEL OIL,57.54531625,2044-11-01
Adverse,REF,w4,2044,11,GAS,0,2044-11-01
Adverse,REF,w4,2044,11,GEOTHERMAL,158.0885707,2044-11-01
Adverse,REF,w4,2044,11,HYDRO,4735.332176,2044-11-01
Adverse,REF,w4,2044,11,IMPORTS,0,2044-11-01
Adverse,REF,w4,2044,11,NUCLEAR,404.1185852,2044-11-01
Adverse,REF,w4,2044,11,PV,97.014639,2044-11-01
Adverse,REF,w4,2044,11,WIND,365.5728669,2044-11-01
Adverse,REF,w4,2044,12,BIOENERGY,0,2044-12-01
Adverse,REF,w4,2044,12,DIESEL,0,2044-12-01
Adverse,REF,w4,2044,12,FUEL OIL,64.28887749,2044-12-01
Adverse,REF,w4,2044,12,GAS,0,2044-12-01
Adverse,REF,w4,2044,12,GEOTHERMAL,145.0659052,2044-12-01
Adverse,REF,w4,2044,12,HYDRO,4803.130518,2044-12-01
Adverse,REF,w4,2044,12,IMPORTS,0,2044-12-01
Adverse,REF,w4,2044,12,NUCLEAR,487.9832861,2044-12-01
Adverse,REF,w4,2044,12,PV,93.12185416,2044-12-01
Adverse,REF,w4,2044,12,WIND,363.1693208,2044-12-01
Adverse,REF,w4,2045,1,BIOENERGY,0,2045-01-01
Adverse,REF,w4,2045,1,DIESEL,0,2045-01-01
Adverse,REF,w4,2045,1,FUEL OIL,0,2045-01-01
Adverse,REF,w4,2045,1,GAS,49.98854213,2045-01-01
Adverse,REF,w4,2045,1,GEOTHERMAL,98.79277717,2045-01-01
Adverse,REF,w4,2045,1,HYDRO,4821.469699,2045-01-01
Adverse,REF,w4,2045,1,IMPORTS,0,2045-01-01
Adverse,REF,w4,2045,1,NUCLEAR,400.0820154,2045-01-01
Adverse,REF,w4,2045,1,PV,87.28514969,2045-01-01
Adverse,REF,w4,2045,1,WIND,356.2922258,2045-01-01
Adverse,REF,w4,2045,2,BIOENERGY,0,2045-02-01
Adverse,REF,w4,2045,2,DIESEL,0,2045-02-01
Adverse,REF,w4,2045,2,FUEL OIL,0,2045-02-01
Adverse,REF,w4,2045,2,GAS,59.68745568,2045-02-01
Adverse,REF,w4,2045,2,GEOTHERMAL,100.0610267,2045-02-01
Adverse,REF,w4,2045,2,HYDRO,4920.150419,2045-02-01
Adverse,REF,w4,2045,2,IMPORTS,0,2045-02-01
Adverse,REF,w4,2045,2,NUCLEAR,288.8402389,2045-02-01
Adverse,REF,w4,2045,2,PV,90.99847378,2045-02-01
Adverse,REF,w4,2045,2,WIND,325.1083738,2045-02-01
Adverse,REF,w4,2045,3,BIOENERGY,0,2045-03-01
Adverse,REF,w4,2045,3,DIESEL,0,2045-03-01
Adverse,REF,w4,2045,3,FUEL OIL,0,2045-03-01
Adverse,REF,w4,2045,3,GAS,60.4609633,2045-03-01
Adverse,REF,w4,2045,3,GEOTHERMAL,98.372225,2045-03-01
Adverse,REF,w4,2045,3,HYDRO,4996.023503,2045-03-01
Adverse,REF,w4,2045,3,IMPORTS,0,2045-03-01
Adverse,REF,w4,2045,3,NUCLEAR,320.9435083,2045-03-01
Adverse,REF,w4,2045,3,PV,89.80668653,2045-03-01
Adverse,REF,w4,2045,3,WIND,320.071951,2045-03-01
Adverse,REF,w4,2045,4,BIOENERGY,0,2045-04-01
Adverse,REF,w4,2045,4,DIESEL,0,2045-04-01
Adverse,REF,w4,2045,4,FUEL OIL,0,2045-04-01
Adverse,REF,w4,2045,4,GAS,62.43350551,2045-04-01
Adverse,REF,w4,2045,4,GEOTHERMAL,147.4985985,2045-04-01
Adverse,REF,w4,2045,4,HYDRO,4906.521786,2045-04-01
Adverse,REF,w4,2045,4,IMPORTS,0,2045-04-01
Adverse,REF,w4,2045,4,NUCLEAR,362.1679848,2045-04-01
Adverse,REF,w4,2045,4,PV,85.60813622,2045-04-01
Adverse,REF,w4,2045,4,WIND,351.3728831,2045-04-01
Adverse,REF,w4,2045,5,BIOENERGY,0,2045-05-01
Adverse,REF,w4,2045,5,DIESEL,0,2045-05-01
Adverse,REF,w4,2045,5,FUEL OIL,885.5103776,2045-05-01
Adverse,REF,w4,2045,5,GAS,285.0546484,2045-05-01
Adverse,REF,w4,2045,5,GEOTHERMAL,582.6067052,2045-05-01
Adverse,REF,w4,2045,5,HYDRO,2991.716706,2045-05-01
Adverse,REF,w4,2045,5,IMPORTS,0,2045-05-01
Adverse,REF,w4,2045,5,NUCLEAR,661.3137208,2045-05-01
Adverse,REF,w4,2045,5,PV,101.9116788,2045-05-01
Adverse,REF,w4,2045,5,WIND,378.2087458,2045-05-01
Adverse,REF,w4,2045,6,BIOENERGY,0,2045-06-01
Adverse,REF,w4,2045,6,DIESEL,0,2045-06-01
Adverse,REF,w4,2045,6,FUEL OIL,862.428956,2045-06-01
Adverse,REF,w4,2045,6,GAS,459.8910414,2045-06-01
Adverse,REF,w4,2045,6,GEOTHERMAL,580.52203,2045-06-01
Adverse,REF,w4,2045,6,HYDRO,2720.055862,2045-06-01
Adverse,REF,w4,2045,6,IMPORTS,0,2045-06-01
Adverse,REF,w4,2045,6,NUCLEAR,666.0073216,2045-06-01
Adverse,REF,w4,2045,6,PV,103.9195614,2045-06-01
Adverse,REF,w4,2045,6,WIND,363.9758887,2045-06-01
Adverse,REF,w4,2045,7,BIOENERGY,0,2045-07-01
Adverse,REF,w4,2045,7,DIESEL,0,2045-07-01
Adverse,REF,w4,2045,7,FUEL OIL,870.7973956,2045-07-01
Adverse,REF,w4,2045,7,GAS,326.7047656,2045-07-01
Adverse,REF,w4,2045,7,GEOTHERMAL,628.0819663,2045-07-01
Adverse,REF,w4,2045,7,HYDRO,2749.557967,2045-07-01
Adverse,REF,w4,2045,7,IMPORTS,0,2045-07-01
Adverse,REF,w4,2045,7,NUCLEAR,621.5101753,2045-07-01
Adverse,REF,w4,2045,7,PV,111.5064572,2045-07-01
Adverse,REF,w4,2045,7,WIND,372.3221674,2045-07-01
Adverse,REF,w4,2045,8,BIOENERGY,0,2045-08-01
Adverse,REF,w4,2045,8,DIESEL,0,2045-08-01
Adverse,REF,w4,2045,8,FUEL OIL,860.4311666,2045-08-01
Adverse,REF,w4,2045,8,GAS,348.1505205,2045-08-01
Adverse,REF,w4,2045,8,GEOTHERMAL,587.1750569,2045-08-01
Adverse,REF,w4,2045,8,HYDRO,2740.050916,2045-08-01
Adverse,REF,w4,2045,8,IMPORTS,0,2045-08-01
Adverse,REF,w4,2045,8,NUCLEAR,662.1194401,2045-08-01
Adverse,REF,w4,2045,8,PV,104.8097034,2045-08-01
Adverse,REF,w4,2045,8,WIND,362.1975418,2045-08-01
Adverse,REF,w4,2045,9,BIOENERGY,0,2045-09-01
Adverse,REF,w4,2045,9,DIESEL,0,2045-09-01
Adverse,REF,w4,2045,9,FUEL OIL,859.0411922,2045-09-01
Adverse,REF,w4,2045,9,GAS,482.0358648,2045-09-01
Adverse,REF,w4,2045,9,GEOTHERMAL,595.178631,2045-09-01
Adverse,REF,w4,2045,9,HYDRO,2727.041155,2045-09-01
Adverse,REF,w4,2045,9,IMPORTS,0,2045-09-01
Adverse,REF,w4,2045,9,NUCLEAR,653.118662,2045-09-01
Adverse,REF,w4,2045,9,PV,97.78636488,2045-09-01
Adverse,REF,w4,2045,9,WIND,383.1266117,2045-09-01
Adverse,REF,w4,2045,10,BIOENERGY,0,2045-10-01
Adverse,REF,w4,2045,10,DIESEL,0,2045-10-01
Adverse,REF,w4,2045,10,FUEL OIL,860.7997631,2045-10-01
Adverse,REF,w4,2045,10,GAS,407.2702289,2045-10-01
Adverse,REF,w4,2045,10,GEOTHERMAL,586.0119676,2045-10-01
Adverse,REF,w4,2045,10,HYDRO,2835.955802,2045-10-01
Adverse,REF,w4,2045,10,IMPORTS,0,2045-10-01
Adverse,REF,w4,2045,10,NUCLEAR,644.3405142,2045-10-01
Adverse,REF,w4,2045,10,PV,114.0988971,2045-10-01
Adverse,REF,w4,2045,10,WIND,367.8482818,2045-10-01
Adverse,REF,w4,2045,11,BIOENERGY,0,2045-11-01
Adverse,REF,w4,2045,11,DIESEL,0,2045-11-01
Adverse,REF,w4,2045,11,FUEL OIL,0,2045-11-01
Adverse,REF,w4,2045,11,GAS,62.23385402,2045-11-01
Adverse,REF,w4,2045,11,GEOTHERMAL,244.9752517,2045-11-01
Adverse,REF,w4,2045,11,HYDRO,4875.840907,2045-11-01
Adverse,REF,w4,2045,11,IMPORTS,0,2045-11-01
Adverse,REF,w4,2045,11,NUCLEAR,328.653659,2045-11-01
Adverse,REF,w4,2045,11,PV,94.97681041,2045-11-01
Adverse,REF,w4,2045,11,WIND,327.3451152,2045-11-01
Adverse,REF,w4,2045,12,BIOENERGY,0,2045-12-01
Adverse,REF,w4,2045,12,DIESEL,0,2045-12-01
Adverse,REF,w4,2045,12,FUEL OIL,0,2045-12-01
Adverse,REF,w4,2045,12,GAS,66.9836418,2045-12-01
Adverse,REF,w4,2045,12,GEOTHERMAL,198.0181927,2045-12-01
Adverse,REF,w4,2045,12,HYDRO,5056.613416,2045-12-01
Adverse,REF,w4,2045,12,IMPORTS,0,2045-12-01
Adverse,REF,w4,2045,12,NUCLEAR,347.4952105,2045-12-01
Adverse,REF,w4,2045,12,PV,92.2790876,2045-12-01
Adverse,REF,w4,2045,12,WIND,314.5054081,2045-12-01
Adverse,REF,w4,2046,1,BIOENERGY,0,2046-01-01
Adverse,REF,w4,2046,1,DIESEL,0,2046-01-01
Adverse,REF,w4,2046,1,FUEL OIL,0,2046-01-01
Adverse,REF,w4,2046,1,GAS,64.10053332,2046-01-01
Adverse,REF,w4,2046,1,GEOTHERMAL,101.1422456,2046-01-01
Adverse,REF,w4,2046,1,HYDRO,4911.724483,2046-01-01
Adverse,REF,w4,2046,1,IMPORTS,0,2046-01-01
Adverse,REF,w4,2046,1,NUCLEAR,431.2120225,2046-01-01
Adverse,REF,w4,2046,1,PV,83.58352617,2046-01-01
Adverse,REF,w4,2046,1,WIND,338.4258066,2046-01-01
Adverse,REF,w4,2046,2,BIOENERGY,0,2046-02-01
Adverse,REF,w4,2046,2,DIESEL,0,2046-02-01
Adverse,REF,w4,2046,2,FUEL OIL,0,2046-02-01
Adverse,REF,w4,2046,2,GAS,60.44183322,2046-02-01
Adverse,REF,w4,2046,2,GEOTHERMAL,156.3101809,2046-02-01
Adverse,REF,w4,2046,2,HYDRO,4860.389368,2046-02-01
Adverse,REF,w4,2046,2,IMPORTS,0,2046-02-01
Adverse,REF,w4,2046,2,NUCLEAR,412.0889041,2046-02-01
Adverse,REF,w4,2046,2,PV,85.46794786,2046-02-01
Adverse,REF,w4,2046,2,WIND,325.8446737,2046-02-01
Adverse,REF,w4,2046,3,BIOENERGY,0,2046-03-01
Adverse,REF,w4,2046,3,DIESEL,0,2046-03-01
Adverse,REF,w4,2046,3,FUEL OIL,0,2046-03-01
Adverse,REF,w4,2046,3,GAS,66.87053989,2046-03-01
Adverse,REF,w4,2046,3,GEOTHERMAL,202.0635003,2046-03-01
Adverse,REF,w4,2046,3,HYDRO,4869.220576,2046-03-01
Adverse,REF,w4,2046,3,IMPORTS,0,2046-03-01
Adverse,REF,w4,2046,3,NUCLEAR,424.1206805,2046-03-01
Adverse,REF,w4,2046,3,PV,91.2155627,2046-03-01
Adverse,REF,w4,2046,3,WIND,349.9015541,2046-03-01
Adverse,REF,w4,2046,4,BIOENERGY,0,2046-04-01
Adverse,REF,w4,2046,4,DIESEL,0,2046-04-01
Adverse,REF,w4,2046,4,FUEL OIL,0,2046-04-01
Adverse,REF,w4,2046,4,GAS,75.65871007,2046-04-01
Adverse,REF,w4,2046,4,GEOTHERMAL,148.6683133,2046-04-01
Adverse,REF,w4,2046,4,HYDRO,5031.667361,2046-04-01
Adverse,REF,w4,2046,4,IMPORTS,0,2046-04-01
Adverse,REF,w4,2046,4,NUCLEAR,359.9999459,2046-04-01
Adverse,REF,w4,2046,4,PV,82.7848937,2046-04-01
Adverse,REF,w4,2046,4,WIND,335.1357281,2046-04-01
Adverse,REF,w4,2046,5,BIOENERGY,0,2046-05-01
Adverse,REF,w4,2046,5,DIESEL,0,2046-05-01
Adverse,REF,w4,2046,5,FUEL OIL,852.9894535,2046-05-01
Adverse,REF,w4,2046,5,GAS,639.9616706,2046-05-01
Adverse,REF,w4,2046,5,GEOTHERMAL,617.5037947,2046-05-01
Adverse,REF,w4,2046,5,HYDRO,2788.993101,2046-05-01
Adverse,REF,w4,2046,5,IMPORTS,0,2046-05-01
Adverse,REF,w4,2046,5,NUCLEAR,641.8665785,2046-05-01
Adverse,REF,w4,2046,5,PV,96.43030551,2046-05-01
Adverse,REF,w4,2046,5,WIND,366.3041303,2046-05-01
Adverse,REF,w4,2046,6,BIOENERGY,0,2046-06-01
Adverse,REF,w4,2046,6,DIESEL,0,2046-06-01
Adverse,REF,w4,2046,6,FUEL OIL,841.666031,2046-06-01
Adverse,REF,w4,2046,6,GAS,555.8093769,2046-06-01
Adverse,REF,w4,2046,6,GEOTHERMAL,611.3584043,2046-06-01
Adverse,REF,w4,2046,6,HYDRO,2706.323888,2046-06-01
Adverse,REF,w4,2046,6,IMPORTS,0,2046-06-01
Adverse,REF,w4,2046,6,NUCLEAR,687.1521018,2046-06-01
Adverse,REF,w4,2046,6,PV,101.2882464,2046-06-01
Adverse,REF,w4,2046,6,WIND,368.3386256,2046-06-01
Adverse,REF,w4,2046,7,BIOENERGY,0,2046-07-01
Adverse,REF,w4,2046,7,DIESEL,0,2046-07-01
Adverse,REF,w4,2046,7,FUEL OIL,854.395153,2046-07-01
Adverse,REF,w4,2046,7,GAS,340.0202479,2046-07-01
Adverse,REF,w4,2046,7,GEOTHERMAL,588.4331689,2046-07-01
Adverse,REF,w4,2046,7,HYDRO,2871.498972,2046-07-01
Adverse,REF,w4,2046,7,IMPORTS,0,2046-07-01
Adverse,REF,w4,2046,7,NUCLEAR,682.8510065,2046-07-01
Adverse,REF,w4,2046,7,PV,108.1371136,2046-07-01
Adverse,REF,w4,2046,7,WIND,348.7548504,2046-07-01
Adverse,REF,w4,2046,8,BIOENERGY,0,2046-08-01
Adverse,REF,w4,2046,8,DIESEL,0,2046-08-01
Adverse,REF,w4,2046,8,FUEL OIL,837.0217739,2046-08-01
Adverse,REF,w4,2046,8,GAS,252.7829722,2046-08-01
Adverse,REF,w4,2046,8,GEOTHERMAL,584.7454853,2046-08-01
Adverse,REF,w4,2046,8,HYDRO,2938.492286,2046-08-01
Adverse,REF,w4,2046,8,IMPORTS,0,2046-08-01
Adverse,REF,w4,2046,8,NUCLEAR,689.5222373,2046-08-01
Adverse,REF,w4,2046,8,PV,112.2607377,2046-08-01
Adverse,REF,w4,2046,8,WIND,363.4075402,2046-08-01
Adverse,REF,w4,2046,9,BIOENERGY,0,2046-09-01
Adverse,REF,w4,2046,9,DIESEL,0,2046-09-01
Adverse,REF,w4,2046,9,FUEL OIL,843.2492956,2046-09-01
Adverse,REF,w4,2046,9,GAS,346.4399596,2046-09-01
Adverse,REF,w4,2046,9,GEOTHERMAL,627.2424469,2046-09-01
Adverse,REF,w4,2046,9,HYDRO,2979.279366,2046-09-01
Adverse,REF,w4,2046,9,IMPORTS,0,2046-09-01
Adverse,REF,w4,2046,9,NUCLEAR,641.3020957,2046-09-01
Adverse,REF,w4,2046,9,PV,94.36260506,2046-09-01
Adverse,REF,w4,2046,9,WIND,381.3992822,2046-09-01
Adverse,REF,w4,2046,10,BIOENERGY,0,2046-10-01
Adverse,REF,w4,2046,10,DIESEL,0,2046-10-01
Adverse,REF,w4,2046,10,FUEL OIL,836.6365343,2046-10-01
Adverse,REF,w4,2046,10,GAS,515.7294304,2046-10-01
Adverse,REF,w4,2046,10,GEOTHERMAL,624.6478886,2046-10-01
Adverse,REF,w4,2046,10,HYDRO,2840.726798,2046-10-01
Adverse,REF,w4,2046,10,IMPORTS,0,2046-10-01
Adverse,REF,w4,2046,10,NUCLEAR,627.3257972,2046-10-01
Adverse,REF,w4,2046,10,PV,97.41350457,2046-10-01
Adverse,REF,w4,2046,10,WIND,390.1720113,2046-10-01
Adverse,REF,w4,2046,11,BIOENERGY,0,2046-11-01
Adverse,REF,w4,2046,11,DIESEL,0,2046-11-01
Adverse,REF,w4,2046,11,FUEL OIL,0,2046-11-01
Adverse,REF,w4,2046,11,GAS,68.02602144,2046-11-01
Adverse,REF,w4,2046,11,GEOTHERMAL,148.3080946,2046-11-01
Adverse,REF,w4,2046,11,HYDRO,5186.820031,2046-11-01
Adverse,REF,w4,2046,11,IMPORTS,0,2046-11-01
Adverse,REF,w4,2046,11,NUCLEAR,232.8334346,2046-11-01
Adverse,REF,w4,2046,11,PV,94.00132094,2046-11-01
Adverse,REF,w4,2046,11,WIND,322.7172069,2046-11-01
Adverse,REF,w4,2046,12,BIOENERGY,0,2046-12-01
Adverse,REF,w4,2046,12,DIESEL,0,2046-12-01
Adverse,REF,w4,2046,12,FUEL OIL,0,2046-12-01
Adverse,REF,w4,2046,12,GAS,93.7938079,2046-12-01
Adverse,REF,w4,2046,12,GEOTHERMAL,202.3488515,2046-12-01
Adverse,REF,w4,2046,12,HYDRO,5066.965327,2046-12-01
Adverse,REF,w4,2046,12,IMPORTS,0,2046-12-01
Adverse,REF,w4,2046,12,NUCLEAR,437.1154303,2046-12-01
Adverse,REF,w4,2046,12,PV,87.58187389,2046-12-01
Adverse,REF,w4,2046,12,WIND,309.6075653,2046-12-01
Adverse,REF,w4,2047,1,BIOENERGY,0,2047-01-01
Adverse,REF,w4,2047,1,DIESEL,0,2047-01-01
Adverse,REF,w4,2047,1,FUEL OIL,0,2047-01-01
Adverse,REF,w4,2047,1,GAS,78.35131195,2047-01-01
Adverse,REF,w4,2047,1,GEOTHERMAL,249.5257249,2047-01-01
Adverse,REF,w4,2047,1,HYDRO,4803.909259,2047-01-01
Adverse,REF,w4,2047,1,IMPORTS,0,2047-01-01
Adverse,REF,w4,2047,1,NUCLEAR,520.4344554,2047-01-01
Adverse,REF,w4,2047,1,PV,82.99894967,2047-01-01
Adverse,REF,w4,2047,1,WIND,313.5726893,2047-01-01
Adverse,REF,w4,2047,2,BIOENERGY,0,2047-02-01
Adverse,REF,w4,2047,2,DIESEL,0,2047-02-01
Adverse,REF,w4,2047,2,FUEL OIL,0,2047-02-01
Adverse,REF,w4,2047,2,GAS,63.59043312,2047-02-01
Adverse,REF,w4,2047,2,GEOTHERMAL,249.7868855,2047-02-01
Adverse,REF,w4,2047,2,HYDRO,4842.814387,2047-02-01
Adverse,REF,w4,2047,2,IMPORTS,0,2047-02-01
Adverse,REF,w4,2047,2,NUCLEAR,435.6501567,2047-02-01
Adverse,REF,w4,2047,2,PV,92.14902357,2047-02-01
Adverse,REF,w4,2047,2,WIND,334.5628802,2047-02-01
Adverse,REF,w4,2047,3,BIOENERGY,0,2047-03-01
Adverse,REF,w4,2047,3,DIESEL,0,2047-03-01
Adverse,REF,w4,2047,3,FUEL OIL,0,2047-03-01
Adverse,REF,w4,2047,3,GAS,90.97299483,2047-03-01
Adverse,REF,w4,2047,3,GEOTHERMAL,197.7709495,2047-03-01
Adverse,REF,w4,2047,3,HYDRO,5031.902125,2047-03-01
Adverse,REF,w4,2047,3,IMPORTS,0,2047-03-01
Adverse,REF,w4,2047,3,NUCLEAR,365.4450217,2047-03-01
Adverse,REF,w4,2047,3,PV,97.59966445,2047-03-01
Adverse,REF,w4,2047,3,WIND,339.7695069,2047-03-01
Adverse,REF,w4,2047,4,BIOENERGY,0,2047-04-01
Adverse,REF,w4,2047,4,DIESEL,0,2047-04-01
Adverse,REF,w4,2047,4,FUEL OIL,0,2047-04-01
Adverse,REF,w4,2047,4,GAS,83.51563646,2047-04-01
Adverse,REF,w4,2047,4,GEOTHERMAL,252.7953066,2047-04-01
Adverse,REF,w4,2047,4,HYDRO,4914.364662,2047-04-01
Adverse,REF,w4,2047,4,IMPORTS,0,2047-04-01
Adverse,REF,w4,2047,4,NUCLEAR,493.9030678,2047-04-01
Adverse,REF,w4,2047,4,PV,82.8716842,2047-04-01
Adverse,REF,w4,2047,4,WIND,327.1428942,2047-04-01
Adverse,REF,w4,2047,5,BIOENERGY,0,2047-05-01
Adverse,REF,w4,2047,5,DIESEL,0,2047-05-01
Adverse,REF,w4,2047,5,FUEL OIL,788.640556,2047-05-01
Adverse,REF,w4,2047,5,GAS,840.3507489,2047-05-01
Adverse,REF,w4,2047,5,GEOTHERMAL,636.7073634,2047-05-01
Adverse,REF,w4,2047,5,HYDRO,2687.783662,2047-05-01
Adverse,REF,w4,2047,5,IMPORTS,0,2047-05-01
Adverse,REF,w4,2047,5,NUCLEAR,688.6027385,2047-05-01
Adverse,REF,w4,2047,5,PV,107.3323877,2047-05-01
Adverse,REF,w4,2047,5,WIND,374.712558,2047-05-01
Adverse,REF,w4,2047,6,BIOENERGY,0,2047-06-01
Adverse,REF,w4,2047,6,DIESEL,0,2047-06-01
Adverse,REF,w4,2047,6,FUEL OIL,815.1444009,2047-06-01
Adverse,REF,w4,2047,6,GAS,737.5491559,2047-06-01
Adverse,REF,w4,2047,6,GEOTHERMAL,637.8538254,2047-06-01
Adverse,REF,w4,2047,6,HYDRO,2634.781646,2047-06-01
Adverse,REF,w4,2047,6,IMPORTS,0,2047-06-01
Adverse,REF,w4,2047,6,NUCLEAR,678.3790032,2047-06-01
Adverse,REF,w4,2047,6,PV,100.624377,2047-06-01
Adverse,REF,w4,2047,6,WIND,385.042999,2047-06-01
Adverse,REF,w4,2047,7,BIOENERGY,0,2047-07-01
Adverse,REF,w4,2047,7,DIESEL,0,2047-07-01
Adverse,REF,w4,2047,7,FUEL OIL,824.1156869,2047-07-01
Adverse,REF,w4,2047,7,GAS,660.7013977,2047-07-01
Adverse,REF,w4,2047,7,GEOTHERMAL,627.8563304,2047-07-01
Adverse,REF,w4,2047,7,HYDRO,2617.513914,2047-07-01
Adverse,REF,w4,2047,7,IMPORTS,0,2047-07-01
Adverse,REF,w4,2047,7,NUCLEAR,692.0183143,2047-07-01
Adverse,REF,w4,2047,7,PV,110.8194526,2047-07-01
Adverse,REF,w4,2047,7,WIND,376.9472266,2047-07-01
Adverse,REF,w4,2047,8,BIOENERGY,0,2047-08-01
Adverse,REF,w4,2047,8,DIESEL,0,2047-08-01
Adverse,REF,w4,2047,8,FUEL OIL,863.7255535,2047-08-01
Adverse,REF,w4,2047,8,GAS,509.9210278,2047-08-01
Adverse,REF,w4,2047,8,GEOTHERMAL,572.5844441,2047-08-01
Adverse,REF,w4,2047,8,HYDRO,2794.68343,2047-08-01
Adverse,REF,w4,2047,8,IMPORTS,0,2047-08-01
Adverse,REF,w4,2047,8,NUCLEAR,666.8745711,2047-08-01
Adverse,REF,w4,2047,8,PV,102.4897937,2047-08-01
Adverse,REF,w4,2047,8,WIND,383.5188729,2047-08-01
Adverse,REF,w4,2047,9,BIOENERGY,0,2047-09-01
Adverse,REF,w4,2047,9,DIESEL,0,2047-09-01
Adverse,REF,w4,2047,9,FUEL OIL,808.6425084,2047-09-01
Adverse,REF,w4,2047,9,GAS,769.0566419,2047-09-01
Adverse,REF,w4,2047,9,GEOTHERMAL,625.8553925,2047-09-01
Adverse,REF,w4,2047,9,HYDRO,2658.734547,2047-09-01
Adverse,REF,w4,2047,9,IMPORTS,0,2047-09-01
Adverse,REF,w4,2047,9,NUCLEAR,689.9722429,2047-09-01
Adverse,REF,w4,2047,9,PV,98.68573215,2047-09-01
Adverse,REF,w4,2047,9,WIND,380.593488,2047-09-01
Adverse,REF,w4,2047,10,BIOENERGY,0,2047-10-01
Adverse,REF,w4,2047,10,DIESEL,0,2047-10-01
Adverse,REF,w4,2047,10,FUEL OIL,869.8592347,2047-10-01
Adverse,REF,w4,2047,10,GAS,602.2920656,2047-10-01
Adverse,REF,w4,2047,10,GEOTHERMAL,592.4183026,2047-10-01
Adverse,REF,w4,2047,10,HYDRO,2899.410079,2047-10-01
Adverse,REF,w4,2047,10,IMPORTS,0,2047-10-01
Adverse,REF,w4,2047,10,NUCLEAR,635.9839324,2047-10-01
Adverse,REF,w4,2047,10,PV,93.9740858,2047-10-01
Adverse,REF,w4,2047,10,WIND,357.3673036,2047-10-01
Adverse,REF,w4,2047,11,BIOENERGY,0,2047-11-01
Adverse,REF,w4,2047,11,DIESEL,0,2047-11-01
Adverse,REF,w4,2047,11,FUEL OIL,0,2047-11-01
Adverse,REF,w4,2047,11,GAS,92.02163543,2047-11-01
Adverse,REF,w4,2047,11,GEOTHERMAL,202.7998061,2047-11-01
Adverse,REF,w4,2047,11,HYDRO,5105.834077,2047-11-01
Adverse,REF,w4,2047,11,IMPORTS,0,2047-11-01
Adverse,REF,w4,2047,11,NUCLEAR,361.3370289,2047-11-01
Adverse,REF,w4,2047,11,PV,84.80836429,2047-11-01
Adverse,REF,w4,2047,11,WIND,326.9593196,2047-11-01
Adverse,REF,w4,2047,12,BIOENERGY,0,2047-12-01
Adverse,REF,w4,2047,12,DIESEL,0,2047-12-01
Adverse,REF,w4,2047,12,FUEL OIL,38.35807708,2047-12-01
Adverse,REF,w4,2047,12,GAS,92.99246715,2047-12-01
Adverse,REF,w4,2047,12,GEOTHERMAL,246.473577,2047-12-01
Adverse,REF,w4,2047,12,HYDRO,5016.400788,2047-12-01
Adverse,REF,w4,2047,12,IMPORTS,0,2047-12-01
Adverse,REF,w4,2047,12,NUCLEAR,506.9847859,2047-12-01
Adverse,REF,w4,2047,12,PV,79.42382222,2047-12-01
Adverse,REF,w4,2047,12,WIND,340.7275963,2047-12-01
Adverse,REF,w4,2048,1,BIOENERGY,0,2048-01-01
Adverse,REF,w4,2048,1,DIESEL,0,2048-01-01
Adverse,REF,w4,2048,1,FUEL OIL,0,2048-01-01
Adverse,REF,w4,2048,1,GAS,94.78102708,2048-01-01
Adverse,REF,w4,2048,1,GEOTHERMAL,101.2232738,2048-01-01
Adverse,REF,w4,2048,1,HYDRO,4893.119348,2048-01-01
Adverse,REF,w4,2048,1,IMPORTS,0,2048-01-01
Adverse,REF,w4,2048,1,NUCLEAR,662.8523662,2048-01-01
Adverse,REF,w4,2048,1,PV,86.25530991,2048-01-01
Adverse,REF,w4,2048,1,WIND,331.5369123,2048-01-01
Adverse,REF,w4,2048,2,BIOENERGY,0,2048-02-01
Adverse,REF,w4,2048,2,DIESEL,0,2048-02-01
Adverse,REF,w4,2048,2,FUEL OIL,0,2048-02-01
Adverse,REF,w4,2048,2,GAS,81.67941026,2048-02-01
Adverse,REF,w4,2048,2,GEOTHERMAL,195.953797,2048-02-01
Adverse,REF,w4,2048,2,HYDRO,5033.73227,2048-02-01
Adverse,REF,w4,2048,2,IMPORTS,0,2048-02-01
Adverse,REF,w4,2048,2,NUCLEAR,422.9250662,2048-02-01
Adverse,REF,w4,2048,2,PV,84.94659444,2048-02-01
Adverse,REF,w4,2048,2,WIND,319.6877035,2048-02-01
Adverse,REF,w4,2048,3,BIOENERGY,0,2048-03-01
Adverse,REF,w4,2048,3,DIESEL,0,2048-03-01
Adverse,REF,w4,2048,3,FUEL OIL,0,2048-03-01
Adverse,REF,w4,2048,3,GAS,91.95450479,2048-03-01
Adverse,REF,w4,2048,3,GEOTHERMAL,201.8568276,2048-03-01
Adverse,REF,w4,2048,3,HYDRO,4998.667047,2048-03-01
Adverse,REF,w4,2048,3,IMPORTS,0,2048-03-01
Adverse,REF,w4,2048,3,NUCLEAR,538.5013744,2048-03-01
Adverse,REF,w4,2048,3,PV,83.67205099,2048-03-01
Adverse,REF,w4,2048,3,WIND,331.2776625,2048-03-01
Adverse,REF,w4,2048,4,BIOENERGY,0,2048-04-01
Adverse,REF,w4,2048,4,DIESEL,0,2048-04-01
Adverse,REF,w4,2048,4,FUEL OIL,0,2048-04-01
Adverse,REF,w4,2048,4,GAS,92.3818763,2048-04-01
Adverse,REF,w4,2048,4,GEOTHERMAL,265.5626949,2048-04-01
Adverse,REF,w4,2048,4,HYDRO,4854.172306,2048-04-01
Adverse,REF,w4,2048,4,IMPORTS,0,2048-04-01
Adverse,REF,w4,2048,4,NUCLEAR,656.6543004,2048-04-01
Adverse,REF,w4,2048,4,PV,84.10883868,2048-04-01
Adverse,REF,w4,2048,4,WIND,324.8051003,2048-04-01
Adverse,REF,w4,2048,5,BIOENERGY,0,2048-05-01
Adverse,REF,w4,2048,5,DIESEL,0,2048-05-01
Adverse,REF,w4,2048,5,FUEL OIL,696.1999477,2048-05-01
Adverse,REF,w4,2048,5,GAS,1106.919929,2048-05-01
Adverse,REF,w4,2048,5,GEOTHERMAL,618.4531272,2048-05-01
Adverse,REF,w4,2048,5,HYDRO,2725.285458,2048-05-01
Adverse,REF,w4,2048,5,IMPORTS,0,2048-05-01
Adverse,REF,w4,2048,5,NUCLEAR,621.2619563,2048-05-01
Adverse,REF,w4,2048,5,PV,98.28768682,2048-05-01
Adverse,REF,w4,2048,5,WIND,380.2045093,2048-05-01
Adverse,REF,w4,2048,6,BIOENERGY,0,2048-06-01
Adverse,REF,w4,2048,6,DIESEL,0,2048-06-01
Adverse,REF,w4,2048,6,FUEL OIL,869.2935549,2048-06-01
Adverse,REF,w4,2048,6,GAS,662.0181709,2048-06-01
Adverse,REF,w4,2048,6,GEOTHERMAL,604.1314071,2048-06-01
Adverse,REF,w4,2048,6,HYDRO,2860.173502,2048-06-01
Adverse,REF,w4,2048,6,IMPORTS,0,2048-06-01
Adverse,REF,w4,2048,6,NUCLEAR,638.9881542,2048-06-01
Adverse,REF,w4,2048,6,PV,103.1876237,2048-06-01
Adverse,REF,w4,2048,6,WIND,371.3705029,2048-06-01
Adverse,REF,w4,2048,7,BIOENERGY,0,2048-07-01
Adverse,REF,w4,2048,7,DIESEL,0,2048-07-01
Adverse,REF,w4,2048,7,FUEL OIL,810.8100622,2048-07-01
Adverse,REF,w4,2048,7,GAS,705.4929906,2048-07-01
Adverse,REF,w4,2048,7,GEOTHERMAL,630.2348678,2048-07-01
Adverse,REF,w4,2048,7,HYDRO,2771.408989,2048-07-01
Adverse,REF,w4,2048,7,IMPORTS,0,2048-07-01
Adverse,REF,w4,2048,7,NUCLEAR,635.9602736,2048-07-01
Adverse,REF,w4,2048,7,PV,102.8839144,2048-07-01
Adverse,REF,w4,2048,7,WIND,371.3806713,2048-07-01
Adverse,REF,w4,2048,8,BIOENERGY,0,2048-08-01
Adverse,REF,w4,2048,8,DIESEL,0,2048-08-01
Adverse,REF,w4,2048,8,FUEL OIL,807.6906655,2048-08-01
Adverse,REF,w4,2048,8,GAS,722.9366094,2048-08-01
Adverse,REF,w4,2048,8,GEOTHERMAL,617.3557853,2048-08-01
Adverse,REF,w4,2048,8,HYDRO,2757.236299,2048-08-01
Adverse,REF,w4,2048,8,IMPORTS,0,2048-08-01
Adverse,REF,w4,2048,8,NUCLEAR,630.8710161,2048-08-01
Adverse,REF,w4,2048,8,PV,104.0168019,2048-08-01
Adverse,REF,w4,2048,8,WIND,371.5664693,2048-08-01
Adverse,REF,w4,2048,9,BIOENERGY,0,2048-09-01
Adverse,REF,w4,2048,9,DIESEL,0,2048-09-01
Adverse,REF,w4,2048,9,FUEL OIL,548.4387772,2048-09-01
Adverse,REF,w4,2048,9,GAS,1169.209585,2048-09-01
Adverse,REF,w4,2048,9,GEOTHERMAL,626.1611595,2048-09-01
Adverse,REF,w4,2048,9,HYDRO,2541.176613,2048-09-01
Adverse,REF,w4,2048,9,IMPORTS,101.8413778,2048-09-01
Adverse,REF,w4,2048,9,NUCLEAR,687.550923,2048-09-01
Adverse,REF,w4,2048,9,PV,98.75749168,2048-09-01
Adverse,REF,w4,2048,9,WIND,379.035436,2048-09-01
Adverse,REF,w4,2048,10,BIOENERGY,0,2048-10-01
Adverse,REF,w4,2048,10,DIESEL,0,2048-10-01
Adverse,REF,w4,2048,10,FUEL OIL,858.3179521,2048-10-01
Adverse,REF,w4,2048,10,GAS,682.4579601,2048-10-01
Adverse,REF,w4,2048,10,GEOTHERMAL,603.338325,2048-10-01
Adverse,REF,w4,2048,10,HYDRO,2906.720998,2048-10-01
Adverse,REF,w4,2048,10,IMPORTS,0,2048-10-01
Adverse,REF,w4,2048,10,NUCLEAR,641.2372435,2048-10-01
Adverse,REF,w4,2048,10,PV,96.36962243,2048-10-01
Adverse,REF,w4,2048,10,WIND,383.8890023,2048-10-01
Adverse,REF,w4,2048,11,BIOENERGY,0,2048-11-01
Adverse,REF,w4,2048,11,DIESEL,0,2048-11-01
Adverse,REF,w4,2048,11,FUEL OIL,0,2048-11-01
Adverse,REF,w4,2048,11,GAS,80.17156087,2048-11-01
Adverse,REF,w4,2048,11,GEOTHERMAL,248.7877256,2048-11-01
Adverse,REF,w4,2048,11,HYDRO,5053.930635,2048-11-01
Adverse,REF,w4,2048,11,IMPORTS,0,2048-11-01
Adverse,REF,w4,2048,11,NUCLEAR,513.1460485,2048-11-01
Adverse,REF,w4,2048,11,PV,91.33275866,2048-11-01
Adverse,REF,w4,2048,11,WIND,309.8667069,2048-11-01
Adverse,REF,w4,2048,12,BIOENERGY,0,2048-12-01
Adverse,REF,w4,2048,12,DIESEL,0,2048-12-01
Adverse,REF,w4,2048,12,FUEL OIL,36.96383572,2048-12-01
Adverse,REF,w4,2048,12,GAS,98.27286214,2048-12-01
Adverse,REF,w4,2048,12,GEOTHERMAL,254.2539772,2048-12-01
Adverse,REF,w4,2048,12,HYDRO,5083.056895,2048-12-01
Adverse,REF,w4,2048,12,IMPORTS,0,2048-12-01
Adverse,REF,w4,2048,12,NUCLEAR,570.0136483,2048-12-01
Adverse,REF,w4,2048,12,PV,74.20192628,2048-12-01
Adverse,REF,w4,2048,12,WIND,331.0251914,2048-12-01
Adverse,REF,w4,2049,1,BIOENERGY,0,2049-01-01
Adverse,REF,w4,2049,1,DIESEL,0,2049-01-01
Adverse,REF,w4,2049,1,FUEL OIL,38.00342151,2049-01-01
Adverse,REF,w4,2049,1,GAS,93.28146934,2049-01-01
Adverse,REF,w4,2049,1,GEOTHERMAL,248.0570301,2049-01-01
Adverse,REF,w4,2049,1,HYDRO,4985.243211,2049-01-01
Adverse,REF,w4,2049,1,IMPORTS,0,2049-01-01
Adverse,REF,w4,2049,1,NUCLEAR,513.1004432,2049-01-01
Adverse,REF,w4,2049,1,PV,83.3841346,2049-01-01
Adverse,REF,w4,2049,1,WIND,332.093893,2049-01-01
Adverse,REF,w4,2049,2,BIOENERGY,0,2049-02-01
Adverse,REF,w4,2049,2,DIESEL,0,2049-02-01
Adverse,REF,w4,2049,2,FUEL OIL,0,2049-02-01
Adverse,REF,w4,2049,2,GAS,92.49052158,2049-02-01
Adverse,REF,w4,2049,2,GEOTHERMAL,246.6885348,2049-02-01
Adverse,REF,w4,2049,2,HYDRO,5003.298794,2049-02-01
Adverse,REF,w4,2049,2,IMPORTS,0,2049-02-01
Adverse,REF,w4,2049,2,NUCLEAR,503.5848009,2049-02-01
Adverse,REF,w4,2049,2,PV,89.76705045,2049-02-01
Adverse,REF,w4,2049,2,WIND,325.873636,2049-02-01
Adverse,REF,w4,2049,3,BIOENERGY,0,2049-03-01
Adverse,REF,w4,2049,3,DIESEL,0,2049-03-01
Adverse,REF,w4,2049,3,FUEL OIL,37.093373,2049-03-01
Adverse,REF,w4,2049,3,GAS,90.34068742,2049-03-01
Adverse,REF,w4,2049,3,GEOTHERMAL,297.4531733,2049-03-01
Adverse,REF,w4,2049,3,HYDRO,4881.61308,2049-03-01
Adverse,REF,w4,2049,3,IMPORTS,0,2049-03-01
Adverse,REF,w4,2049,3,NUCLEAR,652.6029244,2049-03-01
Adverse,REF,w4,2049,3,PV,91.34826233,2049-03-01
Adverse,REF,w4,2049,3,WIND,320.3965559,2049-03-01
Adverse,REF,w4,2049,4,BIOENERGY,0,2049-04-01
Adverse,REF,w4,2049,4,DIESEL,0,2049-04-01
Adverse,REF,w4,2049,4,FUEL OIL,0,2049-04-01
Adverse,REF,w4,2049,4,GAS,97.12313136,2049-04-01
Adverse,REF,w4,2049,4,GEOTHERMAL,252.9280211,2049-04-01
Adverse,REF,w4,2049,4,HYDRO,4991.909853,2049-04-01
Adverse,REF,w4,2049,4,IMPORTS,0,2049-04-01
Adverse,REF,w4,2049,4,NUCLEAR,647.0520238,2049-04-01
Adverse,REF,w4,2049,4,PV,82.85095402,2049-04-01
Adverse,REF,w4,2049,4,WIND,331.3748352,2049-04-01
Adverse,REF,w4,2049,5,BIOENERGY,0,2049-05-01
Adverse,REF,w4,2049,5,DIESEL,0,2049-05-01
Adverse,REF,w4,2049,5,FUEL OIL,705.5818716,2049-05-01
Adverse,REF,w4,2049,5,GAS,1162.900352,2049-05-01
Adverse,REF,w4,2049,5,GEOTHERMAL,633.9464504,2049-05-01
Adverse,REF,w4,2049,5,HYDRO,2716.029065,2049-05-01
Adverse,REF,w4,2049,5,IMPORTS,4.152146701,2049-05-01
Adverse,REF,w4,2049,5,NUCLEAR,677.1794574,2049-05-01
Adverse,REF,w4,2049,5,PV,98.96144381,2049-05-01
Adverse,REF,w4,2049,5,WIND,372.7940801,2049-05-01
Adverse,REF,w4,2049,6,BIOENERGY,0,2049-06-01
Adverse,REF,w4,2049,6,DIESEL,0,2049-06-01
Adverse,REF,w4,2049,6,FUEL OIL,714.6502964,2049-06-01
Adverse,REF,w4,2049,6,GAS,1128.489198,2049-06-01
Adverse,REF,w4,2049,6,GEOTHERMAL,620.7848112,2049-06-01
Adverse,REF,w4,2049,6,HYDRO,2616.156167,2049-06-01
Adverse,REF,w4,2049,6,IMPORTS,0,2049-06-01
Adverse,REF,w4,2049,6,NUCLEAR,674.8841943,2049-06-01
Adverse,REF,w4,2049,6,PV,97.51358975,2049-06-01
Adverse,REF,w4,2049,6,WIND,378.8679166,2049-06-01
Adverse,REF,w4,2049,7,BIOENERGY,0,2049-07-01
Adverse,REF,w4,2049,7,DIESEL,0,2049-07-01
Adverse,REF,w4,2049,7,FUEL OIL,873.491779,2049-07-01
Adverse,REF,w4,2049,7,GAS,638.7765652,2049-07-01
Adverse,REF,w4,2049,7,GEOTHERMAL,598.9885343,2049-07-01
Adverse,REF,w4,2049,7,HYDRO,2888.961543,2049-07-01
Adverse,REF,w4,2049,7,IMPORTS,0,2049-07-01
Adverse,REF,w4,2049,7,NUCLEAR,662.1792896,2049-07-01
Adverse,REF,w4,2049,7,PV,106.1944058,2049-07-01
Adverse,REF,w4,2049,7,WIND,380.1430873,2049-07-01
Adverse,REF,w4,2049,8,BIOENERGY,0,2049-08-01
Adverse,REF,w4,2049,8,DIESEL,0,2049-08-01
Adverse,REF,w4,2049,8,FUEL OIL,812.3385802,2049-08-01
Adverse,REF,w4,2049,8,GAS,914.4972093,2049-08-01
Adverse,REF,w4,2049,8,GEOTHERMAL,618.0941207,2049-08-01
Adverse,REF,w4,2049,8,HYDRO,2630.496235,2049-08-01
Adverse,REF,w4,2049,8,IMPORTS,0,2049-08-01
Adverse,REF,w4,2049,8,NUCLEAR,681.7770741,2049-08-01
Adverse,REF,w4,2049,8,PV,104.1944135,2049-08-01
Adverse,REF,w4,2049,8,WIND,370.5094867,2049-08-01
Adverse,REF,w4,2049,9,BIOENERGY,0,2049-09-01
Adverse,REF,w4,2049,9,DIESEL,0,2049-09-01
Adverse,REF,w4,2049,9,FUEL OIL,586.3429452,2049-09-01
Adverse,REF,w4,2049,9,GAS,1128.881102,2049-09-01
Adverse,REF,w4,2049,9,GEOTHERMAL,612.0393648,2049-09-01
Adverse,REF,w4,2049,9,HYDRO,2791.739896,2049-09-01
Adverse,REF,w4,2049,9,IMPORTS,0,2049-09-01
Adverse,REF,w4,2049,9,NUCLEAR,684.8829934,2049-09-01
Adverse,REF,w4,2049,9,PV,101.5724992,2049-09-01
Adverse,REF,w4,2049,9,WIND,369.7559892,2049-09-01
Adverse,REF,w4,2049,10,BIOENERGY,0,2049-10-01
Adverse,REF,w4,2049,10,DIESEL,0,2049-10-01
Adverse,REF,w4,2049,10,FUEL OIL,650.8971543,2049-10-01
Adverse,REF,w4,2049,10,GAS,1172.950744,2049-10-01
Adverse,REF,w4,2049,10,GEOTHERMAL,628.8006442,2049-10-01
Adverse,REF,w4,2049,10,HYDRO,2522.46659,2049-10-01
Adverse,REF,w4,2049,10,IMPORTS,165.091765,2049-10-01
Adverse,REF,w4,2049,10,NUCLEAR,678.6086057,2049-10-01
Adverse,REF,w4,2049,10,PV,117.9800507,2049-10-01
Adverse,REF,w4,2049,10,WIND,358.9821713,2049-10-01
Adverse,REF,w4,2049,11,BIOENERGY,0,2049-11-01
Adverse,REF,w4,2049,11,DIESEL,0,2049-11-01
Adverse,REF,w4,2049,11,FUEL OIL,39.31570992,2049-11-01
Adverse,REF,w4,2049,11,GAS,95.74597451,2049-11-01
Adverse,REF,w4,2049,11,GEOTHERMAL,252.7469622,2049-11-01
Adverse,REF,w4,2049,11,HYDRO,5083.380225,2049-11-01
Adverse,REF,w4,2049,11,IMPORTS,0,2049-11-01
Adverse,REF,w4,2049,11,NUCLEAR,518.3313552,2049-11-01
Adverse,REF,w4,2049,11,PV,89.1798187,2049-11-01
Adverse,REF,w4,2049,11,WIND,344.4800989,2049-11-01
Adverse,REF,w4,2049,12,BIOENERGY,0,2049-12-01
Adverse,REF,w4,2049,12,DIESEL,0,2049-12-01
Adverse,REF,w4,2049,12,FUEL OIL,0,2049-12-01
Adverse,REF,w4,2049,12,GAS,104.6826462,2049-12-01
Adverse,REF,w4,2049,12,GEOTHERMAL,338.1648066,2049-12-01
Adverse,REF,w4,2049,12,HYDRO,5091.949581,2049-12-01
Adverse,REF,w4,2049,12,IMPORTS,0,2049-12-01
Adverse,REF,w4,2049,12,NUCLEAR,613.5433123,2049-12-01
Adverse,REF,w4,2049,12,PV,92.33837484,2049-12-01
Adverse,REF,w4,2049,12,WIND,336.0653817,2049-12-01
Adverse,REF,w4,2050,1,BIOENERGY,0,2050-01-01
Adverse,REF,w4,2050,1,DIESEL,0,2050-01-01
Adverse,REF,w4,2050,1,FUEL OIL,76.12746543,2050-01-01
Adverse,REF,w4,2050,1,GAS,99.42934821,2050-01-01
Adverse,REF,w4,2050,1,GEOTHERMAL,249.4115432,2050-01-01
Adverse,REF,w4,2050,1,HYDRO,5013.370552,2050-01-01
Adverse,REF,w4,2050,1,IMPORTS,0,2050-01-01
Adverse,REF,w4,2050,1,NUCLEAR,582.8147099,2050-01-01
Adverse,REF,w4,2050,1,PV,86.18339417,2050-01-01
Adverse,REF,w4,2050,1,WIND,311.6898618,2050-01-01
Adverse,REF,w4,2050,2,BIOENERGY,0,2050-02-01
Adverse,REF,w4,2050,2,DIESEL,0,2050-02-01
Adverse,REF,w4,2050,2,FUEL OIL,76.02609446,2050-02-01
Adverse,REF,w4,2050,2,GAS,95.58764212,2050-02-01
Adverse,REF,w4,2050,2,GEOTHERMAL,326.8253028,2050-02-01
Adverse,REF,w4,2050,2,HYDRO,4814.429063,2050-02-01
Adverse,REF,w4,2050,2,IMPORTS,0,2050-02-01
Adverse,REF,w4,2050,2,NUCLEAR,650.2199004,2050-02-01
Adverse,REF,w4,2050,2,PV,80.26232524,2050-02-01
Adverse,REF,w4,2050,2,WIND,343.5870763,2050-02-01
Adverse,REF,w4,2050,3,BIOENERGY,0,2050-03-01
Adverse,REF,w4,2050,3,DIESEL,0,2050-03-01
Adverse,REF,w4,2050,3,FUEL OIL,37.16775456,2050-03-01
Adverse,REF,w4,2050,3,GAS,107.305741,2050-03-01
Adverse,REF,w4,2050,3,GEOTHERMAL,247.3790104,2050-03-01
Adverse,REF,w4,2050,3,HYDRO,5157.23208,2050-03-01
Adverse,REF,w4,2050,3,IMPORTS,0,2050-03-01
Adverse,REF,w4,2050,3,NUCLEAR,521.2571616,2050-03-01
Adverse,REF,w4,2050,3,PV,81.3594733,2050-03-01
Adverse,REF,w4,2050,3,WIND,346.5637965,2050-03-01
Adverse,REF,w4,2050,4,BIOENERGY,0,2050-04-01
Adverse,REF,w4,2050,4,DIESEL,0,2050-04-01
Adverse,REF,w4,2050,4,FUEL OIL,0,2050-04-01
Adverse,REF,w4,2050,4,GAS,106.7694346,2050-04-01
Adverse,REF,w4,2050,4,GEOTHERMAL,325.2750051,2050-04-01
Adverse,REF,w4,2050,4,HYDRO,5058.83337,2050-04-01
Adverse,REF,w4,2050,4,IMPORTS,0,2050-04-01
Adverse,REF,w4,2050,4,NUCLEAR,639.2306644,2050-04-01
Adverse,REF,w4,2050,4,PV,77.70393098,2050-04-01
Adverse,REF,w4,2050,4,WIND,323.4911903,2050-04-01
Adverse,REF,w4,2050,5,BIOENERGY,0,2050-05-01
Adverse,REF,w4,2050,5,DIESEL,0,2050-05-01
Adverse,REF,w4,2050,5,FUEL OIL,525.3959107,2050-05-01
Adverse,REF,w4,2050,5,GAS,1157.348866,2050-05-01
Adverse,REF,w4,2050,5,GEOTHERMAL,624.5304543,2050-05-01
Adverse,REF,w4,2050,5,HYDRO,2750.916775,2050-05-01
Adverse,REF,w4,2050,5,IMPORTS,285.1328669,2050-05-01
Adverse,REF,w4,2050,5,NUCLEAR,680.9154093,2050-05-01
Adverse,REF,w4,2050,5,PV,102.6056144,2050-05-01
Adverse,REF,w4,2050,5,WIND,359.7872711,2050-05-01
Adverse,REF,w4,2050,6,BIOENERGY,0,2050-06-01
Adverse,REF,w4,2050,6,DIESEL,0,2050-06-01
Adverse,REF,w4,2050,6,FUEL OIL,704.4344076,2050-06-01
Adverse,REF,w4,2050,6,GAS,1163.594244,2050-06-01
Adverse,REF,w4,2050,6,GEOTHERMAL,620.8085163,2050-06-01
Adverse,REF,w4,2050,6,HYDRO,2685.625987,2050-06-01
Adverse,REF,w4,2050,6,IMPORTS,17.26682447,2050-06-01
Adverse,REF,w4,2050,6,NUCLEAR,685.0486295,2050-06-01
Adverse,REF,w4,2050,6,PV,103.029262,2050-06-01
Adverse,REF,w4,2050,6,WIND,376.1652272,2050-06-01
Adverse,REF,w4,2050,7,BIOENERGY,0,2050-07-01
Adverse,REF,w4,2050,7,DIESEL,0,2050-07-01
Adverse,REF,w4,2050,7,FUEL OIL,777.3523469,2050-07-01
Adverse,REF,w4,2050,7,GAS,998.7018396,2050-07-01
Adverse,REF,w4,2050,7,GEOTHERMAL,630.5781981,2050-07-01
Adverse,REF,w4,2050,7,HYDRO,2706.386811,2050-07-01
Adverse,REF,w4,2050,7,IMPORTS,0,2050-07-01
Adverse,REF,w4,2050,7,NUCLEAR,687.4240774,2050-07-01
Adverse,REF,w4,2050,7,PV,104.7872984,2050-07-01
Adverse,REF,w4,2050,7,WIND,366.4793373,2050-07-01
Adverse,REF,w4,2050,8,BIOENERGY,0,2050-08-01
Adverse,REF,w4,2050,8,DIESEL,0,2050-08-01
Adverse,REF,w4,2050,8,FUEL OIL,802.476344,2050-08-01
Adverse,REF,w4,2050,8,GAS,891.5593365,2050-08-01
Adverse,REF,w4,2050,8,GEOTHERMAL,636.1786748,2050-08-01
Adverse,REF,w4,2050,8,HYDRO,2746.764558,2050-08-01
Adverse,REF,w4,2050,8,IMPORTS,0,2050-08-01
Adverse,REF,w4,2050,8,NUCLEAR,688.6794223,2050-08-01
Adverse,REF,w4,2050,8,PV,115.2061995,2050-08-01
Adverse,REF,w4,2050,8,WIND,373.6807268,2050-08-01
Adverse,REF,w4,2050,9,BIOENERGY,0,2050-09-01
Adverse,REF,w4,2050,9,DIESEL,0,2050-09-01
Adverse,REF,w4,2050,9,FUEL OIL,679.8090904,2050-09-01
Adverse,REF,w4,2050,9,GAS,1153.548087,2050-09-01
Adverse,REF,w4,2050,9,GEOTHERMAL,642.9012885,2050-09-01
Adverse,REF,w4,2050,9,HYDRO,2515.85583,2050-09-01
Adverse,REF,w4,2050,9,IMPORTS,240.8366312,2050-09-01
Adverse,REF,w4,2050,9,NUCLEAR,679.8205635,2050-09-01
Adverse,REF,w4,2050,9,PV,109.9021631,2050-09-01
Adverse,REF,w4,2050,9,WIND,378.045433,2050-09-01
Adverse,REF,w4,2050,10,BIOENERGY,0,2050-10-01
Adverse,REF,w4,2050,10,DIESEL,0,2050-10-01
Adverse,REF,w4,2050,10,FUEL OIL,475.6613305,2050-10-01
Adverse,REF,w4,2050,10,GAS,1172.180271,2050-10-01
Adverse,REF,w4,2050,10,GEOTHERMAL,628.2428116,2050-10-01
Adverse,REF,w4,2050,10,HYDRO,2705.099214,2050-10-01
Adverse,REF,w4,2050,10,IMPORTS,319.2941744,2050-10-01
Adverse,REF,w4,2050,10,NUCLEAR,688.0000709,2050-10-01
Adverse,REF,w4,2050,10,PV,98.37627874,2050-10-01
Adverse,REF,w4,2050,10,WIND,316.8741333,2050-10-01
Adverse,REF,w4,2050,11,BIOENERGY,0,2050-11-01
Adverse,REF,w4,2050,11,DIESEL,0,2050-11-01
Adverse,REF,w4,2050,11,FUEL OIL,38.80151412,2050-11-01
Adverse,REF,w4,2050,11,GAS,102.4685564,2050-11-01
Adverse,REF,w4,2050,11,GEOTHERMAL,266.4152963,2050-11-01
Adverse,REF,w4,2050,11,HYDRO,5171.838806,2050-11-01
Adverse,REF,w4,2050,11,IMPORTS,0,2050-11-01
Adverse,REF,w4,2050,11,NUCLEAR,562.3144283,2050-11-01
Adverse,REF,w4,2050,11,PV,83.18670839,2050-11-01
Adverse,REF,w4,2050,11,WIND,326.6184381,2050-11-01
Adverse,REF,w4,2050,12,BIOENERGY,0,2050-12-01
Adverse,REF,w4,2050,12,DIESEL,0,2050-12-01
Adverse,REF,w4,2050,12,FUEL OIL,0,2050-12-01
Adverse,REF,w4,2050,12,GAS,122.2315448,2050-12-01
Adverse,REF,w4,2050,12,GEOTHERMAL,375.308438,2050-12-01
Adverse,REF,w4,2050,12,HYDRO,5206.693428,2050-12-01
Adverse,REF,w4,2050,12,IMPORTS,0,2050-12-01
Adverse,REF,w4,2050,12,NUCLEAR,608.6847827,2050-12-01
Adverse,REF,w4,2050,12,PV,75.30469908,2050-12-01
Adverse,REF,w4,2050,12,WIND,320.0560919,2050-12-01
Adverse,BRIDGE,w2,2025,1,BIOENERGY,96.88162968,2025-01-01
Adverse,BRIDGE,w2,2025,1,DIESEL,0,2025-01-01
Adverse,BRIDGE,w2,2025,1,FUEL OIL,516.5883331,2025-01-01
Adverse,BRIDGE,w2,2025,1,GAS,36.33866123,2025-01-01
Adverse,BRIDGE,w2,2025,1,GEOTHERMAL,0,2025-01-01
Adverse,BRIDGE,w2,2025,1,HYDRO,2504.113092,2025-01-01
Adverse,BRIDGE,w2,2025,1,IMPORTS,0,2025-01-01
Adverse,BRIDGE,w2,2025,1,NUCLEAR,0,2025-01-01
Adverse,BRIDGE,w2,2025,1,PV,204.5643916,2025-01-01
Adverse,BRIDGE,w2,2025,1,WIND,100.7526382,2025-01-01
Adverse,BRIDGE,w2,2025,2,BIOENERGY,97.44730738,2025-02-01
Adverse,BRIDGE,w2,2025,2,DIESEL,0,2025-02-01
Adverse,BRIDGE,w2,2025,2,FUEL OIL,511.8872706,2025-02-01
Adverse,BRIDGE,w2,2025,2,GAS,63.0332696,2025-02-01
Adverse,BRIDGE,w2,2025,2,GEOTHERMAL,0,2025-02-01
Adverse,BRIDGE,w2,2025,2,HYDRO,2448.940976,2025-02-01
Adverse,BRIDGE,w2,2025,2,IMPORTS,0,2025-02-01
Adverse,BRIDGE,w2,2025,2,NUCLEAR,0,2025-02-01
Adverse,BRIDGE,w2,2025,2,PV,205.6243623,2025-02-01
Adverse,BRIDGE,w2,2025,2,WIND,115.0124186,2025-02-01
Adverse,BRIDGE,w2,2025,3,BIOENERGY,91.36178705,2025-03-01
Adverse,BRIDGE,w2,2025,3,DIESEL,0,2025-03-01
Adverse,BRIDGE,w2,2025,3,FUEL OIL,505.755463,2025-03-01
Adverse,BRIDGE,w2,2025,3,GAS,62.87837224,2025-03-01
Adverse,BRIDGE,w2,2025,3,GEOTHERMAL,0,2025-03-01
Adverse,BRIDGE,w2,2025,3,HYDRO,2546.192543,2025-03-01
Adverse,BRIDGE,w2,2025,3,IMPORTS,0,2025-03-01
Adverse,BRIDGE,w2,2025,3,NUCLEAR,0,2025-03-01
Adverse,BRIDGE,w2,2025,3,PV,193.1327748,2025-03-01
Adverse,BRIDGE,w2,2025,3,WIND,102.619551,2025-03-01
Adverse,BRIDGE,w2,2025,4,BIOENERGY,94.3499645,2025-04-01
Adverse,BRIDGE,w2,2025,4,DIESEL,0,2025-04-01
Adverse,BRIDGE,w2,2025,4,FUEL OIL,545.9242848,2025-04-01
Adverse,BRIDGE,w2,2025,4,GAS,92.61584754,2025-04-01
Adverse,BRIDGE,w2,2025,4,GEOTHERMAL,0,2025-04-01
Adverse,BRIDGE,w2,2025,4,HYDRO,2477.399649,2025-04-01
Adverse,BRIDGE,w2,2025,4,IMPORTS,0,2025-04-01
Adverse,BRIDGE,w2,2025,4,NUCLEAR,0,2025-04-01
Adverse,BRIDGE,w2,2025,4,PV,204.3560211,2025-04-01
Adverse,BRIDGE,w2,2025,4,WIND,105.0993432,2025-04-01
Adverse,BRIDGE,w2,2025,5,BIOENERGY,90.2693354,2025-05-01
Adverse,BRIDGE,w2,2025,5,DIESEL,217.0886377,2025-05-01
Adverse,BRIDGE,w2,2025,5,FUEL OIL,1356.035818,2025-05-01
Adverse,BRIDGE,w2,2025,5,GAS,252.4280938,2025-05-01
Adverse,BRIDGE,w2,2025,5,GEOTHERMAL,0,2025-05-01
Adverse,BRIDGE,w2,2025,5,HYDRO,1222.705448,2025-05-01
Adverse,BRIDGE,w2,2025,5,IMPORTS,0,2025-05-01
Adverse,BRIDGE,w2,2025,5,NUCLEAR,0,2025-05-01
Adverse,BRIDGE,w2,2025,5,PV,244.8312067,2025-05-01
Adverse,BRIDGE,w2,2025,5,WIND,118.9649774,2025-05-01
Adverse,BRIDGE,w2,2025,6,BIOENERGY,95.35364879,2025-06-01
Adverse,BRIDGE,w2,2025,6,DIESEL,110.1676949,2025-06-01
Adverse,BRIDGE,w2,2025,6,FUEL OIL,1350.168744,2025-06-01
Adverse,BRIDGE,w2,2025,6,GAS,172.0597121,2025-06-01
Adverse,BRIDGE,w2,2025,6,GEOTHERMAL,0,2025-06-01
Adverse,BRIDGE,w2,2025,6,HYDRO,1350.207203,2025-06-01
Adverse,BRIDGE,w2,2025,6,IMPORTS,0,2025-06-01
Adverse,BRIDGE,w2,2025,6,NUCLEAR,0,2025-06-01
Adverse,BRIDGE,w2,2025,6,PV,230.3057268,2025-06-01
Adverse,BRIDGE,w2,2025,6,WIND,116.9960888,2025-06-01
Adverse,BRIDGE,w2,2025,7,BIOENERGY,91.58150594,2025-07-01
Adverse,BRIDGE,w2,2025,7,DIESEL,112.3647166,2025-07-01
Adverse,BRIDGE,w2,2025,7,FUEL OIL,1351.535633,2025-07-01
Adverse,BRIDGE,w2,2025,7,GAS,262.9905067,2025-07-01
Adverse,BRIDGE,w2,2025,7,GEOTHERMAL,0,2025-07-01
Adverse,BRIDGE,w2,2025,7,HYDRO,1209.71355,2025-07-01
Adverse,BRIDGE,w2,2025,7,IMPORTS,0,2025-07-01
Adverse,BRIDGE,w2,2025,7,NUCLEAR,0,2025-07-01
Adverse,BRIDGE,w2,2025,7,PV,234.9502661,2025-07-01
Adverse,BRIDGE,w2,2025,7,WIND,116.7128773,2025-07-01
Adverse,BRIDGE,w2,2025,8,BIOENERGY,97.82737286,2025-08-01
Adverse,BRIDGE,w2,2025,8,DIESEL,111.1308521,2025-08-01
Adverse,BRIDGE,w2,2025,8,FUEL OIL,1357.862242,2025-08-01
Adverse,BRIDGE,w2,2025,8,GAS,256.5176587,2025-08-01
Adverse,BRIDGE,w2,2025,8,GEOTHERMAL,0,2025-08-01
Adverse,BRIDGE,w2,2025,8,HYDRO,1203.796696,2025-08-01
Adverse,BRIDGE,w2,2025,8,IMPORTS,0,2025-08-01
Adverse,BRIDGE,w2,2025,8,NUCLEAR,0,2025-08-01
Adverse,BRIDGE,w2,2025,8,PV,227.3884219,2025-08-01
Adverse,BRIDGE,w2,2025,8,WIND,116.075716,2025-08-01
Adverse,BRIDGE,w2,2025,9,BIOENERGY,98.24031689,2025-09-01
Adverse,BRIDGE,w2,2025,9,DIESEL,110.886351,2025-09-01
Adverse,BRIDGE,w2,2025,9,FUEL OIL,1315.583202,2025-09-01
Adverse,BRIDGE,w2,2025,9,GAS,176.1135336,2025-09-01
Adverse,BRIDGE,w2,2025,9,GEOTHERMAL,0,2025-09-01
Adverse,BRIDGE,w2,2025,9,HYDRO,1378.607927,2025-09-01
Adverse,BRIDGE,w2,2025,9,IMPORTS,0,2025-09-01
Adverse,BRIDGE,w2,2025,9,NUCLEAR,0,2025-09-01
Adverse,BRIDGE,w2,2025,9,PV,244.3507448,2025-09-01
Adverse,BRIDGE,w2,2025,9,WIND,125.5905321,2025-09-01
Adverse,BRIDGE,w2,2025,10,BIOENERGY,94.95831246,2025-10-01
Adverse,BRIDGE,w2,2025,10,DIESEL,136.729308,2025-10-01
Adverse,BRIDGE,w2,2025,10,FUEL OIL,1294.105159,2025-10-01
Adverse,BRIDGE,w2,2025,10,GAS,188.7637074,2025-10-01
Adverse,BRIDGE,w2,2025,10,GEOTHERMAL,0,2025-10-01
Adverse,BRIDGE,w2,2025,10,HYDRO,1395.369201,2025-10-01
Adverse,BRIDGE,w2,2025,10,IMPORTS,0,2025-10-01
Adverse,BRIDGE,w2,2025,10,NUCLEAR,0,2025-10-01
Adverse,BRIDGE,w2,2025,10,PV,236.7947826,2025-10-01
Adverse,BRIDGE,w2,2025,10,WIND,113.9552112,2025-10-01
Adverse,BRIDGE,w2,2025,11,BIOENERGY,91.59940869,2025-11-01
Adverse,BRIDGE,w2,2025,11,DIESEL,0,2025-11-01
Adverse,BRIDGE,w2,2025,11,FUEL OIL,404.2858505,2025-11-01
Adverse,BRIDGE,w2,2025,11,GAS,63.49089686,2025-11-01
Adverse,BRIDGE,w2,2025,11,GEOTHERMAL,0,2025-11-01
Adverse,BRIDGE,w2,2025,11,HYDRO,2671.040235,2025-11-01
Adverse,BRIDGE,w2,2025,11,IMPORTS,0,2025-11-01
Adverse,BRIDGE,w2,2025,11,NUCLEAR,0,2025-11-01
Adverse,BRIDGE,w2,2025,11,PV,198.2431256,2025-11-01
Adverse,BRIDGE,w2,2025,11,WIND,102.0469819,2025-11-01
Adverse,BRIDGE,w2,2025,12,BIOENERGY,94.1135844,2025-12-01
Adverse,BRIDGE,w2,2025,12,DIESEL,0,2025-12-01
Adverse,BRIDGE,w2,2025,12,FUEL OIL,493.9399886,2025-12-01
Adverse,BRIDGE,w2,2025,12,GAS,63.68955568,2025-12-01
Adverse,BRIDGE,w2,2025,12,GEOTHERMAL,0,2025-12-01
Adverse,BRIDGE,w2,2025,12,HYDRO,2657.192268,2025-12-01
Adverse,BRIDGE,w2,2025,12,IMPORTS,0,2025-12-01
Adverse,BRIDGE,w2,2025,12,NUCLEAR,0,2025-12-01
Adverse,BRIDGE,w2,2025,12,PV,209.6940976,2025-12-01
Adverse,BRIDGE,w2,2025,12,WIND,96.48834689,2025-12-01
Adverse,BRIDGE,w2,2026,1,BIOENERGY,93.93166648,2026-01-01
Adverse,BRIDGE,w2,2026,1,DIESEL,0,2026-01-01
Adverse,BRIDGE,w2,2026,1,FUEL OIL,407.2331049,2026-01-01
Adverse,BRIDGE,w2,2026,1,GAS,63.51938662,2026-01-01
Adverse,BRIDGE,w2,2026,1,GEOTHERMAL,122.7758552,2026-01-01
Adverse,BRIDGE,w2,2026,1,HYDRO,2617.388043,2026-01-01
Adverse,BRIDGE,w2,2026,1,IMPORTS,0,2026-01-01
Adverse,BRIDGE,w2,2026,1,NUCLEAR,0,2026-01-01
Adverse,BRIDGE,w2,2026,1,PV,191.2017126,2026-01-01
Adverse,BRIDGE,w2,2026,1,WIND,90.48896295,2026-01-01
Adverse,BRIDGE,w2,2026,2,BIOENERGY,96.79083079,2026-02-01
Adverse,BRIDGE,w2,2026,2,DIESEL,0,2026-02-01
Adverse,BRIDGE,w2,2026,2,FUEL OIL,315.7374783,2026-02-01
Adverse,BRIDGE,w2,2026,2,GAS,63.05516752,2026-02-01
Adverse,BRIDGE,w2,2026,2,GEOTHERMAL,130.0929833,2026-02-01
Adverse,BRIDGE,w2,2026,2,HYDRO,2669.039252,2026-02-01
Adverse,BRIDGE,w2,2026,2,IMPORTS,0,2026-02-01
Adverse,BRIDGE,w2,2026,2,NUCLEAR,0,2026-02-01
Adverse,BRIDGE,w2,2026,2,PV,204.611855,2026-02-01
Adverse,BRIDGE,w2,2026,2,WIND,89.28163613,2026-02-01
Adverse,BRIDGE,w2,2026,3,BIOENERGY,88.09434228,2026-03-01
Adverse,BRIDGE,w2,2026,3,DIESEL,0,2026-03-01
Adverse,BRIDGE,w2,2026,3,FUEL OIL,323.7532478,2026-03-01
Adverse,BRIDGE,w2,2026,3,GAS,63.61344588,2026-03-01
Adverse,BRIDGE,w2,2026,3,GEOTHERMAL,119.8005032,2026-03-01
Adverse,BRIDGE,w2,2026,3,HYDRO,2718.312914,2026-03-01
Adverse,BRIDGE,w2,2026,3,IMPORTS,0,2026-03-01
Adverse,BRIDGE,w2,2026,3,NUCLEAR,0,2026-03-01
Adverse,BRIDGE,w2,2026,3,PV,208.3282591,2026-03-01
Adverse,BRIDGE,w2,2026,3,WIND,108.9091898,2026-03-01
Adverse,BRIDGE,w2,2026,4,BIOENERGY,98.05481295,2026-04-01
Adverse,BRIDGE,w2,2026,4,DIESEL,0,2026-04-01
Adverse,BRIDGE,w2,2026,4,FUEL OIL,330.4771229,2026-04-01
Adverse,BRIDGE,w2,2026,4,GAS,62.46755186,2026-04-01
Adverse,BRIDGE,w2,2026,4,GEOTHERMAL,128.5581286,2026-04-01
Adverse,BRIDGE,w2,2026,4,HYDRO,2742.469553,2026-04-01
Adverse,BRIDGE,w2,2026,4,IMPORTS,0,2026-04-01
Adverse,BRIDGE,w2,2026,4,NUCLEAR,0,2026-04-01
Adverse,BRIDGE,w2,2026,4,PV,201.5571849,2026-04-01
Adverse,BRIDGE,w2,2026,4,WIND,85.68737643,2026-04-01
Adverse,BRIDGE,w2,2026,5,BIOENERGY,91.66609302,2026-05-01
Adverse,BRIDGE,w2,2026,5,DIESEL,135.5067081,2026-05-01
Adverse,BRIDGE,w2,2026,5,FUEL OIL,1201.560918,2026-05-01
Adverse,BRIDGE,w2,2026,5,GAS,184.9748529,2026-05-01
Adverse,BRIDGE,w2,2026,5,GEOTHERMAL,123.2931661,2026-05-01
Adverse,BRIDGE,w2,2026,5,HYDRO,1562.107805,2026-05-01
Adverse,BRIDGE,w2,2026,5,IMPORTS,0,2026-05-01
Adverse,BRIDGE,w2,2026,5,NUCLEAR,0,2026-05-01
Adverse,BRIDGE,w2,2026,5,PV,221.9175039,2026-05-01
Adverse,BRIDGE,w2,2026,5,WIND,110.181974,2026-05-01
Adverse,BRIDGE,w2,2026,6,BIOENERGY,92.20084203,2026-06-01
Adverse,BRIDGE,w2,2026,6,DIESEL,111.9928493,2026-06-01
Adverse,BRIDGE,w2,2026,6,FUEL OIL,1232.204192,2026-06-01
Adverse,BRIDGE,w2,2026,6,GAS,134.7158468,2026-06-01
Adverse,BRIDGE,w2,2026,6,GEOTHERMAL,126.7485789,2026-06-01
Adverse,BRIDGE,w2,2026,6,HYDRO,1484.294522,2026-06-01
Adverse,BRIDGE,w2,2026,6,IMPORTS,0,2026-06-01
Adverse,BRIDGE,w2,2026,6,NUCLEAR,0,2026-06-01
Adverse,BRIDGE,w2,2026,6,PV,247.9327636,2026-06-01
Adverse,BRIDGE,w2,2026,6,WIND,121.2187481,2026-06-01
Adverse,BRIDGE,w2,2026,7,BIOENERGY,89.25689051,2026-07-01
Adverse,BRIDGE,w2,2026,7,DIESEL,109.746853,2026-07-01
Adverse,BRIDGE,w2,2026,7,FUEL OIL,1257.033652,2026-07-01
Adverse,BRIDGE,w2,2026,7,GAS,147.4200238,2026-07-01
Adverse,BRIDGE,w2,2026,7,GEOTHERMAL,130.0359362,2026-07-01
Adverse,BRIDGE,w2,2026,7,HYDRO,1425.634633,2026-07-01
Adverse,BRIDGE,w2,2026,7,IMPORTS,0,2026-07-01
Adverse,BRIDGE,w2,2026,7,NUCLEAR,0,2026-07-01
Adverse,BRIDGE,w2,2026,7,PV,223.0547451,2026-07-01
Adverse,BRIDGE,w2,2026,7,WIND,122.0447672,2026-07-01
Adverse,BRIDGE,w2,2026,8,BIOENERGY,95.77169651,2026-08-01
Adverse,BRIDGE,w2,2026,8,DIESEL,112.4368347,2026-08-01
Adverse,BRIDGE,w2,2026,8,FUEL OIL,1234.590599,2026-08-01
Adverse,BRIDGE,w2,2026,8,GAS,63.81182422,2026-08-01
Adverse,BRIDGE,w2,2026,8,GEOTHERMAL,124.1005369,2026-08-01
Adverse,BRIDGE,w2,2026,8,HYDRO,1478.304484,2026-08-01
Adverse,BRIDGE,w2,2026,8,IMPORTS,0,2026-08-01
Adverse,BRIDGE,w2,2026,8,NUCLEAR,0,2026-08-01
Adverse,BRIDGE,w2,2026,8,PV,266.7050547,2026-08-01
Adverse,BRIDGE,w2,2026,8,WIND,118.9159714,2026-08-01
Adverse,BRIDGE,w2,2026,9,BIOENERGY,87.29577865,2026-09-01
Adverse,BRIDGE,w2,2026,9,DIESEL,113.1114805,2026-09-01
Adverse,BRIDGE,w2,2026,9,FUEL OIL,1336.519163,2026-09-01
Adverse,BRIDGE,w2,2026,9,GAS,194.2938758,2026-09-01
Adverse,BRIDGE,w2,2026,9,GEOTHERMAL,125.1875333,2026-09-01
Adverse,BRIDGE,w2,2026,9,HYDRO,1359.022567,2026-09-01
Adverse,BRIDGE,w2,2026,9,IMPORTS,0,2026-09-01
Adverse,BRIDGE,w2,2026,9,NUCLEAR,0,2026-09-01
Adverse,BRIDGE,w2,2026,9,PV,247.1668788,2026-09-01
Adverse,BRIDGE,w2,2026,9,WIND,113.7122419,2026-09-01
Adverse,BRIDGE,w2,2026,10,BIOENERGY,93.17581058,2026-10-01
Adverse,BRIDGE,w2,2026,10,DIESEL,127.4855012,2026-10-01
Adverse,BRIDGE,w2,2026,10,FUEL OIL,1342.439776,2026-10-01
Adverse,BRIDGE,w2,2026,10,GAS,251.5833546,2026-10-01
Adverse,BRIDGE,w2,2026,10,GEOTHERMAL,132.2712903,2026-10-01
Adverse,BRIDGE,w2,2026,10,HYDRO,1293.766604,2026-10-01
Adverse,BRIDGE,w2,2026,10,IMPORTS,0,2026-10-01
Adverse,BRIDGE,w2,2026,10,NUCLEAR,0,2026-10-01
Adverse,BRIDGE,w2,2026,10,PV,240.268617,2026-10-01
Adverse,BRIDGE,w2,2026,10,WIND,107.0375931,2026-10-01
Adverse,BRIDGE,w2,2026,11,BIOENERGY,92.41507948,2026-11-01
Adverse,BRIDGE,w2,2026,11,DIESEL,0,2026-11-01
Adverse,BRIDGE,w2,2026,11,FUEL OIL,327.3037422,2026-11-01
Adverse,BRIDGE,w2,2026,11,GAS,62.52513054,2026-11-01
Adverse,BRIDGE,w2,2026,11,GEOTHERMAL,119.5168395,2026-11-01
Adverse,BRIDGE,w2,2026,11,HYDRO,2741.880482,2026-11-01
Adverse,BRIDGE,w2,2026,11,IMPORTS,0,2026-11-01
Adverse,BRIDGE,w2,2026,11,NUCLEAR,0,2026-11-01
Adverse,BRIDGE,w2,2026,11,PV,203.8354704,2026-11-01
Adverse,BRIDGE,w2,2026,11,WIND,113.1597536,2026-11-01
Adverse,BRIDGE,w2,2026,12,BIOENERGY,83.08560805,2026-12-01
Adverse,BRIDGE,w2,2026,12,DIESEL,0,2026-12-01
Adverse,BRIDGE,w2,2026,12,FUEL OIL,369.9213912,2026-12-01
Adverse,BRIDGE,w2,2026,12,GAS,63.53520948,2026-12-01
Adverse,BRIDGE,w2,2026,12,GEOTHERMAL,122.9327324,2026-12-01
Adverse,BRIDGE,w2,2026,12,HYDRO,2802.757962,2026-12-01
Adverse,BRIDGE,w2,2026,12,IMPORTS,0,2026-12-01
Adverse,BRIDGE,w2,2026,12,NUCLEAR,0,2026-12-01
Adverse,BRIDGE,w2,2026,12,PV,200.8393352,2026-12-01
Adverse,BRIDGE,w2,2026,12,WIND,105.0819398,2026-12-01
Adverse,BRIDGE,w2,2027,1,BIOENERGY,90.85627764,2027-01-01
Adverse,BRIDGE,w2,2027,1,DIESEL,0,2027-01-01
Adverse,BRIDGE,w2,2027,1,FUEL OIL,135.3550511,2027-01-01
Adverse,BRIDGE,w2,2027,1,GAS,0,2027-01-01
Adverse,BRIDGE,w2,2027,1,GEOTHERMAL,262.4914423,2027-01-01
Adverse,BRIDGE,w2,2027,1,HYDRO,2866.731636,2027-01-01
Adverse,BRIDGE,w2,2027,1,IMPORTS,0,2027-01-01
Adverse,BRIDGE,w2,2027,1,NUCLEAR,0,2027-01-01
Adverse,BRIDGE,w2,2027,1,PV,193.1277426,2027-01-01
Adverse,BRIDGE,w2,2027,1,WIND,138.399666,2027-01-01
Adverse,BRIDGE,w2,2027,2,BIOENERGY,96.4384248,2027-02-01
Adverse,BRIDGE,w2,2027,2,DIESEL,0,2027-02-01
Adverse,BRIDGE,w2,2027,2,FUEL OIL,146.5034803,2027-02-01
Adverse,BRIDGE,w2,2027,2,GAS,0,2027-02-01
Adverse,BRIDGE,w2,2027,2,GEOTHERMAL,248.7079082,2027-02-01
Adverse,BRIDGE,w2,2027,2,HYDRO,2847.807596,2027-02-01
Adverse,BRIDGE,w2,2027,2,IMPORTS,0,2027-02-01
Adverse,BRIDGE,w2,2027,2,NUCLEAR,0,2027-02-01
Adverse,BRIDGE,w2,2027,2,PV,204.067984,2027-02-01
Adverse,BRIDGE,w2,2027,2,WIND,125.0048674,2027-02-01
Adverse,BRIDGE,w2,2027,3,BIOENERGY,97.0408226,2027-03-01
Adverse,BRIDGE,w2,2027,3,DIESEL,0,2027-03-01
Adverse,BRIDGE,w2,2027,3,FUEL OIL,135.1365895,2027-03-01
Adverse,BRIDGE,w2,2027,3,GAS,0,2027-03-01
Adverse,BRIDGE,w2,2027,3,GEOTHERMAL,248.4804676,2027-03-01
Adverse,BRIDGE,w2,2027,3,HYDRO,2924.496409,2027-03-01
Adverse,BRIDGE,w2,2027,3,IMPORTS,0,2027-03-01
Adverse,BRIDGE,w2,2027,3,NUCLEAR,0,2027-03-01
Adverse,BRIDGE,w2,2027,3,PV,203.8543352,2027-03-01
Adverse,BRIDGE,w2,2027,3,WIND,123.4660106,2027-03-01
Adverse,BRIDGE,w2,2027,4,BIOENERGY,18.86833315,2027-04-01
Adverse,BRIDGE,w2,2027,4,DIESEL,0,2027-04-01
Adverse,BRIDGE,w2,2027,4,FUEL OIL,253.8522196,2027-04-01
Adverse,BRIDGE,w2,2027,4,GAS,62.81913119,2027-04-01
Adverse,BRIDGE,w2,2027,4,GEOTHERMAL,234.3611782,2027-04-01
Adverse,BRIDGE,w2,2027,4,HYDRO,2827.405483,2027-04-01
Adverse,BRIDGE,w2,2027,4,IMPORTS,0,2027-04-01
Adverse,BRIDGE,w2,2027,4,NUCLEAR,0,2027-04-01
Adverse,BRIDGE,w2,2027,4,PV,209.501273,2027-04-01
Adverse,BRIDGE,w2,2027,4,WIND,144.6437205,2027-04-01
Adverse,BRIDGE,w2,2027,5,BIOENERGY,92.70564006,2027-05-01
Adverse,BRIDGE,w2,2027,5,DIESEL,110.4779263,2027-05-01
Adverse,BRIDGE,w2,2027,5,FUEL OIL,1312.5869,2027-05-01
Adverse,BRIDGE,w2,2027,5,GAS,63.06445838,2027-05-01
Adverse,BRIDGE,w2,2027,5,GEOTHERMAL,242.8565,2027-05-01
Adverse,BRIDGE,w2,2027,5,HYDRO,1539.356029,2027-05-01
Adverse,BRIDGE,w2,2027,5,IMPORTS,0,2027-05-01
Adverse,BRIDGE,w2,2027,5,NUCLEAR,0,2027-05-01
Adverse,BRIDGE,w2,2027,5,PV,231.7565699,2027-05-01
Adverse,BRIDGE,w2,2027,5,WIND,140.07885,2027-05-01
Adverse,BRIDGE,w2,2027,6,BIOENERGY,85.72762989,2027-06-01
Adverse,BRIDGE,w2,2027,6,DIESEL,110.8481972,2027-06-01
Adverse,BRIDGE,w2,2027,6,FUEL OIL,1317.929324,2027-06-01
Adverse,BRIDGE,w2,2027,6,GAS,62.73359531,2027-06-01
Adverse,BRIDGE,w2,2027,6,GEOTHERMAL,257.0293411,2027-06-01
Adverse,BRIDGE,w2,2027,6,HYDRO,1416.099738,2027-06-01
Adverse,BRIDGE,w2,2027,6,IMPORTS,0,2027-06-01
Adverse,BRIDGE,w2,2027,6,NUCLEAR,0,2027-06-01
Adverse,BRIDGE,w2,2027,6,PV,240.0622898,2027-06-01
Adverse,BRIDGE,w2,2027,6,WIND,160.3148614,2027-06-01
Adverse,BRIDGE,w2,2027,7,BIOENERGY,86.18826524,2027-07-01
Adverse,BRIDGE,w2,2027,7,DIESEL,110.7338666,2027-07-01
Adverse,BRIDGE,w2,2027,7,FUEL OIL,1231.841117,2027-07-01
Adverse,BRIDGE,w2,2027,7,GAS,62.62472392,2027-07-01
Adverse,BRIDGE,w2,2027,7,GEOTHERMAL,238.6196488,2027-07-01
Adverse,BRIDGE,w2,2027,7,HYDRO,1495.5199,2027-07-01
Adverse,BRIDGE,w2,2027,7,IMPORTS,0,2027-07-01
Adverse,BRIDGE,w2,2027,7,NUCLEAR,0,2027-07-01
Adverse,BRIDGE,w2,2027,7,PV,235.3631126,2027-07-01
Adverse,BRIDGE,w2,2027,7,WIND,141.4552364,2027-07-01
Adverse,BRIDGE,w2,2027,8,BIOENERGY,86.99852477,2027-08-01
Adverse,BRIDGE,w2,2027,8,DIESEL,111.6830465,2027-08-01
Adverse,BRIDGE,w2,2027,8,FUEL OIL,1041.381417,2027-08-01
Adverse,BRIDGE,w2,2027,8,GAS,63.36233531,2027-08-01
Adverse,BRIDGE,w2,2027,8,GEOTHERMAL,253.1877007,2027-08-01
Adverse,BRIDGE,w2,2027,8,HYDRO,1633.684431,2027-08-01
Adverse,BRIDGE,w2,2027,8,IMPORTS,0,2027-08-01
Adverse,BRIDGE,w2,2027,8,NUCLEAR,0,2027-08-01
Adverse,BRIDGE,w2,2027,8,PV,239.5621421,2027-08-01
Adverse,BRIDGE,w2,2027,8,WIND,162.6272401,2027-08-01
Adverse,BRIDGE,w2,2027,9,BIOENERGY,89.18361646,2027-09-01
Adverse,BRIDGE,w2,2027,9,DIESEL,111.37364,2027-09-01
Adverse,BRIDGE,w2,2027,9,FUEL OIL,1108.755021,2027-09-01
Adverse,BRIDGE,w2,2027,9,GAS,62.79338927,2027-09-01
Adverse,BRIDGE,w2,2027,9,GEOTHERMAL,243.530983,2027-09-01
Adverse,BRIDGE,w2,2027,9,HYDRO,1674.066031,2027-09-01
Adverse,BRIDGE,w2,2027,9,IMPORTS,0,2027-09-01
Adverse,BRIDGE,w2,2027,9,NUCLEAR,0,2027-09-01
Adverse,BRIDGE,w2,2027,9,PV,230.5647947,2027-09-01
Adverse,BRIDGE,w2,2027,9,WIND,156.1787092,2027-09-01
Adverse,BRIDGE,w2,2027,10,BIOENERGY,89.68148892,2027-10-01
Adverse,BRIDGE,w2,2027,10,DIESEL,109.4206964,2027-10-01
Adverse,BRIDGE,w2,2027,10,FUEL OIL,1247.850576,2027-10-01
Adverse,BRIDGE,w2,2027,10,GAS,61.67544116,2027-10-01
Adverse,BRIDGE,w2,2027,10,GEOTHERMAL,238.401648,2027-10-01
Adverse,BRIDGE,w2,2027,10,HYDRO,1562.575806,2027-10-01
Adverse,BRIDGE,w2,2027,10,IMPORTS,0,2027-10-01
Adverse,BRIDGE,w2,2027,10,NUCLEAR,0,2027-10-01
Adverse,BRIDGE,w2,2027,10,PV,226.1124515,2027-10-01
Adverse,BRIDGE,w2,2027,10,WIND,152.7752388,2027-10-01
Adverse,BRIDGE,w2,2027,11,BIOENERGY,69.57045715,2027-11-01
Adverse,BRIDGE,w2,2027,11,DIESEL,0,2027-11-01
Adverse,BRIDGE,w2,2027,11,FUEL OIL,142.2066217,2027-11-01
Adverse,BRIDGE,w2,2027,11,GAS,0,2027-11-01
Adverse,BRIDGE,w2,2027,11,GEOTHERMAL,228.6397547,2027-11-01
Adverse,BRIDGE,w2,2027,11,HYDRO,2995.747883,2027-11-01
Adverse,BRIDGE,w2,2027,11,IMPORTS,0,2027-11-01
Adverse,BRIDGE,w2,2027,11,NUCLEAR,0,2027-11-01
Adverse,BRIDGE,w2,2027,11,PV,201.7665487,2027-11-01
Adverse,BRIDGE,w2,2027,11,WIND,125.2030546,2027-11-01
Adverse,BRIDGE,w2,2027,12,BIOENERGY,18.81205343,2027-12-01
Adverse,BRIDGE,w2,2027,12,DIESEL,0,2027-12-01
Adverse,BRIDGE,w2,2027,12,FUEL OIL,263.3383814,2027-12-01
Adverse,BRIDGE,w2,2027,12,GAS,26.53103493,2027-12-01
Adverse,BRIDGE,w2,2027,12,GEOTHERMAL,243.3994691,2027-12-01
Adverse,BRIDGE,w2,2027,12,HYDRO,2968.626051,2027-12-01
Adverse,BRIDGE,w2,2027,12,IMPORTS,0,2027-12-01
Adverse,BRIDGE,w2,2027,12,NUCLEAR,0,2027-12-01
Adverse,BRIDGE,w2,2027,12,PV,199.0791929,2027-12-01
Adverse,BRIDGE,w2,2027,12,WIND,133.3163123,2027-12-01
Adverse,BRIDGE,w2,2028,1,BIOENERGY,19.40241749,2028-01-01
Adverse,BRIDGE,w2,2028,1,DIESEL,0,2028-01-01
Adverse,BRIDGE,w2,2028,1,FUEL OIL,45.29024582,2028-01-01
Adverse,BRIDGE,w2,2028,1,GAS,53.52747428,2028-01-01
Adverse,BRIDGE,w2,2028,1,GEOTHERMAL,362.4585007,2028-01-01
Adverse,BRIDGE,w2,2028,1,HYDRO,2985.958825,2028-01-01
Adverse,BRIDGE,w2,2028,1,IMPORTS,0,2028-01-01
Adverse,BRIDGE,w2,2028,1,NUCLEAR,0,2028-01-01
Adverse,BRIDGE,w2,2028,1,PV,201.7587351,2028-01-01
Adverse,BRIDGE,w2,2028,1,WIND,154.9832049,2028-01-01
Adverse,BRIDGE,w2,2028,2,BIOENERGY,19.07723832,2028-02-01
Adverse,BRIDGE,w2,2028,2,DIESEL,0,2028-02-01
Adverse,BRIDGE,w2,2028,2,FUEL OIL,82.37559453,2028-02-01
Adverse,BRIDGE,w2,2028,2,GAS,51.75198633,2028-02-01
Adverse,BRIDGE,w2,2028,2,GEOTHERMAL,358.3312817,2028-02-01
Adverse,BRIDGE,w2,2028,2,HYDRO,2923.119693,2028-02-01
Adverse,BRIDGE,w2,2028,2,IMPORTS,0,2028-02-01
Adverse,BRIDGE,w2,2028,2,NUCLEAR,0,2028-02-01
Adverse,BRIDGE,w2,2028,2,PV,194.7536277,2028-02-01
Adverse,BRIDGE,w2,2028,2,WIND,174.8564587,2028-02-01
Adverse,BRIDGE,w2,2028,3,BIOENERGY,18.71096349,2028-03-01
Adverse,BRIDGE,w2,2028,3,DIESEL,0,2028-03-01
Adverse,BRIDGE,w2,2028,3,FUEL OIL,105.4758975,2028-03-01
Adverse,BRIDGE,w2,2028,3,GAS,53.31038753,2028-03-01
Adverse,BRIDGE,w2,2028,3,GEOTHERMAL,359.5166884,2028-03-01
Adverse,BRIDGE,w2,2028,3,HYDRO,2966.139918,2028-03-01
Adverse,BRIDGE,w2,2028,3,IMPORTS,0,2028-03-01
Adverse,BRIDGE,w2,2028,3,NUCLEAR,0,2028-03-01
Adverse,BRIDGE,w2,2028,3,PV,197.4708953,2028-03-01
Adverse,BRIDGE,w2,2028,3,WIND,169.9514467,2028-03-01
Adverse,BRIDGE,w2,2028,4,BIOENERGY,19.1665689,2028-04-01
Adverse,BRIDGE,w2,2028,4,DIESEL,0,2028-04-01
Adverse,BRIDGE,w2,2028,4,FUEL OIL,179.4308497,2028-04-01
Adverse,BRIDGE,w2,2028,4,GAS,53.11620002,2028-04-01
Adverse,BRIDGE,w2,2028,4,GEOTHERMAL,366.5400227,2028-04-01
Adverse,BRIDGE,w2,2028,4,HYDRO,2900.816214,2028-04-01
Adverse,BRIDGE,w2,2028,4,IMPORTS,0,2028-04-01
Adverse,BRIDGE,w2,2028,4,NUCLEAR,0,2028-04-01
Adverse,BRIDGE,w2,2028,4,PV,199.9987184,2028-04-01
Adverse,BRIDGE,w2,2028,4,WIND,171.1864644,2028-04-01
Adverse,BRIDGE,w2,2028,5,BIOENERGY,93.41347759,2028-05-01
Adverse,BRIDGE,w2,2028,5,DIESEL,109.8350085,2028-05-01
Adverse,BRIDGE,w2,2028,5,FUEL OIL,1243.993077,2028-05-01
Adverse,BRIDGE,w2,2028,5,GAS,114.5490105,2028-05-01
Adverse,BRIDGE,w2,2028,5,GEOTHERMAL,369.0982154,2028-05-01
Adverse,BRIDGE,w2,2028,5,HYDRO,1514.295177,2028-05-01
Adverse,BRIDGE,w2,2028,5,IMPORTS,0,2028-05-01
Adverse,BRIDGE,w2,2028,5,NUCLEAR,0,2028-05-01
Adverse,BRIDGE,w2,2028,5,PV,223.4522691,2028-05-01
Adverse,BRIDGE,w2,2028,5,WIND,202.3633049,2028-05-01
Adverse,BRIDGE,w2,2028,6,BIOENERGY,93.8525422,2028-06-01
Adverse,BRIDGE,w2,2028,6,DIESEL,112.7244377,2028-06-01
Adverse,BRIDGE,w2,2028,6,FUEL OIL,942.3031684,2028-06-01
Adverse,BRIDGE,w2,2028,6,GAS,113.2661185,2028-06-01
Adverse,BRIDGE,w2,2028,6,GEOTHERMAL,380.3622063,2028-06-01
Adverse,BRIDGE,w2,2028,6,HYDRO,1709.892834,2028-06-01
Adverse,BRIDGE,w2,2028,6,IMPORTS,0,2028-06-01
Adverse,BRIDGE,w2,2028,6,NUCLEAR,0,2028-06-01
Adverse,BRIDGE,w2,2028,6,PV,237.8940032,2028-06-01
Adverse,BRIDGE,w2,2028,6,WIND,195.5272304,2028-06-01
Adverse,BRIDGE,w2,2028,7,BIOENERGY,91.67696404,2028-07-01
Adverse,BRIDGE,w2,2028,7,DIESEL,112.0361841,2028-07-01
Adverse,BRIDGE,w2,2028,7,FUEL OIL,986.8708562,2028-07-01
Adverse,BRIDGE,w2,2028,7,GAS,114.8919736,2028-07-01
Adverse,BRIDGE,w2,2028,7,GEOTHERMAL,384.068599,2028-07-01
Adverse,BRIDGE,w2,2028,7,HYDRO,1619.140012,2028-07-01
Adverse,BRIDGE,w2,2028,7,IMPORTS,0,2028-07-01
Adverse,BRIDGE,w2,2028,7,NUCLEAR,0,2028-07-01
Adverse,BRIDGE,w2,2028,7,PV,248.5157345,2028-07-01
Adverse,BRIDGE,w2,2028,7,WIND,178.4323444,2028-07-01
Adverse,BRIDGE,w2,2028,8,BIOENERGY,94.41372111,2028-08-01
Adverse,BRIDGE,w2,2028,8,DIESEL,109.3124608,2028-08-01
Adverse,BRIDGE,w2,2028,8,FUEL OIL,1116.896664,2028-08-01
Adverse,BRIDGE,w2,2028,8,GAS,114.8839664,2028-08-01
Adverse,BRIDGE,w2,2028,8,GEOTHERMAL,371.5498383,2028-08-01
Adverse,BRIDGE,w2,2028,8,HYDRO,1476.1759,2028-08-01
Adverse,BRIDGE,w2,2028,8,IMPORTS,0,2028-08-01
Adverse,BRIDGE,w2,2028,8,NUCLEAR,0,2028-08-01
Adverse,BRIDGE,w2,2028,8,PV,249.7438022,2028-08-01
Adverse,BRIDGE,w2,2028,8,WIND,192.4324975,2028-08-01
Adverse,BRIDGE,w2,2028,9,BIOENERGY,95.11017737,2028-09-01
Adverse,BRIDGE,w2,2028,9,DIESEL,109.7429314,2028-09-01
Adverse,BRIDGE,w2,2028,9,FUEL OIL,1250.999465,2028-09-01
Adverse,BRIDGE,w2,2028,9,GAS,114.8770482,2028-09-01
Adverse,BRIDGE,w2,2028,9,GEOTHERMAL,385.6912439,2028-09-01
Adverse,BRIDGE,w2,2028,9,HYDRO,1416.467394,2028-09-01
Adverse,BRIDGE,w2,2028,9,IMPORTS,0,2028-09-01
Adverse,BRIDGE,w2,2028,9,NUCLEAR,0,2028-09-01
Adverse,BRIDGE,w2,2028,9,PV,236.7219568,2028-09-01
Adverse,BRIDGE,w2,2028,9,WIND,202.8644773,2028-09-01
Adverse,BRIDGE,w2,2028,10,BIOENERGY,96.21114146,2028-10-01
Adverse,BRIDGE,w2,2028,10,DIESEL,111.7587894,2028-10-01
Adverse,BRIDGE,w2,2028,10,FUEL OIL,1117.355121,2028-10-01
Adverse,BRIDGE,w2,2028,10,GAS,116.5915793,2028-10-01
Adverse,BRIDGE,w2,2028,10,GEOTHERMAL,369.5644684,2028-10-01
Adverse,BRIDGE,w2,2028,10,HYDRO,1581.253513,2028-10-01
Adverse,BRIDGE,w2,2028,10,IMPORTS,0,2028-10-01
Adverse,BRIDGE,w2,2028,10,NUCLEAR,0,2028-10-01
Adverse,BRIDGE,w2,2028,10,PV,248.6410003,2028-10-01
Adverse,BRIDGE,w2,2028,10,WIND,183.5919872,2028-10-01
Adverse,BRIDGE,w2,2028,11,BIOENERGY,0,2028-11-01
Adverse,BRIDGE,w2,2028,11,DIESEL,0,2028-11-01
Adverse,BRIDGE,w2,2028,11,FUEL OIL,143.7660768,2028-11-01
Adverse,BRIDGE,w2,2028,11,GAS,0,2028-11-01
Adverse,BRIDGE,w2,2028,11,GEOTHERMAL,336.3847946,2028-11-01
Adverse,BRIDGE,w2,2028,11,HYDRO,3042.335642,2028-11-01
Adverse,BRIDGE,w2,2028,11,IMPORTS,0,2028-11-01
Adverse,BRIDGE,w2,2028,11,NUCLEAR,0,2028-11-01
Adverse,BRIDGE,w2,2028,11,PV,201.8300734,2028-11-01
Adverse,BRIDGE,w2,2028,11,WIND,178.053702,2028-11-01
Adverse,BRIDGE,w2,2028,12,BIOENERGY,18.10094409,2028-12-01
Adverse,BRIDGE,w2,2028,12,DIESEL,0,2028-12-01
Adverse,BRIDGE,w2,2028,12,FUEL OIL,221.9486714,2028-12-01
Adverse,BRIDGE,w2,2028,12,GAS,52.54013899,2028-12-01
Adverse,BRIDGE,w2,2028,12,GEOTHERMAL,364.7272609,2028-12-01
Adverse,BRIDGE,w2,2028,12,HYDRO,2955.137081,2028-12-01
Adverse,BRIDGE,w2,2028,12,IMPORTS,0,2028-12-01
Adverse,BRIDGE,w2,2028,12,NUCLEAR,0,2028-12-01
Adverse,BRIDGE,w2,2028,12,PV,203.9510155,2028-12-01
Adverse,BRIDGE,w2,2028,12,WIND,179.262175,2028-12-01
Adverse,BRIDGE,w2,2029,1,BIOENERGY,91.09292199,2029-01-01
Adverse,BRIDGE,w2,2029,1,DIESEL,0,2029-01-01
Adverse,BRIDGE,w2,2029,1,FUEL OIL,228.4192758,2029-01-01
Adverse,BRIDGE,w2,2029,1,GAS,116.2645815,2029-01-01
Adverse,BRIDGE,w2,2029,1,GEOTHERMAL,367.3344446,2029-01-01
Adverse,BRIDGE,w2,2029,1,HYDRO,2818.044638,2029-01-01
Adverse,BRIDGE,w2,2029,1,IMPORTS,0,2029-01-01
Adverse,BRIDGE,w2,2029,1,NUCLEAR,0,2029-01-01
Adverse,BRIDGE,w2,2029,1,PV,182.7414468,2029-01-01
Adverse,BRIDGE,w2,2029,1,WIND,180.064029,2029-01-01
Adverse,BRIDGE,w2,2029,2,BIOENERGY,96.26918016,2029-02-01
Adverse,BRIDGE,w2,2029,2,DIESEL,0,2029-02-01
Adverse,BRIDGE,w2,2029,2,FUEL OIL,217.5430942,2029-02-01
Adverse,BRIDGE,w2,2029,2,GAS,53.42687695,2029-02-01
Adverse,BRIDGE,w2,2029,2,GEOTHERMAL,390.0513356,2029-02-01
Adverse,BRIDGE,w2,2029,2,HYDRO,2853.896051,2029-02-01
Adverse,BRIDGE,w2,2029,2,IMPORTS,0,2029-02-01
Adverse,BRIDGE,w2,2029,2,NUCLEAR,0,2029-02-01
Adverse,BRIDGE,w2,2029,2,PV,183.8818134,2029-02-01
Adverse,BRIDGE,w2,2029,2,WIND,168.9766953,2029-02-01
Adverse,BRIDGE,w2,2029,3,BIOENERGY,75.05499688,2029-03-01
Adverse,BRIDGE,w2,2029,3,DIESEL,0,2029-03-01
Adverse,BRIDGE,w2,2029,3,FUEL OIL,226.0290041,2029-03-01
Adverse,BRIDGE,w2,2029,3,GAS,87.10162956,2029-03-01
Adverse,BRIDGE,w2,2029,3,GEOTHERMAL,380.4041939,2029-03-01
Adverse,BRIDGE,w2,2029,3,HYDRO,2875.621826,2029-03-01
Adverse,BRIDGE,w2,2029,3,IMPORTS,0,2029-03-01
Adverse,BRIDGE,w2,2029,3,NUCLEAR,0,2029-03-01
Adverse,BRIDGE,w2,2029,3,PV,206.6619238,2029-03-01
Adverse,BRIDGE,w2,2029,3,WIND,182.2668222,2029-03-01
Adverse,BRIDGE,w2,2029,4,BIOENERGY,19.10982009,2029-04-01
Adverse,BRIDGE,w2,2029,4,DIESEL,0,2029-04-01
Adverse,BRIDGE,w2,2029,4,FUEL OIL,224.6590057,2029-04-01
Adverse,BRIDGE,w2,2029,4,GAS,89.39156822,2029-04-01
Adverse,BRIDGE,w2,2029,4,GEOTHERMAL,349.9014631,2029-04-01
Adverse,BRIDGE,w2,2029,4,HYDRO,3009.44609,2029-04-01
Adverse,BRIDGE,w2,2029,4,IMPORTS,0,2029-04-01
Adverse,BRIDGE,w2,2029,4,NUCLEAR,0,2029-04-01
Adverse,BRIDGE,w2,2029,4,PV,196.927535,2029-04-01
Adverse,BRIDGE,w2,2029,4,WIND,164.2102684,2029-04-01
Adverse,BRIDGE,w2,2029,5,BIOENERGY,86.39469349,2029-05-01
Adverse,BRIDGE,w2,2029,5,DIESEL,233.0295989,2029-05-01
Adverse,BRIDGE,w2,2029,5,FUEL OIL,989.5275417,2029-05-01
Adverse,BRIDGE,w2,2029,5,GAS,461.7486077,2029-05-01
Adverse,BRIDGE,w2,2029,5,GEOTHERMAL,360.8202334,2029-05-01
Adverse,BRIDGE,w2,2029,5,HYDRO,1477.348948,2029-05-01
Adverse,BRIDGE,w2,2029,5,IMPORTS,0,2029-05-01
Adverse,BRIDGE,w2,2029,5,NUCLEAR,0,2029-05-01
Adverse,BRIDGE,w2,2029,5,PV,235.122538,2029-05-01
Adverse,BRIDGE,w2,2029,5,WIND,189.5893602,2029-05-01
Adverse,BRIDGE,w2,2029,6,BIOENERGY,90.86703785,2029-06-01
Adverse,BRIDGE,w2,2029,6,DIESEL,109.8181934,2029-06-01
Adverse,BRIDGE,w2,2029,6,FUEL OIL,989.9004912,2029-06-01
Adverse,BRIDGE,w2,2029,6,GAS,343.5105791,2029-06-01
Adverse,BRIDGE,w2,2029,6,GEOTHERMAL,358.6309688,2029-06-01
Adverse,BRIDGE,w2,2029,6,HYDRO,1625.725723,2029-06-01
Adverse,BRIDGE,w2,2029,6,IMPORTS,0,2029-06-01
Adverse,BRIDGE,w2,2029,6,NUCLEAR,0,2029-06-01
Adverse,BRIDGE,w2,2029,6,PV,241.0660496,2029-06-01
Adverse,BRIDGE,w2,2029,6,WIND,185.3080445,2029-06-01
Adverse,BRIDGE,w2,2029,7,BIOENERGY,82.11842554,2029-07-01
Adverse,BRIDGE,w2,2029,7,DIESEL,108.5066318,2029-07-01
Adverse,BRIDGE,w2,2029,7,FUEL OIL,982.3272903,2029-07-01
Adverse,BRIDGE,w2,2029,7,GAS,266.2448372,2029-07-01
Adverse,BRIDGE,w2,2029,7,GEOTHERMAL,363.8815863,2029-07-01
Adverse,BRIDGE,w2,2029,7,HYDRO,1665.01548,2029-07-01
Adverse,BRIDGE,w2,2029,7,IMPORTS,0,2029-07-01
Adverse,BRIDGE,w2,2029,7,NUCLEAR,0,2029-07-01
Adverse,BRIDGE,w2,2029,7,PV,229.6820256,2029-07-01
Adverse,BRIDGE,w2,2029,7,WIND,194.7529628,2029-07-01
Adverse,BRIDGE,w2,2029,8,BIOENERGY,85.4137961,2029-08-01
Adverse,BRIDGE,w2,2029,8,DIESEL,110.3218543,2029-08-01
Adverse,BRIDGE,w2,2029,8,FUEL OIL,999.4922262,2029-08-01
Adverse,BRIDGE,w2,2029,8,GAS,372.5561885,2029-08-01
Adverse,BRIDGE,w2,2029,8,GEOTHERMAL,356.3217991,2029-08-01
Adverse,BRIDGE,w2,2029,8,HYDRO,1520.5988,2029-08-01
Adverse,BRIDGE,w2,2029,8,IMPORTS,0,2029-08-01
Adverse,BRIDGE,w2,2029,8,NUCLEAR,0,2029-08-01
Adverse,BRIDGE,w2,2029,8,PV,246.3746815,2029-08-01
Adverse,BRIDGE,w2,2029,8,WIND,190.7966767,2029-08-01
Adverse,BRIDGE,w2,2029,9,BIOENERGY,88.60562919,2029-09-01
Adverse,BRIDGE,w2,2029,9,DIESEL,110.2491231,2029-09-01
Adverse,BRIDGE,w2,2029,9,FUEL OIL,986.2303897,2029-09-01
Adverse,BRIDGE,w2,2029,9,GAS,328.3532884,2029-09-01
Adverse,BRIDGE,w2,2029,9,GEOTHERMAL,358.130155,2029-09-01
Adverse,BRIDGE,w2,2029,9,HYDRO,1654.53332,2029-09-01
Adverse,BRIDGE,w2,2029,9,IMPORTS,0,2029-09-01
Adverse,BRIDGE,w2,2029,9,NUCLEAR,0,2029-09-01
Adverse,BRIDGE,w2,2029,9,PV,247.8572918,2029-09-01
Adverse,BRIDGE,w2,2029,9,WIND,198.6394345,2029-09-01
Adverse,BRIDGE,w2,2029,10,BIOENERGY,84.47930735,2029-10-01
Adverse,BRIDGE,w2,2029,10,DIESEL,146.156194,2029-10-01
Adverse,BRIDGE,w2,2029,10,FUEL OIL,999.7244322,2029-10-01
Adverse,BRIDGE,w2,2029,10,GAS,447.1075081,2029-10-01
Adverse,BRIDGE,w2,2029,10,GEOTHERMAL,353.1878436,2029-10-01
Adverse,BRIDGE,w2,2029,10,HYDRO,1513.348842,2029-10-01
Adverse,BRIDGE,w2,2029,10,IMPORTS,0,2029-10-01
Adverse,BRIDGE,w2,2029,10,NUCLEAR,0,2029-10-01
Adverse,BRIDGE,w2,2029,10,PV,235.6962624,2029-10-01
Adverse,BRIDGE,w2,2029,10,WIND,205.9158498,2029-10-01
Adverse,BRIDGE,w2,2029,11,BIOENERGY,39.23415033,2029-11-01
Adverse,BRIDGE,w2,2029,11,DIESEL,0,2029-11-01
Adverse,BRIDGE,w2,2029,11,FUEL OIL,225.4981929,2029-11-01
Adverse,BRIDGE,w2,2029,11,GAS,116.9797923,2029-11-01
Adverse,BRIDGE,w2,2029,11,GEOTHERMAL,381.3116436,2029-11-01
Adverse,BRIDGE,w2,2029,11,HYDRO,2947.274017,2029-11-01
Adverse,BRIDGE,w2,2029,11,IMPORTS,0,2029-11-01
Adverse,BRIDGE,w2,2029,11,NUCLEAR,0,2029-11-01
Adverse,BRIDGE,w2,2029,11,PV,201.0320652,2029-11-01
Adverse,BRIDGE,w2,2029,11,WIND,154.9399805,2029-11-01
Adverse,BRIDGE,w2,2029,12,BIOENERGY,91.80068278,2029-12-01
Adverse,BRIDGE,w2,2029,12,DIESEL,0,2029-12-01
Adverse,BRIDGE,w2,2029,12,FUEL OIL,240.9126687,2029-12-01
Adverse,BRIDGE,w2,2029,12,GAS,115.4940456,2029-12-01
Adverse,BRIDGE,w2,2029,12,GEOTHERMAL,354.1443835,2029-12-01
Adverse,BRIDGE,w2,2029,12,HYDRO,3007.856835,2029-12-01
Adverse,BRIDGE,w2,2029,12,IMPORTS,0,2029-12-01
Adverse,BRIDGE,w2,2029,12,NUCLEAR,0,2029-12-01
Adverse,BRIDGE,w2,2029,12,PV,188.0186657,2029-12-01
Adverse,BRIDGE,w2,2029,12,WIND,165.2580317,2029-12-01
Adverse,BRIDGE,w2,2030,1,BIOENERGY,0,2030-01-01
Adverse,BRIDGE,w2,2030,1,DIESEL,0,2030-01-01
Adverse,BRIDGE,w2,2030,1,FUEL OIL,104.181857,2030-01-01
Adverse,BRIDGE,w2,2030,1,GAS,0,2030-01-01
Adverse,BRIDGE,w2,2030,1,GEOTHERMAL,152.2548204,2030-01-01
Adverse,BRIDGE,w2,2030,1,HYDRO,3423.6945,2030-01-01
Adverse,BRIDGE,w2,2030,1,IMPORTS,0,2030-01-01
Adverse,BRIDGE,w2,2030,1,NUCLEAR,0,2030-01-01
Adverse,BRIDGE,w2,2030,1,PV,208.8723036,2030-01-01
Adverse,BRIDGE,w2,2030,1,WIND,266.2681946,2030-01-01
Adverse,BRIDGE,w2,2030,2,BIOENERGY,18.80269914,2030-02-01
Adverse,BRIDGE,w2,2030,2,DIESEL,0,2030-02-01
Adverse,BRIDGE,w2,2030,2,FUEL OIL,102.9665417,2030-02-01
Adverse,BRIDGE,w2,2030,2,GAS,0,2030-02-01
Adverse,BRIDGE,w2,2030,2,GEOTHERMAL,145.0306703,2030-02-01
Adverse,BRIDGE,w2,2030,2,HYDRO,3428.237378,2030-02-01
Adverse,BRIDGE,w2,2030,2,IMPORTS,0,2030-02-01
Adverse,BRIDGE,w2,2030,2,NUCLEAR,0,2030-02-01
Adverse,BRIDGE,w2,2030,2,PV,182.760085,2030-02-01
Adverse,BRIDGE,w2,2030,2,WIND,256.7016096,2030-02-01
Adverse,BRIDGE,w2,2030,3,BIOENERGY,18.83479314,2030-03-01
Adverse,BRIDGE,w2,2030,3,DIESEL,0,2030-03-01
Adverse,BRIDGE,w2,2030,3,FUEL OIL,107.1828203,2030-03-01
Adverse,BRIDGE,w2,2030,3,GAS,0,2030-03-01
Adverse,BRIDGE,w2,2030,3,GEOTHERMAL,149.181291,2030-03-01
Adverse,BRIDGE,w2,2030,3,HYDRO,3449.439107,2030-03-01
Adverse,BRIDGE,w2,2030,3,IMPORTS,0,2030-03-01
Adverse,BRIDGE,w2,2030,3,NUCLEAR,0,2030-03-01
Adverse,BRIDGE,w2,2030,3,PV,196.8892498,2030-03-01
Adverse,BRIDGE,w2,2030,3,WIND,285.0381729,2030-03-01
Adverse,BRIDGE,w2,2030,4,BIOENERGY,0,2030-04-01
Adverse,BRIDGE,w2,2030,4,DIESEL,0,2030-04-01
Adverse,BRIDGE,w2,2030,4,FUEL OIL,108.4340808,2030-04-01
Adverse,BRIDGE,w2,2030,4,GAS,0,2030-04-01
Adverse,BRIDGE,w2,2030,4,GEOTHERMAL,149.9754953,2030-04-01
Adverse,BRIDGE,w2,2030,4,HYDRO,3490.09317,2030-04-01
Adverse,BRIDGE,w2,2030,4,IMPORTS,0,2030-04-01
Adverse,BRIDGE,w2,2030,4,NUCLEAR,0,2030-04-01
Adverse,BRIDGE,w2,2030,4,PV,203.0928788,2030-04-01
Adverse,BRIDGE,w2,2030,4,WIND,276.3568928,2030-04-01
Adverse,BRIDGE,w2,2030,5,BIOENERGY,90.48525707,2030-05-01
Adverse,BRIDGE,w2,2030,5,DIESEL,112.9297412,2030-05-01
Adverse,BRIDGE,w2,2030,5,FUEL OIL,938.8326748,2030-05-01
Adverse,BRIDGE,w2,2030,5,GAS,187.9357236,2030-05-01
Adverse,BRIDGE,w2,2030,5,GEOTHERMAL,353.443368,2030-05-01
Adverse,BRIDGE,w2,2030,5,HYDRO,1983.661559,2030-05-01
Adverse,BRIDGE,w2,2030,5,IMPORTS,0,2030-05-01
Adverse,BRIDGE,w2,2030,5,NUCLEAR,0,2030-05-01
Adverse,BRIDGE,w2,2030,5,PV,242.1369741,2030-05-01
Adverse,BRIDGE,w2,2030,5,WIND,297.6002286,2030-05-01
Adverse,BRIDGE,w2,2030,6,BIOENERGY,88.76905758,2030-06-01
Adverse,BRIDGE,w2,2030,6,DIESEL,108.3863132,2030-06-01
Adverse,BRIDGE,w2,2030,6,FUEL OIL,738.7879919,2030-06-01
Adverse,BRIDGE,w2,2030,6,GAS,153.6414969,2030-06-01
Adverse,BRIDGE,w2,2030,6,GEOTHERMAL,347.1163163,2030-06-01
Adverse,BRIDGE,w2,2030,6,HYDRO,2153.748164,2030-06-01
Adverse,BRIDGE,w2,2030,6,IMPORTS,0,2030-06-01
Adverse,BRIDGE,w2,2030,6,NUCLEAR,0,2030-06-01
Adverse,BRIDGE,w2,2030,6,PV,218.7405623,2030-06-01
Adverse,BRIDGE,w2,2030,6,WIND,305.2647498,2030-06-01
Adverse,BRIDGE,w2,2030,7,BIOENERGY,92.76654823,2030-07-01
Adverse,BRIDGE,w2,2030,7,DIESEL,112.4001031,2030-07-01
Adverse,BRIDGE,w2,2030,7,FUEL OIL,638.118353,2030-07-01
Adverse,BRIDGE,w2,2030,7,GAS,157.2929955,2030-07-01
Adverse,BRIDGE,w2,2030,7,GEOTHERMAL,352.692664,2030-07-01
Adverse,BRIDGE,w2,2030,7,HYDRO,2169.720058,2030-07-01
Adverse,BRIDGE,w2,2030,7,IMPORTS,0,2030-07-01
Adverse,BRIDGE,w2,2030,7,NUCLEAR,0,2030-07-01
Adverse,BRIDGE,w2,2030,7,PV,233.5407239,2030-07-01
Adverse,BRIDGE,w2,2030,7,WIND,303.3765508,2030-07-01
Adverse,BRIDGE,w2,2030,8,BIOENERGY,88.57921487,2030-08-01
Adverse,BRIDGE,w2,2030,8,DIESEL,108.9524459,2030-08-01
Adverse,BRIDGE,w2,2030,8,FUEL OIL,928.4585858,2030-08-01
Adverse,BRIDGE,w2,2030,8,GAS,166.9409494,2030-08-01
Adverse,BRIDGE,w2,2030,8,GEOTHERMAL,349.4552222,2030-08-01
Adverse,BRIDGE,w2,2030,8,HYDRO,1878.157275,2030-08-01
Adverse,BRIDGE,w2,2030,8,IMPORTS,0,2030-08-01
Adverse,BRIDGE,w2,2030,8,NUCLEAR,0,2030-08-01
Adverse,BRIDGE,w2,2030,8,PV,230.813006,2030-08-01
Adverse,BRIDGE,w2,2030,8,WIND,297.4399925,2030-08-01
Adverse,BRIDGE,w2,2030,9,BIOENERGY,93.60947427,2030-09-01
Adverse,BRIDGE,w2,2030,9,DIESEL,112.6034417,2030-09-01
Adverse,BRIDGE,w2,2030,9,FUEL OIL,890.9527751,2030-09-01
Adverse,BRIDGE,w2,2030,9,GAS,155.4830069,2030-09-01
Adverse,BRIDGE,w2,2030,9,GEOTHERMAL,351.3134343,2030-09-01
Adverse,BRIDGE,w2,2030,9,HYDRO,2005.245067,2030-09-01
Adverse,BRIDGE,w2,2030,9,IMPORTS,0,2030-09-01
Adverse,BRIDGE,w2,2030,9,NUCLEAR,0,2030-09-01
Adverse,BRIDGE,w2,2030,9,PV,247.1136459,2030-09-01
Adverse,BRIDGE,w2,2030,9,WIND,287.0995277,2030-09-01
Adverse,BRIDGE,w2,2030,10,BIOENERGY,91.18931302,2030-10-01
Adverse,BRIDGE,w2,2030,10,DIESEL,112.784897,2030-10-01
Adverse,BRIDGE,w2,2030,10,FUEL OIL,869.4425126,2030-10-01
Adverse,BRIDGE,w2,2030,10,GAS,157.5402393,2030-10-01
Adverse,BRIDGE,w2,2030,10,GEOTHERMAL,359.6462358,2030-10-01
Adverse,BRIDGE,w2,2030,10,HYDRO,2043.706521,2030-10-01
Adverse,BRIDGE,w2,2030,10,IMPORTS,0,2030-10-01
Adverse,BRIDGE,w2,2030,10,NUCLEAR,0,2030-10-01
Adverse,BRIDGE,w2,2030,10,PV,223.9547412,2030-10-01
Adverse,BRIDGE,w2,2030,10,WIND,298.7332776,2030-10-01
Adverse,BRIDGE,w2,2030,11,BIOENERGY,19.33861193,2030-11-01
Adverse,BRIDGE,w2,2030,11,DIESEL,0,2030-11-01
Adverse,BRIDGE,w2,2030,11,FUEL OIL,230.7101373,2030-11-01
Adverse,BRIDGE,w2,2030,11,GAS,52.69534004,2030-11-01
Adverse,BRIDGE,w2,2030,11,GEOTHERMAL,148.3404897,2030-11-01
Adverse,BRIDGE,w2,2030,11,HYDRO,3312.793841,2030-11-01
Adverse,BRIDGE,w2,2030,11,IMPORTS,0,2030-11-01
Adverse,BRIDGE,w2,2030,11,NUCLEAR,0,2030-11-01
Adverse,BRIDGE,w2,2030,11,PV,207.5291383,2030-11-01
Adverse,BRIDGE,w2,2030,11,WIND,269.7118869,2030-11-01
Adverse,BRIDGE,w2,2030,12,BIOENERGY,18.88218405,2030-12-01
Adverse,BRIDGE,w2,2030,12,DIESEL,0,2030-12-01
Adverse,BRIDGE,w2,2030,12,FUEL OIL,124.5903392,2030-12-01
Adverse,BRIDGE,w2,2030,12,GAS,51.05184841,2030-12-01
Adverse,BRIDGE,w2,2030,12,GEOTHERMAL,151.0566384,2030-12-01
Adverse,BRIDGE,w2,2030,12,HYDRO,3541.501091,2030-12-01
Adverse,BRIDGE,w2,2030,12,IMPORTS,0,2030-12-01
Adverse,BRIDGE,w2,2030,12,NUCLEAR,0,2030-12-01
Adverse,BRIDGE,w2,2030,12,PV,197.0808216,2030-12-01
Adverse,BRIDGE,w2,2030,12,WIND,258.3522594,2030-12-01
Adverse,BRIDGE,w2,2031,1,BIOENERGY,19.27236535,2031-01-01
Adverse,BRIDGE,w2,2031,1,DIESEL,0,2031-01-01
Adverse,BRIDGE,w2,2031,1,FUEL OIL,39.30371505,2031-01-01
Adverse,BRIDGE,w2,2031,1,GAS,0,2031-01-01
Adverse,BRIDGE,w2,2031,1,GEOTHERMAL,249.1761474,2031-01-01
Adverse,BRIDGE,w2,2031,1,HYDRO,3382.731976,2031-01-01
Adverse,BRIDGE,w2,2031,1,IMPORTS,0,2031-01-01
Adverse,BRIDGE,w2,2031,1,NUCLEAR,0,2031-01-01
Adverse,BRIDGE,w2,2031,1,PV,341.4827461,2031-01-01
Adverse,BRIDGE,w2,2031,1,WIND,289.5155926,2031-01-01
Adverse,BRIDGE,w2,2031,2,BIOENERGY,18.16495176,2031-02-01
Adverse,BRIDGE,w2,2031,2,DIESEL,0,2031-02-01
Adverse,BRIDGE,w2,2031,2,FUEL OIL,36.94066353,2031-02-01
Adverse,BRIDGE,w2,2031,2,GAS,0,2031-02-01
Adverse,BRIDGE,w2,2031,2,GEOTHERMAL,246.7574608,2031-02-01
Adverse,BRIDGE,w2,2031,2,HYDRO,3366.757402,2031-02-01
Adverse,BRIDGE,w2,2031,2,IMPORTS,0,2031-02-01
Adverse,BRIDGE,w2,2031,2,NUCLEAR,0,2031-02-01
Adverse,BRIDGE,w2,2031,2,PV,328.5960262,2031-02-01
Adverse,BRIDGE,w2,2031,2,WIND,302.6624393,2031-02-01
Adverse,BRIDGE,w2,2031,3,BIOENERGY,17.88453376,2031-03-01
Adverse,BRIDGE,w2,2031,3,DIESEL,0,2031-03-01
Adverse,BRIDGE,w2,2031,3,FUEL OIL,40.82813865,2031-03-01
Adverse,BRIDGE,w2,2031,3,GAS,0,2031-03-01
Adverse,BRIDGE,w2,2031,3,GEOTHERMAL,253.6203209,2031-03-01
Adverse,BRIDGE,w2,2031,3,HYDRO,3446.197943,2031-03-01
Adverse,BRIDGE,w2,2031,3,IMPORTS,0,2031-03-01
Adverse,BRIDGE,w2,2031,3,NUCLEAR,0,2031-03-01
Adverse,BRIDGE,w2,2031,3,PV,332.8004686,2031-03-01
Adverse,BRIDGE,w2,2031,3,WIND,283.4966458,2031-03-01
Adverse,BRIDGE,w2,2031,4,BIOENERGY,0,2031-04-01
Adverse,BRIDGE,w2,2031,4,DIESEL,0,2031-04-01
Adverse,BRIDGE,w2,2031,4,FUEL OIL,40.21184261,2031-04-01
Adverse,BRIDGE,w2,2031,4,GAS,0,2031-04-01
Adverse,BRIDGE,w2,2031,4,GEOTHERMAL,255.0400102,2031-04-01
Adverse,BRIDGE,w2,2031,4,HYDRO,3486.583742,2031-04-01
Adverse,BRIDGE,w2,2031,4,IMPORTS,0,2031-04-01
Adverse,BRIDGE,w2,2031,4,NUCLEAR,0,2031-04-01
Adverse,BRIDGE,w2,2031,4,PV,320.1160402,2031-04-01
Adverse,BRIDGE,w2,2031,4,WIND,295.1189832,2031-04-01
Adverse,BRIDGE,w2,2031,5,BIOENERGY,92.33779268,2031-05-01
Adverse,BRIDGE,w2,2031,5,DIESEL,111.6555002,2031-05-01
Adverse,BRIDGE,w2,2031,5,FUEL OIL,569.0127079,2031-05-01
Adverse,BRIDGE,w2,2031,5,GAS,154.5955252,2031-05-01
Adverse,BRIDGE,w2,2031,5,GEOTHERMAL,595.7776756,2031-05-01
Adverse,BRIDGE,w2,2031,5,HYDRO,2123.544622,2031-05-01
Adverse,BRIDGE,w2,2031,5,IMPORTS,0,2031-05-01
Adverse,BRIDGE,w2,2031,5,NUCLEAR,0,2031-05-01
Adverse,BRIDGE,w2,2031,5,PV,402.9760336,2031-05-01
Adverse,BRIDGE,w2,2031,5,WIND,325.4066899,2031-05-01
Adverse,BRIDGE,w2,2031,6,BIOENERGY,83.08316417,2031-06-01
Adverse,BRIDGE,w2,2031,6,DIESEL,109.9055897,2031-06-01
Adverse,BRIDGE,w2,2031,6,FUEL OIL,623.9902236,2031-06-01
Adverse,BRIDGE,w2,2031,6,GAS,155.9887531,2031-06-01
Adverse,BRIDGE,w2,2031,6,GEOTHERMAL,588.8739093,2031-06-01
Adverse,BRIDGE,w2,2031,6,HYDRO,2001.593918,2031-06-01
Adverse,BRIDGE,w2,2031,6,IMPORTS,0,2031-06-01
Adverse,BRIDGE,w2,2031,6,NUCLEAR,0,2031-06-01
Adverse,BRIDGE,w2,2031,6,PV,360.8556468,2031-06-01
Adverse,BRIDGE,w2,2031,6,WIND,354.7416335,2031-06-01
Adverse,BRIDGE,w2,2031,7,BIOENERGY,90.58725899,2031-07-01
Adverse,BRIDGE,w2,2031,7,DIESEL,111.0872063,2031-07-01
Adverse,BRIDGE,w2,2031,7,FUEL OIL,418.4545537,2031-07-01
Adverse,BRIDGE,w2,2031,7,GAS,156.0811353,2031-07-01
Adverse,BRIDGE,w2,2031,7,GEOTHERMAL,591.3322237,2031-07-01
Adverse,BRIDGE,w2,2031,7,HYDRO,2155.288625,2031-07-01
Adverse,BRIDGE,w2,2031,7,IMPORTS,0,2031-07-01
Adverse,BRIDGE,w2,2031,7,NUCLEAR,0,2031-07-01
Adverse,BRIDGE,w2,2031,7,PV,371.2860169,2031-07-01
Adverse,BRIDGE,w2,2031,7,WIND,328.1872966,2031-07-01
Adverse,BRIDGE,w2,2031,8,BIOENERGY,85.85992419,2031-08-01
Adverse,BRIDGE,w2,2031,8,DIESEL,112.5633967,2031-08-01
Adverse,BRIDGE,w2,2031,8,FUEL OIL,449.6240453,2031-08-01
Adverse,BRIDGE,w2,2031,8,GAS,158.3135591,2031-08-01
Adverse,BRIDGE,w2,2031,8,GEOTHERMAL,591.6636011,2031-08-01
Adverse,BRIDGE,w2,2031,8,HYDRO,2097.132094,2031-08-01
Adverse,BRIDGE,w2,2031,8,IMPORTS,0,2031-08-01
Adverse,BRIDGE,w2,2031,8,NUCLEAR,0,2031-08-01
Adverse,BRIDGE,w2,2031,8,PV,372.4192266,2031-08-01
Adverse,BRIDGE,w2,2031,8,WIND,343.1727126,2031-08-01
Adverse,BRIDGE,w2,2031,9,BIOENERGY,84.75688302,2031-09-01
Adverse,BRIDGE,w2,2031,9,DIESEL,112.3861253,2031-09-01
Adverse,BRIDGE,w2,2031,9,FUEL OIL,652.8821957,2031-09-01
Adverse,BRIDGE,w2,2031,9,GAS,153.9042028,2031-09-01
Adverse,BRIDGE,w2,2031,9,GEOTHERMAL,588.059621,2031-09-01
Adverse,BRIDGE,w2,2031,9,HYDRO,1987.854122,2031-09-01
Adverse,BRIDGE,w2,2031,9,IMPORTS,0,2031-09-01
Adverse,BRIDGE,w2,2031,9,NUCLEAR,0,2031-09-01
Adverse,BRIDGE,w2,2031,9,PV,398.0068558,2031-09-01
Adverse,BRIDGE,w2,2031,9,WIND,331.3071815,2031-09-01
Adverse,BRIDGE,w2,2031,10,BIOENERGY,84.05634025,2031-10-01
Adverse,BRIDGE,w2,2031,10,DIESEL,111.7946236,2031-10-01
Adverse,BRIDGE,w2,2031,10,FUEL OIL,508.9838728,2031-10-01
Adverse,BRIDGE,w2,2031,10,GAS,155.2042103,2031-10-01
Adverse,BRIDGE,w2,2031,10,GEOTHERMAL,576.6497146,2031-10-01
Adverse,BRIDGE,w2,2031,10,HYDRO,2151.509304,2031-10-01
Adverse,BRIDGE,w2,2031,10,IMPORTS,0,2031-10-01
Adverse,BRIDGE,w2,2031,10,NUCLEAR,0,2031-10-01
Adverse,BRIDGE,w2,2031,10,PV,405.4331225,2031-10-01
Adverse,BRIDGE,w2,2031,10,WIND,329.6464592,2031-10-01
Adverse,BRIDGE,w2,2031,11,BIOENERGY,18.53634452,2031-11-01
Adverse,BRIDGE,w2,2031,11,DIESEL,0,2031-11-01
Adverse,BRIDGE,w2,2031,11,FUEL OIL,51.64540122,2031-11-01
Adverse,BRIDGE,w2,2031,11,GAS,0,2031-11-01
Adverse,BRIDGE,w2,2031,11,GEOTHERMAL,244.7430122,2031-11-01
Adverse,BRIDGE,w2,2031,11,HYDRO,3493.987107,2031-11-01
Adverse,BRIDGE,w2,2031,11,IMPORTS,0,2031-11-01
Adverse,BRIDGE,w2,2031,11,NUCLEAR,0,2031-11-01
Adverse,BRIDGE,w2,2031,11,PV,313.3298387,2031-11-01
Adverse,BRIDGE,w2,2031,11,WIND,288.5225192,2031-11-01
Adverse,BRIDGE,w2,2031,12,BIOENERGY,17.66717194,2031-12-01
Adverse,BRIDGE,w2,2031,12,DIESEL,0,2031-12-01
Adverse,BRIDGE,w2,2031,12,FUEL OIL,114.2292814,2031-12-01
Adverse,BRIDGE,w2,2031,12,GAS,0,2031-12-01
Adverse,BRIDGE,w2,2031,12,GEOTHERMAL,253.1184166,2031-12-01
Adverse,BRIDGE,w2,2031,12,HYDRO,3516.786358,2031-12-01
Adverse,BRIDGE,w2,2031,12,IMPORTS,0,2031-12-01
Adverse,BRIDGE,w2,2031,12,NUCLEAR,0,2031-12-01
Adverse,BRIDGE,w2,2031,12,PV,335.1823276,2031-12-01
Adverse,BRIDGE,w2,2031,12,WIND,279.2322334,2031-12-01
Adverse,BRIDGE,w2,2032,1,BIOENERGY,0,2032-01-01
Adverse,BRIDGE,w2,2032,1,DIESEL,0,2032-01-01
Adverse,BRIDGE,w2,2032,1,FUEL OIL,45.70563978,2032-01-01
Adverse,BRIDGE,w2,2032,1,GAS,0,2032-01-01
Adverse,BRIDGE,w2,2032,1,GEOTHERMAL,242.724975,2032-01-01
Adverse,BRIDGE,w2,2032,1,HYDRO,3434.48153,2032-01-01
Adverse,BRIDGE,w2,2032,1,IMPORTS,0,2032-01-01
Adverse,BRIDGE,w2,2032,1,NUCLEAR,0,2032-01-01
Adverse,BRIDGE,w2,2032,1,PV,454.2990992,2032-01-01
Adverse,BRIDGE,w2,2032,1,WIND,317.1306005,2032-01-01
Adverse,BRIDGE,w2,2032,2,BIOENERGY,0,2032-02-01
Adverse,BRIDGE,w2,2032,2,DIESEL,0,2032-02-01
Adverse,BRIDGE,w2,2032,2,FUEL OIL,47.33322422,2032-02-01
Adverse,BRIDGE,w2,2032,2,GAS,0,2032-02-01
Adverse,BRIDGE,w2,2032,2,GEOTHERMAL,249.3400435,2032-02-01
Adverse,BRIDGE,w2,2032,2,HYDRO,3394.382088,2032-02-01
Adverse,BRIDGE,w2,2032,2,IMPORTS,0,2032-02-01
Adverse,BRIDGE,w2,2032,2,NUCLEAR,0,2032-02-01
Adverse,BRIDGE,w2,2032,2,PV,440.0257728,2032-02-01
Adverse,BRIDGE,w2,2032,2,WIND,340.7929727,2032-02-01
Adverse,BRIDGE,w2,2032,3,BIOENERGY,0,2032-03-01
Adverse,BRIDGE,w2,2032,3,DIESEL,0,2032-03-01
Adverse,BRIDGE,w2,2032,3,FUEL OIL,50.61205547,2032-03-01
Adverse,BRIDGE,w2,2032,3,GAS,0,2032-03-01
Adverse,BRIDGE,w2,2032,3,GEOTHERMAL,251.4545986,2032-03-01
Adverse,BRIDGE,w2,2032,3,HYDRO,3467.109084,2032-03-01
Adverse,BRIDGE,w2,2032,3,IMPORTS,0,2032-03-01
Adverse,BRIDGE,w2,2032,3,NUCLEAR,0,2032-03-01
Adverse,BRIDGE,w2,2032,3,PV,461.9360652,2032-03-01
Adverse,BRIDGE,w2,2032,3,WIND,318.7093697,2032-03-01
Adverse,BRIDGE,w2,2032,4,BIOENERGY,0,2032-04-01
Adverse,BRIDGE,w2,2032,4,DIESEL,0,2032-04-01
Adverse,BRIDGE,w2,2032,4,FUEL OIL,37.92885384,2032-04-01
Adverse,BRIDGE,w2,2032,4,GAS,0,2032-04-01
Adverse,BRIDGE,w2,2032,4,GEOTHERMAL,251.8877439,2032-04-01
Adverse,BRIDGE,w2,2032,4,HYDRO,3481.993424,2032-04-01
Adverse,BRIDGE,w2,2032,4,IMPORTS,0,2032-04-01
Adverse,BRIDGE,w2,2032,4,NUCLEAR,0,2032-04-01
Adverse,BRIDGE,w2,2032,4,PV,452.6290035,2032-04-01
Adverse,BRIDGE,w2,2032,4,WIND,348.5144174,2032-04-01
Adverse,BRIDGE,w2,2032,5,BIOENERGY,84.03724011,2032-05-01
Adverse,BRIDGE,w2,2032,5,DIESEL,110.9172098,2032-05-01
Adverse,BRIDGE,w2,2032,5,FUEL OIL,695.3818865,2032-05-01
Adverse,BRIDGE,w2,2032,5,GAS,154.1595238,2032-05-01
Adverse,BRIDGE,w2,2032,5,GEOTHERMAL,592.4287867,2032-05-01
Adverse,BRIDGE,w2,2032,5,HYDRO,1999.116927,2032-05-01
Adverse,BRIDGE,w2,2032,5,IMPORTS,0,2032-05-01
Adverse,BRIDGE,w2,2032,5,NUCLEAR,0,2032-05-01
Adverse,BRIDGE,w2,2032,5,PV,531.427776,2032-05-01
Adverse,BRIDGE,w2,2032,5,WIND,382.8494597,2032-05-01
Adverse,BRIDGE,w2,2032,6,BIOENERGY,89.12832272,2032-06-01
Adverse,BRIDGE,w2,2032,6,DIESEL,109.3226845,2032-06-01
Adverse,BRIDGE,w2,2032,6,FUEL OIL,645.6319139,2032-06-01
Adverse,BRIDGE,w2,2032,6,GAS,156.3569599,2032-06-01
Adverse,BRIDGE,w2,2032,6,GEOTHERMAL,592.9737494,2032-06-01
Adverse,BRIDGE,w2,2032,6,HYDRO,1935.391048,2032-06-01
Adverse,BRIDGE,w2,2032,6,IMPORTS,0,2032-06-01
Adverse,BRIDGE,w2,2032,6,NUCLEAR,0,2032-06-01
Adverse,BRIDGE,w2,2032,6,PV,551.1476653,2032-06-01
Adverse,BRIDGE,w2,2032,6,WIND,370.2418079,2032-06-01
Adverse,BRIDGE,w2,2032,7,BIOENERGY,88.86549894,2032-07-01
Adverse,BRIDGE,w2,2032,7,DIESEL,110.882332,2032-07-01
Adverse,BRIDGE,w2,2032,7,FUEL OIL,424.6305007,2032-07-01
Adverse,BRIDGE,w2,2032,7,GAS,157.0306809,2032-07-01
Adverse,BRIDGE,w2,2032,7,GEOTHERMAL,594.5317833,2032-07-01
Adverse,BRIDGE,w2,2032,7,HYDRO,2105.325249,2032-07-01
Adverse,BRIDGE,w2,2032,7,IMPORTS,0,2032-07-01
Adverse,BRIDGE,w2,2032,7,NUCLEAR,0,2032-07-01
Adverse,BRIDGE,w2,2032,7,PV,537.6780795,2032-07-01
Adverse,BRIDGE,w2,2032,7,WIND,372.2523656,2032-07-01
Adverse,BRIDGE,w2,2032,8,BIOENERGY,89.17215671,2032-08-01
Adverse,BRIDGE,w2,2032,8,DIESEL,108.4923463,2032-08-01
Adverse,BRIDGE,w2,2032,8,FUEL OIL,594.6502882,2032-08-01
Adverse,BRIDGE,w2,2032,8,GAS,156.2063462,2032-08-01
Adverse,BRIDGE,w2,2032,8,GEOTHERMAL,593.9234878,2032-08-01
Adverse,BRIDGE,w2,2032,8,HYDRO,1915.295437,2032-08-01
Adverse,BRIDGE,w2,2032,8,IMPORTS,0,2032-08-01
Adverse,BRIDGE,w2,2032,8,NUCLEAR,0,2032-08-01
Adverse,BRIDGE,w2,2032,8,PV,562.7294508,2032-08-01
Adverse,BRIDGE,w2,2032,8,WIND,358.7089886,2032-08-01
Adverse,BRIDGE,w2,2032,9,BIOENERGY,86.18176083,2032-09-01
Adverse,BRIDGE,w2,2032,9,DIESEL,111.068642,2032-09-01
Adverse,BRIDGE,w2,2032,9,FUEL OIL,705.014512,2032-09-01
Adverse,BRIDGE,w2,2032,9,GAS,158.0503041,2032-09-01
Adverse,BRIDGE,w2,2032,9,GEOTHERMAL,569.0483289,2032-09-01
Adverse,BRIDGE,w2,2032,9,HYDRO,1949.716087,2032-09-01
Adverse,BRIDGE,w2,2032,9,IMPORTS,0,2032-09-01
Adverse,BRIDGE,w2,2032,9,NUCLEAR,0,2032-09-01
Adverse,BRIDGE,w2,2032,9,PV,531.3367103,2032-09-01
Adverse,BRIDGE,w2,2032,9,WIND,371.1071302,2032-09-01
Adverse,BRIDGE,w2,2032,10,BIOENERGY,87.16793114,2032-10-01
Adverse,BRIDGE,w2,2032,10,DIESEL,111.5095405,2032-10-01
Adverse,BRIDGE,w2,2032,10,FUEL OIL,711.9126578,2032-10-01
Adverse,BRIDGE,w2,2032,10,GAS,155.8413282,2032-10-01
Adverse,BRIDGE,w2,2032,10,GEOTHERMAL,588.3852951,2032-10-01
Adverse,BRIDGE,w2,2032,10,HYDRO,1953.860594,2032-10-01
Adverse,BRIDGE,w2,2032,10,IMPORTS,0,2032-10-01
Adverse,BRIDGE,w2,2032,10,NUCLEAR,0,2032-10-01
Adverse,BRIDGE,w2,2032,10,PV,524.1410485,2032-10-01
Adverse,BRIDGE,w2,2032,10,WIND,363.390358,2032-10-01
Adverse,BRIDGE,w2,2032,11,BIOENERGY,0,2032-11-01
Adverse,BRIDGE,w2,2032,11,DIESEL,0,2032-11-01
Adverse,BRIDGE,w2,2032,11,FUEL OIL,51.48937788,2032-11-01
Adverse,BRIDGE,w2,2032,11,GAS,0,2032-11-01
Adverse,BRIDGE,w2,2032,11,GEOTHERMAL,250.0207393,2032-11-01
Adverse,BRIDGE,w2,2032,11,HYDRO,3519.532946,2032-11-01
Adverse,BRIDGE,w2,2032,11,IMPORTS,0,2032-11-01
Adverse,BRIDGE,w2,2032,11,NUCLEAR,0,2032-11-01
Adverse,BRIDGE,w2,2032,11,PV,446.4889257,2032-11-01
Adverse,BRIDGE,w2,2032,11,WIND,319.662802,2032-11-01
Adverse,BRIDGE,w2,2032,12,BIOENERGY,19.20314693,2032-12-01
Adverse,BRIDGE,w2,2032,12,DIESEL,0,2032-12-01
Adverse,BRIDGE,w2,2032,12,FUEL OIL,169.2220837,2032-12-01
Adverse,BRIDGE,w2,2032,12,GAS,0,2032-12-01
Adverse,BRIDGE,w2,2032,12,GEOTHERMAL,252.7312149,2032-12-01
Adverse,BRIDGE,w2,2032,12,HYDRO,3459.661322,2032-12-01
Adverse,BRIDGE,w2,2032,12,IMPORTS,0,2032-12-01
Adverse,BRIDGE,w2,2032,12,NUCLEAR,0,2032-12-01
Adverse,BRIDGE,w2,2032,12,PV,461.7173267,2032-12-01
Adverse,BRIDGE,w2,2032,12,WIND,334.3293266,2032-12-01
Adverse,BRIDGE,w2,2033,1,BIOENERGY,0,2033-01-01
Adverse,BRIDGE,w2,2033,1,DIESEL,0,2033-01-01
Adverse,BRIDGE,w2,2033,1,FUEL OIL,53.60053707,2033-01-01
Adverse,BRIDGE,w2,2033,1,GAS,0,2033-01-01
Adverse,BRIDGE,w2,2033,1,GEOTHERMAL,248.5637057,2033-01-01
Adverse,BRIDGE,w2,2033,1,HYDRO,3417.709119,2033-01-01
Adverse,BRIDGE,w2,2033,1,IMPORTS,0,2033-01-01
Adverse,BRIDGE,w2,2033,1,NUCLEAR,0,2033-01-01
Adverse,BRIDGE,w2,2033,1,PV,498.7406583,2033-01-01
Adverse,BRIDGE,w2,2033,1,WIND,365.6146614,2033-01-01
Adverse,BRIDGE,w2,2033,2,BIOENERGY,18.50866856,2033-02-01
Adverse,BRIDGE,w2,2033,2,DIESEL,0,2033-02-01
Adverse,BRIDGE,w2,2033,2,FUEL OIL,54.4981034,2033-02-01
Adverse,BRIDGE,w2,2033,2,GAS,0,2033-02-01
Adverse,BRIDGE,w2,2033,2,GEOTHERMAL,254.4121383,2033-02-01
Adverse,BRIDGE,w2,2033,2,HYDRO,3409.700558,2033-02-01
Adverse,BRIDGE,w2,2033,2,IMPORTS,0,2033-02-01
Adverse,BRIDGE,w2,2033,2,NUCLEAR,0,2033-02-01
Adverse,BRIDGE,w2,2033,2,PV,450.9571705,2033-02-01
Adverse,BRIDGE,w2,2033,2,WIND,373.2349442,2033-02-01
Adverse,BRIDGE,w2,2033,3,BIOENERGY,0,2033-03-01
Adverse,BRIDGE,w2,2033,3,DIESEL,0,2033-03-01
Adverse,BRIDGE,w2,2033,3,FUEL OIL,61.35177231,2033-03-01
Adverse,BRIDGE,w2,2033,3,GAS,0,2033-03-01
Adverse,BRIDGE,w2,2033,3,GEOTHERMAL,251.568631,2033-03-01
Adverse,BRIDGE,w2,2033,3,HYDRO,3515.568546,2033-03-01
Adverse,BRIDGE,w2,2033,3,IMPORTS,0,2033-03-01
Adverse,BRIDGE,w2,2033,3,NUCLEAR,0,2033-03-01
Adverse,BRIDGE,w2,2033,3,PV,450.9037472,2033-03-01
Adverse,BRIDGE,w2,2033,3,WIND,361.4249,2033-03-01
Adverse,BRIDGE,w2,2033,4,BIOENERGY,0,2033-04-01
Adverse,BRIDGE,w2,2033,4,DIESEL,0,2033-04-01
Adverse,BRIDGE,w2,2033,4,FUEL OIL,53.63576001,2033-04-01
Adverse,BRIDGE,w2,2033,4,GAS,0,2033-04-01
Adverse,BRIDGE,w2,2033,4,GEOTHERMAL,247.9951373,2033-04-01
Adverse,BRIDGE,w2,2033,4,HYDRO,3498.223556,2033-04-01
Adverse,BRIDGE,w2,2033,4,IMPORTS,0,2033-04-01
Adverse,BRIDGE,w2,2033,4,NUCLEAR,0,2033-04-01
Adverse,BRIDGE,w2,2033,4,PV,478.0641808,2033-04-01
Adverse,BRIDGE,w2,2033,4,WIND,386.4938777,2033-04-01
Adverse,BRIDGE,w2,2033,5,BIOENERGY,90.93252393,2033-05-01
Adverse,BRIDGE,w2,2033,5,DIESEL,111.0442725,2033-05-01
Adverse,BRIDGE,w2,2033,5,FUEL OIL,513.2094841,2033-05-01
Adverse,BRIDGE,w2,2033,5,GAS,157.2843698,2033-05-01
Adverse,BRIDGE,w2,2033,5,GEOTHERMAL,599.3199102,2033-05-01
Adverse,BRIDGE,w2,2033,5,HYDRO,2211.595803,2033-05-01
Adverse,BRIDGE,w2,2033,5,IMPORTS,0,2033-05-01
Adverse,BRIDGE,w2,2033,5,NUCLEAR,0,2033-05-01
Adverse,BRIDGE,w2,2033,5,PV,549.3393558,2033-05-01
Adverse,BRIDGE,w2,2033,5,WIND,408.599466,2033-05-01
Adverse,BRIDGE,w2,2033,6,BIOENERGY,89.12929723,2033-06-01
Adverse,BRIDGE,w2,2033,6,DIESEL,110.5978597,2033-06-01
Adverse,BRIDGE,w2,2033,6,FUEL OIL,448.1424343,2033-06-01
Adverse,BRIDGE,w2,2033,6,GAS,156.633339,2033-06-01
Adverse,BRIDGE,w2,2033,6,GEOTHERMAL,593.2034045,2033-06-01
Adverse,BRIDGE,w2,2033,6,HYDRO,2158.084048,2033-06-01
Adverse,BRIDGE,w2,2033,6,IMPORTS,0,2033-06-01
Adverse,BRIDGE,w2,2033,6,NUCLEAR,0,2033-06-01
Adverse,BRIDGE,w2,2033,6,PV,581.0793939,2033-06-01
Adverse,BRIDGE,w2,2033,6,WIND,402.3282577,2033-06-01
Adverse,BRIDGE,w2,2033,7,BIOENERGY,90.45538613,2033-07-01
Adverse,BRIDGE,w2,2033,7,DIESEL,111.1443497,2033-07-01
Adverse,BRIDGE,w2,2033,7,FUEL OIL,351.2436446,2033-07-01
Adverse,BRIDGE,w2,2033,7,GAS,155.2766313,2033-07-01
Adverse,BRIDGE,w2,2033,7,GEOTHERMAL,586.4313423,2033-07-01
Adverse,BRIDGE,w2,2033,7,HYDRO,2204.657846,2033-07-01
Adverse,BRIDGE,w2,2033,7,IMPORTS,0,2033-07-01
Adverse,BRIDGE,w2,2033,7,NUCLEAR,0,2033-07-01
Adverse,BRIDGE,w2,2033,7,PV,554.1754293,2033-07-01
Adverse,BRIDGE,w2,2033,7,WIND,425.6357897,2033-07-01
Adverse,BRIDGE,w2,2033,8,BIOENERGY,21.50994581,2033-08-01
Adverse,BRIDGE,w2,2033,8,DIESEL,110.2697191,2033-08-01
Adverse,BRIDGE,w2,2033,8,FUEL OIL,212.3961769,2033-08-01
Adverse,BRIDGE,w2,2033,8,GAS,154.9325119,2033-08-01
Adverse,BRIDGE,w2,2033,8,GEOTHERMAL,581.3621031,2033-08-01
Adverse,BRIDGE,w2,2033,8,HYDRO,2412.237301,2033-08-01
Adverse,BRIDGE,w2,2033,8,IMPORTS,0,2033-08-01
Adverse,BRIDGE,w2,2033,8,NUCLEAR,0,2033-08-01
Adverse,BRIDGE,w2,2033,8,PV,551.3945735,2033-08-01
Adverse,BRIDGE,w2,2033,8,WIND,422.6597408,2033-08-01
Adverse,BRIDGE,w2,2033,9,BIOENERGY,87.62511505,2033-09-01
Adverse,BRIDGE,w2,2033,9,DIESEL,109.5686071,2033-09-01
Adverse,BRIDGE,w2,2033,9,FUEL OIL,501.1532016,2033-09-01
Adverse,BRIDGE,w2,2033,9,GAS,152.6007975,2033-09-01
Adverse,BRIDGE,w2,2033,9,GEOTHERMAL,601.2659304,2033-09-01
Adverse,BRIDGE,w2,2033,9,HYDRO,2144.023519,2033-09-01
Adverse,BRIDGE,w2,2033,9,IMPORTS,0,2033-09-01
Adverse,BRIDGE,w2,2033,9,NUCLEAR,0,2033-09-01
Adverse,BRIDGE,w2,2033,9,PV,546.0485046,2033-09-01
Adverse,BRIDGE,w2,2033,9,WIND,428.868269,2033-09-01
Adverse,BRIDGE,w2,2033,10,BIOENERGY,89.95716456,2033-10-01
Adverse,BRIDGE,w2,2033,10,DIESEL,111.1654775,2033-10-01
Adverse,BRIDGE,w2,2033,10,FUEL OIL,295.0622166,2033-10-01
Adverse,BRIDGE,w2,2033,10,GAS,154.8503745,2033-10-01
Adverse,BRIDGE,w2,2033,10,GEOTHERMAL,591.5169171,2033-10-01
Adverse,BRIDGE,w2,2033,10,HYDRO,2372.408814,2033-10-01
Adverse,BRIDGE,w2,2033,10,IMPORTS,0,2033-10-01
Adverse,BRIDGE,w2,2033,10,NUCLEAR,0,2033-10-01
Adverse,BRIDGE,w2,2033,10,PV,554.7506369,2033-10-01
Adverse,BRIDGE,w2,2033,10,WIND,416.4213268,2033-10-01
Adverse,BRIDGE,w2,2033,11,BIOENERGY,0,2033-11-01
Adverse,BRIDGE,w2,2033,11,DIESEL,0,2033-11-01
Adverse,BRIDGE,w2,2033,11,FUEL OIL,55.12049243,2033-11-01
Adverse,BRIDGE,w2,2033,11,GAS,0,2033-11-01
Adverse,BRIDGE,w2,2033,11,GEOTHERMAL,250.1622356,2033-11-01
Adverse,BRIDGE,w2,2033,11,HYDRO,3563.575284,2033-11-01
Adverse,BRIDGE,w2,2033,11,IMPORTS,0,2033-11-01
Adverse,BRIDGE,w2,2033,11,NUCLEAR,0,2033-11-01
Adverse,BRIDGE,w2,2033,11,PV,442.1613739,2033-11-01
Adverse,BRIDGE,w2,2033,11,WIND,367.9193017,2033-11-01
Adverse,BRIDGE,w2,2033,12,BIOENERGY,18.31202748,2033-12-01
Adverse,BRIDGE,w2,2033,12,DIESEL,0,2033-12-01
Adverse,BRIDGE,w2,2033,12,FUEL OIL,118.2632661,2033-12-01
Adverse,BRIDGE,w2,2033,12,GAS,0,2033-12-01
Adverse,BRIDGE,w2,2033,12,GEOTHERMAL,251.8137904,2033-12-01
Adverse,BRIDGE,w2,2033,12,HYDRO,3593.912452,2033-12-01
Adverse,BRIDGE,w2,2033,12,IMPORTS,0,2033-12-01
Adverse,BRIDGE,w2,2033,12,NUCLEAR,0,2033-12-01
Adverse,BRIDGE,w2,2033,12,PV,445.9039088,2033-12-01
Adverse,BRIDGE,w2,2033,12,WIND,362.5962643,2033-12-01
Adverse,BRIDGE,w2,2034,1,BIOENERGY,0,2034-01-01
Adverse,BRIDGE,w2,2034,1,DIESEL,0,2034-01-01
Adverse,BRIDGE,w2,2034,1,FUEL OIL,58.15034211,2034-01-01
Adverse,BRIDGE,w2,2034,1,GAS,0,2034-01-01
Adverse,BRIDGE,w2,2034,1,GEOTHERMAL,255.5907104,2034-01-01
Adverse,BRIDGE,w2,2034,1,HYDRO,3483.953947,2034-01-01
Adverse,BRIDGE,w2,2034,1,IMPORTS,0,2034-01-01
Adverse,BRIDGE,w2,2034,1,NUCLEAR,0,2034-01-01
Adverse,BRIDGE,w2,2034,1,PV,481.2009067,2034-01-01
Adverse,BRIDGE,w2,2034,1,WIND,397.0173483,2034-01-01
Adverse,BRIDGE,w2,2034,2,BIOENERGY,0,2034-02-01
Adverse,BRIDGE,w2,2034,2,DIESEL,0,2034-02-01
Adverse,BRIDGE,w2,2034,2,FUEL OIL,58.12863059,2034-02-01
Adverse,BRIDGE,w2,2034,2,GAS,0,2034-02-01
Adverse,BRIDGE,w2,2034,2,GEOTHERMAL,254.6413968,2034-02-01
Adverse,BRIDGE,w2,2034,2,HYDRO,3511.739611,2034-02-01
Adverse,BRIDGE,w2,2034,2,IMPORTS,0,2034-02-01
Adverse,BRIDGE,w2,2034,2,NUCLEAR,0,2034-02-01
Adverse,BRIDGE,w2,2034,2,PV,436.4796785,2034-02-01
Adverse,BRIDGE,w2,2034,2,WIND,391.5484978,2034-02-01
Adverse,BRIDGE,w2,2034,3,BIOENERGY,0,2034-03-01
Adverse,BRIDGE,w2,2034,3,DIESEL,0,2034-03-01
Adverse,BRIDGE,w2,2034,3,FUEL OIL,56.03057171,2034-03-01
Adverse,BRIDGE,w2,2034,3,GAS,0,2034-03-01
Adverse,BRIDGE,w2,2034,3,GEOTHERMAL,252.7741548,2034-03-01
Adverse,BRIDGE,w2,2034,3,HYDRO,3606.341882,2034-03-01
Adverse,BRIDGE,w2,2034,3,IMPORTS,0,2034-03-01
Adverse,BRIDGE,w2,2034,3,NUCLEAR,0,2034-03-01
Adverse,BRIDGE,w2,2034,3,PV,444.2773409,2034-03-01
Adverse,BRIDGE,w2,2034,3,WIND,374.2099987,2034-03-01
Adverse,BRIDGE,w2,2034,4,BIOENERGY,18.33192083,2034-04-01
Adverse,BRIDGE,w2,2034,4,DIESEL,0,2034-04-01
Adverse,BRIDGE,w2,2034,4,FUEL OIL,60.19478084,2034-04-01
Adverse,BRIDGE,w2,2034,4,GAS,0,2034-04-01
Adverse,BRIDGE,w2,2034,4,GEOTHERMAL,249.2140376,2034-04-01
Adverse,BRIDGE,w2,2034,4,HYDRO,3594.749457,2034-04-01
Adverse,BRIDGE,w2,2034,4,IMPORTS,0,2034-04-01
Adverse,BRIDGE,w2,2034,4,NUCLEAR,0,2034-04-01
Adverse,BRIDGE,w2,2034,4,PV,435.6041392,2034-04-01
Adverse,BRIDGE,w2,2034,4,WIND,399.6064264,2034-04-01
Adverse,BRIDGE,w2,2034,5,BIOENERGY,87.46361453,2034-05-01
Adverse,BRIDGE,w2,2034,5,DIESEL,109.6938473,2034-05-01
Adverse,BRIDGE,w2,2034,5,FUEL OIL,510.405063,2034-05-01
Adverse,BRIDGE,w2,2034,5,GAS,192.5624245,2034-05-01
Adverse,BRIDGE,w2,2034,5,GEOTHERMAL,584.71501,2034-05-01
Adverse,BRIDGE,w2,2034,5,HYDRO,2228.047034,2034-05-01
Adverse,BRIDGE,w2,2034,5,IMPORTS,0,2034-05-01
Adverse,BRIDGE,w2,2034,5,NUCLEAR,0,2034-05-01
Adverse,BRIDGE,w2,2034,5,PV,560.5863341,2034-05-01
Adverse,BRIDGE,w2,2034,5,WIND,460.678362,2034-05-01
Adverse,BRIDGE,w2,2034,6,BIOENERGY,91.21152862,2034-06-01
Adverse,BRIDGE,w2,2034,6,DIESEL,110.9468783,2034-06-01
Adverse,BRIDGE,w2,2034,6,FUEL OIL,312.0019403,2034-06-01
Adverse,BRIDGE,w2,2034,6,GAS,194.2589022,2034-06-01
Adverse,BRIDGE,w2,2034,6,GEOTHERMAL,594.526728,2034-06-01
Adverse,BRIDGE,w2,2034,6,HYDRO,2323.603274,2034-06-01
Adverse,BRIDGE,w2,2034,6,IMPORTS,0,2034-06-01
Adverse,BRIDGE,w2,2034,6,NUCLEAR,0,2034-06-01
Adverse,BRIDGE,w2,2034,6,PV,549.812478,2034-06-01
Adverse,BRIDGE,w2,2034,6,WIND,453.6202661,2034-06-01
Adverse,BRIDGE,w2,2034,7,BIOENERGY,87.34253272,2034-07-01
Adverse,BRIDGE,w2,2034,7,DIESEL,110.4556005,2034-07-01
Adverse,BRIDGE,w2,2034,7,FUEL OIL,489.113181,2034-07-01
Adverse,BRIDGE,w2,2034,7,GAS,196.7257437,2034-07-01
Adverse,BRIDGE,w2,2034,7,GEOTHERMAL,599.6720933,2034-07-01
Adverse,BRIDGE,w2,2034,7,HYDRO,2075.615176,2034-07-01
Adverse,BRIDGE,w2,2034,7,IMPORTS,0,2034-07-01
Adverse,BRIDGE,w2,2034,7,NUCLEAR,0,2034-07-01
Adverse,BRIDGE,w2,2034,7,PV,539.9826285,2034-07-01
Adverse,BRIDGE,w2,2034,7,WIND,469.693872,2034-07-01
Adverse,BRIDGE,w2,2034,8,BIOENERGY,92.65845282,2034-08-01
Adverse,BRIDGE,w2,2034,8,DIESEL,110.2470305,2034-08-01
Adverse,BRIDGE,w2,2034,8,FUEL OIL,224.7181463,2034-08-01
Adverse,BRIDGE,w2,2034,8,GAS,192.2415583,2034-08-01
Adverse,BRIDGE,w2,2034,8,GEOTHERMAL,589.0879377,2034-08-01
Adverse,BRIDGE,w2,2034,8,HYDRO,2375.426037,2034-08-01
Adverse,BRIDGE,w2,2034,8,IMPORTS,0,2034-08-01
Adverse,BRIDGE,w2,2034,8,NUCLEAR,0,2034-08-01
Adverse,BRIDGE,w2,2034,8,PV,529.7807265,2034-08-01
Adverse,BRIDGE,w2,2034,8,WIND,441.9374237,2034-08-01
Adverse,BRIDGE,w2,2034,9,BIOENERGY,85.64729155,2034-09-01
Adverse,BRIDGE,w2,2034,9,DIESEL,108.5579152,2034-09-01
Adverse,BRIDGE,w2,2034,9,FUEL OIL,342.9373554,2034-09-01
Adverse,BRIDGE,w2,2034,9,GAS,195.5761833,2034-09-01
Adverse,BRIDGE,w2,2034,9,GEOTHERMAL,587.2023455,2034-09-01
Adverse,BRIDGE,w2,2034,9,HYDRO,2337.598932,2034-09-01
Adverse,BRIDGE,w2,2034,9,IMPORTS,0,2034-09-01
Adverse,BRIDGE,w2,2034,9,NUCLEAR,0,2034-09-01
Adverse,BRIDGE,w2,2034,9,PV,569.328512,2034-09-01
Adverse,BRIDGE,w2,2034,9,WIND,435.728488,2034-09-01
Adverse,BRIDGE,w2,2034,10,BIOENERGY,91.86513185,2034-10-01
Adverse,BRIDGE,w2,2034,10,DIESEL,110.4480168,2034-10-01
Adverse,BRIDGE,w2,2034,10,FUEL OIL,441.2521787,2034-10-01
Adverse,BRIDGE,w2,2034,10,GAS,195.6719164,2034-10-01
Adverse,BRIDGE,w2,2034,10,GEOTHERMAL,591.986884,2034-10-01
Adverse,BRIDGE,w2,2034,10,HYDRO,2253.740815,2034-10-01
Adverse,BRIDGE,w2,2034,10,IMPORTS,0,2034-10-01
Adverse,BRIDGE,w2,2034,10,NUCLEAR,0,2034-10-01
Adverse,BRIDGE,w2,2034,10,PV,545.7405286,2034-10-01
Adverse,BRIDGE,w2,2034,10,WIND,447.1501155,2034-10-01
Adverse,BRIDGE,w2,2034,11,BIOENERGY,0,2034-11-01
Adverse,BRIDGE,w2,2034,11,DIESEL,0,2034-11-01
Adverse,BRIDGE,w2,2034,11,FUEL OIL,56.55003684,2034-11-01
Adverse,BRIDGE,w2,2034,11,GAS,0,2034-11-01
Adverse,BRIDGE,w2,2034,11,GEOTHERMAL,251.7157707,2034-11-01
Adverse,BRIDGE,w2,2034,11,HYDRO,3596.055728,2034-11-01
Adverse,BRIDGE,w2,2034,11,IMPORTS,0,2034-11-01
Adverse,BRIDGE,w2,2034,11,NUCLEAR,0,2034-11-01
Adverse,BRIDGE,w2,2034,11,PV,458.1252483,2034-11-01
Adverse,BRIDGE,w2,2034,11,WIND,410.0706775,2034-11-01
Adverse,BRIDGE,w2,2034,12,BIOENERGY,0,2034-12-01
Adverse,BRIDGE,w2,2034,12,DIESEL,0,2034-12-01
Adverse,BRIDGE,w2,2034,12,FUEL OIL,78.48542928,2034-12-01
Adverse,BRIDGE,w2,2034,12,GAS,0,2034-12-01
Adverse,BRIDGE,w2,2034,12,GEOTHERMAL,251.8468466,2034-12-01
Adverse,BRIDGE,w2,2034,12,HYDRO,3703.314829,2034-12-01
Adverse,BRIDGE,w2,2034,12,IMPORTS,0,2034-12-01
Adverse,BRIDGE,w2,2034,12,NUCLEAR,0,2034-12-01
Adverse,BRIDGE,w2,2034,12,PV,453.771621,2034-12-01
Adverse,BRIDGE,w2,2034,12,WIND,399.199017,2034-12-01
Adverse,BRIDGE,w2,2035,1,BIOENERGY,18.48072274,2035-01-01
Adverse,BRIDGE,w2,2035,1,DIESEL,0,2035-01-01
Adverse,BRIDGE,w2,2035,1,FUEL OIL,31.41551021,2035-01-01
Adverse,BRIDGE,w2,2035,1,GAS,0,2035-01-01
Adverse,BRIDGE,w2,2035,1,GEOTHERMAL,244.8097668,2035-01-01
Adverse,BRIDGE,w2,2035,1,HYDRO,3628.805136,2035-01-01
Adverse,BRIDGE,w2,2035,1,IMPORTS,0,2035-01-01
Adverse,BRIDGE,w2,2035,1,NUCLEAR,0,2035-01-01
Adverse,BRIDGE,w2,2035,1,PV,444.0768528,2035-01-01
Adverse,BRIDGE,w2,2035,1,WIND,401.8435317,2035-01-01
Adverse,BRIDGE,w2,2035,2,BIOENERGY,0,2035-02-01
Adverse,BRIDGE,w2,2035,2,DIESEL,0,2035-02-01
Adverse,BRIDGE,w2,2035,2,FUEL OIL,32.99625436,2035-02-01
Adverse,BRIDGE,w2,2035,2,GAS,0,2035-02-01
Adverse,BRIDGE,w2,2035,2,GEOTHERMAL,250.7508091,2035-02-01
Adverse,BRIDGE,w2,2035,2,HYDRO,3634.410684,2035-02-01
Adverse,BRIDGE,w2,2035,2,IMPORTS,0,2035-02-01
Adverse,BRIDGE,w2,2035,2,NUCLEAR,0,2035-02-01
Adverse,BRIDGE,w2,2035,2,PV,442.9724701,2035-02-01
Adverse,BRIDGE,w2,2035,2,WIND,384.4583534,2035-02-01
Adverse,BRIDGE,w2,2035,3,BIOENERGY,0,2035-03-01
Adverse,BRIDGE,w2,2035,3,DIESEL,0,2035-03-01
Adverse,BRIDGE,w2,2035,3,FUEL OIL,31.99057208,2035-03-01
Adverse,BRIDGE,w2,2035,3,GAS,0,2035-03-01
Adverse,BRIDGE,w2,2035,3,GEOTHERMAL,250.6714585,2035-03-01
Adverse,BRIDGE,w2,2035,3,HYDRO,3716.715806,2035-03-01
Adverse,BRIDGE,w2,2035,3,IMPORTS,0,2035-03-01
Adverse,BRIDGE,w2,2035,3,NUCLEAR,0,2035-03-01
Adverse,BRIDGE,w2,2035,3,PV,434.2132792,2035-03-01
Adverse,BRIDGE,w2,2035,3,WIND,394.7155114,2035-03-01
Adverse,BRIDGE,w2,2035,4,BIOENERGY,18.2702357,2035-04-01
Adverse,BRIDGE,w2,2035,4,DIESEL,0,2035-04-01
Adverse,BRIDGE,w2,2035,4,FUEL OIL,0,2035-04-01
Adverse,BRIDGE,w2,2035,4,GAS,0,2035-04-01
Adverse,BRIDGE,w2,2035,4,GEOTHERMAL,250.2289251,2035-04-01
Adverse,BRIDGE,w2,2035,4,HYDRO,3722.794985,2035-04-01
Adverse,BRIDGE,w2,2035,4,IMPORTS,0,2035-04-01
Adverse,BRIDGE,w2,2035,4,NUCLEAR,0,2035-04-01
Adverse,BRIDGE,w2,2035,4,PV,455.6970011,2035-04-01
Adverse,BRIDGE,w2,2035,4,WIND,405.8636302,2035-04-01
Adverse,BRIDGE,w2,2035,5,BIOENERGY,87.21030877,2035-05-01
Adverse,BRIDGE,w2,2035,5,DIESEL,73.06923617,2035-05-01
Adverse,BRIDGE,w2,2035,5,FUEL OIL,509.1345211,2035-05-01
Adverse,BRIDGE,w2,2035,5,GAS,194.3785859,2035-05-01
Adverse,BRIDGE,w2,2035,5,GEOTHERMAL,589.5481056,2035-05-01
Adverse,BRIDGE,w2,2035,5,HYDRO,2397.765784,2035-05-01
Adverse,BRIDGE,w2,2035,5,IMPORTS,0,2035-05-01
Adverse,BRIDGE,w2,2035,5,NUCLEAR,0,2035-05-01
Adverse,BRIDGE,w2,2035,5,PV,543.8043982,2035-05-01
Adverse,BRIDGE,w2,2035,5,WIND,433.9237828,2035-05-01
Adverse,BRIDGE,w2,2035,6,BIOENERGY,89.11749516,2035-06-01
Adverse,BRIDGE,w2,2035,6,DIESEL,72.71703088,2035-06-01
Adverse,BRIDGE,w2,2035,6,FUEL OIL,375.7646719,2035-06-01
Adverse,BRIDGE,w2,2035,6,GAS,198.7021421,2035-06-01
Adverse,BRIDGE,w2,2035,6,GEOTHERMAL,591.2539717,2035-06-01
Adverse,BRIDGE,w2,2035,6,HYDRO,2414.335024,2035-06-01
Adverse,BRIDGE,w2,2035,6,IMPORTS,0,2035-06-01
Adverse,BRIDGE,w2,2035,6,NUCLEAR,0,2035-06-01
Adverse,BRIDGE,w2,2035,6,PV,552.6029412,2035-06-01
Adverse,BRIDGE,w2,2035,6,WIND,428.0883578,2035-06-01
Adverse,BRIDGE,w2,2035,7,BIOENERGY,28.7666255,2035-07-01
Adverse,BRIDGE,w2,2035,7,DIESEL,74.69975667,2035-07-01
Adverse,BRIDGE,w2,2035,7,FUEL OIL,209.9227878,2035-07-01
Adverse,BRIDGE,w2,2035,7,GAS,198.5986993,2035-07-01
Adverse,BRIDGE,w2,2035,7,GEOTHERMAL,607.3686633,2035-07-01
Adverse,BRIDGE,w2,2035,7,HYDRO,2564.390933,2035-07-01
Adverse,BRIDGE,w2,2035,7,IMPORTS,0,2035-07-01
Adverse,BRIDGE,w2,2035,7,NUCLEAR,0,2035-07-01
Adverse,BRIDGE,w2,2035,7,PV,538.14657,2035-07-01
Adverse,BRIDGE,w2,2035,7,WIND,438.0788088,2035-07-01
Adverse,BRIDGE,w2,2035,8,BIOENERGY,84.13975093,2035-08-01
Adverse,BRIDGE,w2,2035,8,DIESEL,72.39653295,2035-08-01
Adverse,BRIDGE,w2,2035,8,FUEL OIL,485.9552181,2035-08-01
Adverse,BRIDGE,w2,2035,8,GAS,195.5911536,2035-08-01
Adverse,BRIDGE,w2,2035,8,GEOTHERMAL,599.5500709,2035-08-01
Adverse,BRIDGE,w2,2035,8,HYDRO,2207.862476,2035-08-01
Adverse,BRIDGE,w2,2035,8,IMPORTS,0,2035-08-01
Adverse,BRIDGE,w2,2035,8,NUCLEAR,0,2035-08-01
Adverse,BRIDGE,w2,2035,8,PV,549.8416005,2035-08-01
Adverse,BRIDGE,w2,2035,8,WIND,451.8824561,2035-08-01
Adverse,BRIDGE,w2,2035,9,BIOENERGY,87.21943705,2035-09-01
Adverse,BRIDGE,w2,2035,9,DIESEL,70.7743152,2035-09-01
Adverse,BRIDGE,w2,2035,9,FUEL OIL,290.9035567,2035-09-01
Adverse,BRIDGE,w2,2035,9,GAS,194.6395029,2035-09-01
Adverse,BRIDGE,w2,2035,9,GEOTHERMAL,604.9812322,2035-09-01
Adverse,BRIDGE,w2,2035,9,HYDRO,2499.606188,2035-09-01
Adverse,BRIDGE,w2,2035,9,IMPORTS,0,2035-09-01
Adverse,BRIDGE,w2,2035,9,NUCLEAR,0,2035-09-01
Adverse,BRIDGE,w2,2035,9,PV,538.9553825,2035-09-01
Adverse,BRIDGE,w2,2035,9,WIND,468.7489497,2035-09-01
Adverse,BRIDGE,w2,2035,10,BIOENERGY,83.99546157,2035-10-01
Adverse,BRIDGE,w2,2035,10,DIESEL,72.7329564,2035-10-01
Adverse,BRIDGE,w2,2035,10,FUEL OIL,519.4823061,2035-10-01
Adverse,BRIDGE,w2,2035,10,GAS,196.5017866,2035-10-01
Adverse,BRIDGE,w2,2035,10,GEOTHERMAL,582.2490492,2035-10-01
Adverse,BRIDGE,w2,2035,10,HYDRO,2314.710971,2035-10-01
Adverse,BRIDGE,w2,2035,10,IMPORTS,0,2035-10-01
Adverse,BRIDGE,w2,2035,10,NUCLEAR,0,2035-10-01
Adverse,BRIDGE,w2,2035,10,PV,553.9119306,2035-10-01
Adverse,BRIDGE,w2,2035,10,WIND,447.8282369,2035-10-01
Adverse,BRIDGE,w2,2035,11,BIOENERGY,19.54581373,2035-11-01
Adverse,BRIDGE,w2,2035,11,DIESEL,0,2035-11-01
Adverse,BRIDGE,w2,2035,11,FUEL OIL,0,2035-11-01
Adverse,BRIDGE,w2,2035,11,GAS,0,2035-11-01
Adverse,BRIDGE,w2,2035,11,GEOTHERMAL,252.4528953,2035-11-01
Adverse,BRIDGE,w2,2035,11,HYDRO,3722.21498,2035-11-01
Adverse,BRIDGE,w2,2035,11,IMPORTS,0,2035-11-01
Adverse,BRIDGE,w2,2035,11,NUCLEAR,0,2035-11-01
Adverse,BRIDGE,w2,2035,11,PV,481.2928148,2035-11-01
Adverse,BRIDGE,w2,2035,11,WIND,392.4613063,2035-11-01
Adverse,BRIDGE,w2,2035,12,BIOENERGY,19.12643481,2035-12-01
Adverse,BRIDGE,w2,2035,12,DIESEL,0,2035-12-01
Adverse,BRIDGE,w2,2035,12,FUEL OIL,211.8816417,2035-12-01
Adverse,BRIDGE,w2,2035,12,GAS,0,2035-12-01
Adverse,BRIDGE,w2,2035,12,GEOTHERMAL,245.0869644,2035-12-01
Adverse,BRIDGE,w2,2035,12,HYDRO,3655.617131,2035-12-01
Adverse,BRIDGE,w2,2035,12,IMPORTS,0,2035-12-01
Adverse,BRIDGE,w2,2035,12,NUCLEAR,0,2035-12-01
Adverse,BRIDGE,w2,2035,12,PV,463.8439812,2035-12-01
Adverse,BRIDGE,w2,2035,12,WIND,388.7939447,2035-12-01
Adverse,BRIDGE,w2,2036,1,BIOENERGY,0,2036-01-01
Adverse,BRIDGE,w2,2036,1,DIESEL,0,2036-01-01
Adverse,BRIDGE,w2,2036,1,FUEL OIL,30.91407473,2036-01-01
Adverse,BRIDGE,w2,2036,1,GAS,0,2036-01-01
Adverse,BRIDGE,w2,2036,1,GEOTHERMAL,199.9477184,2036-01-01
Adverse,BRIDGE,w2,2036,1,HYDRO,3375.511996,2036-01-01
Adverse,BRIDGE,w2,2036,1,IMPORTS,0,2036-01-01
Adverse,BRIDGE,w2,2036,1,NUCLEAR,0,2036-01-01
Adverse,BRIDGE,w2,2036,1,PV,819.4699518,2036-01-01
Adverse,BRIDGE,w2,2036,1,WIND,438.9764094,2036-01-01
Adverse,BRIDGE,w2,2036,2,BIOENERGY,0,2036-02-01
Adverse,BRIDGE,w2,2036,2,DIESEL,0,2036-02-01
Adverse,BRIDGE,w2,2036,2,FUEL OIL,31.84820659,2036-02-01
Adverse,BRIDGE,w2,2036,2,GAS,0,2036-02-01
Adverse,BRIDGE,w2,2036,2,GEOTHERMAL,147.2091398,2036-02-01
Adverse,BRIDGE,w2,2036,2,HYDRO,3344.461161,2036-02-01
Adverse,BRIDGE,w2,2036,2,IMPORTS,0,2036-02-01
Adverse,BRIDGE,w2,2036,2,NUCLEAR,0,2036-02-01
Adverse,BRIDGE,w2,2036,2,PV,864.2317184,2036-02-01
Adverse,BRIDGE,w2,2036,2,WIND,452.7501171,2036-02-01
Adverse,BRIDGE,w2,2036,3,BIOENERGY,0,2036-03-01
Adverse,BRIDGE,w2,2036,3,DIESEL,0,2036-03-01
Adverse,BRIDGE,w2,2036,3,FUEL OIL,33.32261065,2036-03-01
Adverse,BRIDGE,w2,2036,3,GAS,0,2036-03-01
Adverse,BRIDGE,w2,2036,3,GEOTHERMAL,243.1569979,2036-03-01
Adverse,BRIDGE,w2,2036,3,HYDRO,3375.952051,2036-03-01
Adverse,BRIDGE,w2,2036,3,IMPORTS,0,2036-03-01
Adverse,BRIDGE,w2,2036,3,NUCLEAR,0,2036-03-01
Adverse,BRIDGE,w2,2036,3,PV,836.0316392,2036-03-01
Adverse,BRIDGE,w2,2036,3,WIND,436.409461,2036-03-01
Adverse,BRIDGE,w2,2036,4,BIOENERGY,0,2036-04-01
Adverse,BRIDGE,w2,2036,4,DIESEL,0,2036-04-01
Adverse,BRIDGE,w2,2036,4,FUEL OIL,33.1187445,2036-04-01
Adverse,BRIDGE,w2,2036,4,GAS,0,2036-04-01
Adverse,BRIDGE,w2,2036,4,GEOTHERMAL,251.4068937,2036-04-01
Adverse,BRIDGE,w2,2036,4,HYDRO,3359.664323,2036-04-01
Adverse,BRIDGE,w2,2036,4,IMPORTS,0,2036-04-01
Adverse,BRIDGE,w2,2036,4,NUCLEAR,0,2036-04-01
Adverse,BRIDGE,w2,2036,4,PV,863.0982857,2036-04-01
Adverse,BRIDGE,w2,2036,4,WIND,442.6236259,2036-04-01
Adverse,BRIDGE,w2,2036,5,BIOENERGY,86.3487465,2036-05-01
Adverse,BRIDGE,w2,2036,5,DIESEL,73.11733769,2036-05-01
Adverse,BRIDGE,w2,2036,5,FUEL OIL,213.8411266,2036-05-01
Adverse,BRIDGE,w2,2036,5,GAS,194.9256812,2036-05-01
Adverse,BRIDGE,w2,2036,5,GEOTHERMAL,609.0720532,2036-05-01
Adverse,BRIDGE,w2,2036,5,HYDRO,2273.915555,2036-05-01
Adverse,BRIDGE,w2,2036,5,IMPORTS,0,2036-05-01
Adverse,BRIDGE,w2,2036,5,NUCLEAR,0,2036-05-01
Adverse,BRIDGE,w2,2036,5,PV,999.4192942,2036-05-01
Adverse,BRIDGE,w2,2036,5,WIND,474.771623,2036-05-01
Adverse,BRIDGE,w2,2036,6,BIOENERGY,19.24519141,2036-06-01
Adverse,BRIDGE,w2,2036,6,DIESEL,0,2036-06-01
Adverse,BRIDGE,w2,2036,6,FUEL OIL,210.838914,2036-06-01
Adverse,BRIDGE,w2,2036,6,GAS,195.0765802,2036-06-01
Adverse,BRIDGE,w2,2036,6,GEOTHERMAL,589.8722109,2036-06-01
Adverse,BRIDGE,w2,2036,6,HYDRO,2297.124916,2036-06-01
Adverse,BRIDGE,w2,2036,6,IMPORTS,0,2036-06-01
Adverse,BRIDGE,w2,2036,6,NUCLEAR,0,2036-06-01
Adverse,BRIDGE,w2,2036,6,PV,998.1402038,2036-06-01
Adverse,BRIDGE,w2,2036,6,WIND,506.7352512,2036-06-01
Adverse,BRIDGE,w2,2036,7,BIOENERGY,19.5283248,2036-07-01
Adverse,BRIDGE,w2,2036,7,DIESEL,0,2036-07-01
Adverse,BRIDGE,w2,2036,7,FUEL OIL,212.062966,2036-07-01
Adverse,BRIDGE,w2,2036,7,GAS,198.6131001,2036-07-01
Adverse,BRIDGE,w2,2036,7,GEOTHERMAL,322.5772445,2036-07-01
Adverse,BRIDGE,w2,2036,7,HYDRO,2468.735258,2036-07-01
Adverse,BRIDGE,w2,2036,7,IMPORTS,0,2036-07-01
Adverse,BRIDGE,w2,2036,7,NUCLEAR,0,2036-07-01
Adverse,BRIDGE,w2,2036,7,PV,1036.473311,2036-07-01
Adverse,BRIDGE,w2,2036,7,WIND,495.1820969,2036-07-01
Adverse,BRIDGE,w2,2036,8,BIOENERGY,18.67883047,2036-08-01
Adverse,BRIDGE,w2,2036,8,DIESEL,72.91131782,2036-08-01
Adverse,BRIDGE,w2,2036,8,FUEL OIL,210.2410988,2036-08-01
Adverse,BRIDGE,w2,2036,8,GAS,196.209086,2036-08-01
Adverse,BRIDGE,w2,2036,8,GEOTHERMAL,598.7947164,2036-08-01
Adverse,BRIDGE,w2,2036,8,HYDRO,2161.222061,2036-08-01
Adverse,BRIDGE,w2,2036,8,IMPORTS,0,2036-08-01
Adverse,BRIDGE,w2,2036,8,NUCLEAR,0,2036-08-01
Adverse,BRIDGE,w2,2036,8,PV,1001.470314,2036-08-01
Adverse,BRIDGE,w2,2036,8,WIND,480.6362198,2036-08-01
Adverse,BRIDGE,w2,2036,9,BIOENERGY,88.38057295,2036-09-01
Adverse,BRIDGE,w2,2036,9,DIESEL,72.82567173,2036-09-01
Adverse,BRIDGE,w2,2036,9,FUEL OIL,215.959848,2036-09-01
Adverse,BRIDGE,w2,2036,9,GAS,196.0330228,2036-09-01
Adverse,BRIDGE,w2,2036,9,GEOTHERMAL,596.5813816,2036-09-01
Adverse,BRIDGE,w2,2036,9,HYDRO,2179.558462,2036-09-01
Adverse,BRIDGE,w2,2036,9,IMPORTS,0,2036-09-01
Adverse,BRIDGE,w2,2036,9,NUCLEAR,0,2036-09-01
Adverse,BRIDGE,w2,2036,9,PV,1014.795496,2036-09-01
Adverse,BRIDGE,w2,2036,9,WIND,486.8106806,2036-09-01
Adverse,BRIDGE,w2,2036,10,BIOENERGY,39.71703244,2036-10-01
Adverse,BRIDGE,w2,2036,10,DIESEL,30.98470696,2036-10-01
Adverse,BRIDGE,w2,2036,10,FUEL OIL,210.9489729,2036-10-01
Adverse,BRIDGE,w2,2036,10,GAS,195.3332564,2036-10-01
Adverse,BRIDGE,w2,2036,10,GEOTHERMAL,589.6777387,2036-10-01
Adverse,BRIDGE,w2,2036,10,HYDRO,2281.231566,2036-10-01
Adverse,BRIDGE,w2,2036,10,IMPORTS,0,2036-10-01
Adverse,BRIDGE,w2,2036,10,NUCLEAR,0,2036-10-01
Adverse,BRIDGE,w2,2036,10,PV,1033.14288,2036-10-01
Adverse,BRIDGE,w2,2036,10,WIND,485.8047985,2036-10-01
Adverse,BRIDGE,w2,2036,11,BIOENERGY,0,2036-11-01
Adverse,BRIDGE,w2,2036,11,DIESEL,0,2036-11-01
Adverse,BRIDGE,w2,2036,11,FUEL OIL,32.08473889,2036-11-01
Adverse,BRIDGE,w2,2036,11,GAS,0,2036-11-01
Adverse,BRIDGE,w2,2036,11,GEOTHERMAL,251.815464,2036-11-01
Adverse,BRIDGE,w2,2036,11,HYDRO,3397.958322,2036-11-01
Adverse,BRIDGE,w2,2036,11,IMPORTS,0,2036-11-01
Adverse,BRIDGE,w2,2036,11,NUCLEAR,0,2036-11-01
Adverse,BRIDGE,w2,2036,11,PV,841.7585743,2036-11-01
Adverse,BRIDGE,w2,2036,11,WIND,441.7100666,2036-11-01
Adverse,BRIDGE,w2,2036,12,BIOENERGY,0,2036-12-01
Adverse,BRIDGE,w2,2036,12,DIESEL,0,2036-12-01
Adverse,BRIDGE,w2,2036,12,FUEL OIL,31.51936412,2036-12-01
Adverse,BRIDGE,w2,2036,12,GAS,0,2036-12-01
Adverse,BRIDGE,w2,2036,12,GEOTHERMAL,256.3045417,2036-12-01
Adverse,BRIDGE,w2,2036,12,HYDRO,3529.976443,2036-12-01
Adverse,BRIDGE,w2,2036,12,IMPORTS,0,2036-12-01
Adverse,BRIDGE,w2,2036,12,NUCLEAR,0,2036-12-01
Adverse,BRIDGE,w2,2036,12,PV,829.9632066,2036-12-01
Adverse,BRIDGE,w2,2036,12,WIND,436.2735451,2036-12-01
Adverse,BRIDGE,w2,2037,1,BIOENERGY,0,2037-01-01
Adverse,BRIDGE,w2,2037,1,DIESEL,0,2037-01-01
Adverse,BRIDGE,w2,2037,1,FUEL OIL,32.65824296,2037-01-01
Adverse,BRIDGE,w2,2037,1,GAS,0,2037-01-01
Adverse,BRIDGE,w2,2037,1,GEOTHERMAL,249.0136325,2037-01-01
Adverse,BRIDGE,w2,2037,1,HYDRO,3397.280856,2037-01-01
Adverse,BRIDGE,w2,2037,1,IMPORTS,0,2037-01-01
Adverse,BRIDGE,w2,2037,1,NUCLEAR,0,2037-01-01
Adverse,BRIDGE,w2,2037,1,PV,830.2545888,2037-01-01
Adverse,BRIDGE,w2,2037,1,WIND,452.9092333,2037-01-01
Adverse,BRIDGE,w2,2037,2,BIOENERGY,0,2037-02-01
Adverse,BRIDGE,w2,2037,2,DIESEL,0,2037-02-01
Adverse,BRIDGE,w2,2037,2,FUEL OIL,33.13551655,2037-02-01
Adverse,BRIDGE,w2,2037,2,GAS,0,2037-02-01
Adverse,BRIDGE,w2,2037,2,GEOTHERMAL,248.7151545,2037-02-01
Adverse,BRIDGE,w2,2037,2,HYDRO,3365.968086,2037-02-01
Adverse,BRIDGE,w2,2037,2,IMPORTS,0,2037-02-01
Adverse,BRIDGE,w2,2037,2,NUCLEAR,0,2037-02-01
Adverse,BRIDGE,w2,2037,2,PV,857.8725827,2037-02-01
Adverse,BRIDGE,w2,2037,2,WIND,431.6190101,2037-02-01
Adverse,BRIDGE,w2,2037,3,BIOENERGY,0,2037-03-01
Adverse,BRIDGE,w2,2037,3,DIESEL,0,2037-03-01
Adverse,BRIDGE,w2,2037,3,FUEL OIL,32.46624683,2037-03-01
Adverse,BRIDGE,w2,2037,3,GAS,0,2037-03-01
Adverse,BRIDGE,w2,2037,3,GEOTHERMAL,252.3848034,2037-03-01
Adverse,BRIDGE,w2,2037,3,HYDRO,3482.657083,2037-03-01
Adverse,BRIDGE,w2,2037,3,IMPORTS,0,2037-03-01
Adverse,BRIDGE,w2,2037,3,NUCLEAR,0,2037-03-01
Adverse,BRIDGE,w2,2037,3,PV,805.6134178,2037-03-01
Adverse,BRIDGE,w2,2037,3,WIND,450.2486639,2037-03-01
Adverse,BRIDGE,w2,2037,4,BIOENERGY,0,2037-04-01
Adverse,BRIDGE,w2,2037,4,DIESEL,0,2037-04-01
Adverse,BRIDGE,w2,2037,4,FUEL OIL,32.06921324,2037-04-01
Adverse,BRIDGE,w2,2037,4,GAS,0,2037-04-01
Adverse,BRIDGE,w2,2037,4,GEOTHERMAL,248.1176243,2037-04-01
Adverse,BRIDGE,w2,2037,4,HYDRO,3498.38832,2037-04-01
Adverse,BRIDGE,w2,2037,4,IMPORTS,0,2037-04-01
Adverse,BRIDGE,w2,2037,4,NUCLEAR,0,2037-04-01
Adverse,BRIDGE,w2,2037,4,PV,846.9525878,2037-04-01
Adverse,BRIDGE,w2,2037,4,WIND,423.3823648,2037-04-01
Adverse,BRIDGE,w2,2037,5,BIOENERGY,90.19474007,2037-05-01
Adverse,BRIDGE,w2,2037,5,DIESEL,72.43795536,2037-05-01
Adverse,BRIDGE,w2,2037,5,FUEL OIL,214.5866155,2037-05-01
Adverse,BRIDGE,w2,2037,5,GAS,196.7062766,2037-05-01
Adverse,BRIDGE,w2,2037,5,GEOTHERMAL,587.101091,2037-05-01
Adverse,BRIDGE,w2,2037,5,HYDRO,2399.397322,2037-05-01
Adverse,BRIDGE,w2,2037,5,IMPORTS,0,2037-05-01
Adverse,BRIDGE,w2,2037,5,NUCLEAR,0,2037-05-01
Adverse,BRIDGE,w2,2037,5,PV,995.219162,2037-05-01
Adverse,BRIDGE,w2,2037,5,WIND,468.2764832,2037-05-01
Adverse,BRIDGE,w2,2037,6,BIOENERGY,92.39434616,2037-06-01
Adverse,BRIDGE,w2,2037,6,DIESEL,74.00989485,2037-06-01
Adverse,BRIDGE,w2,2037,6,FUEL OIL,214.2941,2037-06-01
Adverse,BRIDGE,w2,2037,6,GAS,191.8457719,2037-06-01
Adverse,BRIDGE,w2,2037,6,GEOTHERMAL,587.5639591,2037-06-01
Adverse,BRIDGE,w2,2037,6,HYDRO,2255.069985,2037-06-01
Adverse,BRIDGE,w2,2037,6,IMPORTS,0,2037-06-01
Adverse,BRIDGE,w2,2037,6,NUCLEAR,0,2037-06-01
Adverse,BRIDGE,w2,2037,6,PV,1012.32059,2037-06-01
Adverse,BRIDGE,w2,2037,6,WIND,485.8752864,2037-06-01
Adverse,BRIDGE,w2,2037,7,BIOENERGY,19.13107034,2037-07-01
Adverse,BRIDGE,w2,2037,7,DIESEL,0,2037-07-01
Adverse,BRIDGE,w2,2037,7,FUEL OIL,210.7063822,2037-07-01
Adverse,BRIDGE,w2,2037,7,GAS,195.7890939,2037-07-01
Adverse,BRIDGE,w2,2037,7,GEOTHERMAL,595.3268373,2037-07-01
Adverse,BRIDGE,w2,2037,7,HYDRO,2284.039325,2037-07-01
Adverse,BRIDGE,w2,2037,7,IMPORTS,0,2037-07-01
Adverse,BRIDGE,w2,2037,7,NUCLEAR,0,2037-07-01
Adverse,BRIDGE,w2,2037,7,PV,1025.454183,2037-07-01
Adverse,BRIDGE,w2,2037,7,WIND,517.7888555,2037-07-01
Adverse,BRIDGE,w2,2037,8,BIOENERGY,18.19974125,2037-08-01
Adverse,BRIDGE,w2,2037,8,DIESEL,39.4286228,2037-08-01
Adverse,BRIDGE,w2,2037,8,FUEL OIL,211.0885425,2037-08-01
Adverse,BRIDGE,w2,2037,8,GAS,193.7716137,2037-08-01
Adverse,BRIDGE,w2,2037,8,GEOTHERMAL,589.1994353,2037-08-01
Adverse,BRIDGE,w2,2037,8,HYDRO,2267.954846,2037-08-01
Adverse,BRIDGE,w2,2037,8,IMPORTS,0,2037-08-01
Adverse,BRIDGE,w2,2037,8,NUCLEAR,0,2037-08-01
Adverse,BRIDGE,w2,2037,8,PV,1005.057631,2037-08-01
Adverse,BRIDGE,w2,2037,8,WIND,510.2664843,2037-08-01
Adverse,BRIDGE,w2,2037,9,BIOENERGY,82.16095843,2037-09-01
Adverse,BRIDGE,w2,2037,9,DIESEL,73.69349545,2037-09-01
Adverse,BRIDGE,w2,2037,9,FUEL OIL,209.8690655,2037-09-01
Adverse,BRIDGE,w2,2037,9,GAS,194.571293,2037-09-01
Adverse,BRIDGE,w2,2037,9,GEOTHERMAL,593.50633,2037-09-01
Adverse,BRIDGE,w2,2037,9,HYDRO,2283.038123,2037-09-01
Adverse,BRIDGE,w2,2037,9,IMPORTS,0,2037-09-01
Adverse,BRIDGE,w2,2037,9,NUCLEAR,0,2037-09-01
Adverse,BRIDGE,w2,2037,9,PV,1009.790631,2037-09-01
Adverse,BRIDGE,w2,2037,9,WIND,501.3341411,2037-09-01
Adverse,BRIDGE,w2,2037,10,BIOENERGY,18.81916999,2037-10-01
Adverse,BRIDGE,w2,2037,10,DIESEL,72.55180832,2037-10-01
Adverse,BRIDGE,w2,2037,10,FUEL OIL,207.9937326,2037-10-01
Adverse,BRIDGE,w2,2037,10,GAS,194.8599651,2037-10-01
Adverse,BRIDGE,w2,2037,10,GEOTHERMAL,597.0273316,2037-10-01
Adverse,BRIDGE,w2,2037,10,HYDRO,2381.228949,2037-10-01
Adverse,BRIDGE,w2,2037,10,IMPORTS,0,2037-10-01
Adverse,BRIDGE,w2,2037,10,NUCLEAR,0,2037-10-01
Adverse,BRIDGE,w2,2037,10,PV,1008.525207,2037-10-01
Adverse,BRIDGE,w2,2037,10,WIND,483.1716082,2037-10-01
Adverse,BRIDGE,w2,2037,11,BIOENERGY,0,2037-11-01
Adverse,BRIDGE,w2,2037,11,DIESEL,0,2037-11-01
Adverse,BRIDGE,w2,2037,11,FUEL OIL,32.76551671,2037-11-01
Adverse,BRIDGE,w2,2037,11,GAS,0,2037-11-01
Adverse,BRIDGE,w2,2037,11,GEOTHERMAL,253.7856771,2037-11-01
Adverse,BRIDGE,w2,2037,11,HYDRO,3492.326242,2037-11-01
Adverse,BRIDGE,w2,2037,11,IMPORTS,0,2037-11-01
Adverse,BRIDGE,w2,2037,11,NUCLEAR,0,2037-11-01
Adverse,BRIDGE,w2,2037,11,PV,852.890753,2037-11-01
Adverse,BRIDGE,w2,2037,11,WIND,432.8655212,2037-11-01
Adverse,BRIDGE,w2,2037,12,BIOENERGY,0,2037-12-01
Adverse,BRIDGE,w2,2037,12,DIESEL,0,2037-12-01
Adverse,BRIDGE,w2,2037,12,FUEL OIL,32.14872962,2037-12-01
Adverse,BRIDGE,w2,2037,12,GAS,0,2037-12-01
Adverse,BRIDGE,w2,2037,12,GEOTHERMAL,249.1474081,2037-12-01
Adverse,BRIDGE,w2,2037,12,HYDRO,3608.723264,2037-12-01
Adverse,BRIDGE,w2,2037,12,IMPORTS,0,2037-12-01
Adverse,BRIDGE,w2,2037,12,NUCLEAR,0,2037-12-01
Adverse,BRIDGE,w2,2037,12,PV,860.4804824,2037-12-01
Adverse,BRIDGE,w2,2037,12,WIND,435.2179582,2037-12-01
Adverse,BRIDGE,w2,2038,1,BIOENERGY,0,2038-01-01
Adverse,BRIDGE,w2,2038,1,DIESEL,0,2038-01-01
Adverse,BRIDGE,w2,2038,1,FUEL OIL,30.94762948,2038-01-01
Adverse,BRIDGE,w2,2038,1,GAS,0,2038-01-01
Adverse,BRIDGE,w2,2038,1,GEOTHERMAL,249.4716559,2038-01-01
Adverse,BRIDGE,w2,2038,1,HYDRO,3521.059378,2038-01-01
Adverse,BRIDGE,w2,2038,1,IMPORTS,0,2038-01-01
Adverse,BRIDGE,w2,2038,1,NUCLEAR,0,2038-01-01
Adverse,BRIDGE,w2,2038,1,PV,844.8101824,2038-01-01
Adverse,BRIDGE,w2,2038,1,WIND,415.0700392,2038-01-01
Adverse,BRIDGE,w2,2038,2,BIOENERGY,0,2038-02-01
Adverse,BRIDGE,w2,2038,2,DIESEL,0,2038-02-01
Adverse,BRIDGE,w2,2038,2,FUEL OIL,31.98927344,2038-02-01
Adverse,BRIDGE,w2,2038,2,GAS,0,2038-02-01
Adverse,BRIDGE,w2,2038,2,GEOTHERMAL,252.6411599,2038-02-01
Adverse,BRIDGE,w2,2038,2,HYDRO,3471.983553,2038-02-01
Adverse,BRIDGE,w2,2038,2,IMPORTS,0,2038-02-01
Adverse,BRIDGE,w2,2038,2,NUCLEAR,0,2038-02-01
Adverse,BRIDGE,w2,2038,2,PV,842.0317272,2038-02-01
Adverse,BRIDGE,w2,2038,2,WIND,437.4108423,2038-02-01
Adverse,BRIDGE,w2,2038,3,BIOENERGY,0,2038-03-01
Adverse,BRIDGE,w2,2038,3,DIESEL,0,2038-03-01
Adverse,BRIDGE,w2,2038,3,FUEL OIL,33.38327331,2038-03-01
Adverse,BRIDGE,w2,2038,3,GAS,0,2038-03-01
Adverse,BRIDGE,w2,2038,3,GEOTHERMAL,249.2698309,2038-03-01
Adverse,BRIDGE,w2,2038,3,HYDRO,3542.987305,2038-03-01
Adverse,BRIDGE,w2,2038,3,IMPORTS,0,2038-03-01
Adverse,BRIDGE,w2,2038,3,NUCLEAR,0,2038-03-01
Adverse,BRIDGE,w2,2038,3,PV,849.1105209,2038-03-01
Adverse,BRIDGE,w2,2038,3,WIND,449.0866894,2038-03-01
Adverse,BRIDGE,w2,2038,4,BIOENERGY,0,2038-04-01
Adverse,BRIDGE,w2,2038,4,DIESEL,0,2038-04-01
Adverse,BRIDGE,w2,2038,4,FUEL OIL,32.37469319,2038-04-01
Adverse,BRIDGE,w2,2038,4,GAS,0,2038-04-01
Adverse,BRIDGE,w2,2038,4,GEOTHERMAL,249.9387665,2038-04-01
Adverse,BRIDGE,w2,2038,4,HYDRO,3594.076886,2038-04-01
Adverse,BRIDGE,w2,2038,4,IMPORTS,0,2038-04-01
Adverse,BRIDGE,w2,2038,4,NUCLEAR,0,2038-04-01
Adverse,BRIDGE,w2,2038,4,PV,848.1887508,2038-04-01
Adverse,BRIDGE,w2,2038,4,WIND,425.3092156,2038-04-01
Adverse,BRIDGE,w2,2038,5,BIOENERGY,19.41038531,2038-05-01
Adverse,BRIDGE,w2,2038,5,DIESEL,70.54331638,2038-05-01
Adverse,BRIDGE,w2,2038,5,FUEL OIL,208.8800622,2038-05-01
Adverse,BRIDGE,w2,2038,5,GAS,193.6879127,2038-05-01
Adverse,BRIDGE,w2,2038,5,GEOTHERMAL,580.4585917,2038-05-01
Adverse,BRIDGE,w2,2038,5,HYDRO,2496.710562,2038-05-01
Adverse,BRIDGE,w2,2038,5,IMPORTS,0,2038-05-01
Adverse,BRIDGE,w2,2038,5,NUCLEAR,0,2038-05-01
Adverse,BRIDGE,w2,2038,5,PV,1058.497237,2038-05-01
Adverse,BRIDGE,w2,2038,5,WIND,496.2099718,2038-05-01
Adverse,BRIDGE,w2,2038,6,BIOENERGY,92.01606084,2038-06-01
Adverse,BRIDGE,w2,2038,6,DIESEL,71.26700522,2038-06-01
Adverse,BRIDGE,w2,2038,6,FUEL OIL,307.1657927,2038-06-01
Adverse,BRIDGE,w2,2038,6,GAS,195.2023741,2038-06-01
Adverse,BRIDGE,w2,2038,6,GEOTHERMAL,605.2648145,2038-06-01
Adverse,BRIDGE,w2,2038,6,HYDRO,2259.243794,2038-06-01
Adverse,BRIDGE,w2,2038,6,IMPORTS,0,2038-06-01
Adverse,BRIDGE,w2,2038,6,NUCLEAR,0,2038-06-01
Adverse,BRIDGE,w2,2038,6,PV,1009.445049,2038-06-01
Adverse,BRIDGE,w2,2038,6,WIND,472.036521,2038-06-01
Adverse,BRIDGE,w2,2038,7,BIOENERGY,56.81140076,2038-07-01
Adverse,BRIDGE,w2,2038,7,DIESEL,73.03784359,2038-07-01
Adverse,BRIDGE,w2,2038,7,FUEL OIL,214.4215186,2038-07-01
Adverse,BRIDGE,w2,2038,7,GAS,197.147635,2038-07-01
Adverse,BRIDGE,w2,2038,7,GEOTHERMAL,588.1200564,2038-07-01
Adverse,BRIDGE,w2,2038,7,HYDRO,2340.19638,2038-07-01
Adverse,BRIDGE,w2,2038,7,IMPORTS,0,2038-07-01
Adverse,BRIDGE,w2,2038,7,NUCLEAR,0,2038-07-01
Adverse,BRIDGE,w2,2038,7,PV,997.6911001,2038-07-01
Adverse,BRIDGE,w2,2038,7,WIND,477.7745272,2038-07-01
Adverse,BRIDGE,w2,2038,8,BIOENERGY,26.10056973,2038-08-01
Adverse,BRIDGE,w2,2038,8,DIESEL,69.62881286,2038-08-01
Adverse,BRIDGE,w2,2038,8,FUEL OIL,212.1153497,2038-08-01
Adverse,BRIDGE,w2,2038,8,GAS,195.5260969,2038-08-01
Adverse,BRIDGE,w2,2038,8,GEOTHERMAL,587.9164703,2038-08-01
Adverse,BRIDGE,w2,2038,8,HYDRO,2325.91004,2038-08-01
Adverse,BRIDGE,w2,2038,8,IMPORTS,0,2038-08-01
Adverse,BRIDGE,w2,2038,8,NUCLEAR,0,2038-08-01
Adverse,BRIDGE,w2,2038,8,PV,1028.053606,2038-08-01
Adverse,BRIDGE,w2,2038,8,WIND,486.4153099,2038-08-01
Adverse,BRIDGE,w2,2038,9,BIOENERGY,33.06982254,2038-09-01
Adverse,BRIDGE,w2,2038,9,DIESEL,72.63103044,2038-09-01
Adverse,BRIDGE,w2,2038,9,FUEL OIL,211.7047011,2038-09-01
Adverse,BRIDGE,w2,2038,9,GAS,195.1282426,2038-09-01
Adverse,BRIDGE,w2,2038,9,GEOTHERMAL,590.150177,2038-09-01
Adverse,BRIDGE,w2,2038,9,HYDRO,2450.7294,2038-09-01
Adverse,BRIDGE,w2,2038,9,IMPORTS,0,2038-09-01
Adverse,BRIDGE,w2,2038,9,NUCLEAR,0,2038-09-01
Adverse,BRIDGE,w2,2038,9,PV,1022.92991,2038-09-01
Adverse,BRIDGE,w2,2038,9,WIND,470.580035,2038-09-01
Adverse,BRIDGE,w2,2038,10,BIOENERGY,94.43812241,2038-10-01
Adverse,BRIDGE,w2,2038,10,DIESEL,72.88777418,2038-10-01
Adverse,BRIDGE,w2,2038,10,FUEL OIL,312.9743578,2038-10-01
Adverse,BRIDGE,w2,2038,10,GAS,210.2982833,2038-10-01
Adverse,BRIDGE,w2,2038,10,GEOTHERMAL,615.6786922,2038-10-01
Adverse,BRIDGE,w2,2038,10,HYDRO,2266.800558,2038-10-01
Adverse,BRIDGE,w2,2038,10,IMPORTS,0,2038-10-01
Adverse,BRIDGE,w2,2038,10,NUCLEAR,0,2038-10-01
Adverse,BRIDGE,w2,2038,10,PV,999.0662634,2038-10-01
Adverse,BRIDGE,w2,2038,10,WIND,491.3172751,2038-10-01
Adverse,BRIDGE,w2,2038,11,BIOENERGY,0,2038-11-01
Adverse,BRIDGE,w2,2038,11,DIESEL,0,2038-11-01
Adverse,BRIDGE,w2,2038,11,FUEL OIL,32.28882844,2038-11-01
Adverse,BRIDGE,w2,2038,11,GAS,0,2038-11-01
Adverse,BRIDGE,w2,2038,11,GEOTHERMAL,252.8077478,2038-11-01
Adverse,BRIDGE,w2,2038,11,HYDRO,3633.446449,2038-11-01
Adverse,BRIDGE,w2,2038,11,IMPORTS,0,2038-11-01
Adverse,BRIDGE,w2,2038,11,NUCLEAR,0,2038-11-01
Adverse,BRIDGE,w2,2038,11,PV,845.4312492,2038-11-01
Adverse,BRIDGE,w2,2038,11,WIND,401.9521098,2038-11-01
Adverse,BRIDGE,w2,2038,12,BIOENERGY,0,2038-12-01
Adverse,BRIDGE,w2,2038,12,DIESEL,0,2038-12-01
Adverse,BRIDGE,w2,2038,12,FUEL OIL,37.40260307,2038-12-01
Adverse,BRIDGE,w2,2038,12,GAS,0,2038-12-01
Adverse,BRIDGE,w2,2038,12,GEOTHERMAL,250.153676,2038-12-01
Adverse,BRIDGE,w2,2038,12,HYDRO,3741.697586,2038-12-01
Adverse,BRIDGE,w2,2038,12,IMPORTS,0,2038-12-01
Adverse,BRIDGE,w2,2038,12,NUCLEAR,0,2038-12-01
Adverse,BRIDGE,w2,2038,12,PV,814.3891379,2038-12-01
Adverse,BRIDGE,w2,2038,12,WIND,445.7891956,2038-12-01
Adverse,BRIDGE,w2,2039,1,BIOENERGY,0,2039-01-01
Adverse,BRIDGE,w2,2039,1,DIESEL,0,2039-01-01
Adverse,BRIDGE,w2,2039,1,FUEL OIL,33.67711829,2039-01-01
Adverse,BRIDGE,w2,2039,1,GAS,0,2039-01-01
Adverse,BRIDGE,w2,2039,1,GEOTHERMAL,249.7109891,2039-01-01
Adverse,BRIDGE,w2,2039,1,HYDRO,3628.443217,2039-01-01
Adverse,BRIDGE,w2,2039,1,IMPORTS,0,2039-01-01
Adverse,BRIDGE,w2,2039,1,NUCLEAR,0,2039-01-01
Adverse,BRIDGE,w2,2039,1,PV,832.954023,2039-01-01
Adverse,BRIDGE,w2,2039,1,WIND,417.8007146,2039-01-01
Adverse,BRIDGE,w2,2039,2,BIOENERGY,0,2039-02-01
Adverse,BRIDGE,w2,2039,2,DIESEL,0,2039-02-01
Adverse,BRIDGE,w2,2039,2,FUEL OIL,33.57773848,2039-02-01
Adverse,BRIDGE,w2,2039,2,GAS,0,2039-02-01
Adverse,BRIDGE,w2,2039,2,GEOTHERMAL,248.9165664,2039-02-01
Adverse,BRIDGE,w2,2039,2,HYDRO,3548.11571,2039-02-01
Adverse,BRIDGE,w2,2039,2,IMPORTS,0,2039-02-01
Adverse,BRIDGE,w2,2039,2,NUCLEAR,0,2039-02-01
Adverse,BRIDGE,w2,2039,2,PV,856.7802703,2039-02-01
Adverse,BRIDGE,w2,2039,2,WIND,449.387402,2039-02-01
Adverse,BRIDGE,w2,2039,3,BIOENERGY,0,2039-03-01
Adverse,BRIDGE,w2,2039,3,DIESEL,0,2039-03-01
Adverse,BRIDGE,w2,2039,3,FUEL OIL,33.21404125,2039-03-01
Adverse,BRIDGE,w2,2039,3,GAS,0,2039-03-01
Adverse,BRIDGE,w2,2039,3,GEOTHERMAL,249.920217,2039-03-01
Adverse,BRIDGE,w2,2039,3,HYDRO,3692.757691,2039-03-01
Adverse,BRIDGE,w2,2039,3,IMPORTS,0,2039-03-01
Adverse,BRIDGE,w2,2039,3,NUCLEAR,0,2039-03-01
Adverse,BRIDGE,w2,2039,3,PV,847.0575508,2039-03-01
Adverse,BRIDGE,w2,2039,3,WIND,403.3648721,2039-03-01
Adverse,BRIDGE,w2,2039,4,BIOENERGY,0,2039-04-01
Adverse,BRIDGE,w2,2039,4,DIESEL,0,2039-04-01
Adverse,BRIDGE,w2,2039,4,FUEL OIL,34.02063002,2039-04-01
Adverse,BRIDGE,w2,2039,4,GAS,0,2039-04-01
Adverse,BRIDGE,w2,2039,4,GEOTHERMAL,255.4787526,2039-04-01
Adverse,BRIDGE,w2,2039,4,HYDRO,3698.22791,2039-04-01
Adverse,BRIDGE,w2,2039,4,IMPORTS,0,2039-04-01
Adverse,BRIDGE,w2,2039,4,NUCLEAR,0,2039-04-01
Adverse,BRIDGE,w2,2039,4,PV,838.7291397,2039-04-01
Adverse,BRIDGE,w2,2039,4,WIND,426.4296463,2039-04-01
Adverse,BRIDGE,w2,2039,5,BIOENERGY,92.95431974,2039-05-01
Adverse,BRIDGE,w2,2039,5,DIESEL,73.28333681,2039-05-01
Adverse,BRIDGE,w2,2039,5,FUEL OIL,209.3269013,2039-05-01
Adverse,BRIDGE,w2,2039,5,GAS,250.3028129,2039-05-01
Adverse,BRIDGE,w2,2039,5,GEOTHERMAL,609.7415763,2039-05-01
Adverse,BRIDGE,w2,2039,5,HYDRO,2465.205679,2039-05-01
Adverse,BRIDGE,w2,2039,5,IMPORTS,0,2039-05-01
Adverse,BRIDGE,w2,2039,5,NUCLEAR,0,2039-05-01
Adverse,BRIDGE,w2,2039,5,PV,1033.745757,2039-05-01
Adverse,BRIDGE,w2,2039,5,WIND,492.3256174,2039-05-01
Adverse,BRIDGE,w2,2039,6,BIOENERGY,88.63881926,2039-06-01
Adverse,BRIDGE,w2,2039,6,DIESEL,71.60624854,2039-06-01
Adverse,BRIDGE,w2,2039,6,FUEL OIL,557.2983975,2039-06-01
Adverse,BRIDGE,w2,2039,6,GAS,196.8728844,2039-06-01
Adverse,BRIDGE,w2,2039,6,GEOTHERMAL,583.7177632,2039-06-01
Adverse,BRIDGE,w2,2039,6,HYDRO,2108.469896,2039-06-01
Adverse,BRIDGE,w2,2039,6,IMPORTS,0,2039-06-01
Adverse,BRIDGE,w2,2039,6,NUCLEAR,0,2039-06-01
Adverse,BRIDGE,w2,2039,6,PV,1005.935002,2039-06-01
Adverse,BRIDGE,w2,2039,6,WIND,499.3352293,2039-06-01
Adverse,BRIDGE,w2,2039,7,BIOENERGY,96.53367349,2039-07-01
Adverse,BRIDGE,w2,2039,7,DIESEL,72.37222291,2039-07-01
Adverse,BRIDGE,w2,2039,7,FUEL OIL,209.2848565,2039-07-01
Adverse,BRIDGE,w2,2039,7,GAS,202.54666,2039-07-01
Adverse,BRIDGE,w2,2039,7,GEOTHERMAL,640.7939594,2039-07-01
Adverse,BRIDGE,w2,2039,7,HYDRO,2328.175332,2039-07-01
Adverse,BRIDGE,w2,2039,7,IMPORTS,0,2039-07-01
Adverse,BRIDGE,w2,2039,7,NUCLEAR,0,2039-07-01
Adverse,BRIDGE,w2,2039,7,PV,1021.454101,2039-07-01
Adverse,BRIDGE,w2,2039,7,WIND,472.9436664,2039-07-01
Adverse,BRIDGE,w2,2039,8,BIOENERGY,18.68462995,2039-08-01
Adverse,BRIDGE,w2,2039,8,DIESEL,31.47669793,2039-08-01
Adverse,BRIDGE,w2,2039,8,FUEL OIL,214.0619312,2039-08-01
Adverse,BRIDGE,w2,2039,8,GAS,193.4043027,2039-08-01
Adverse,BRIDGE,w2,2039,8,GEOTHERMAL,594.5354183,2039-08-01
Adverse,BRIDGE,w2,2039,8,HYDRO,2463.131053,2039-08-01
Adverse,BRIDGE,w2,2039,8,IMPORTS,0,2039-08-01
Adverse,BRIDGE,w2,2039,8,NUCLEAR,0,2039-08-01
Adverse,BRIDGE,w2,2039,8,PV,994.8454098,2039-08-01
Adverse,BRIDGE,w2,2039,8,WIND,520.1601384,2039-08-01
Adverse,BRIDGE,w2,2039,9,BIOENERGY,95.77740707,2039-09-01
Adverse,BRIDGE,w2,2039,9,DIESEL,71.68290741,2039-09-01
Adverse,BRIDGE,w2,2039,9,FUEL OIL,208.6152181,2039-09-01
Adverse,BRIDGE,w2,2039,9,GAS,260.4855313,2039-09-01
Adverse,BRIDGE,w2,2039,9,GEOTHERMAL,616.2068355,2039-09-01
Adverse,BRIDGE,w2,2039,9,HYDRO,2397.763423,2039-09-01
Adverse,BRIDGE,w2,2039,9,IMPORTS,0,2039-09-01
Adverse,BRIDGE,w2,2039,9,NUCLEAR,0,2039-09-01
Adverse,BRIDGE,w2,2039,9,PV,1020.012063,2039-09-01
Adverse,BRIDGE,w2,2039,9,WIND,477.3183997,2039-09-01
Adverse,BRIDGE,w2,2039,10,BIOENERGY,18.683848,2039-10-01
Adverse,BRIDGE,w2,2039,10,DIESEL,72.36930553,2039-10-01
Adverse,BRIDGE,w2,2039,10,FUEL OIL,207.9337221,2039-10-01
Adverse,BRIDGE,w2,2039,10,GAS,191.7888826,2039-10-01
Adverse,BRIDGE,w2,2039,10,GEOTHERMAL,591.6362237,2039-10-01
Adverse,BRIDGE,w2,2039,10,HYDRO,2580.994416,2039-10-01
Adverse,BRIDGE,w2,2039,10,IMPORTS,0,2039-10-01
Adverse,BRIDGE,w2,2039,10,NUCLEAR,0,2039-10-01
Adverse,BRIDGE,w2,2039,10,PV,1024.014057,2039-10-01
Adverse,BRIDGE,w2,2039,10,WIND,477.3100989,2039-10-01
Adverse,BRIDGE,w2,2039,11,BIOENERGY,18.71685317,2039-11-01
Adverse,BRIDGE,w2,2039,11,DIESEL,0,2039-11-01
Adverse,BRIDGE,w2,2039,11,FUEL OIL,31.86435705,2039-11-01
Adverse,BRIDGE,w2,2039,11,GAS,0,2039-11-01
Adverse,BRIDGE,w2,2039,11,GEOTHERMAL,249.7638262,2039-11-01
Adverse,BRIDGE,w2,2039,11,HYDRO,3694.019503,2039-11-01
Adverse,BRIDGE,w2,2039,11,IMPORTS,0,2039-11-01
Adverse,BRIDGE,w2,2039,11,NUCLEAR,0,2039-11-01
Adverse,BRIDGE,w2,2039,11,PV,834.6494163,2039-11-01
Adverse,BRIDGE,w2,2039,11,WIND,440.2309554,2039-11-01
Adverse,BRIDGE,w2,2039,12,BIOENERGY,17.9645289,2039-12-01
Adverse,BRIDGE,w2,2039,12,DIESEL,0,2039-12-01
Adverse,BRIDGE,w2,2039,12,FUEL OIL,168.6879597,2039-12-01
Adverse,BRIDGE,w2,2039,12,GAS,0,2039-12-01
Adverse,BRIDGE,w2,2039,12,GEOTHERMAL,252.113029,2039-12-01
Adverse,BRIDGE,w2,2039,12,HYDRO,3677.178527,2039-12-01
Adverse,BRIDGE,w2,2039,12,IMPORTS,0,2039-12-01
Adverse,BRIDGE,w2,2039,12,NUCLEAR,0,2039-12-01
Adverse,BRIDGE,w2,2039,12,PV,853.5387469,2039-12-01
Adverse,BRIDGE,w2,2039,12,WIND,425.7380521,2039-12-01
Adverse,BRIDGE,w2,2040,1,BIOENERGY,0,2040-01-01
Adverse,BRIDGE,w2,2040,1,DIESEL,0,2040-01-01
Adverse,BRIDGE,w2,2040,1,FUEL OIL,32.19281541,2040-01-01
Adverse,BRIDGE,w2,2040,1,GAS,0,2040-01-01
Adverse,BRIDGE,w2,2040,1,GEOTHERMAL,254.423728,2040-01-01
Adverse,BRIDGE,w2,2040,1,HYDRO,3740.360854,2040-01-01
Adverse,BRIDGE,w2,2040,1,IMPORTS,0,2040-01-01
Adverse,BRIDGE,w2,2040,1,NUCLEAR,0,2040-01-01
Adverse,BRIDGE,w2,2040,1,PV,808.6309745,2040-01-01
Adverse,BRIDGE,w2,2040,1,WIND,430.2294117,2040-01-01
Adverse,BRIDGE,w2,2040,2,BIOENERGY,0,2040-02-01
Adverse,BRIDGE,w2,2040,2,DIESEL,0,2040-02-01
Adverse,BRIDGE,w2,2040,2,FUEL OIL,33.42769998,2040-02-01
Adverse,BRIDGE,w2,2040,2,GAS,0,2040-02-01
Adverse,BRIDGE,w2,2040,2,GEOTHERMAL,252.8033534,2040-02-01
Adverse,BRIDGE,w2,2040,2,HYDRO,3680.419001,2040-02-01
Adverse,BRIDGE,w2,2040,2,IMPORTS,0,2040-02-01
Adverse,BRIDGE,w2,2040,2,NUCLEAR,0,2040-02-01
Adverse,BRIDGE,w2,2040,2,PV,838.1332224,2040-02-01
Adverse,BRIDGE,w2,2040,2,WIND,434.7299642,2040-02-01
Adverse,BRIDGE,w2,2040,3,BIOENERGY,0,2040-03-01
Adverse,BRIDGE,w2,2040,3,DIESEL,0,2040-03-01
Adverse,BRIDGE,w2,2040,3,FUEL OIL,36.85009334,2040-03-01
Adverse,BRIDGE,w2,2040,3,GAS,0,2040-03-01
Adverse,BRIDGE,w2,2040,3,GEOTHERMAL,244.8644329,2040-03-01
Adverse,BRIDGE,w2,2040,3,HYDRO,3746.342685,2040-03-01
Adverse,BRIDGE,w2,2040,3,IMPORTS,0,2040-03-01
Adverse,BRIDGE,w2,2040,3,NUCLEAR,0,2040-03-01
Adverse,BRIDGE,w2,2040,3,PV,841.4044773,2040-03-01
Adverse,BRIDGE,w2,2040,3,WIND,461.3789713,2040-03-01
Adverse,BRIDGE,w2,2040,4,BIOENERGY,0,2040-04-01
Adverse,BRIDGE,w2,2040,4,DIESEL,0,2040-04-01
Adverse,BRIDGE,w2,2040,4,FUEL OIL,32.67585479,2040-04-01
Adverse,BRIDGE,w2,2040,4,GAS,0,2040-04-01
Adverse,BRIDGE,w2,2040,4,GEOTHERMAL,248.3617793,2040-04-01
Adverse,BRIDGE,w2,2040,4,HYDRO,3809.823852,2040-04-01
Adverse,BRIDGE,w2,2040,4,IMPORTS,0,2040-04-01
Adverse,BRIDGE,w2,2040,4,NUCLEAR,0,2040-04-01
Adverse,BRIDGE,w2,2040,4,PV,823.4004915,2040-04-01
Adverse,BRIDGE,w2,2040,4,WIND,443.6818228,2040-04-01
Adverse,BRIDGE,w2,2040,5,BIOENERGY,87.02173311,2040-05-01
Adverse,BRIDGE,w2,2040,5,DIESEL,39.70794035,2040-05-01
Adverse,BRIDGE,w2,2040,5,FUEL OIL,628.7794994,2040-05-01
Adverse,BRIDGE,w2,2040,5,GAS,196.4240973,2040-05-01
Adverse,BRIDGE,w2,2040,5,GEOTHERMAL,605.5045389,2040-05-01
Adverse,BRIDGE,w2,2040,5,HYDRO,2287.635921,2040-05-01
Adverse,BRIDGE,w2,2040,5,IMPORTS,0,2040-05-01
Adverse,BRIDGE,w2,2040,5,NUCLEAR,0,2040-05-01
Adverse,BRIDGE,w2,2040,5,PV,994.8404082,2040-05-01
Adverse,BRIDGE,w2,2040,5,WIND,491.5095817,2040-05-01
Adverse,BRIDGE,w2,2040,6,BIOENERGY,87.53595673,2040-06-01
Adverse,BRIDGE,w2,2040,6,DIESEL,40.11623455,2040-06-01
Adverse,BRIDGE,w2,2040,6,FUEL OIL,341.5779113,2040-06-01
Adverse,BRIDGE,w2,2040,6,GAS,194.0179849,2040-06-01
Adverse,BRIDGE,w2,2040,6,GEOTHERMAL,604.1992374,2040-06-01
Adverse,BRIDGE,w2,2040,6,HYDRO,2466.249019,2040-06-01
Adverse,BRIDGE,w2,2040,6,IMPORTS,0,2040-06-01
Adverse,BRIDGE,w2,2040,6,NUCLEAR,0,2040-06-01
Adverse,BRIDGE,w2,2040,6,PV,1002.991394,2040-06-01
Adverse,BRIDGE,w2,2040,6,WIND,477.4239868,2040-06-01
Adverse,BRIDGE,w2,2040,7,BIOENERGY,89.2053225,2040-07-01
Adverse,BRIDGE,w2,2040,7,DIESEL,40.20591955,2040-07-01
Adverse,BRIDGE,w2,2040,7,FUEL OIL,273.7948602,2040-07-01
Adverse,BRIDGE,w2,2040,7,GAS,194.9148715,2040-07-01
Adverse,BRIDGE,w2,2040,7,GEOTHERMAL,608.4823315,2040-07-01
Adverse,BRIDGE,w2,2040,7,HYDRO,2458.196656,2040-07-01
Adverse,BRIDGE,w2,2040,7,IMPORTS,0,2040-07-01
Adverse,BRIDGE,w2,2040,7,NUCLEAR,0,2040-07-01
Adverse,BRIDGE,w2,2040,7,PV,991.8817657,2040-07-01
Adverse,BRIDGE,w2,2040,7,WIND,488.3048336,2040-07-01
Adverse,BRIDGE,w2,2040,8,BIOENERGY,90.32596775,2040-08-01
Adverse,BRIDGE,w2,2040,8,DIESEL,39.9027312,2040-08-01
Adverse,BRIDGE,w2,2040,8,FUEL OIL,392.3324478,2040-08-01
Adverse,BRIDGE,w2,2040,8,GAS,193.87419,2040-08-01
Adverse,BRIDGE,w2,2040,8,GEOTHERMAL,589.6031337,2040-08-01
Adverse,BRIDGE,w2,2040,8,HYDRO,2314.416519,2040-08-01
Adverse,BRIDGE,w2,2040,8,IMPORTS,0,2040-08-01
Adverse,BRIDGE,w2,2040,8,NUCLEAR,0,2040-08-01
Adverse,BRIDGE,w2,2040,8,PV,1025.851568,2040-08-01
Adverse,BRIDGE,w2,2040,8,WIND,484.5990149,2040-08-01
Adverse,BRIDGE,w2,2040,9,BIOENERGY,91.63847062,2040-09-01
Adverse,BRIDGE,w2,2040,9,DIESEL,38.74188072,2040-09-01
Adverse,BRIDGE,w2,2040,9,FUEL OIL,393.2697158,2040-09-01
Adverse,BRIDGE,w2,2040,9,GAS,194.9881647,2040-09-01
Adverse,BRIDGE,w2,2040,9,GEOTHERMAL,593.6879424,2040-09-01
Adverse,BRIDGE,w2,2040,9,HYDRO,2451.265015,2040-09-01
Adverse,BRIDGE,w2,2040,9,IMPORTS,0,2040-09-01
Adverse,BRIDGE,w2,2040,9,NUCLEAR,0,2040-09-01
Adverse,BRIDGE,w2,2040,9,PV,1004.084584,2040-09-01
Adverse,BRIDGE,w2,2040,9,WIND,483.1432474,2040-09-01
Adverse,BRIDGE,w2,2040,10,BIOENERGY,84.66687215,2040-10-01
Adverse,BRIDGE,w2,2040,10,DIESEL,38.92653654,2040-10-01
Adverse,BRIDGE,w2,2040,10,FUEL OIL,502.5008216,2040-10-01
Adverse,BRIDGE,w2,2040,10,GAS,194.6330213,2040-10-01
Adverse,BRIDGE,w2,2040,10,GEOTHERMAL,567.7806867,2040-10-01
Adverse,BRIDGE,w2,2040,10,HYDRO,2337.318733,2040-10-01
Adverse,BRIDGE,w2,2040,10,IMPORTS,0,2040-10-01
Adverse,BRIDGE,w2,2040,10,NUCLEAR,0,2040-10-01
Adverse,BRIDGE,w2,2040,10,PV,1023.841076,2040-10-01
Adverse,BRIDGE,w2,2040,10,WIND,518.3574169,2040-10-01
Adverse,BRIDGE,w2,2040,11,BIOENERGY,0,2040-11-01
Adverse,BRIDGE,w2,2040,11,DIESEL,0,2040-11-01
Adverse,BRIDGE,w2,2040,11,FUEL OIL,31.50693976,2040-11-01
Adverse,BRIDGE,w2,2040,11,GAS,0,2040-11-01
Adverse,BRIDGE,w2,2040,11,GEOTHERMAL,247.550119,2040-11-01
Adverse,BRIDGE,w2,2040,11,HYDRO,3774.908314,2040-11-01
Adverse,BRIDGE,w2,2040,11,IMPORTS,0,2040-11-01
Adverse,BRIDGE,w2,2040,11,NUCLEAR,0,2040-11-01
Adverse,BRIDGE,w2,2040,11,PV,874.4014681,2040-11-01
Adverse,BRIDGE,w2,2040,11,WIND,446.2629688,2040-11-01
Adverse,BRIDGE,w2,2040,12,BIOENERGY,18.76830452,2040-12-01
Adverse,BRIDGE,w2,2040,12,DIESEL,0,2040-12-01
Adverse,BRIDGE,w2,2040,12,FUEL OIL,37.32495491,2040-12-01
Adverse,BRIDGE,w2,2040,12,GAS,0,2040-12-01
Adverse,BRIDGE,w2,2040,12,GEOTHERMAL,281.2654841,2040-12-01
Adverse,BRIDGE,w2,2040,12,HYDRO,3886.881581,2040-12-01
Adverse,BRIDGE,w2,2040,12,IMPORTS,0,2040-12-01
Adverse,BRIDGE,w2,2040,12,NUCLEAR,0,2040-12-01
Adverse,BRIDGE,w2,2040,12,PV,829.7649716,2040-12-01
Adverse,BRIDGE,w2,2040,12,WIND,449.119964,2040-12-01
Adverse,BRIDGE,w2,2041,1,BIOENERGY,19.058873,2041-01-01
Adverse,BRIDGE,w2,2041,1,DIESEL,0,2041-01-01
Adverse,BRIDGE,w2,2041,1,FUEL OIL,32.76238016,2041-01-01
Adverse,BRIDGE,w2,2041,1,GAS,0,2041-01-01
Adverse,BRIDGE,w2,2041,1,GEOTHERMAL,249.8144445,2041-01-01
Adverse,BRIDGE,w2,2041,1,HYDRO,3698.30879,2041-01-01
Adverse,BRIDGE,w2,2041,1,IMPORTS,0,2041-01-01
Adverse,BRIDGE,w2,2041,1,NUCLEAR,0,2041-01-01
Adverse,BRIDGE,w2,2041,1,PV,928.964337,2041-01-01
Adverse,BRIDGE,w2,2041,1,WIND,442.2457143,2041-01-01
Adverse,BRIDGE,w2,2041,2,BIOENERGY,0,2041-02-01
Adverse,BRIDGE,w2,2041,2,DIESEL,0,2041-02-01
Adverse,BRIDGE,w2,2041,2,FUEL OIL,32.68096329,2041-02-01
Adverse,BRIDGE,w2,2041,2,GAS,0,2041-02-01
Adverse,BRIDGE,w2,2041,2,GEOTHERMAL,252.3030651,2041-02-01
Adverse,BRIDGE,w2,2041,2,HYDRO,3696.391053,2041-02-01
Adverse,BRIDGE,w2,2041,2,IMPORTS,0,2041-02-01
Adverse,BRIDGE,w2,2041,2,NUCLEAR,0,2041-02-01
Adverse,BRIDGE,w2,2041,2,PV,920.3145118,2041-02-01
Adverse,BRIDGE,w2,2041,2,WIND,442.6139134,2041-02-01
Adverse,BRIDGE,w2,2041,3,BIOENERGY,0,2041-03-01
Adverse,BRIDGE,w2,2041,3,DIESEL,0,2041-03-01
Adverse,BRIDGE,w2,2041,3,FUEL OIL,42.34779486,2041-03-01
Adverse,BRIDGE,w2,2041,3,GAS,0,2041-03-01
Adverse,BRIDGE,w2,2041,3,GEOTHERMAL,253.0800212,2041-03-01
Adverse,BRIDGE,w2,2041,3,HYDRO,3784.800753,2041-03-01
Adverse,BRIDGE,w2,2041,3,IMPORTS,0,2041-03-01
Adverse,BRIDGE,w2,2041,3,NUCLEAR,0,2041-03-01
Adverse,BRIDGE,w2,2041,3,PV,927.2711138,2041-03-01
Adverse,BRIDGE,w2,2041,3,WIND,429.95779,2041-03-01
Adverse,BRIDGE,w2,2041,4,BIOENERGY,0,2041-04-01
Adverse,BRIDGE,w2,2041,4,DIESEL,0,2041-04-01
Adverse,BRIDGE,w2,2041,4,FUEL OIL,47.00092252,2041-04-01
Adverse,BRIDGE,w2,2041,4,GAS,0,2041-04-01
Adverse,BRIDGE,w2,2041,4,GEOTHERMAL,255.2284605,2041-04-01
Adverse,BRIDGE,w2,2041,4,HYDRO,3833.131057,2041-04-01
Adverse,BRIDGE,w2,2041,4,IMPORTS,0,2041-04-01
Adverse,BRIDGE,w2,2041,4,NUCLEAR,0,2041-04-01
Adverse,BRIDGE,w2,2041,4,PV,916.8859953,2041-04-01
Adverse,BRIDGE,w2,2041,4,WIND,412.8562412,2041-04-01
Adverse,BRIDGE,w2,2041,5,BIOENERGY,88.08627597,2041-05-01
Adverse,BRIDGE,w2,2041,5,DIESEL,40.07137373,2041-05-01
Adverse,BRIDGE,w2,2041,5,FUEL OIL,701.9352289,2041-05-01
Adverse,BRIDGE,w2,2041,5,GAS,198.2674358,2041-05-01
Adverse,BRIDGE,w2,2041,5,GEOTHERMAL,584.3828271,2041-05-01
Adverse,BRIDGE,w2,2041,5,HYDRO,2214.85711,2041-05-01
Adverse,BRIDGE,w2,2041,5,IMPORTS,0,2041-05-01
Adverse,BRIDGE,w2,2041,5,NUCLEAR,0,2041-05-01
Adverse,BRIDGE,w2,2041,5,PV,1118.239099,2041-05-01
Adverse,BRIDGE,w2,2041,5,WIND,492.2128431,2041-05-01
Adverse,BRIDGE,w2,2041,6,BIOENERGY,88.07070023,2041-06-01
Adverse,BRIDGE,w2,2041,6,DIESEL,40.92008178,2041-06-01
Adverse,BRIDGE,w2,2041,6,FUEL OIL,591.6058192,2041-06-01
Adverse,BRIDGE,w2,2041,6,GAS,194.1915228,2041-06-01
Adverse,BRIDGE,w2,2041,6,GEOTHERMAL,585.1079597,2041-06-01
Adverse,BRIDGE,w2,2041,6,HYDRO,2196.472456,2041-06-01
Adverse,BRIDGE,w2,2041,6,IMPORTS,0,2041-06-01
Adverse,BRIDGE,w2,2041,6,NUCLEAR,0,2041-06-01
Adverse,BRIDGE,w2,2041,6,PV,1098.481898,2041-06-01
Adverse,BRIDGE,w2,2041,6,WIND,523.543521,2041-06-01
Adverse,BRIDGE,w2,2041,7,BIOENERGY,84.98806433,2041-07-01
Adverse,BRIDGE,w2,2041,7,DIESEL,40.03054942,2041-07-01
Adverse,BRIDGE,w2,2041,7,FUEL OIL,267.0791098,2041-07-01
Adverse,BRIDGE,w2,2041,7,GAS,193.0556213,2041-07-01
Adverse,BRIDGE,w2,2041,7,GEOTHERMAL,582.9039904,2041-07-01
Adverse,BRIDGE,w2,2041,7,HYDRO,2515.751766,2041-07-01
Adverse,BRIDGE,w2,2041,7,IMPORTS,0,2041-07-01
Adverse,BRIDGE,w2,2041,7,NUCLEAR,0,2041-07-01
Adverse,BRIDGE,w2,2041,7,PV,1077.88737,2041-07-01
Adverse,BRIDGE,w2,2041,7,WIND,486.1898206,2041-07-01
Adverse,BRIDGE,w2,2041,8,BIOENERGY,88.97951091,2041-08-01
Adverse,BRIDGE,w2,2041,8,DIESEL,38.88708896,2041-08-01
Adverse,BRIDGE,w2,2041,8,FUEL OIL,308.7445667,2041-08-01
Adverse,BRIDGE,w2,2041,8,GAS,199.0560623,2041-08-01
Adverse,BRIDGE,w2,2041,8,GEOTHERMAL,591.3797075,2041-08-01
Adverse,BRIDGE,w2,2041,8,HYDRO,2454.263233,2041-08-01
Adverse,BRIDGE,w2,2041,8,IMPORTS,0,2041-08-01
Adverse,BRIDGE,w2,2041,8,NUCLEAR,0,2041-08-01
Adverse,BRIDGE,w2,2041,8,PV,1078.623618,2041-08-01
Adverse,BRIDGE,w2,2041,8,WIND,473.5898959,2041-08-01
Adverse,BRIDGE,w2,2041,9,BIOENERGY,88.98492551,2041-09-01
Adverse,BRIDGE,w2,2041,9,DIESEL,38.56104907,2041-09-01
Adverse,BRIDGE,w2,2041,9,FUEL OIL,495.4320057,2041-09-01
Adverse,BRIDGE,w2,2041,9,GAS,196.5278785,2041-09-01
Adverse,BRIDGE,w2,2041,9,GEOTHERMAL,579.2194683,2041-09-01
Adverse,BRIDGE,w2,2041,9,HYDRO,2321.73207,2041-09-01
Adverse,BRIDGE,w2,2041,9,IMPORTS,0,2041-09-01
Adverse,BRIDGE,w2,2041,9,NUCLEAR,0,2041-09-01
Adverse,BRIDGE,w2,2041,9,PV,1128.371201,2041-09-01
Adverse,BRIDGE,w2,2041,9,WIND,507.0068033,2041-09-01
Adverse,BRIDGE,w2,2041,10,BIOENERGY,87.39570157,2041-10-01
Adverse,BRIDGE,w2,2041,10,DIESEL,39.83736542,2041-10-01
Adverse,BRIDGE,w2,2041,10,FUEL OIL,569.6787918,2041-10-01
Adverse,BRIDGE,w2,2041,10,GAS,197.6841386,2041-10-01
Adverse,BRIDGE,w2,2041,10,GEOTHERMAL,590.1194435,2041-10-01
Adverse,BRIDGE,w2,2041,10,HYDRO,2275.688436,2041-10-01
Adverse,BRIDGE,w2,2041,10,IMPORTS,0,2041-10-01
Adverse,BRIDGE,w2,2041,10,NUCLEAR,0,2041-10-01
Adverse,BRIDGE,w2,2041,10,PV,1121.039899,2041-10-01
Adverse,BRIDGE,w2,2041,10,WIND,491.941892,2041-10-01
Adverse,BRIDGE,w2,2041,11,BIOENERGY,0,2041-11-01
Adverse,BRIDGE,w2,2041,11,DIESEL,0,2041-11-01
Adverse,BRIDGE,w2,2041,11,FUEL OIL,40.71228779,2041-11-01
Adverse,BRIDGE,w2,2041,11,GAS,0,2041-11-01
Adverse,BRIDGE,w2,2041,11,GEOTHERMAL,254.2281244,2041-11-01
Adverse,BRIDGE,w2,2041,11,HYDRO,3840.621419,2041-11-01
Adverse,BRIDGE,w2,2041,11,IMPORTS,0,2041-11-01
Adverse,BRIDGE,w2,2041,11,NUCLEAR,0,2041-11-01
Adverse,BRIDGE,w2,2041,11,PV,922.968901,2041-11-01
Adverse,BRIDGE,w2,2041,11,WIND,423.5916734,2041-11-01
Adverse,BRIDGE,w2,2041,12,BIOENERGY,18.23204568,2041-12-01
Adverse,BRIDGE,w2,2041,12,DIESEL,0,2041-12-01
Adverse,BRIDGE,w2,2041,12,FUEL OIL,70.84835479,2041-12-01
Adverse,BRIDGE,w2,2041,12,GAS,52.84920242,2041-12-01
Adverse,BRIDGE,w2,2041,12,GEOTHERMAL,254.6250534,2041-12-01
Adverse,BRIDGE,w2,2041,12,HYDRO,3847.228937,2041-12-01
Adverse,BRIDGE,w2,2041,12,IMPORTS,0,2041-12-01
Adverse,BRIDGE,w2,2041,12,NUCLEAR,0,2041-12-01
Adverse,BRIDGE,w2,2041,12,PV,944.8200715,2041-12-01
Adverse,BRIDGE,w2,2041,12,WIND,424.5841008,2041-12-01
Adverse,BRIDGE,w2,2042,1,BIOENERGY,19.15037927,2042-01-01
Adverse,BRIDGE,w2,2042,1,DIESEL,0,2042-01-01
Adverse,BRIDGE,w2,2042,1,FUEL OIL,35.9396363,2042-01-01
Adverse,BRIDGE,w2,2042,1,GAS,0,2042-01-01
Adverse,BRIDGE,w2,2042,1,GEOTHERMAL,258.9658706,2042-01-01
Adverse,BRIDGE,w2,2042,1,HYDRO,3794.250947,2042-01-01
Adverse,BRIDGE,w2,2042,1,IMPORTS,0,2042-01-01
Adverse,BRIDGE,w2,2042,1,NUCLEAR,0,2042-01-01
Adverse,BRIDGE,w2,2042,1,PV,925.2511914,2042-01-01
Adverse,BRIDGE,w2,2042,1,WIND,445.0196051,2042-01-01
Adverse,BRIDGE,w2,2042,2,BIOENERGY,19.40494574,2042-02-01
Adverse,BRIDGE,w2,2042,2,DIESEL,0,2042-02-01
Adverse,BRIDGE,w2,2042,2,FUEL OIL,32.86699145,2042-02-01
Adverse,BRIDGE,w2,2042,2,GAS,0,2042-02-01
Adverse,BRIDGE,w2,2042,2,GEOTHERMAL,250.4001598,2042-02-01
Adverse,BRIDGE,w2,2042,2,HYDRO,3775.893936,2042-02-01
Adverse,BRIDGE,w2,2042,2,IMPORTS,0,2042-02-01
Adverse,BRIDGE,w2,2042,2,NUCLEAR,0,2042-02-01
Adverse,BRIDGE,w2,2042,2,PV,944.8341474,2042-02-01
Adverse,BRIDGE,w2,2042,2,WIND,427.7893956,2042-02-01
Adverse,BRIDGE,w2,2042,3,BIOENERGY,18.66940165,2042-03-01
Adverse,BRIDGE,w2,2042,3,DIESEL,0,2042-03-01
Adverse,BRIDGE,w2,2042,3,FUEL OIL,46.71789478,2042-03-01
Adverse,BRIDGE,w2,2042,3,GAS,0,2042-03-01
Adverse,BRIDGE,w2,2042,3,GEOTHERMAL,254.2530885,2042-03-01
Adverse,BRIDGE,w2,2042,3,HYDRO,3853.367156,2042-03-01
Adverse,BRIDGE,w2,2042,3,IMPORTS,0,2042-03-01
Adverse,BRIDGE,w2,2042,3,NUCLEAR,0,2042-03-01
Adverse,BRIDGE,w2,2042,3,PV,935.4359584,2042-03-01
Adverse,BRIDGE,w2,2042,3,WIND,437.7631232,2042-03-01
Adverse,BRIDGE,w2,2042,4,BIOENERGY,19.02787536,2042-04-01
Adverse,BRIDGE,w2,2042,4,DIESEL,0,2042-04-01
Adverse,BRIDGE,w2,2042,4,FUEL OIL,66.92565782,2042-04-01
Adverse,BRIDGE,w2,2042,4,GAS,0,2042-04-01
Adverse,BRIDGE,w2,2042,4,GEOTHERMAL,475.8410418,2042-04-01
Adverse,BRIDGE,w2,2042,4,HYDRO,3695.285314,2042-04-01
Adverse,BRIDGE,w2,2042,4,IMPORTS,0,2042-04-01
Adverse,BRIDGE,w2,2042,4,NUCLEAR,0,2042-04-01
Adverse,BRIDGE,w2,2042,4,PV,879.8032957,2042-04-01
Adverse,BRIDGE,w2,2042,4,WIND,437.521545,2042-04-01
Adverse,BRIDGE,w2,2042,5,BIOENERGY,89.04927396,2042-05-01
Adverse,BRIDGE,w2,2042,5,DIESEL,40.41233396,2042-05-01
Adverse,BRIDGE,w2,2042,5,FUEL OIL,551.2325751,2042-05-01
Adverse,BRIDGE,w2,2042,5,GAS,193.9858958,2042-05-01
Adverse,BRIDGE,w2,2042,5,GEOTHERMAL,588.1201722,2042-05-01
Adverse,BRIDGE,w2,2042,5,HYDRO,2460.198841,2042-05-01
Adverse,BRIDGE,w2,2042,5,IMPORTS,0,2042-05-01
Adverse,BRIDGE,w2,2042,5,NUCLEAR,0,2042-05-01
Adverse,BRIDGE,w2,2042,5,PV,1136.892648,2042-05-01
Adverse,BRIDGE,w2,2042,5,WIND,486.9214979,2042-05-01
Adverse,BRIDGE,w2,2042,6,BIOENERGY,91.80169229,2042-06-01
Adverse,BRIDGE,w2,2042,6,DIESEL,40.22248419,2042-06-01
Adverse,BRIDGE,w2,2042,6,FUEL OIL,828.2170638,2042-06-01
Adverse,BRIDGE,w2,2042,6,GAS,193.6299328,2042-06-01
Adverse,BRIDGE,w2,2042,6,GEOTHERMAL,585.0965284,2042-06-01
Adverse,BRIDGE,w2,2042,6,HYDRO,2115.525115,2042-06-01
Adverse,BRIDGE,w2,2042,6,IMPORTS,0,2042-06-01
Adverse,BRIDGE,w2,2042,6,NUCLEAR,0,2042-06-01
Adverse,BRIDGE,w2,2042,6,PV,1109.135627,2042-06-01
Adverse,BRIDGE,w2,2042,6,WIND,461.1333948,2042-06-01
Adverse,BRIDGE,w2,2042,7,BIOENERGY,93.49984562,2042-07-01
Adverse,BRIDGE,w2,2042,7,DIESEL,39.85819852,2042-07-01
Adverse,BRIDGE,w2,2042,7,FUEL OIL,433.670687,2042-07-01
Adverse,BRIDGE,w2,2042,7,GAS,194.4223985,2042-07-01
Adverse,BRIDGE,w2,2042,7,GEOTHERMAL,584.5689924,2042-07-01
Adverse,BRIDGE,w2,2042,7,HYDRO,2380.913524,2042-07-01
Adverse,BRIDGE,w2,2042,7,IMPORTS,0,2042-07-01
Adverse,BRIDGE,w2,2042,7,NUCLEAR,0,2042-07-01
Adverse,BRIDGE,w2,2042,7,PV,1133.783464,2042-07-01
Adverse,BRIDGE,w2,2042,7,WIND,492.1269075,2042-07-01
Adverse,BRIDGE,w2,2042,8,BIOENERGY,89.11046084,2042-08-01
Adverse,BRIDGE,w2,2042,8,DIESEL,39.61937758,2042-08-01
Adverse,BRIDGE,w2,2042,8,FUEL OIL,482.4856435,2042-08-01
Adverse,BRIDGE,w2,2042,8,GAS,195.2248212,2042-08-01
Adverse,BRIDGE,w2,2042,8,GEOTHERMAL,595.1901159,2042-08-01
Adverse,BRIDGE,w2,2042,8,HYDRO,2359.296279,2042-08-01
Adverse,BRIDGE,w2,2042,8,IMPORTS,0,2042-08-01
Adverse,BRIDGE,w2,2042,8,NUCLEAR,0,2042-08-01
Adverse,BRIDGE,w2,2042,8,PV,1095.486664,2042-08-01
Adverse,BRIDGE,w2,2042,8,WIND,481.7807948,2042-08-01
Adverse,BRIDGE,w2,2042,9,BIOENERGY,93.77588387,2042-09-01
Adverse,BRIDGE,w2,2042,9,DIESEL,39.40583505,2042-09-01
Adverse,BRIDGE,w2,2042,9,FUEL OIL,574.6853712,2042-09-01
Adverse,BRIDGE,w2,2042,9,GAS,196.1053486,2042-09-01
Adverse,BRIDGE,w2,2042,9,GEOTHERMAL,591.7792792,2042-09-01
Adverse,BRIDGE,w2,2042,9,HYDRO,2344.778496,2042-09-01
Adverse,BRIDGE,w2,2042,9,IMPORTS,0,2042-09-01
Adverse,BRIDGE,w2,2042,9,NUCLEAR,0,2042-09-01
Adverse,BRIDGE,w2,2042,9,PV,1138.633939,2042-09-01
Adverse,BRIDGE,w2,2042,9,WIND,483.787956,2042-09-01
Adverse,BRIDGE,w2,2042,10,BIOENERGY,90.90906535,2042-10-01
Adverse,BRIDGE,w2,2042,10,DIESEL,38.57796225,2042-10-01
Adverse,BRIDGE,w2,2042,10,FUEL OIL,546.1306485,2042-10-01
Adverse,BRIDGE,w2,2042,10,GAS,193.6753588,2042-10-01
Adverse,BRIDGE,w2,2042,10,GEOTHERMAL,594.7887262,2042-10-01
Adverse,BRIDGE,w2,2042,10,HYDRO,2412.910282,2042-10-01
Adverse,BRIDGE,w2,2042,10,IMPORTS,0,2042-10-01
Adverse,BRIDGE,w2,2042,10,NUCLEAR,0,2042-10-01
Adverse,BRIDGE,w2,2042,10,PV,1100.654191,2042-10-01
Adverse,BRIDGE,w2,2042,10,WIND,503.2071465,2042-10-01
Adverse,BRIDGE,w2,2042,11,BIOENERGY,0,2042-11-01
Adverse,BRIDGE,w2,2042,11,DIESEL,0,2042-11-01
Adverse,BRIDGE,w2,2042,11,FUEL OIL,49.5884612,2042-11-01
Adverse,BRIDGE,w2,2042,11,GAS,0,2042-11-01
Adverse,BRIDGE,w2,2042,11,GEOTHERMAL,272.4994698,2042-11-01
Adverse,BRIDGE,w2,2042,11,HYDRO,3930.822344,2042-11-01
Adverse,BRIDGE,w2,2042,11,IMPORTS,0,2042-11-01
Adverse,BRIDGE,w2,2042,11,NUCLEAR,0,2042-11-01
Adverse,BRIDGE,w2,2042,11,PV,910.2596847,2042-11-01
Adverse,BRIDGE,w2,2042,11,WIND,428.5948945,2042-11-01
Adverse,BRIDGE,w2,2042,12,BIOENERGY,19.01209995,2042-12-01
Adverse,BRIDGE,w2,2042,12,DIESEL,0,2042-12-01
Adverse,BRIDGE,w2,2042,12,FUEL OIL,128.8330262,2042-12-01
Adverse,BRIDGE,w2,2042,12,GAS,0,2042-12-01
Adverse,BRIDGE,w2,2042,12,GEOTHERMAL,474.8515437,2042-12-01
Adverse,BRIDGE,w2,2042,12,HYDRO,3740.047767,2042-12-01
Adverse,BRIDGE,w2,2042,12,IMPORTS,0,2042-12-01
Adverse,BRIDGE,w2,2042,12,NUCLEAR,0,2042-12-01
Adverse,BRIDGE,w2,2042,12,PV,953.8125048,2042-12-01
Adverse,BRIDGE,w2,2042,12,WIND,408.8945793,2042-12-01
Adverse,BRIDGE,w2,2043,1,BIOENERGY,44.31417051,2043-01-01
Adverse,BRIDGE,w2,2043,1,DIESEL,0,2043-01-01
Adverse,BRIDGE,w2,2043,1,FUEL OIL,47.38019867,2043-01-01
Adverse,BRIDGE,w2,2043,1,GAS,0,2043-01-01
Adverse,BRIDGE,w2,2043,1,GEOTHERMAL,248.5962986,2043-01-01
Adverse,BRIDGE,w2,2043,1,HYDRO,3887.855808,2043-01-01
Adverse,BRIDGE,w2,2043,1,IMPORTS,0,2043-01-01
Adverse,BRIDGE,w2,2043,1,NUCLEAR,0,2043-01-01
Adverse,BRIDGE,w2,2043,1,PV,936.2854714,2043-01-01
Adverse,BRIDGE,w2,2043,1,WIND,423.717235,2043-01-01
Adverse,BRIDGE,w2,2043,2,BIOENERGY,43.47167401,2043-02-01
Adverse,BRIDGE,w2,2043,2,DIESEL,0,2043-02-01
Adverse,BRIDGE,w2,2043,2,FUEL OIL,35.63687072,2043-02-01
Adverse,BRIDGE,w2,2043,2,GAS,0,2043-02-01
Adverse,BRIDGE,w2,2043,2,GEOTHERMAL,247.8809415,2043-02-01
Adverse,BRIDGE,w2,2043,2,HYDRO,3841.415803,2043-02-01
Adverse,BRIDGE,w2,2043,2,IMPORTS,0,2043-02-01
Adverse,BRIDGE,w2,2043,2,NUCLEAR,0,2043-02-01
Adverse,BRIDGE,w2,2043,2,PV,951.0087626,2043-02-01
Adverse,BRIDGE,w2,2043,2,WIND,440.799316,2043-02-01
Adverse,BRIDGE,w2,2043,3,BIOENERGY,43.4578062,2043-03-01
Adverse,BRIDGE,w2,2043,3,DIESEL,0,2043-03-01
Adverse,BRIDGE,w2,2043,3,FUEL OIL,50.41693731,2043-03-01
Adverse,BRIDGE,w2,2043,3,GAS,0,2043-03-01
Adverse,BRIDGE,w2,2043,3,GEOTHERMAL,356.2621326,2043-03-01
Adverse,BRIDGE,w2,2043,3,HYDRO,3850.771136,2043-03-01
Adverse,BRIDGE,w2,2043,3,IMPORTS,0,2043-03-01
Adverse,BRIDGE,w2,2043,3,NUCLEAR,0,2043-03-01
Adverse,BRIDGE,w2,2043,3,PV,942.6361772,2043-03-01
Adverse,BRIDGE,w2,2043,3,WIND,413.5865657,2043-03-01
Adverse,BRIDGE,w2,2043,4,BIOENERGY,64.11579654,2043-04-01
Adverse,BRIDGE,w2,2043,4,DIESEL,0,2043-04-01
Adverse,BRIDGE,w2,2043,4,FUEL OIL,54.97627385,2043-04-01
Adverse,BRIDGE,w2,2043,4,GAS,0,2043-04-01
Adverse,BRIDGE,w2,2043,4,GEOTHERMAL,373.9362885,2043-04-01
Adverse,BRIDGE,w2,2043,4,HYDRO,3861.266947,2043-04-01
Adverse,BRIDGE,w2,2043,4,IMPORTS,0,2043-04-01
Adverse,BRIDGE,w2,2043,4,NUCLEAR,0,2043-04-01
Adverse,BRIDGE,w2,2043,4,PV,908.6786473,2043-04-01
Adverse,BRIDGE,w2,2043,4,WIND,422.9188714,2043-04-01
Adverse,BRIDGE,w2,2043,5,BIOENERGY,208.6018967,2043-05-01
Adverse,BRIDGE,w2,2043,5,DIESEL,40.75800769,2043-05-01
Adverse,BRIDGE,w2,2043,5,FUEL OIL,632.4014148,2043-05-01
Adverse,BRIDGE,w2,2043,5,GAS,196.8458028,2043-05-01
Adverse,BRIDGE,w2,2043,5,GEOTHERMAL,598.2183922,2043-05-01
Adverse,BRIDGE,w2,2043,5,HYDRO,2383.149108,2043-05-01
Adverse,BRIDGE,w2,2043,5,IMPORTS,0,2043-05-01
Adverse,BRIDGE,w2,2043,5,NUCLEAR,0,2043-05-01
Adverse,BRIDGE,w2,2043,5,PV,1130.059618,2043-05-01
Adverse,BRIDGE,w2,2043,5,WIND,467.7152625,2043-05-01
Adverse,BRIDGE,w2,2043,6,BIOENERGY,204.9582251,2043-06-01
Adverse,BRIDGE,w2,2043,6,DIESEL,38.40105442,2043-06-01
Adverse,BRIDGE,w2,2043,6,FUEL OIL,642.3395359,2043-06-01
Adverse,BRIDGE,w2,2043,6,GAS,195.8217075,2043-06-01
Adverse,BRIDGE,w2,2043,6,GEOTHERMAL,589.3277684,2043-06-01
Adverse,BRIDGE,w2,2043,6,HYDRO,2232.926425,2043-06-01
Adverse,BRIDGE,w2,2043,6,IMPORTS,0,2043-06-01
Adverse,BRIDGE,w2,2043,6,NUCLEAR,0,2043-06-01
Adverse,BRIDGE,w2,2043,6,PV,1126.550899,2043-06-01
Adverse,BRIDGE,w2,2043,6,WIND,502.9314591,2043-06-01
Adverse,BRIDGE,w2,2043,7,BIOENERGY,211.0625525,2043-07-01
Adverse,BRIDGE,w2,2043,7,DIESEL,40.50877884,2043-07-01
Adverse,BRIDGE,w2,2043,7,FUEL OIL,553.0500741,2043-07-01
Adverse,BRIDGE,w2,2043,7,GAS,195.8602021,2043-07-01
Adverse,BRIDGE,w2,2043,7,GEOTHERMAL,592.8230796,2043-07-01
Adverse,BRIDGE,w2,2043,7,HYDRO,2278.65773,2043-07-01
Adverse,BRIDGE,w2,2043,7,IMPORTS,0,2043-07-01
Adverse,BRIDGE,w2,2043,7,NUCLEAR,0,2043-07-01
Adverse,BRIDGE,w2,2043,7,PV,1097.5525,2043-07-01
Adverse,BRIDGE,w2,2043,7,WIND,490.3859816,2043-07-01
Adverse,BRIDGE,w2,2043,8,BIOENERGY,201.6522465,2043-08-01
Adverse,BRIDGE,w2,2043,8,DIESEL,39.57230654,2043-08-01
Adverse,BRIDGE,w2,2043,8,FUEL OIL,344.5177134,2043-08-01
Adverse,BRIDGE,w2,2043,8,GAS,196.5811506,2043-08-01
Adverse,BRIDGE,w2,2043,8,GEOTHERMAL,589.2603324,2043-08-01
Adverse,BRIDGE,w2,2043,8,HYDRO,2443.203674,2043-08-01
Adverse,BRIDGE,w2,2043,8,IMPORTS,0,2043-08-01
Adverse,BRIDGE,w2,2043,8,NUCLEAR,0,2043-08-01
Adverse,BRIDGE,w2,2043,8,PV,1138.826123,2043-08-01
Adverse,BRIDGE,w2,2043,8,WIND,491.3444946,2043-08-01
Adverse,BRIDGE,w2,2043,9,BIOENERGY,210.5358985,2043-09-01
Adverse,BRIDGE,w2,2043,9,DIESEL,40.53905527,2043-09-01
Adverse,BRIDGE,w2,2043,9,FUEL OIL,500.3538419,2043-09-01
Adverse,BRIDGE,w2,2043,9,GAS,195.6920328,2043-09-01
Adverse,BRIDGE,w2,2043,9,GEOTHERMAL,595.3119619,2043-09-01
Adverse,BRIDGE,w2,2043,9,HYDRO,2407.487896,2043-09-01
Adverse,BRIDGE,w2,2043,9,IMPORTS,0,2043-09-01
Adverse,BRIDGE,w2,2043,9,NUCLEAR,0,2043-09-01
Adverse,BRIDGE,w2,2043,9,PV,1149.580999,2043-09-01
Adverse,BRIDGE,w2,2043,9,WIND,472.7094657,2043-09-01
Adverse,BRIDGE,w2,2043,10,BIOENERGY,208.7633983,2043-10-01
Adverse,BRIDGE,w2,2043,10,DIESEL,40.17400543,2043-10-01
Adverse,BRIDGE,w2,2043,10,FUEL OIL,388.8038463,2043-10-01
Adverse,BRIDGE,w2,2043,10,GAS,194.868964,2043-10-01
Adverse,BRIDGE,w2,2043,10,GEOTHERMAL,577.5168731,2043-10-01
Adverse,BRIDGE,w2,2043,10,HYDRO,2539.502478,2043-10-01
Adverse,BRIDGE,w2,2043,10,IMPORTS,0,2043-10-01
Adverse,BRIDGE,w2,2043,10,NUCLEAR,0,2043-10-01
Adverse,BRIDGE,w2,2043,10,PV,1141.68749,2043-10-01
Adverse,BRIDGE,w2,2043,10,WIND,499.1533946,2043-10-01
Adverse,BRIDGE,w2,2043,11,BIOENERGY,45.1790516,2043-11-01
Adverse,BRIDGE,w2,2043,11,DIESEL,0,2043-11-01
Adverse,BRIDGE,w2,2043,11,FUEL OIL,31.26190274,2043-11-01
Adverse,BRIDGE,w2,2043,11,GAS,53.11447674,2043-11-01
Adverse,BRIDGE,w2,2043,11,GEOTHERMAL,295.9538702,2043-11-01
Adverse,BRIDGE,w2,2043,11,HYDRO,3889.030452,2043-11-01
Adverse,BRIDGE,w2,2043,11,IMPORTS,0,2043-11-01
Adverse,BRIDGE,w2,2043,11,NUCLEAR,0,2043-11-01
Adverse,BRIDGE,w2,2043,11,PV,952.3991036,2043-11-01
Adverse,BRIDGE,w2,2043,11,WIND,436.6612944,2043-11-01
Adverse,BRIDGE,w2,2043,12,BIOENERGY,43.77926044,2043-12-01
Adverse,BRIDGE,w2,2043,12,DIESEL,0,2043-12-01
Adverse,BRIDGE,w2,2043,12,FUEL OIL,146.5041569,2043-12-01
Adverse,BRIDGE,w2,2043,12,GAS,51.50417909,2043-12-01
Adverse,BRIDGE,w2,2043,12,GEOTHERMAL,320.2806803,2043-12-01
Adverse,BRIDGE,w2,2043,12,HYDRO,3903.429682,2043-12-01
Adverse,BRIDGE,w2,2043,12,IMPORTS,0,2043-12-01
Adverse,BRIDGE,w2,2043,12,NUCLEAR,0,2043-12-01
Adverse,BRIDGE,w2,2043,12,PV,953.2341964,2043-12-01
Adverse,BRIDGE,w2,2043,12,WIND,421.228396,2043-12-01
Adverse,BRIDGE,w2,2044,1,BIOENERGY,90.96038288,2044-01-01
Adverse,BRIDGE,w2,2044,1,DIESEL,0,2044-01-01
Adverse,BRIDGE,w2,2044,1,FUEL OIL,46.18326898,2044-01-01
Adverse,BRIDGE,w2,2044,1,GAS,0,2044-01-01
Adverse,BRIDGE,w2,2044,1,GEOTHERMAL,250.361845,2044-01-01
Adverse,BRIDGE,w2,2044,1,HYDRO,3975.110944,2044-01-01
Adverse,BRIDGE,w2,2044,1,IMPORTS,0,2044-01-01
Adverse,BRIDGE,w2,2044,1,NUCLEAR,0,2044-01-01
Adverse,BRIDGE,w2,2044,1,PV,893.2457802,2044-01-01
Adverse,BRIDGE,w2,2044,1,WIND,444.0499453,2044-01-01
Adverse,BRIDGE,w2,2044,2,BIOENERGY,94.83179809,2044-02-01
Adverse,BRIDGE,w2,2044,2,DIESEL,0,2044-02-01
Adverse,BRIDGE,w2,2044,2,FUEL OIL,44.80996553,2044-02-01
Adverse,BRIDGE,w2,2044,2,GAS,0,2044-02-01
Adverse,BRIDGE,w2,2044,2,GEOTHERMAL,309.40027,2044-02-01
Adverse,BRIDGE,w2,2044,2,HYDRO,3878.973667,2044-02-01
Adverse,BRIDGE,w2,2044,2,IMPORTS,0,2044-02-01
Adverse,BRIDGE,w2,2044,2,NUCLEAR,0,2044-02-01
Adverse,BRIDGE,w2,2044,2,PV,919.6456652,2044-02-01
Adverse,BRIDGE,w2,2044,2,WIND,423.7562694,2044-02-01
Adverse,BRIDGE,w2,2044,3,BIOENERGY,94.39092798,2044-03-01
Adverse,BRIDGE,w2,2044,3,DIESEL,0,2044-03-01
Adverse,BRIDGE,w2,2044,3,FUEL OIL,148.4432432,2044-03-01
Adverse,BRIDGE,w2,2044,3,GAS,53.57314209,2044-03-01
Adverse,BRIDGE,w2,2044,3,GEOTHERMAL,252.9345401,2044-03-01
Adverse,BRIDGE,w2,2044,3,HYDRO,3889.816698,2044-03-01
Adverse,BRIDGE,w2,2044,3,IMPORTS,0,2044-03-01
Adverse,BRIDGE,w2,2044,3,NUCLEAR,0,2044-03-01
Adverse,BRIDGE,w2,2044,3,PV,921.6078607,2044-03-01
Adverse,BRIDGE,w2,2044,3,WIND,409.506958,2044-03-01
Adverse,BRIDGE,w2,2044,4,BIOENERGY,133.5884681,2044-04-01
Adverse,BRIDGE,w2,2044,4,DIESEL,0,2044-04-01
Adverse,BRIDGE,w2,2044,4,FUEL OIL,53.73509476,2044-04-01
Adverse,BRIDGE,w2,2044,4,GAS,0,2044-04-01
Adverse,BRIDGE,w2,2044,4,GEOTHERMAL,327.2686225,2044-04-01
Adverse,BRIDGE,w2,2044,4,HYDRO,3910.140162,2044-04-01
Adverse,BRIDGE,w2,2044,4,IMPORTS,0,2044-04-01
Adverse,BRIDGE,w2,2044,4,NUCLEAR,0,2044-04-01
Adverse,BRIDGE,w2,2044,4,PV,947.0717438,2044-04-01
Adverse,BRIDGE,w2,2044,4,WIND,427.8065898,2044-04-01
Adverse,BRIDGE,w2,2044,5,BIOENERGY,434.2845069,2044-05-01
Adverse,BRIDGE,w2,2044,5,DIESEL,39.96886294,2044-05-01
Adverse,BRIDGE,w2,2044,5,FUEL OIL,600.4497138,2044-05-01
Adverse,BRIDGE,w2,2044,5,GAS,197.0929034,2044-05-01
Adverse,BRIDGE,w2,2044,5,GEOTHERMAL,584.4167202,2044-05-01
Adverse,BRIDGE,w2,2044,5,HYDRO,2286.994313,2044-05-01
Adverse,BRIDGE,w2,2044,5,IMPORTS,0,2044-05-01
Adverse,BRIDGE,w2,2044,5,NUCLEAR,0,2044-05-01
Adverse,BRIDGE,w2,2044,5,PV,1135.052556,2044-05-01
Adverse,BRIDGE,w2,2044,5,WIND,492.6449166,2044-05-01
Adverse,BRIDGE,w2,2044,6,BIOENERGY,450.8099772,2044-06-01
Adverse,BRIDGE,w2,2044,6,DIESEL,39.61720613,2044-06-01
Adverse,BRIDGE,w2,2044,6,FUEL OIL,309.4561759,2044-06-01
Adverse,BRIDGE,w2,2044,6,GAS,193.5354278,2044-06-01
Adverse,BRIDGE,w2,2044,6,GEOTHERMAL,586.9543188,2044-06-01
Adverse,BRIDGE,w2,2044,6,HYDRO,2424.904895,2044-06-01
Adverse,BRIDGE,w2,2044,6,IMPORTS,0,2044-06-01
Adverse,BRIDGE,w2,2044,6,NUCLEAR,0,2044-06-01
Adverse,BRIDGE,w2,2044,6,PV,1142.656911,2044-06-01
Adverse,BRIDGE,w2,2044,6,WIND,495.9873054,2044-06-01
Adverse,BRIDGE,w2,2044,7,BIOENERGY,438.245359,2044-07-01
Adverse,BRIDGE,w2,2044,7,DIESEL,39.74292296,2044-07-01
Adverse,BRIDGE,w2,2044,7,FUEL OIL,445.44659,2044-07-01
Adverse,BRIDGE,w2,2044,7,GAS,193.6620872,2044-07-01
Adverse,BRIDGE,w2,2044,7,GEOTHERMAL,605.3262154,2044-07-01
Adverse,BRIDGE,w2,2044,7,HYDRO,2268.536163,2044-07-01
Adverse,BRIDGE,w2,2044,7,IMPORTS,0,2044-07-01
Adverse,BRIDGE,w2,2044,7,NUCLEAR,0,2044-07-01
Adverse,BRIDGE,w2,2044,7,PV,1094.026281,2044-07-01
Adverse,BRIDGE,w2,2044,7,WIND,484.113297,2044-07-01
Adverse,BRIDGE,w2,2044,8,BIOENERGY,446.135526,2044-08-01
Adverse,BRIDGE,w2,2044,8,DIESEL,38.45622696,2044-08-01
Adverse,BRIDGE,w2,2044,8,FUEL OIL,217.2723612,2044-08-01
Adverse,BRIDGE,w2,2044,8,GAS,196.2539013,2044-08-01
Adverse,BRIDGE,w2,2044,8,GEOTHERMAL,600.5143638,2044-08-01
Adverse,BRIDGE,w2,2044,8,HYDRO,2461.788466,2044-08-01
Adverse,BRIDGE,w2,2044,8,IMPORTS,0,2044-08-01
Adverse,BRIDGE,w2,2044,8,NUCLEAR,0,2044-08-01
Adverse,BRIDGE,w2,2044,8,PV,1104.446793,2044-08-01
Adverse,BRIDGE,w2,2044,8,WIND,488.9895632,2044-08-01
Adverse,BRIDGE,w2,2044,9,BIOENERGY,443.4562365,2044-09-01
Adverse,BRIDGE,w2,2044,9,DIESEL,39.98048574,2044-09-01
Adverse,BRIDGE,w2,2044,9,FUEL OIL,237.6560218,2044-09-01
Adverse,BRIDGE,w2,2044,9,GAS,198.7004158,2044-09-01
Adverse,BRIDGE,w2,2044,9,GEOTHERMAL,605.265867,2044-09-01
Adverse,BRIDGE,w2,2044,9,HYDRO,2544.516193,2044-09-01
Adverse,BRIDGE,w2,2044,9,IMPORTS,0,2044-09-01
Adverse,BRIDGE,w2,2044,9,NUCLEAR,0,2044-09-01
Adverse,BRIDGE,w2,2044,9,PV,1120.359089,2044-09-01
Adverse,BRIDGE,w2,2044,9,WIND,493.7210649,2044-09-01
Adverse,BRIDGE,w2,2044,10,BIOENERGY,441.0285005,2044-10-01
Adverse,BRIDGE,w2,2044,10,DIESEL,39.57817745,2044-10-01
Adverse,BRIDGE,w2,2044,10,FUEL OIL,424.6967124,2044-10-01
Adverse,BRIDGE,w2,2044,10,GAS,194.7150875,2044-10-01
Adverse,BRIDGE,w2,2044,10,GEOTHERMAL,604.0593708,2044-10-01
Adverse,BRIDGE,w2,2044,10,HYDRO,2376.037487,2044-10-01
Adverse,BRIDGE,w2,2044,10,IMPORTS,0,2044-10-01
Adverse,BRIDGE,w2,2044,10,NUCLEAR,0,2044-10-01
Adverse,BRIDGE,w2,2044,10,PV,1143.805336,2044-10-01
Adverse,BRIDGE,w2,2044,10,WIND,478.3591865,2044-10-01
Adverse,BRIDGE,w2,2044,11,BIOENERGY,91.78387066,2044-11-01
Adverse,BRIDGE,w2,2044,11,DIESEL,0,2044-11-01
Adverse,BRIDGE,w2,2044,11,FUEL OIL,108.3449516,2044-11-01
Adverse,BRIDGE,w2,2044,11,GAS,52.06343333,2044-11-01
Adverse,BRIDGE,w2,2044,11,GEOTHERMAL,290.7233781,2044-11-01
Adverse,BRIDGE,w2,2044,11,HYDRO,3877.541661,2044-11-01
Adverse,BRIDGE,w2,2044,11,IMPORTS,0,2044-11-01
Adverse,BRIDGE,w2,2044,11,NUCLEAR,0,2044-11-01
Adverse,BRIDGE,w2,2044,11,PV,965.1187005,2044-11-01
Adverse,BRIDGE,w2,2044,11,WIND,432.0961584,2044-11-01
Adverse,BRIDGE,w2,2044,12,BIOENERGY,115.3150679,2044-12-01
Adverse,BRIDGE,w2,2044,12,DIESEL,0,2044-12-01
Adverse,BRIDGE,w2,2044,12,FUEL OIL,207.3754359,2044-12-01
Adverse,BRIDGE,w2,2044,12,GAS,90.62300269,2044-12-01
Adverse,BRIDGE,w2,2044,12,GEOTHERMAL,252.5028756,2044-12-01
Adverse,BRIDGE,w2,2044,12,HYDRO,3913.272668,2044-12-01
Adverse,BRIDGE,w2,2044,12,IMPORTS,0,2044-12-01
Adverse,BRIDGE,w2,2044,12,NUCLEAR,0,2044-12-01
Adverse,BRIDGE,w2,2044,12,PV,950.9581856,2044-12-01
Adverse,BRIDGE,w2,2044,12,WIND,426.7125265,2044-12-01
Adverse,BRIDGE,w2,2045,1,BIOENERGY,78.2649544,2045-01-01
Adverse,BRIDGE,w2,2045,1,DIESEL,0,2045-01-01
Adverse,BRIDGE,w2,2045,1,FUEL OIL,38.66389689,2045-01-01
Adverse,BRIDGE,w2,2045,1,GAS,92.90101909,2045-01-01
Adverse,BRIDGE,w2,2045,1,GEOTHERMAL,348.6093154,2045-01-01
Adverse,BRIDGE,w2,2045,1,HYDRO,3943.751544,2045-01-01
Adverse,BRIDGE,w2,2045,1,IMPORTS,0,2045-01-01
Adverse,BRIDGE,w2,2045,1,NUCLEAR,0,2045-01-01
Adverse,BRIDGE,w2,2045,1,PV,919.9398357,2045-01-01
Adverse,BRIDGE,w2,2045,1,WIND,391.7798436,2045-01-01
Adverse,BRIDGE,w2,2045,2,BIOENERGY,75.13167401,2045-02-01
Adverse,BRIDGE,w2,2045,2,DIESEL,0,2045-02-01
Adverse,BRIDGE,w2,2045,2,FUEL OIL,196.0056505,2045-02-01
Adverse,BRIDGE,w2,2045,2,GAS,130.2610395,2045-02-01
Adverse,BRIDGE,w2,2045,2,GEOTHERMAL,248.3055219,2045-02-01
Adverse,BRIDGE,w2,2045,2,HYDRO,3820.624611,2045-02-01
Adverse,BRIDGE,w2,2045,2,IMPORTS,0,2045-02-01
Adverse,BRIDGE,w2,2045,2,NUCLEAR,0,2045-02-01
Adverse,BRIDGE,w2,2045,2,PV,911.8921984,2045-02-01
Adverse,BRIDGE,w2,2045,2,WIND,402.6252921,2045-02-01
Adverse,BRIDGE,w2,2045,3,BIOENERGY,77.22379522,2045-03-01
Adverse,BRIDGE,w2,2045,3,DIESEL,0,2045-03-01
Adverse,BRIDGE,w2,2045,3,FUEL OIL,192.0956301,2045-03-01
Adverse,BRIDGE,w2,2045,3,GAS,92.68768491,2045-03-01
Adverse,BRIDGE,w2,2045,3,GEOTHERMAL,277.5962341,2045-03-01
Adverse,BRIDGE,w2,2045,3,HYDRO,3903.214762,2045-03-01
Adverse,BRIDGE,w2,2045,3,IMPORTS,0,2045-03-01
Adverse,BRIDGE,w2,2045,3,NUCLEAR,0,2045-03-01
Adverse,BRIDGE,w2,2045,3,PV,925.0554517,2045-03-01
Adverse,BRIDGE,w2,2045,3,WIND,417.8052793,2045-03-01
Adverse,BRIDGE,w2,2045,4,BIOENERGY,76.79934639,2045-04-01
Adverse,BRIDGE,w2,2045,4,DIESEL,0,2045-04-01
Adverse,BRIDGE,w2,2045,4,FUEL OIL,194.4858942,2045-04-01
Adverse,BRIDGE,w2,2045,4,GAS,94.75354564,2045-04-01
Adverse,BRIDGE,w2,2045,4,GEOTHERMAL,256.9988634,2045-04-01
Adverse,BRIDGE,w2,2045,4,HYDRO,3996.108541,2045-04-01
Adverse,BRIDGE,w2,2045,4,IMPORTS,0,2045-04-01
Adverse,BRIDGE,w2,2045,4,NUCLEAR,0,2045-04-01
Adverse,BRIDGE,w2,2045,4,PV,898.8438793,2045-04-01
Adverse,BRIDGE,w2,2045,4,WIND,397.6128246,2045-04-01
Adverse,BRIDGE,w2,2045,5,BIOENERGY,345.5544652,2045-05-01
Adverse,BRIDGE,w2,2045,5,DIESEL,0,2045-05-01
Adverse,BRIDGE,w2,2045,5,FUEL OIL,648.6658339,2045-05-01
Adverse,BRIDGE,w2,2045,5,GAS,248.4204948,2045-05-01
Adverse,BRIDGE,w2,2045,5,GEOTHERMAL,581.7053553,2045-05-01
Adverse,BRIDGE,w2,2045,5,HYDRO,2511.285829,2045-05-01
Adverse,BRIDGE,w2,2045,5,IMPORTS,0,2045-05-01
Adverse,BRIDGE,w2,2045,5,NUCLEAR,0,2045-05-01
Adverse,BRIDGE,w2,2045,5,PV,1102.027741,2045-05-01
Adverse,BRIDGE,w2,2045,5,WIND,448.662864,2045-05-01
Adverse,BRIDGE,w2,2045,6,BIOENERGY,356.8804534,2045-06-01
Adverse,BRIDGE,w2,2045,6,DIESEL,0,2045-06-01
Adverse,BRIDGE,w2,2045,6,FUEL OIL,783.6738392,2045-06-01
Adverse,BRIDGE,w2,2045,6,GAS,344.1453189,2045-06-01
Adverse,BRIDGE,w2,2045,6,GEOTHERMAL,621.8592358,2045-06-01
Adverse,BRIDGE,w2,2045,6,HYDRO,2103.068807,2045-06-01
Adverse,BRIDGE,w2,2045,6,IMPORTS,0,2045-06-01
Adverse,BRIDGE,w2,2045,6,NUCLEAR,0,2045-06-01
Adverse,BRIDGE,w2,2045,6,PV,1089.475994,2045-06-01
Adverse,BRIDGE,w2,2045,6,WIND,457.6970129,2045-06-01
Adverse,BRIDGE,w2,2045,7,BIOENERGY,364.5983677,2045-07-01
Adverse,BRIDGE,w2,2045,7,DIESEL,0,2045-07-01
Adverse,BRIDGE,w2,2045,7,FUEL OIL,648.8135287,2045-07-01
Adverse,BRIDGE,w2,2045,7,GAS,251.3252432,2045-07-01
Adverse,BRIDGE,w2,2045,7,GEOTHERMAL,593.2912808,2045-07-01
Adverse,BRIDGE,w2,2045,7,HYDRO,2258.096291,2045-07-01
Adverse,BRIDGE,w2,2045,7,IMPORTS,0,2045-07-01
Adverse,BRIDGE,w2,2045,7,NUCLEAR,0,2045-07-01
Adverse,BRIDGE,w2,2045,7,PV,1107.059547,2045-07-01
Adverse,BRIDGE,w2,2045,7,WIND,457.2966355,2045-07-01
Adverse,BRIDGE,w2,2045,8,BIOENERGY,350.464973,2045-08-01
Adverse,BRIDGE,w2,2045,8,DIESEL,0,2045-08-01
Adverse,BRIDGE,w2,2045,8,FUEL OIL,393.8189362,2045-08-01
Adverse,BRIDGE,w2,2045,8,GAS,255.2254686,2045-08-01
Adverse,BRIDGE,w2,2045,8,GEOTHERMAL,590.7708221,2045-08-01
Adverse,BRIDGE,w2,2045,8,HYDRO,2470.087166,2045-08-01
Adverse,BRIDGE,w2,2045,8,IMPORTS,0,2045-08-01
Adverse,BRIDGE,w2,2045,8,NUCLEAR,0,2045-08-01
Adverse,BRIDGE,w2,2045,8,PV,1127.086943,2045-08-01
Adverse,BRIDGE,w2,2045,8,WIND,477.4800365,2045-08-01
Adverse,BRIDGE,w2,2045,9,BIOENERGY,360.0593842,2045-09-01
Adverse,BRIDGE,w2,2045,9,DIESEL,0,2045-09-01
Adverse,BRIDGE,w2,2045,9,FUEL OIL,630.9803174,2045-09-01
Adverse,BRIDGE,w2,2045,9,GAS,250.3817729,2045-09-01
Adverse,BRIDGE,w2,2045,9,GEOTHERMAL,586.075976,2045-09-01
Adverse,BRIDGE,w2,2045,9,HYDRO,2366.183122,2045-09-01
Adverse,BRIDGE,w2,2045,9,IMPORTS,0,2045-09-01
Adverse,BRIDGE,w2,2045,9,NUCLEAR,0,2045-09-01
Adverse,BRIDGE,w2,2045,9,PV,1130.052626,2045-09-01
Adverse,BRIDGE,w2,2045,9,WIND,473.5952832,2045-09-01
Adverse,BRIDGE,w2,2045,10,BIOENERGY,353.0949458,2045-10-01
Adverse,BRIDGE,w2,2045,10,DIESEL,0,2045-10-01
Adverse,BRIDGE,w2,2045,10,FUEL OIL,786.9477419,2045-10-01
Adverse,BRIDGE,w2,2045,10,GAS,253.9732318,2045-10-01
Adverse,BRIDGE,w2,2045,10,GEOTHERMAL,579.015094,2045-10-01
Adverse,BRIDGE,w2,2045,10,HYDRO,2268.369098,2045-10-01
Adverse,BRIDGE,w2,2045,10,IMPORTS,0,2045-10-01
Adverse,BRIDGE,w2,2045,10,NUCLEAR,0,2045-10-01
Adverse,BRIDGE,w2,2045,10,PV,1118.158324,2045-10-01
Adverse,BRIDGE,w2,2045,10,WIND,456.767019,2045-10-01
Adverse,BRIDGE,w2,2045,11,BIOENERGY,116.4205032,2045-11-01
Adverse,BRIDGE,w2,2045,11,DIESEL,0,2045-11-01
Adverse,BRIDGE,w2,2045,11,FUEL OIL,155.6439742,2045-11-01
Adverse,BRIDGE,w2,2045,11,GAS,92.21812562,2045-11-01
Adverse,BRIDGE,w2,2045,11,GEOTHERMAL,365.3630528,2045-11-01
Adverse,BRIDGE,w2,2045,11,HYDRO,3903.68918,2045-11-01
Adverse,BRIDGE,w2,2045,11,IMPORTS,0,2045-11-01
Adverse,BRIDGE,w2,2045,11,NUCLEAR,0,2045-11-01
Adverse,BRIDGE,w2,2045,11,PV,914.9425474,2045-11-01
Adverse,BRIDGE,w2,2045,11,WIND,385.7482137,2045-11-01
Adverse,BRIDGE,w2,2045,12,BIOENERGY,98.85134095,2045-12-01
Adverse,BRIDGE,w2,2045,12,DIESEL,0,2045-12-01
Adverse,BRIDGE,w2,2045,12,FUEL OIL,194.7779793,2045-12-01
Adverse,BRIDGE,w2,2045,12,GAS,211.4514239,2045-12-01
Adverse,BRIDGE,w2,2045,12,GEOTHERMAL,377.405734,2045-12-01
Adverse,BRIDGE,w2,2045,12,HYDRO,3897.94085,2045-12-01
Adverse,BRIDGE,w2,2045,12,IMPORTS,0,2045-12-01
Adverse,BRIDGE,w2,2045,12,NUCLEAR,0,2045-12-01
Adverse,BRIDGE,w2,2045,12,PV,890.6351939,2045-12-01
Adverse,BRIDGE,w2,2045,12,WIND,404.8324355,2045-12-01
Adverse,BRIDGE,w2,2046,1,BIOENERGY,120.3313574,2046-01-01
Adverse,BRIDGE,w2,2046,1,DIESEL,0,2046-01-01
Adverse,BRIDGE,w2,2046,1,FUEL OIL,153.6547041,2046-01-01
Adverse,BRIDGE,w2,2046,1,GAS,92.89477323,2046-01-01
Adverse,BRIDGE,w2,2046,1,GEOTHERMAL,349.8325862,2046-01-01
Adverse,BRIDGE,w2,2046,1,HYDRO,3892.135286,2046-01-01
Adverse,BRIDGE,w2,2046,1,IMPORTS,0,2046-01-01
Adverse,BRIDGE,w2,2046,1,NUCLEAR,0,2046-01-01
Adverse,BRIDGE,w2,2046,1,PV,904.3071957,2046-01-01
Adverse,BRIDGE,w2,2046,1,WIND,417.0327147,2046-01-01
Adverse,BRIDGE,w2,2046,2,BIOENERGY,75.39540309,2046-02-01
Adverse,BRIDGE,w2,2046,2,DIESEL,0,2046-02-01
Adverse,BRIDGE,w2,2046,2,FUEL OIL,193.5107003,2046-02-01
Adverse,BRIDGE,w2,2046,2,GAS,95.59132213,2046-02-01
Adverse,BRIDGE,w2,2046,2,GEOTHERMAL,264.9608784,2046-02-01
Adverse,BRIDGE,w2,2046,2,HYDRO,3913.872544,2046-02-01
Adverse,BRIDGE,w2,2046,2,IMPORTS,0,2046-02-01
Adverse,BRIDGE,w2,2046,2,NUCLEAR,0,2046-02-01
Adverse,BRIDGE,w2,2046,2,PV,935.151063,2046-02-01
Adverse,BRIDGE,w2,2046,2,WIND,422.060997,2046-02-01
Adverse,BRIDGE,w2,2046,3,BIOENERGY,74.76370971,2046-03-01
Adverse,BRIDGE,w2,2046,3,DIESEL,0,2046-03-01
Adverse,BRIDGE,w2,2046,3,FUEL OIL,191.6126257,2046-03-01
Adverse,BRIDGE,w2,2046,3,GAS,131.6811891,2046-03-01
Adverse,BRIDGE,w2,2046,3,GEOTHERMAL,356.040309,2046-03-01
Adverse,BRIDGE,w2,2046,3,HYDRO,3912.043293,2046-03-01
Adverse,BRIDGE,w2,2046,3,IMPORTS,0,2046-03-01
Adverse,BRIDGE,w2,2046,3,NUCLEAR,0,2046-03-01
Adverse,BRIDGE,w2,2046,3,PV,907.9730012,2046-03-01
Adverse,BRIDGE,w2,2046,3,WIND,429.2782858,2046-03-01
Adverse,BRIDGE,w2,2046,4,BIOENERGY,76.61457189,2046-04-01
Adverse,BRIDGE,w2,2046,4,DIESEL,0,2046-04-01
Adverse,BRIDGE,w2,2046,4,FUEL OIL,195.8396356,2046-04-01
Adverse,BRIDGE,w2,2046,4,GAS,249.4011861,2046-04-01
Adverse,BRIDGE,w2,2046,4,GEOTHERMAL,303.7300182,2046-04-01
Adverse,BRIDGE,w2,2046,4,HYDRO,3871.059124,2046-04-01
Adverse,BRIDGE,w2,2046,4,IMPORTS,0,2046-04-01
Adverse,BRIDGE,w2,2046,4,NUCLEAR,0,2046-04-01
Adverse,BRIDGE,w2,2046,4,PV,912.9532726,2046-04-01
Adverse,BRIDGE,w2,2046,4,WIND,424.3171441,2046-04-01
Adverse,BRIDGE,w2,2046,5,BIOENERGY,352.8759862,2046-05-01
Adverse,BRIDGE,w2,2046,5,DIESEL,0,2046-05-01
Adverse,BRIDGE,w2,2046,5,FUEL OIL,742.0736979,2046-05-01
Adverse,BRIDGE,w2,2046,5,GAS,398.864546,2046-05-01
Adverse,BRIDGE,w2,2046,5,GEOTHERMAL,611.6632749,2046-05-01
Adverse,BRIDGE,w2,2046,5,HYDRO,2318.06577,2046-05-01
Adverse,BRIDGE,w2,2046,5,IMPORTS,0,2046-05-01
Adverse,BRIDGE,w2,2046,5,NUCLEAR,0,2046-05-01
Adverse,BRIDGE,w2,2046,5,PV,1135.990885,2046-05-01
Adverse,BRIDGE,w2,2046,5,WIND,444.5148743,2046-05-01
Adverse,BRIDGE,w2,2046,6,BIOENERGY,351.3058663,2046-06-01
Adverse,BRIDGE,w2,2046,6,DIESEL,0,2046-06-01
Adverse,BRIDGE,w2,2046,6,FUEL OIL,659.5560593,2046-06-01
Adverse,BRIDGE,w2,2046,6,GAS,253.4903568,2046-06-01
Adverse,BRIDGE,w2,2046,6,GEOTHERMAL,591.3891747,2046-06-01
Adverse,BRIDGE,w2,2046,6,HYDRO,2477.473347,2046-06-01
Adverse,BRIDGE,w2,2046,6,IMPORTS,0,2046-06-01
Adverse,BRIDGE,w2,2046,6,NUCLEAR,0,2046-06-01
Adverse,BRIDGE,w2,2046,6,PV,1098.834208,2046-06-01
Adverse,BRIDGE,w2,2046,6,WIND,439.8876617,2046-06-01
Adverse,BRIDGE,w2,2046,7,BIOENERGY,355.3682215,2046-07-01
Adverse,BRIDGE,w2,2046,7,DIESEL,0,2046-07-01
Adverse,BRIDGE,w2,2046,7,FUEL OIL,671.0573241,2046-07-01
Adverse,BRIDGE,w2,2046,7,GAS,253.4591898,2046-07-01
Adverse,BRIDGE,w2,2046,7,GEOTHERMAL,589.305665,2046-07-01
Adverse,BRIDGE,w2,2046,7,HYDRO,2384.743377,2046-07-01
Adverse,BRIDGE,w2,2046,7,IMPORTS,0,2046-07-01
Adverse,BRIDGE,w2,2046,7,NUCLEAR,0,2046-07-01
Adverse,BRIDGE,w2,2046,7,PV,1099.467923,2046-07-01
Adverse,BRIDGE,w2,2046,7,WIND,440.688812,2046-07-01
Adverse,BRIDGE,w2,2046,8,BIOENERGY,359.6763061,2046-08-01
Adverse,BRIDGE,w2,2046,8,DIESEL,0,2046-08-01
Adverse,BRIDGE,w2,2046,8,FUEL OIL,543.0954916,2046-08-01
Adverse,BRIDGE,w2,2046,8,GAS,253.7942626,2046-08-01
Adverse,BRIDGE,w2,2046,8,GEOTHERMAL,588.951781,2046-08-01
Adverse,BRIDGE,w2,2046,8,HYDRO,2433.143105,2046-08-01
Adverse,BRIDGE,w2,2046,8,IMPORTS,0,2046-08-01
Adverse,BRIDGE,w2,2046,8,NUCLEAR,0,2046-08-01
Adverse,BRIDGE,w2,2046,8,PV,1153.909264,2046-08-01
Adverse,BRIDGE,w2,2046,8,WIND,445.6628214,2046-08-01
Adverse,BRIDGE,w2,2046,9,BIOENERGY,354.1467045,2046-09-01
Adverse,BRIDGE,w2,2046,9,DIESEL,0,2046-09-01
Adverse,BRIDGE,w2,2046,9,FUEL OIL,695.4888396,2046-09-01
Adverse,BRIDGE,w2,2046,9,GAS,332.1677345,2046-09-01
Adverse,BRIDGE,w2,2046,9,GEOTHERMAL,598.2527096,2046-09-01
Adverse,BRIDGE,w2,2046,9,HYDRO,2381.100937,2046-09-01
Adverse,BRIDGE,w2,2046,9,IMPORTS,0,2046-09-01
Adverse,BRIDGE,w2,2046,9,NUCLEAR,0,2046-09-01
Adverse,BRIDGE,w2,2046,9,PV,1083.522518,2046-09-01
Adverse,BRIDGE,w2,2046,9,WIND,468.5956077,2046-09-01
Adverse,BRIDGE,w2,2046,10,BIOENERGY,347.1189472,2046-10-01
Adverse,BRIDGE,w2,2046,10,DIESEL,0,2046-10-01
Adverse,BRIDGE,w2,2046,10,FUEL OIL,720.3853512,2046-10-01
Adverse,BRIDGE,w2,2046,10,GAS,258.2095627,2046-10-01
Adverse,BRIDGE,w2,2046,10,GEOTHERMAL,597.4852789,2046-10-01
Adverse,BRIDGE,w2,2046,10,HYDRO,2426.824815,2046-10-01
Adverse,BRIDGE,w2,2046,10,IMPORTS,0,2046-10-01
Adverse,BRIDGE,w2,2046,10,NUCLEAR,0,2046-10-01
Adverse,BRIDGE,w2,2046,10,PV,1122.576613,2046-10-01
Adverse,BRIDGE,w2,2046,10,WIND,460.0513966,2046-10-01
Adverse,BRIDGE,w2,2046,11,BIOENERGY,74.27640484,2046-11-01
Adverse,BRIDGE,w2,2046,11,DIESEL,0,2046-11-01
Adverse,BRIDGE,w2,2046,11,FUEL OIL,192.5675568,2046-11-01
Adverse,BRIDGE,w2,2046,11,GAS,132.8411878,2046-11-01
Adverse,BRIDGE,w2,2046,11,GEOTHERMAL,339.5451615,2046-11-01
Adverse,BRIDGE,w2,2046,11,HYDRO,3969.614737,2046-11-01
Adverse,BRIDGE,w2,2046,11,IMPORTS,0,2046-11-01
Adverse,BRIDGE,w2,2046,11,NUCLEAR,0,2046-11-01
Adverse,BRIDGE,w2,2046,11,PV,931.7366025,2046-11-01
Adverse,BRIDGE,w2,2046,11,WIND,412.1244585,2046-11-01
Adverse,BRIDGE,w2,2046,12,BIOENERGY,124.8292885,2046-12-01
Adverse,BRIDGE,w2,2046,12,DIESEL,0,2046-12-01
Adverse,BRIDGE,w2,2046,12,FUEL OIL,193.041252,2046-12-01
Adverse,BRIDGE,w2,2046,12,GAS,171.1616137,2046-12-01
Adverse,BRIDGE,w2,2046,12,GEOTHERMAL,445.7094016,2046-12-01
Adverse,BRIDGE,w2,2046,12,HYDRO,3906.686389,2046-12-01
Adverse,BRIDGE,w2,2046,12,IMPORTS,0,2046-12-01
Adverse,BRIDGE,w2,2046,12,NUCLEAR,0,2046-12-01
Adverse,BRIDGE,w2,2046,12,PV,945.9038195,2046-12-01
Adverse,BRIDGE,w2,2046,12,WIND,410.0810923,2046-12-01
Adverse,BRIDGE,w2,2047,1,BIOENERGY,178.5915995,2047-01-01
Adverse,BRIDGE,w2,2047,1,DIESEL,0,2047-01-01
Adverse,BRIDGE,w2,2047,1,FUEL OIL,154.1822644,2047-01-01
Adverse,BRIDGE,w2,2047,1,GAS,92.23176446,2047-01-01
Adverse,BRIDGE,w2,2047,1,GEOTHERMAL,356.2087887,2047-01-01
Adverse,BRIDGE,w2,2047,1,HYDRO,3925.348673,2047-01-01
Adverse,BRIDGE,w2,2047,1,IMPORTS,0,2047-01-01
Adverse,BRIDGE,w2,2047,1,NUCLEAR,0,2047-01-01
Adverse,BRIDGE,w2,2047,1,PV,935.131671,2047-01-01
Adverse,BRIDGE,w2,2047,1,WIND,407.0976293,2047-01-01
Adverse,BRIDGE,w2,2047,2,BIOENERGY,99.88263819,2047-02-01
Adverse,BRIDGE,w2,2047,2,DIESEL,0,2047-02-01
Adverse,BRIDGE,w2,2047,2,FUEL OIL,194.4906046,2047-02-01
Adverse,BRIDGE,w2,2047,2,GAS,92.95099194,2047-02-01
Adverse,BRIDGE,w2,2047,2,GEOTHERMAL,370.8751153,2047-02-01
Adverse,BRIDGE,w2,2047,2,HYDRO,3909.630334,2047-02-01
Adverse,BRIDGE,w2,2047,2,IMPORTS,0,2047-02-01
Adverse,BRIDGE,w2,2047,2,NUCLEAR,0,2047-02-01
Adverse,BRIDGE,w2,2047,2,PV,925.4664794,2047-02-01
Adverse,BRIDGE,w2,2047,2,WIND,425.2576026,2047-02-01
Adverse,BRIDGE,w2,2047,3,BIOENERGY,99.75101546,2047-03-01
Adverse,BRIDGE,w2,2047,3,DIESEL,0,2047-03-01
Adverse,BRIDGE,w2,2047,3,FUEL OIL,194.2018042,2047-03-01
Adverse,BRIDGE,w2,2047,3,GAS,130.8624755,2047-03-01
Adverse,BRIDGE,w2,2047,3,GEOTHERMAL,402.9765525,2047-03-01
Adverse,BRIDGE,w2,2047,3,HYDRO,3958.737062,2047-03-01
Adverse,BRIDGE,w2,2047,3,IMPORTS,0,2047-03-01
Adverse,BRIDGE,w2,2047,3,NUCLEAR,0,2047-03-01
Adverse,BRIDGE,w2,2047,3,PV,901.4992707,2047-03-01
Adverse,BRIDGE,w2,2047,3,WIND,435.4320821,2047-03-01
Adverse,BRIDGE,w2,2047,4,BIOENERGY,104.0804206,2047-04-01
Adverse,BRIDGE,w2,2047,4,DIESEL,0,2047-04-01
Adverse,BRIDGE,w2,2047,4,FUEL OIL,192.6168164,2047-04-01
Adverse,BRIDGE,w2,2047,4,GAS,173.1352005,2047-04-01
Adverse,BRIDGE,w2,2047,4,GEOTHERMAL,403.2260943,2047-04-01
Adverse,BRIDGE,w2,2047,4,HYDRO,3935.887892,2047-04-01
Adverse,BRIDGE,w2,2047,4,IMPORTS,0,2047-04-01
Adverse,BRIDGE,w2,2047,4,NUCLEAR,0,2047-04-01
Adverse,BRIDGE,w2,2047,4,PV,932.8276651,2047-04-01
Adverse,BRIDGE,w2,2047,4,WIND,412.8191627,2047-04-01
Adverse,BRIDGE,w2,2047,5,BIOENERGY,349.4947542,2047-05-01
Adverse,BRIDGE,w2,2047,5,DIESEL,0,2047-05-01
Adverse,BRIDGE,w2,2047,5,FUEL OIL,800.4209206,2047-05-01
Adverse,BRIDGE,w2,2047,5,GAS,444.9386563,2047-05-01
Adverse,BRIDGE,w2,2047,5,GEOTHERMAL,599.5100807,2047-05-01
Adverse,BRIDGE,w2,2047,5,HYDRO,2332.107867,2047-05-01
Adverse,BRIDGE,w2,2047,5,IMPORTS,0,2047-05-01
Adverse,BRIDGE,w2,2047,5,NUCLEAR,0,2047-05-01
Adverse,BRIDGE,w2,2047,5,PV,1116.179651,2047-05-01
Adverse,BRIDGE,w2,2047,5,WIND,481.4780856,2047-05-01
Adverse,BRIDGE,w2,2047,6,BIOENERGY,352.3313093,2047-06-01
Adverse,BRIDGE,w2,2047,6,DIESEL,0,2047-06-01
Adverse,BRIDGE,w2,2047,6,FUEL OIL,765.8028687,2047-06-01
Adverse,BRIDGE,w2,2047,6,GAS,464.8195314,2047-06-01
Adverse,BRIDGE,w2,2047,6,GEOTHERMAL,614.5491566,2047-06-01
Adverse,BRIDGE,w2,2047,6,HYDRO,2185.999372,2047-06-01
Adverse,BRIDGE,w2,2047,6,IMPORTS,0,2047-06-01
Adverse,BRIDGE,w2,2047,6,NUCLEAR,0,2047-06-01
Adverse,BRIDGE,w2,2047,6,PV,1129.011723,2047-06-01
Adverse,BRIDGE,w2,2047,6,WIND,476.8614464,2047-06-01
Adverse,BRIDGE,w2,2047,7,BIOENERGY,350.1250562,2047-07-01
Adverse,BRIDGE,w2,2047,7,DIESEL,0,2047-07-01
Adverse,BRIDGE,w2,2047,7,FUEL OIL,779.3348181,2047-07-01
Adverse,BRIDGE,w2,2047,7,GAS,454.3580275,2047-07-01
Adverse,BRIDGE,w2,2047,7,GEOTHERMAL,625.7577012,2047-07-01
Adverse,BRIDGE,w2,2047,7,HYDRO,2116.046826,2047-07-01
Adverse,BRIDGE,w2,2047,7,IMPORTS,0,2047-07-01
Adverse,BRIDGE,w2,2047,7,NUCLEAR,0,2047-07-01
Adverse,BRIDGE,w2,2047,7,PV,1124.347308,2047-07-01
Adverse,BRIDGE,w2,2047,7,WIND,460.0025856,2047-07-01
Adverse,BRIDGE,w2,2047,8,BIOENERGY,356.27765,2047-08-01
Adverse,BRIDGE,w2,2047,8,DIESEL,0,2047-08-01
Adverse,BRIDGE,w2,2047,8,FUEL OIL,781.3925401,2047-08-01
Adverse,BRIDGE,w2,2047,8,GAS,283.0872107,2047-08-01
Adverse,BRIDGE,w2,2047,8,GEOTHERMAL,613.1961279,2047-08-01
Adverse,BRIDGE,w2,2047,8,HYDRO,2226.796358,2047-08-01
Adverse,BRIDGE,w2,2047,8,IMPORTS,0,2047-08-01
Adverse,BRIDGE,w2,2047,8,NUCLEAR,0,2047-08-01
Adverse,BRIDGE,w2,2047,8,PV,1137.612861,2047-08-01
Adverse,BRIDGE,w2,2047,8,WIND,495.4349458,2047-08-01
Adverse,BRIDGE,w2,2047,9,BIOENERGY,353.8643153,2047-09-01
Adverse,BRIDGE,w2,2047,9,DIESEL,0,2047-09-01
Adverse,BRIDGE,w2,2047,9,FUEL OIL,768.7479011,2047-09-01
Adverse,BRIDGE,w2,2047,9,GAS,478.1487267,2047-09-01
Adverse,BRIDGE,w2,2047,9,GEOTHERMAL,603.2751324,2047-09-01
Adverse,BRIDGE,w2,2047,9,HYDRO,2240.621588,2047-09-01
Adverse,BRIDGE,w2,2047,9,IMPORTS,0,2047-09-01
Adverse,BRIDGE,w2,2047,9,NUCLEAR,0,2047-09-01
Adverse,BRIDGE,w2,2047,9,PV,1105.912114,2047-09-01
Adverse,BRIDGE,w2,2047,9,WIND,480.970775,2047-09-01
Adverse,BRIDGE,w2,2047,10,BIOENERGY,362.3681943,2047-10-01
Adverse,BRIDGE,w2,2047,10,DIESEL,0,2047-10-01
Adverse,BRIDGE,w2,2047,10,FUEL OIL,779.1354979,2047-10-01
Adverse,BRIDGE,w2,2047,10,GAS,400.5059959,2047-10-01
Adverse,BRIDGE,w2,2047,10,GEOTHERMAL,614.2166841,2047-10-01
Adverse,BRIDGE,w2,2047,10,HYDRO,2289.05203,2047-10-01
Adverse,BRIDGE,w2,2047,10,IMPORTS,0,2047-10-01
Adverse,BRIDGE,w2,2047,10,NUCLEAR,0,2047-10-01
Adverse,BRIDGE,w2,2047,10,PV,1127.666314,2047-10-01
Adverse,BRIDGE,w2,2047,10,WIND,478.3602865,2047-10-01
Adverse,BRIDGE,w2,2047,11,BIOENERGY,114.3553107,2047-11-01
Adverse,BRIDGE,w2,2047,11,DIESEL,0,2047-11-01
Adverse,BRIDGE,w2,2047,11,FUEL OIL,197.7953502,2047-11-01
Adverse,BRIDGE,w2,2047,11,GAS,132.5026788,2047-11-01
Adverse,BRIDGE,w2,2047,11,GEOTHERMAL,419.198096,2047-11-01
Adverse,BRIDGE,w2,2047,11,HYDRO,3995.537,2047-11-01
Adverse,BRIDGE,w2,2047,11,IMPORTS,0,2047-11-01
Adverse,BRIDGE,w2,2047,11,NUCLEAR,0,2047-11-01
Adverse,BRIDGE,w2,2047,11,PV,893.0568585,2047-11-01
Adverse,BRIDGE,w2,2047,11,WIND,421.3149374,2047-11-01
Adverse,BRIDGE,w2,2047,12,BIOENERGY,103.2174957,2047-12-01
Adverse,BRIDGE,w2,2047,12,DIESEL,0,2047-12-01
Adverse,BRIDGE,w2,2047,12,FUEL OIL,195.1425028,2047-12-01
Adverse,BRIDGE,w2,2047,12,GAS,253.5305548,2047-12-01
Adverse,BRIDGE,w2,2047,12,GEOTHERMAL,470.3080604,2047-12-01
Adverse,BRIDGE,w2,2047,12,HYDRO,3944.675627,2047-12-01
Adverse,BRIDGE,w2,2047,12,IMPORTS,0,2047-12-01
Adverse,BRIDGE,w2,2047,12,NUCLEAR,0,2047-12-01
Adverse,BRIDGE,w2,2047,12,PV,936.9998274,2047-12-01
Adverse,BRIDGE,w2,2047,12,WIND,417.4870453,2047-12-01
Adverse,BRIDGE,w2,2048,1,BIOENERGY,85.99048205,2048-01-01
Adverse,BRIDGE,w2,2048,1,DIESEL,0,2048-01-01
Adverse,BRIDGE,w2,2048,1,FUEL OIL,194.6172719,2048-01-01
Adverse,BRIDGE,w2,2048,1,GAS,250.4738264,2048-01-01
Adverse,BRIDGE,w2,2048,1,GEOTHERMAL,464.1262222,2048-01-01
Adverse,BRIDGE,w2,2048,1,HYDRO,3837.204036,2048-01-01
Adverse,BRIDGE,w2,2048,1,IMPORTS,0,2048-01-01
Adverse,BRIDGE,w2,2048,1,NUCLEAR,0,2048-01-01
Adverse,BRIDGE,w2,2048,1,PV,914.4473917,2048-01-01
Adverse,BRIDGE,w2,2048,1,WIND,422.9090074,2048-01-01
Adverse,BRIDGE,w2,2048,2,BIOENERGY,75.95669962,2048-02-01
Adverse,BRIDGE,w2,2048,2,DIESEL,0,2048-02-01
Adverse,BRIDGE,w2,2048,2,FUEL OIL,194.0121468,2048-02-01
Adverse,BRIDGE,w2,2048,2,GAS,251.13962,2048-02-01
Adverse,BRIDGE,w2,2048,2,GEOTHERMAL,374.5023208,2048-02-01
Adverse,BRIDGE,w2,2048,2,HYDRO,3934.344986,2048-02-01
Adverse,BRIDGE,w2,2048,2,IMPORTS,0,2048-02-01
Adverse,BRIDGE,w2,2048,2,NUCLEAR,0,2048-02-01
Adverse,BRIDGE,w2,2048,2,PV,915.2109389,2048-02-01
Adverse,BRIDGE,w2,2048,2,WIND,393.7581291,2048-02-01
Adverse,BRIDGE,w2,2048,3,BIOENERGY,126.8025487,2048-03-01
Adverse,BRIDGE,w2,2048,3,DIESEL,0,2048-03-01
Adverse,BRIDGE,w2,2048,3,FUEL OIL,198.1137069,2048-03-01
Adverse,BRIDGE,w2,2048,3,GAS,255.320113,2048-03-01
Adverse,BRIDGE,w2,2048,3,GEOTHERMAL,437.5516092,2048-03-01
Adverse,BRIDGE,w2,2048,3,HYDRO,3886.332818,2048-03-01
Adverse,BRIDGE,w2,2048,3,IMPORTS,0,2048-03-01
Adverse,BRIDGE,w2,2048,3,NUCLEAR,0,2048-03-01
Adverse,BRIDGE,w2,2048,3,PV,951.2303316,2048-03-01
Adverse,BRIDGE,w2,2048,3,WIND,390.5783402,2048-03-01
Adverse,BRIDGE,w2,2048,4,BIOENERGY,149.5352581,2048-04-01
Adverse,BRIDGE,w2,2048,4,DIESEL,0,2048-04-01
Adverse,BRIDGE,w2,2048,4,FUEL OIL,194.3536196,2048-04-01
Adverse,BRIDGE,w2,2048,4,GAS,248.4442306,2048-04-01
Adverse,BRIDGE,w2,2048,4,GEOTHERMAL,482.2502358,2048-04-01
Adverse,BRIDGE,w2,2048,4,HYDRO,3865.78681,2048-04-01
Adverse,BRIDGE,w2,2048,4,IMPORTS,0,2048-04-01
Adverse,BRIDGE,w2,2048,4,NUCLEAR,0,2048-04-01
Adverse,BRIDGE,w2,2048,4,PV,912.231026,2048-04-01
Adverse,BRIDGE,w2,2048,4,WIND,425.0839363,2048-04-01
Adverse,BRIDGE,w2,2048,5,BIOENERGY,362.8227969,2048-05-01
Adverse,BRIDGE,w2,2048,5,DIESEL,0,2048-05-01
Adverse,BRIDGE,w2,2048,5,FUEL OIL,724.6937344,2048-05-01
Adverse,BRIDGE,w2,2048,5,GAS,590.9749024,2048-05-01
Adverse,BRIDGE,w2,2048,5,GEOTHERMAL,590.6520732,2048-05-01
Adverse,BRIDGE,w2,2048,5,HYDRO,2382.696446,2048-05-01
Adverse,BRIDGE,w2,2048,5,IMPORTS,0,2048-05-01
Adverse,BRIDGE,w2,2048,5,NUCLEAR,0,2048-05-01
Adverse,BRIDGE,w2,2048,5,PV,1110.098576,2048-05-01
Adverse,BRIDGE,w2,2048,5,WIND,484.6740861,2048-05-01
Adverse,BRIDGE,w2,2048,6,BIOENERGY,358.9688058,2048-06-01
Adverse,BRIDGE,w2,2048,6,DIESEL,0,2048-06-01
Adverse,BRIDGE,w2,2048,6,FUEL OIL,670.965586,2048-06-01
Adverse,BRIDGE,w2,2048,6,GAS,829.4009207,2048-06-01
Adverse,BRIDGE,w2,2048,6,GEOTHERMAL,622.8933174,2048-06-01
Adverse,BRIDGE,w2,2048,6,HYDRO,2068.568422,2048-06-01
Adverse,BRIDGE,w2,2048,6,IMPORTS,0,2048-06-01
Adverse,BRIDGE,w2,2048,6,NUCLEAR,0,2048-06-01
Adverse,BRIDGE,w2,2048,6,PV,1115.401044,2048-06-01
Adverse,BRIDGE,w2,2048,6,WIND,442.9648195,2048-06-01
Adverse,BRIDGE,w2,2048,7,BIOENERGY,354.5401523,2048-07-01
Adverse,BRIDGE,w2,2048,7,DIESEL,0,2048-07-01
Adverse,BRIDGE,w2,2048,7,FUEL OIL,782.3256398,2048-07-01
Adverse,BRIDGE,w2,2048,7,GAS,371.9032187,2048-07-01
Adverse,BRIDGE,w2,2048,7,GEOTHERMAL,602.8847537,2048-07-01
Adverse,BRIDGE,w2,2048,7,HYDRO,2304.925533,2048-07-01
Adverse,BRIDGE,w2,2048,7,IMPORTS,0,2048-07-01
Adverse,BRIDGE,w2,2048,7,NUCLEAR,0,2048-07-01
Adverse,BRIDGE,w2,2048,7,PV,1149.544776,2048-07-01
Adverse,BRIDGE,w2,2048,7,WIND,462.0476957,2048-07-01
Adverse,BRIDGE,w2,2048,8,BIOENERGY,358.655735,2048-08-01
Adverse,BRIDGE,w2,2048,8,DIESEL,0,2048-08-01
Adverse,BRIDGE,w2,2048,8,FUEL OIL,782.6409583,2048-08-01
Adverse,BRIDGE,w2,2048,8,GAS,387.4930177,2048-08-01
Adverse,BRIDGE,w2,2048,8,GEOTHERMAL,603.7417281,2048-08-01
Adverse,BRIDGE,w2,2048,8,HYDRO,2294.322874,2048-08-01
Adverse,BRIDGE,w2,2048,8,IMPORTS,0,2048-08-01
Adverse,BRIDGE,w2,2048,8,NUCLEAR,0,2048-08-01
Adverse,BRIDGE,w2,2048,8,PV,1093.319095,2048-08-01
Adverse,BRIDGE,w2,2048,8,WIND,491.500239,2048-08-01
Adverse,BRIDGE,w2,2048,9,BIOENERGY,358.3981447,2048-09-01
Adverse,BRIDGE,w2,2048,9,DIESEL,0,2048-09-01
Adverse,BRIDGE,w2,2048,9,FUEL OIL,766.0414182,2048-09-01
Adverse,BRIDGE,w2,2048,9,GAS,668.8687161,2048-09-01
Adverse,BRIDGE,w2,2048,9,GEOTHERMAL,616.9973569,2048-09-01
Adverse,BRIDGE,w2,2048,9,HYDRO,2193.313406,2048-09-01
Adverse,BRIDGE,w2,2048,9,IMPORTS,0,2048-09-01
Adverse,BRIDGE,w2,2048,9,NUCLEAR,0,2048-09-01
Adverse,BRIDGE,w2,2048,9,PV,1082.826686,2048-09-01
Adverse,BRIDGE,w2,2048,9,WIND,465.7256359,2048-09-01
Adverse,BRIDGE,w2,2048,10,BIOENERGY,341.1629178,2048-10-01
Adverse,BRIDGE,w2,2048,10,DIESEL,0,2048-10-01
Adverse,BRIDGE,w2,2048,10,FUEL OIL,585.4431647,2048-10-01
Adverse,BRIDGE,w2,2048,10,GAS,420.248438,2048-10-01
Adverse,BRIDGE,w2,2048,10,GEOTHERMAL,598.6281106,2048-10-01
Adverse,BRIDGE,w2,2048,10,HYDRO,2648.450445,2048-10-01
Adverse,BRIDGE,w2,2048,10,IMPORTS,0,2048-10-01
Adverse,BRIDGE,w2,2048,10,NUCLEAR,0,2048-10-01
Adverse,BRIDGE,w2,2048,10,PV,1122.133865,2048-10-01
Adverse,BRIDGE,w2,2048,10,WIND,456.2641621,2048-10-01
Adverse,BRIDGE,w2,2048,11,BIOENERGY,185.1414488,2048-11-01
Adverse,BRIDGE,w2,2048,11,DIESEL,0,2048-11-01
Adverse,BRIDGE,w2,2048,11,FUEL OIL,195.9652881,2048-11-01
Adverse,BRIDGE,w2,2048,11,GAS,252.5444229,2048-11-01
Adverse,BRIDGE,w2,2048,11,GEOTHERMAL,424.6169716,2048-11-01
Adverse,BRIDGE,w2,2048,11,HYDRO,3911.059993,2048-11-01
Adverse,BRIDGE,w2,2048,11,IMPORTS,0,2048-11-01
Adverse,BRIDGE,w2,2048,11,NUCLEAR,0,2048-11-01
Adverse,BRIDGE,w2,2048,11,PV,926.6437887,2048-11-01
Adverse,BRIDGE,w2,2048,11,WIND,401.2635229,2048-11-01
Adverse,BRIDGE,w2,2048,12,BIOENERGY,200.8770791,2048-12-01
Adverse,BRIDGE,w2,2048,12,DIESEL,0,2048-12-01
Adverse,BRIDGE,w2,2048,12,FUEL OIL,195.6678754,2048-12-01
Adverse,BRIDGE,w2,2048,12,GAS,256.5979824,2048-12-01
Adverse,BRIDGE,w2,2048,12,GEOTHERMAL,483.4718766,2048-12-01
Adverse,BRIDGE,w2,2048,12,HYDRO,3947.246904,2048-12-01
Adverse,BRIDGE,w2,2048,12,IMPORTS,0,2048-12-01
Adverse,BRIDGE,w2,2048,12,NUCLEAR,0,2048-12-01
Adverse,BRIDGE,w2,2048,12,PV,948.2449679,2048-12-01
Adverse,BRIDGE,w2,2048,12,WIND,415.6816506,2048-12-01
Adverse,BRIDGE,w2,2049,1,BIOENERGY,109.0318689,2049-01-01
Adverse,BRIDGE,w2,2049,1,DIESEL,0,2049-01-01
Adverse,BRIDGE,w2,2049,1,FUEL OIL,193.4098639,2049-01-01
Adverse,BRIDGE,w2,2049,1,GAS,254.5961472,2049-01-01
Adverse,BRIDGE,w2,2049,1,GEOTHERMAL,429.8952227,2049-01-01
Adverse,BRIDGE,w2,2049,1,HYDRO,3945.289266,2049-01-01
Adverse,BRIDGE,w2,2049,1,IMPORTS,0,2049-01-01
Adverse,BRIDGE,w2,2049,1,NUCLEAR,0,2049-01-01
Adverse,BRIDGE,w2,2049,1,PV,959.113931,2049-01-01
Adverse,BRIDGE,w2,2049,1,WIND,401.8273027,2049-01-01
Adverse,BRIDGE,w2,2049,2,BIOENERGY,80.92012884,2049-02-01
Adverse,BRIDGE,w2,2049,2,DIESEL,0,2049-02-01
Adverse,BRIDGE,w2,2049,2,FUEL OIL,192.1425183,2049-02-01
Adverse,BRIDGE,w2,2049,2,GAS,249.801605,2049-02-01
Adverse,BRIDGE,w2,2049,2,GEOTHERMAL,441.9273581,2049-02-01
Adverse,BRIDGE,w2,2049,2,HYDRO,3951.825623,2049-02-01
Adverse,BRIDGE,w2,2049,2,IMPORTS,0,2049-02-01
Adverse,BRIDGE,w2,2049,2,NUCLEAR,0,2049-02-01
Adverse,BRIDGE,w2,2049,2,PV,922.1913423,2049-02-01
Adverse,BRIDGE,w2,2049,2,WIND,422.894762,2049-02-01
Adverse,BRIDGE,w2,2049,3,BIOENERGY,189.2988721,2049-03-01
Adverse,BRIDGE,w2,2049,3,DIESEL,0,2049-03-01
Adverse,BRIDGE,w2,2049,3,FUEL OIL,195.2998582,2049-03-01
Adverse,BRIDGE,w2,2049,3,GAS,251.8722373,2049-03-01
Adverse,BRIDGE,w2,2049,3,GEOTHERMAL,463.8487859,2049-03-01
Adverse,BRIDGE,w2,2049,3,HYDRO,3928.279285,2049-03-01
Adverse,BRIDGE,w2,2049,3,IMPORTS,0,2049-03-01
Adverse,BRIDGE,w2,2049,3,NUCLEAR,0,2049-03-01
Adverse,BRIDGE,w2,2049,3,PV,934.6558771,2049-03-01
Adverse,BRIDGE,w2,2049,3,WIND,407.593141,2049-03-01
Adverse,BRIDGE,w2,2049,4,BIOENERGY,176.0363995,2049-04-01
Adverse,BRIDGE,w2,2049,4,DIESEL,0,2049-04-01
Adverse,BRIDGE,w2,2049,4,FUEL OIL,194.5775195,2049-04-01
Adverse,BRIDGE,w2,2049,4,GAS,255.2130715,2049-04-01
Adverse,BRIDGE,w2,2049,4,GEOTHERMAL,488.9590215,2049-04-01
Adverse,BRIDGE,w2,2049,4,HYDRO,3959.04435,2049-04-01
Adverse,BRIDGE,w2,2049,4,IMPORTS,0,2049-04-01
Adverse,BRIDGE,w2,2049,4,NUCLEAR,0,2049-04-01
Adverse,BRIDGE,w2,2049,4,PV,922.0680478,2049-04-01
Adverse,BRIDGE,w2,2049,4,WIND,407.3404092,2049-04-01
Adverse,BRIDGE,w2,2049,5,BIOENERGY,361.448379,2049-05-01
Adverse,BRIDGE,w2,2049,5,DIESEL,0,2049-05-01
Adverse,BRIDGE,w2,2049,5,FUEL OIL,612.5842347,2049-05-01
Adverse,BRIDGE,w2,2049,5,GAS,1121.655001,2049-05-01
Adverse,BRIDGE,w2,2049,5,GEOTHERMAL,645.4921711,2049-05-01
Adverse,BRIDGE,w2,2049,5,HYDRO,2092.00295,2049-05-01
Adverse,BRIDGE,w2,2049,5,IMPORTS,25.73093984,2049-05-01
Adverse,BRIDGE,w2,2049,5,NUCLEAR,0,2049-05-01
Adverse,BRIDGE,w2,2049,5,PV,1043.250984,2049-05-01
Adverse,BRIDGE,w2,2049,5,WIND,469.3802071,2049-05-01
Adverse,BRIDGE,w2,2049,6,BIOENERGY,360.1646298,2049-06-01
Adverse,BRIDGE,w2,2049,6,DIESEL,0,2049-06-01
Adverse,BRIDGE,w2,2049,6,FUEL OIL,666.9426508,2049-06-01
Adverse,BRIDGE,w2,2049,6,GAS,642.7851186,2049-06-01
Adverse,BRIDGE,w2,2049,6,GEOTHERMAL,617.4183217,2049-06-01
Adverse,BRIDGE,w2,2049,6,HYDRO,2394.778764,2049-06-01
Adverse,BRIDGE,w2,2049,6,IMPORTS,0,2049-06-01
Adverse,BRIDGE,w2,2049,6,NUCLEAR,0,2049-06-01
Adverse,BRIDGE,w2,2049,6,PV,1093.031631,2049-06-01
Adverse,BRIDGE,w2,2049,6,WIND,456.2250583,2049-06-01
Adverse,BRIDGE,w2,2049,7,BIOENERGY,345.9921957,2049-07-01
Adverse,BRIDGE,w2,2049,7,DIESEL,0,2049-07-01
Adverse,BRIDGE,w2,2049,7,FUEL OIL,720.7537434,2049-07-01
Adverse,BRIDGE,w2,2049,7,GAS,718.9346627,2049-07-01
Adverse,BRIDGE,w2,2049,7,GEOTHERMAL,628.0276389,2049-07-01
Adverse,BRIDGE,w2,2049,7,HYDRO,2184.305475,2049-07-01
Adverse,BRIDGE,w2,2049,7,IMPORTS,0,2049-07-01
Adverse,BRIDGE,w2,2049,7,NUCLEAR,0,2049-07-01
Adverse,BRIDGE,w2,2049,7,PV,1084.923476,2049-07-01
Adverse,BRIDGE,w2,2049,7,WIND,465.7980126,2049-07-01
Adverse,BRIDGE,w2,2049,8,BIOENERGY,357.5075162,2049-08-01
Adverse,BRIDGE,w2,2049,8,DIESEL,0,2049-08-01
Adverse,BRIDGE,w2,2049,8,FUEL OIL,808.1522805,2049-08-01
Adverse,BRIDGE,w2,2049,8,GAS,480.7002919,2049-08-01
Adverse,BRIDGE,w2,2049,8,GEOTHERMAL,620.6270826,2049-08-01
Adverse,BRIDGE,w2,2049,8,HYDRO,2244.467614,2049-08-01
Adverse,BRIDGE,w2,2049,8,IMPORTS,0,2049-08-01
Adverse,BRIDGE,w2,2049,8,NUCLEAR,0,2049-08-01
Adverse,BRIDGE,w2,2049,8,PV,1137.5847,2049-08-01
Adverse,BRIDGE,w2,2049,8,WIND,482.8676344,2049-08-01
Adverse,BRIDGE,w2,2049,9,BIOENERGY,362.7605854,2049-09-01
Adverse,BRIDGE,w2,2049,9,DIESEL,0,2049-09-01
Adverse,BRIDGE,w2,2049,9,FUEL OIL,711.3622954,2049-09-01
Adverse,BRIDGE,w2,2049,9,GAS,679.7954611,2049-09-01
Adverse,BRIDGE,w2,2049,9,GEOTHERMAL,628.6786367,2049-09-01
Adverse,BRIDGE,w2,2049,9,HYDRO,2338.268068,2049-09-01
Adverse,BRIDGE,w2,2049,9,IMPORTS,0,2049-09-01
Adverse,BRIDGE,w2,2049,9,NUCLEAR,0,2049-09-01
Adverse,BRIDGE,w2,2049,9,PV,1103.897995,2049-09-01
Adverse,BRIDGE,w2,2049,9,WIND,450.4517494,2049-09-01
Adverse,BRIDGE,w2,2049,10,BIOENERGY,359.9833634,2049-10-01
Adverse,BRIDGE,w2,2049,10,DIESEL,0,2049-10-01
Adverse,BRIDGE,w2,2049,10,FUEL OIL,715.6108627,2049-10-01
Adverse,BRIDGE,w2,2049,10,GAS,627.8249441,2049-10-01
Adverse,BRIDGE,w2,2049,10,GEOTHERMAL,629.2652669,2049-10-01
Adverse,BRIDGE,w2,2049,10,HYDRO,2341.510151,2049-10-01
Adverse,BRIDGE,w2,2049,10,IMPORTS,0,2049-10-01
Adverse,BRIDGE,w2,2049,10,NUCLEAR,0,2049-10-01
Adverse,BRIDGE,w2,2049,10,PV,1132.775667,2049-10-01
Adverse,BRIDGE,w2,2049,10,WIND,488.8074699,2049-10-01
Adverse,BRIDGE,w2,2049,11,BIOENERGY,217.1587388,2049-11-01
Adverse,BRIDGE,w2,2049,11,DIESEL,0,2049-11-01
Adverse,BRIDGE,w2,2049,11,FUEL OIL,193.1677289,2049-11-01
Adverse,BRIDGE,w2,2049,11,GAS,253.1882537,2049-11-01
Adverse,BRIDGE,w2,2049,11,GEOTHERMAL,478.7768602,2049-11-01
Adverse,BRIDGE,w2,2049,11,HYDRO,3953.448392,2049-11-01
Adverse,BRIDGE,w2,2049,11,IMPORTS,0,2049-11-01
Adverse,BRIDGE,w2,2049,11,NUCLEAR,0,2049-11-01
Adverse,BRIDGE,w2,2049,11,PV,910.5868728,2049-11-01
Adverse,BRIDGE,w2,2049,11,WIND,416.8532981,2049-11-01
Adverse,BRIDGE,w2,2049,12,BIOENERGY,370.0465645,2049-12-01
Adverse,BRIDGE,w2,2049,12,DIESEL,0,2049-12-01
Adverse,BRIDGE,w2,2049,12,FUEL OIL,204.6039849,2049-12-01
Adverse,BRIDGE,w2,2049,12,GAS,262.0783141,2049-12-01
Adverse,BRIDGE,w2,2049,12,GEOTHERMAL,535.8870184,2049-12-01
Adverse,BRIDGE,w2,2049,12,HYDRO,3846.070026,2049-12-01
Adverse,BRIDGE,w2,2049,12,IMPORTS,0,2049-12-01
Adverse,BRIDGE,w2,2049,12,NUCLEAR,0,2049-12-01
Adverse,BRIDGE,w2,2049,12,PV,930.1749257,2049-12-01
Adverse,BRIDGE,w2,2049,12,WIND,427.883269,2049-12-01
Adverse,BRIDGE,w2,2050,1,BIOENERGY,115.4826603,2050-01-01
Adverse,BRIDGE,w2,2050,1,DIESEL,0,2050-01-01
Adverse,BRIDGE,w2,2050,1,FUEL OIL,193.622143,2050-01-01
Adverse,BRIDGE,w2,2050,1,GAS,260.5391104,2050-01-01
Adverse,BRIDGE,w2,2050,1,GEOTHERMAL,476.9386551,2050-01-01
Adverse,BRIDGE,w2,2050,1,HYDRO,4016.93388,2050-01-01
Adverse,BRIDGE,w2,2050,1,IMPORTS,0,2050-01-01
Adverse,BRIDGE,w2,2050,1,NUCLEAR,0,2050-01-01
Adverse,BRIDGE,w2,2050,1,PV,925.516353,2050-01-01
Adverse,BRIDGE,w2,2050,1,WIND,429.9940728,2050-01-01
Adverse,BRIDGE,w2,2050,2,BIOENERGY,159.8307084,2050-02-01
Adverse,BRIDGE,w2,2050,2,DIESEL,0,2050-02-01
Adverse,BRIDGE,w2,2050,2,FUEL OIL,190.8419939,2050-02-01
Adverse,BRIDGE,w2,2050,2,GAS,253.2805722,2050-02-01
Adverse,BRIDGE,w2,2050,2,GEOTHERMAL,478.3245084,2050-02-01
Adverse,BRIDGE,w2,2050,2,HYDRO,3972.943854,2050-02-01
Adverse,BRIDGE,w2,2050,2,IMPORTS,0,2050-02-01
Adverse,BRIDGE,w2,2050,2,NUCLEAR,0,2050-02-01
Adverse,BRIDGE,w2,2050,2,PV,921.9466911,2050-02-01
Adverse,BRIDGE,w2,2050,2,WIND,409.7690761,2050-02-01
Adverse,BRIDGE,w2,2050,3,BIOENERGY,285.3190408,2050-03-01
Adverse,BRIDGE,w2,2050,3,DIESEL,0,2050-03-01
Adverse,BRIDGE,w2,2050,3,FUEL OIL,195.2621364,2050-03-01
Adverse,BRIDGE,w2,2050,3,GAS,256.5873923,2050-03-01
Adverse,BRIDGE,w2,2050,3,GEOTHERMAL,472.3435388,2050-03-01
Adverse,BRIDGE,w2,2050,3,HYDRO,4002.518135,2050-03-01
Adverse,BRIDGE,w2,2050,3,IMPORTS,0,2050-03-01
Adverse,BRIDGE,w2,2050,3,NUCLEAR,0,2050-03-01
Adverse,BRIDGE,w2,2050,3,PV,892.6592073,2050-03-01
Adverse,BRIDGE,w2,2050,3,WIND,393.5755668,2050-03-01
Adverse,BRIDGE,w2,2050,4,BIOENERGY,298.3791065,2050-04-01
Adverse,BRIDGE,w2,2050,4,DIESEL,0,2050-04-01
Adverse,BRIDGE,w2,2050,4,FUEL OIL,195.1467966,2050-04-01
Adverse,BRIDGE,w2,2050,4,GAS,265.3083562,2050-04-01
Adverse,BRIDGE,w2,2050,4,GEOTHERMAL,478.2757598,2050-04-01
Adverse,BRIDGE,w2,2050,4,HYDRO,3962.061031,2050-04-01
Adverse,BRIDGE,w2,2050,4,IMPORTS,0,2050-04-01
Adverse,BRIDGE,w2,2050,4,NUCLEAR,0,2050-04-01
Adverse,BRIDGE,w2,2050,4,PV,922.35969,2050-04-01
Adverse,BRIDGE,w2,2050,4,WIND,409.7728546,2050-04-01
Adverse,BRIDGE,w2,2050,5,BIOENERGY,360.2304302,2050-05-01
Adverse,BRIDGE,w2,2050,5,DIESEL,0,2050-05-01
Adverse,BRIDGE,w2,2050,5,FUEL OIL,639.5101642,2050-05-01
Adverse,BRIDGE,w2,2050,5,GAS,1031.377942,2050-05-01
Adverse,BRIDGE,w2,2050,5,GEOTHERMAL,641.4270556,2050-05-01
Adverse,BRIDGE,w2,2050,5,HYDRO,2240.007978,2050-05-01
Adverse,BRIDGE,w2,2050,5,IMPORTS,0,2050-05-01
Adverse,BRIDGE,w2,2050,5,NUCLEAR,0,2050-05-01
Adverse,BRIDGE,w2,2050,5,PV,1116.992119,2050-05-01
Adverse,BRIDGE,w2,2050,5,WIND,469.4300755,2050-05-01
Adverse,BRIDGE,w2,2050,6,BIOENERGY,352.0221436,2050-06-01
Adverse,BRIDGE,w2,2050,6,DIESEL,0,2050-06-01
Adverse,BRIDGE,w2,2050,6,FUEL OIL,779.3660971,2050-06-01
Adverse,BRIDGE,w2,2050,6,GAS,515.2049934,2050-06-01
Adverse,BRIDGE,w2,2050,6,GEOTHERMAL,604.1949287,2050-06-01
Adverse,BRIDGE,w2,2050,6,HYDRO,2500.156601,2050-06-01
Adverse,BRIDGE,w2,2050,6,IMPORTS,0,2050-06-01
Adverse,BRIDGE,w2,2050,6,NUCLEAR,0,2050-06-01
Adverse,BRIDGE,w2,2050,6,PV,1133.791637,2050-06-01
Adverse,BRIDGE,w2,2050,6,WIND,471.2366966,2050-06-01
Adverse,BRIDGE,w2,2050,7,BIOENERGY,355.102024,2050-07-01
Adverse,BRIDGE,w2,2050,7,DIESEL,0,2050-07-01
Adverse,BRIDGE,w2,2050,7,FUEL OIL,640.8876091,2050-07-01
Adverse,BRIDGE,w2,2050,7,GAS,779.8715122,2050-07-01
Adverse,BRIDGE,w2,2050,7,GEOTHERMAL,633.9270901,2050-07-01
Adverse,BRIDGE,w2,2050,7,HYDRO,2248.588013,2050-07-01
Adverse,BRIDGE,w2,2050,7,IMPORTS,0,2050-07-01
Adverse,BRIDGE,w2,2050,7,NUCLEAR,0,2050-07-01
Adverse,BRIDGE,w2,2050,7,PV,1160.839956,2050-07-01
Adverse,BRIDGE,w2,2050,7,WIND,452.4937041,2050-07-01
Adverse,BRIDGE,w2,2050,8,BIOENERGY,354.9968121,2050-08-01
Adverse,BRIDGE,w2,2050,8,DIESEL,0,2050-08-01
Adverse,BRIDGE,w2,2050,8,FUEL OIL,773.7440421,2050-08-01
Adverse,BRIDGE,w2,2050,8,GAS,643.6170542,2050-08-01
Adverse,BRIDGE,w2,2050,8,GEOTHERMAL,597.9302338,2050-08-01
Adverse,BRIDGE,w2,2050,8,HYDRO,2306.63721,2050-08-01
Adverse,BRIDGE,w2,2050,8,IMPORTS,0,2050-08-01
Adverse,BRIDGE,w2,2050,8,NUCLEAR,0,2050-08-01
Adverse,BRIDGE,w2,2050,8,PV,1116.022179,2050-08-01
Adverse,BRIDGE,w2,2050,8,WIND,461.5977311,2050-08-01
Adverse,BRIDGE,w2,2050,9,BIOENERGY,358.9982058,2050-09-01
Adverse,BRIDGE,w2,2050,9,DIESEL,0,2050-09-01
Adverse,BRIDGE,w2,2050,9,FUEL OIL,497.9867184,2050-09-01
Adverse,BRIDGE,w2,2050,9,GAS,1117.708922,2050-09-01
Adverse,BRIDGE,w2,2050,9,GEOTHERMAL,621.8947935,2050-09-01
Adverse,BRIDGE,w2,2050,9,HYDRO,2239.343172,2050-09-01
Adverse,BRIDGE,w2,2050,9,IMPORTS,0,2050-09-01
Adverse,BRIDGE,w2,2050,9,NUCLEAR,0,2050-09-01
Adverse,BRIDGE,w2,2050,9,PV,1080.344213,2050-09-01
Adverse,BRIDGE,w2,2050,9,WIND,484.4430616,2050-09-01
Adverse,BRIDGE,w2,2050,10,BIOENERGY,346.9802945,2050-10-01
Adverse,BRIDGE,w2,2050,10,DIESEL,0,2050-10-01
Adverse,BRIDGE,w2,2050,10,FUEL OIL,610.0652327,2050-10-01
Adverse,BRIDGE,w2,2050,10,GAS,1126.913239,2050-10-01
Adverse,BRIDGE,w2,2050,10,GEOTHERMAL,637.3401775,2050-10-01
Adverse,BRIDGE,w2,2050,10,HYDRO,2051.70784,2050-10-01
Adverse,BRIDGE,w2,2050,10,IMPORTS,56.00416965,2050-10-01
Adverse,BRIDGE,w2,2050,10,NUCLEAR,0,2050-10-01
Adverse,BRIDGE,w2,2050,10,PV,1109.255174,2050-10-01
Adverse,BRIDGE,w2,2050,10,WIND,483.4271534,2050-10-01
Adverse,BRIDGE,w2,2050,11,BIOENERGY,311.8151185,2050-11-01
Adverse,BRIDGE,w2,2050,11,DIESEL,0,2050-11-01
Adverse,BRIDGE,w2,2050,11,FUEL OIL,193.910824,2050-11-01
Adverse,BRIDGE,w2,2050,11,GAS,271.3730351,2050-11-01
Adverse,BRIDGE,w2,2050,11,GEOTHERMAL,486.6254265,2050-11-01
Adverse,BRIDGE,w2,2050,11,HYDRO,3966.079633,2050-11-01
Adverse,BRIDGE,w2,2050,11,IMPORTS,0,2050-11-01
Adverse,BRIDGE,w2,2050,11,NUCLEAR,0,2050-11-01
Adverse,BRIDGE,w2,2050,11,PV,918.9123981,2050-11-01
Adverse,BRIDGE,w2,2050,11,WIND,402.9273124,2050-11-01
Adverse,BRIDGE,w2,2050,12,BIOENERGY,380.4860243,2050-12-01
Adverse,BRIDGE,w2,2050,12,DIESEL,0,2050-12-01
Adverse,BRIDGE,w2,2050,12,FUEL OIL,262.183583,2050-12-01
Adverse,BRIDGE,w2,2050,12,GAS,278.0137824,2050-12-01
Adverse,BRIDGE,w2,2050,12,GEOTHERMAL,545.5343899,2050-12-01
Adverse,BRIDGE,w2,2050,12,HYDRO,3917.216939,2050-12-01
Adverse,BRIDGE,w2,2050,12,IMPORTS,0,2050-12-01
Adverse,BRIDGE,w2,2050,12,NUCLEAR,0,2050-12-01
Adverse,BRIDGE,w2,2050,12,PV,901.7135466,2050-12-01
Adverse,BRIDGE,w2,2050,12,WIND,423.1307193,2050-12-01
Adverse,NZT,w1,2025,1,BIOENERGY,91.45935333,2025-01-01
Adverse,NZT,w1,2025,1,DIESEL,31.99691575,2025-01-01
Adverse,NZT,w1,2025,1,FUEL OIL,31.8049326,2025-01-01
Adverse,NZT,w1,2025,1,GAS,202.1015492,2025-01-01
Adverse,NZT,w1,2025,1,GEOTHERMAL,0,2025-01-01
Adverse,NZT,w1,2025,1,HYDRO,2470.623072,2025-01-01
Adverse,NZT,w1,2025,1,IMPORTS,282.1614623,2025-01-01
Adverse,NZT,w1,2025,1,NUCLEAR,0,2025-01-01
Adverse,NZT,w1,2025,1,PV,225.43401,2025-01-01
Adverse,NZT,w1,2025,1,WIND,121.4285862,2025-01-01
Adverse,NZT,w1,2025,2,BIOENERGY,90.98483805,2025-02-01
Adverse,NZT,w1,2025,2,DIESEL,0,2025-02-01
Adverse,NZT,w1,2025,2,FUEL OIL,0,2025-02-01
Adverse,NZT,w1,2025,2,GAS,279.0715664,2025-02-01
Adverse,NZT,w1,2025,2,GEOTHERMAL,0,2025-02-01
Adverse,NZT,w1,2025,2,HYDRO,2347.595449,2025-02-01
Adverse,NZT,w1,2025,2,IMPORTS,357.9559968,2025-02-01
Adverse,NZT,w1,2025,2,NUCLEAR,0,2025-02-01
Adverse,NZT,w1,2025,2,PV,239.3617406,2025-02-01
Adverse,NZT,w1,2025,2,WIND,126.9760134,2025-02-01
Adverse,NZT,w1,2025,3,BIOENERGY,89.75506188,2025-03-01
Adverse,NZT,w1,2025,3,DIESEL,112.64701,2025-03-01
Adverse,NZT,w1,2025,3,FUEL OIL,31.63844746,2025-03-01
Adverse,NZT,w1,2025,3,GAS,282.4979603,2025-03-01
Adverse,NZT,w1,2025,3,GEOTHERMAL,0,2025-03-01
Adverse,NZT,w1,2025,3,HYDRO,2347.060015,2025-03-01
Adverse,NZT,w1,2025,3,IMPORTS,275.7546769,2025-03-01
Adverse,NZT,w1,2025,3,NUCLEAR,0,2025-03-01
Adverse,NZT,w1,2025,3,PV,234.5979614,2025-03-01
Adverse,NZT,w1,2025,3,WIND,127.9893588,2025-03-01
Adverse,NZT,w1,2025,4,BIOENERGY,93.4420059,2025-04-01
Adverse,NZT,w1,2025,4,DIESEL,31.64262234,2025-04-01
Adverse,NZT,w1,2025,4,FUEL OIL,13.10678382,2025-04-01
Adverse,NZT,w1,2025,4,GAS,277.6476819,2025-04-01
Adverse,NZT,w1,2025,4,GEOTHERMAL,0,2025-04-01
Adverse,NZT,w1,2025,4,HYDRO,2421.207162,2025-04-01
Adverse,NZT,w1,2025,4,IMPORTS,332.8598879,2025-04-01
Adverse,NZT,w1,2025,4,NUCLEAR,0,2025-04-01
Adverse,NZT,w1,2025,4,PV,224.7371173,2025-04-01
Adverse,NZT,w1,2025,4,WIND,118.0745797,2025-04-01
Adverse,NZT,w1,2025,5,BIOENERGY,84.46989304,2025-05-01
Adverse,NZT,w1,2025,5,DIESEL,494.5826356,2025-05-01
Adverse,NZT,w1,2025,5,FUEL OIL,541.547647,2025-05-01
Adverse,NZT,w1,2025,5,GAS,278.4032705,2025-05-01
Adverse,NZT,w1,2025,5,GEOTHERMAL,0,2025-05-01
Adverse,NZT,w1,2025,5,HYDRO,1270.335546,2025-05-01
Adverse,NZT,w1,2025,5,IMPORTS,382.2028113,2025-05-01
Adverse,NZT,w1,2025,5,NUCLEAR,0,2025-05-01
Adverse,NZT,w1,2025,5,PV,277.5705916,2025-05-01
Adverse,NZT,w1,2025,5,WIND,138.1878863,2025-05-01
Adverse,NZT,w1,2025,6,BIOENERGY,86.37230113,2025-06-01
Adverse,NZT,w1,2025,6,DIESEL,489.0631199,2025-06-01
Adverse,NZT,w1,2025,6,FUEL OIL,575.105755,2025-06-01
Adverse,NZT,w1,2025,6,GAS,281.5135915,2025-06-01
Adverse,NZT,w1,2025,6,GEOTHERMAL,0,2025-06-01
Adverse,NZT,w1,2025,6,HYDRO,1152.788991,2025-06-01
Adverse,NZT,w1,2025,6,IMPORTS,376.2232554,2025-06-01
Adverse,NZT,w1,2025,6,NUCLEAR,0,2025-06-01
Adverse,NZT,w1,2025,6,PV,281.8122229,2025-06-01
Adverse,NZT,w1,2025,6,WIND,148.1269928,2025-06-01
Adverse,NZT,w1,2025,7,BIOENERGY,88.41142137,2025-07-01
Adverse,NZT,w1,2025,7,DIESEL,496.0772962,2025-07-01
Adverse,NZT,w1,2025,7,FUEL OIL,497.9518674,2025-07-01
Adverse,NZT,w1,2025,7,GAS,283.7580163,2025-07-01
Adverse,NZT,w1,2025,7,GEOTHERMAL,0,2025-07-01
Adverse,NZT,w1,2025,7,HYDRO,1192.058577,2025-07-01
Adverse,NZT,w1,2025,7,IMPORTS,376.2313022,2025-07-01
Adverse,NZT,w1,2025,7,NUCLEAR,0,2025-07-01
Adverse,NZT,w1,2025,7,PV,274.8665211,2025-07-01
Adverse,NZT,w1,2025,7,WIND,136.6955627,2025-07-01
Adverse,NZT,w1,2025,8,BIOENERGY,89.49539878,2025-08-01
Adverse,NZT,w1,2025,8,DIESEL,485.863144,2025-08-01
Adverse,NZT,w1,2025,8,FUEL OIL,452.8636138,2025-08-01
Adverse,NZT,w1,2025,8,GAS,275.3164011,2025-08-01
Adverse,NZT,w1,2025,8,GEOTHERMAL,0,2025-08-01
Adverse,NZT,w1,2025,8,HYDRO,1208.716756,2025-08-01
Adverse,NZT,w1,2025,8,IMPORTS,397.7709844,2025-08-01
Adverse,NZT,w1,2025,8,NUCLEAR,0,2025-08-01
Adverse,NZT,w1,2025,8,PV,283.2875005,2025-08-01
Adverse,NZT,w1,2025,8,WIND,143.5791722,2025-08-01
Adverse,NZT,w1,2025,9,BIOENERGY,93.59126452,2025-09-01
Adverse,NZT,w1,2025,9,DIESEL,494.3193768,2025-09-01
Adverse,NZT,w1,2025,9,FUEL OIL,734.4800113,2025-09-01
Adverse,NZT,w1,2025,9,GAS,287.9922685,2025-09-01
Adverse,NZT,w1,2025,9,GEOTHERMAL,0,2025-09-01
Adverse,NZT,w1,2025,9,HYDRO,1022.08807,2025-09-01
Adverse,NZT,w1,2025,9,IMPORTS,376.2788079,2025-09-01
Adverse,NZT,w1,2025,9,NUCLEAR,0,2025-09-01
Adverse,NZT,w1,2025,9,PV,281.1169588,2025-09-01
Adverse,NZT,w1,2025,9,WIND,125.0121235,2025-09-01
Adverse,NZT,w1,2025,10,BIOENERGY,90.49767376,2025-10-01
Adverse,NZT,w1,2025,10,DIESEL,493.9519644,2025-10-01
Adverse,NZT,w1,2025,10,FUEL OIL,653.0773006,2025-10-01
Adverse,NZT,w1,2025,10,GAS,280.818196,2025-10-01
Adverse,NZT,w1,2025,10,GEOTHERMAL,0,2025-10-01
Adverse,NZT,w1,2025,10,HYDRO,1122.557273,2025-10-01
Adverse,NZT,w1,2025,10,IMPORTS,373.658581,2025-10-01
Adverse,NZT,w1,2025,10,NUCLEAR,0,2025-10-01
Adverse,NZT,w1,2025,10,PV,274.5900852,2025-10-01
Adverse,NZT,w1,2025,10,WIND,136.9178516,2025-10-01
Adverse,NZT,w1,2025,11,BIOENERGY,90.03495605,2025-11-01
Adverse,NZT,w1,2025,11,DIESEL,110.5729969,2025-11-01
Adverse,NZT,w1,2025,11,FUEL OIL,74.02918599,2025-11-01
Adverse,NZT,w1,2025,11,GAS,273.5512228,2025-11-01
Adverse,NZT,w1,2025,11,GEOTHERMAL,0,2025-11-01
Adverse,NZT,w1,2025,11,HYDRO,2363.618007,2025-11-01
Adverse,NZT,w1,2025,11,IMPORTS,260.3847993,2025-11-01
Adverse,NZT,w1,2025,11,NUCLEAR,0,2025-11-01
Adverse,NZT,w1,2025,11,PV,226.3382167,2025-11-01
Adverse,NZT,w1,2025,11,WIND,132.177114,2025-11-01
Adverse,NZT,w1,2025,12,BIOENERGY,88.94510869,2025-12-01
Adverse,NZT,w1,2025,12,DIESEL,110.0570012,2025-12-01
Adverse,NZT,w1,2025,12,FUEL OIL,31.88672612,2025-12-01
Adverse,NZT,w1,2025,12,GAS,254.0508296,2025-12-01
Adverse,NZT,w1,2025,12,GEOTHERMAL,0,2025-12-01
Adverse,NZT,w1,2025,12,HYDRO,2495.782649,2025-12-01
Adverse,NZT,w1,2025,12,IMPORTS,281.471812,2025-12-01
Adverse,NZT,w1,2025,12,NUCLEAR,0,2025-12-01
Adverse,NZT,w1,2025,12,PV,236.0567632,2025-12-01
Adverse,NZT,w1,2025,12,WIND,116.8669522,2025-12-01
Adverse,NZT,w1,2026,1,BIOENERGY,207.5439605,2026-01-01
Adverse,NZT,w1,2026,1,DIESEL,0,2026-01-01
Adverse,NZT,w1,2026,1,FUEL OIL,12.93861041,2026-01-01
Adverse,NZT,w1,2026,1,GAS,117.3868153,2026-01-01
Adverse,NZT,w1,2026,1,GEOTHERMAL,110.3311063,2026-01-01
Adverse,NZT,w1,2026,1,HYDRO,2454.956905,2026-01-01
Adverse,NZT,w1,2026,1,IMPORTS,264.0286477,2026-01-01
Adverse,NZT,w1,2026,1,NUCLEAR,0,2026-01-01
Adverse,NZT,w1,2026,1,PV,280.4857022,2026-01-01
Adverse,NZT,w1,2026,1,WIND,138.8669836,2026-01-01
Adverse,NZT,w1,2026,2,BIOENERGY,208.4359495,2026-02-01
Adverse,NZT,w1,2026,2,DIESEL,0,2026-02-01
Adverse,NZT,w1,2026,2,FUEL OIL,13.24176478,2026-02-01
Adverse,NZT,w1,2026,2,GAS,63.34345481,2026-02-01
Adverse,NZT,w1,2026,2,GEOTHERMAL,118.9068515,2026-02-01
Adverse,NZT,w1,2026,2,HYDRO,2505.007474,2026-02-01
Adverse,NZT,w1,2026,2,IMPORTS,255.8821546,2026-02-01
Adverse,NZT,w1,2026,2,NUCLEAR,0,2026-02-01
Adverse,NZT,w1,2026,2,PV,285.4342805,2026-02-01
Adverse,NZT,w1,2026,2,WIND,118.3572731,2026-02-01
Adverse,NZT,w1,2026,3,BIOENERGY,198.3630173,2026-03-01
Adverse,NZT,w1,2026,3,DIESEL,0,2026-03-01
Adverse,NZT,w1,2026,3,FUEL OIL,12.85357205,2026-03-01
Adverse,NZT,w1,2026,3,GAS,62.41987677,2026-03-01
Adverse,NZT,w1,2026,3,GEOTHERMAL,120.919376,2026-03-01
Adverse,NZT,w1,2026,3,HYDRO,2570.423122,2026-03-01
Adverse,NZT,w1,2026,3,IMPORTS,234.5434333,2026-03-01
Adverse,NZT,w1,2026,3,NUCLEAR,0,2026-03-01
Adverse,NZT,w1,2026,3,PV,298.9892753,2026-03-01
Adverse,NZT,w1,2026,3,WIND,132.3002293,2026-03-01
Adverse,NZT,w1,2026,4,BIOENERGY,197.9060529,2026-04-01
Adverse,NZT,w1,2026,4,DIESEL,0,2026-04-01
Adverse,NZT,w1,2026,4,FUEL OIL,12.38058611,2026-04-01
Adverse,NZT,w1,2026,4,GAS,63.22873188,2026-04-01
Adverse,NZT,w1,2026,4,GEOTHERMAL,117.0340905,2026-04-01
Adverse,NZT,w1,2026,4,HYDRO,2612.250779,2026-04-01
Adverse,NZT,w1,2026,4,IMPORTS,231.9440983,2026-04-01
Adverse,NZT,w1,2026,4,NUCLEAR,0,2026-04-01
Adverse,NZT,w1,2026,4,PV,271.8935134,2026-04-01
Adverse,NZT,w1,2026,4,WIND,142.6338787,2026-04-01
Adverse,NZT,w1,2026,5,BIOENERGY,207.5218078,2026-05-01
Adverse,NZT,w1,2026,5,DIESEL,108.8772239,2026-05-01
Adverse,NZT,w1,2026,5,FUEL OIL,787.8202322,2026-05-01
Adverse,NZT,w1,2026,5,GAS,277.2425155,2026-05-01
Adverse,NZT,w1,2026,5,GEOTHERMAL,120.6786066,2026-05-01
Adverse,NZT,w1,2026,5,HYDRO,1284.433281,2026-05-01
Adverse,NZT,w1,2026,5,IMPORTS,388.986914,2026-05-01
Adverse,NZT,w1,2026,5,NUCLEAR,0,2026-05-01
Adverse,NZT,w1,2026,5,PV,328.6634306,2026-05-01
Adverse,NZT,w1,2026,5,WIND,126.9850096,2026-05-01
Adverse,NZT,w1,2026,6,BIOENERGY,200.8908213,2026-06-01
Adverse,NZT,w1,2026,6,DIESEL,111.9535705,2026-06-01
Adverse,NZT,w1,2026,6,FUEL OIL,675.6560573,2026-06-01
Adverse,NZT,w1,2026,6,GAS,278.5012049,2026-06-01
Adverse,NZT,w1,2026,6,GEOTHERMAL,119.3929387,2026-06-01
Adverse,NZT,w1,2026,6,HYDRO,1235.578054,2026-06-01
Adverse,NZT,w1,2026,6,IMPORTS,432.4288237,2026-06-01
Adverse,NZT,w1,2026,6,NUCLEAR,0,2026-06-01
Adverse,NZT,w1,2026,6,PV,353.6760211,2026-06-01
Adverse,NZT,w1,2026,6,WIND,143.2308509,2026-06-01
Adverse,NZT,w1,2026,7,BIOENERGY,205.6557434,2026-07-01
Adverse,NZT,w1,2026,7,DIESEL,112.145183,2026-07-01
Adverse,NZT,w1,2026,7,FUEL OIL,683.7933589,2026-07-01
Adverse,NZT,w1,2026,7,GAS,285.7499187,2026-07-01
Adverse,NZT,w1,2026,7,GEOTHERMAL,122.7591825,2026-07-01
Adverse,NZT,w1,2026,7,HYDRO,1215.264976,2026-07-01
Adverse,NZT,w1,2026,7,IMPORTS,403.4657864,2026-07-01
Adverse,NZT,w1,2026,7,NUCLEAR,0,2026-07-01
Adverse,NZT,w1,2026,7,PV,343.4795112,2026-07-01
Adverse,NZT,w1,2026,7,WIND,131.91384,2026-07-01
Adverse,NZT,w1,2026,8,BIOENERGY,201.2437605,2026-08-01
Adverse,NZT,w1,2026,8,DIESEL,110.5394827,2026-08-01
Adverse,NZT,w1,2026,8,FUEL OIL,710.3545325,2026-08-01
Adverse,NZT,w1,2026,8,GAS,284.5284734,2026-08-01
Adverse,NZT,w1,2026,8,GEOTHERMAL,114.67537,2026-08-01
Adverse,NZT,w1,2026,8,HYDRO,1212.391458,2026-08-01
Adverse,NZT,w1,2026,8,IMPORTS,391.5330187,2026-08-01
Adverse,NZT,w1,2026,8,NUCLEAR,0,2026-08-01
Adverse,NZT,w1,2026,8,PV,348.3095536,2026-08-01
Adverse,NZT,w1,2026,8,WIND,121.0613519,2026-08-01
Adverse,NZT,w1,2026,9,BIOENERGY,200.8562426,2026-09-01
Adverse,NZT,w1,2026,9,DIESEL,186.6505314,2026-09-01
Adverse,NZT,w1,2026,9,FUEL OIL,818.3808153,2026-09-01
Adverse,NZT,w1,2026,9,GAS,281.7051046,2026-09-01
Adverse,NZT,w1,2026,9,GEOTHERMAL,122.5755837,2026-09-01
Adverse,NZT,w1,2026,9,HYDRO,1108.577309,2026-09-01
Adverse,NZT,w1,2026,9,IMPORTS,367.6573364,2026-09-01
Adverse,NZT,w1,2026,9,NUCLEAR,0,2026-09-01
Adverse,NZT,w1,2026,9,PV,343.9493643,2026-09-01
Adverse,NZT,w1,2026,9,WIND,145.9572316,2026-09-01
Adverse,NZT,w1,2026,10,BIOENERGY,212.8339528,2026-10-01
Adverse,NZT,w1,2026,10,DIESEL,109.665985,2026-10-01
Adverse,NZT,w1,2026,10,FUEL OIL,641.5550977,2026-10-01
Adverse,NZT,w1,2026,10,GAS,275.289522,2026-10-01
Adverse,NZT,w1,2026,10,GEOTHERMAL,118.0417626,2026-10-01
Adverse,NZT,w1,2026,10,HYDRO,1373.34338,2026-10-01
Adverse,NZT,w1,2026,10,IMPORTS,371.6070858,2026-10-01
Adverse,NZT,w1,2026,10,NUCLEAR,0,2026-10-01
Adverse,NZT,w1,2026,10,PV,354.9799887,2026-10-01
Adverse,NZT,w1,2026,10,WIND,130.7117723,2026-10-01
Adverse,NZT,w1,2026,11,BIOENERGY,198.7573957,2026-11-01
Adverse,NZT,w1,2026,11,DIESEL,0,2026-11-01
Adverse,NZT,w1,2026,11,FUEL OIL,13.0595386,2026-11-01
Adverse,NZT,w1,2026,11,GAS,208.5373848,2026-11-01
Adverse,NZT,w1,2026,11,GEOTHERMAL,118.910755,2026-11-01
Adverse,NZT,w1,2026,11,HYDRO,2663.375263,2026-11-01
Adverse,NZT,w1,2026,11,IMPORTS,45.42352696,2026-11-01
Adverse,NZT,w1,2026,11,NUCLEAR,0,2026-11-01
Adverse,NZT,w1,2026,11,PV,302.716673,2026-11-01
Adverse,NZT,w1,2026,11,WIND,109.85596,2026-11-01
Adverse,NZT,w1,2026,12,BIOENERGY,203.3082454,2026-12-01
Adverse,NZT,w1,2026,12,DIESEL,0,2026-12-01
Adverse,NZT,w1,2026,12,FUEL OIL,14.98722902,2026-12-01
Adverse,NZT,w1,2026,12,GAS,62.72264133,2026-12-01
Adverse,NZT,w1,2026,12,GEOTHERMAL,115.3244054,2026-12-01
Adverse,NZT,w1,2026,12,HYDRO,2672.137379,2026-12-01
Adverse,NZT,w1,2026,12,IMPORTS,275.5970678,2026-12-01
Adverse,NZT,w1,2026,12,NUCLEAR,0,2026-12-01
Adverse,NZT,w1,2026,12,PV,298.2358541,2026-12-01
Adverse,NZT,w1,2026,12,WIND,105.8413559,2026-12-01
Adverse,NZT,w1,2027,1,BIOENERGY,144.7472997,2027-01-01
Adverse,NZT,w1,2027,1,DIESEL,0,2027-01-01
Adverse,NZT,w1,2027,1,FUEL OIL,12.63697135,2027-01-01
Adverse,NZT,w1,2027,1,GAS,0,2027-01-01
Adverse,NZT,w1,2027,1,GEOTHERMAL,236.7662411,2027-01-01
Adverse,NZT,w1,2027,1,HYDRO,2811.946688,2027-01-01
Adverse,NZT,w1,2027,1,IMPORTS,0,2027-01-01
Adverse,NZT,w1,2027,1,NUCLEAR,0,2027-01-01
Adverse,NZT,w1,2027,1,PV,340.8043057,2027-01-01
Adverse,NZT,w1,2027,1,WIND,140.0603104,2027-01-01
Adverse,NZT,w1,2027,2,BIOENERGY,139.1653656,2027-02-01
Adverse,NZT,w1,2027,2,DIESEL,0,2027-02-01
Adverse,NZT,w1,2027,2,FUEL OIL,12.77849982,2027-02-01
Adverse,NZT,w1,2027,2,GAS,0,2027-02-01
Adverse,NZT,w1,2027,2,GEOTHERMAL,239.9124655,2027-02-01
Adverse,NZT,w1,2027,2,HYDRO,2763.51319,2027-02-01
Adverse,NZT,w1,2027,2,IMPORTS,0,2027-02-01
Adverse,NZT,w1,2027,2,NUCLEAR,0,2027-02-01
Adverse,NZT,w1,2027,2,PV,365.892472,2027-02-01
Adverse,NZT,w1,2027,2,WIND,147.2682672,2027-02-01
Adverse,NZT,w1,2027,3,BIOENERGY,200.2844839,2027-03-01
Adverse,NZT,w1,2027,3,DIESEL,0,2027-03-01
Adverse,NZT,w1,2027,3,FUEL OIL,14.06989063,2027-03-01
Adverse,NZT,w1,2027,3,GAS,0,2027-03-01
Adverse,NZT,w1,2027,3,GEOTHERMAL,244.8686409,2027-03-01
Adverse,NZT,w1,2027,3,HYDRO,2778.914493,2027-03-01
Adverse,NZT,w1,2027,3,IMPORTS,0,2027-03-01
Adverse,NZT,w1,2027,3,NUCLEAR,0,2027-03-01
Adverse,NZT,w1,2027,3,PV,338.4524849,2027-03-01
Adverse,NZT,w1,2027,3,WIND,155.8846413,2027-03-01
Adverse,NZT,w1,2027,4,BIOENERGY,154.8031561,2027-04-01
Adverse,NZT,w1,2027,4,DIESEL,0,2027-04-01
Adverse,NZT,w1,2027,4,FUEL OIL,15.18013084,2027-04-01
Adverse,NZT,w1,2027,4,GAS,0,2027-04-01
Adverse,NZT,w1,2027,4,GEOTHERMAL,229.0036344,2027-04-01
Adverse,NZT,w1,2027,4,HYDRO,2875.667086,2027-04-01
Adverse,NZT,w1,2027,4,IMPORTS,0,2027-04-01
Adverse,NZT,w1,2027,4,NUCLEAR,0,2027-04-01
Adverse,NZT,w1,2027,4,PV,325.7847685,2027-04-01
Adverse,NZT,w1,2027,4,WIND,151.0125629,2027-04-01
Adverse,NZT,w1,2027,5,BIOENERGY,335.0400152,2027-05-01
Adverse,NZT,w1,2027,5,DIESEL,112.1117412,2027-05-01
Adverse,NZT,w1,2027,5,FUEL OIL,739.6634345,2027-05-01
Adverse,NZT,w1,2027,5,GAS,287.312952,2027-05-01
Adverse,NZT,w1,2027,5,GEOTHERMAL,248.0576824,2027-05-01
Adverse,NZT,w1,2027,5,HYDRO,1327.508168,2027-05-01
Adverse,NZT,w1,2027,5,IMPORTS,84.06645395,2027-05-01
Adverse,NZT,w1,2027,5,NUCLEAR,0,2027-05-01
Adverse,NZT,w1,2027,5,PV,414.2705461,2027-05-01
Adverse,NZT,w1,2027,5,WIND,184.8518808,2027-05-01
Adverse,NZT,w1,2027,6,BIOENERGY,320.6924497,2027-06-01
Adverse,NZT,w1,2027,6,DIESEL,113.0872082,2027-06-01
Adverse,NZT,w1,2027,6,FUEL OIL,762.1961708,2027-06-01
Adverse,NZT,w1,2027,6,GAS,280.7578265,2027-06-01
Adverse,NZT,w1,2027,6,GEOTHERMAL,244.1114904,2027-06-01
Adverse,NZT,w1,2027,6,HYDRO,1331.298748,2027-06-01
Adverse,NZT,w1,2027,6,IMPORTS,0,2027-06-01
Adverse,NZT,w1,2027,6,NUCLEAR,0,2027-06-01
Adverse,NZT,w1,2027,6,PV,408.4176484,2027-06-01
Adverse,NZT,w1,2027,6,WIND,190.1834343,2027-06-01
Adverse,NZT,w1,2027,7,BIOENERGY,331.0921713,2027-07-01
Adverse,NZT,w1,2027,7,DIESEL,110.1501442,2027-07-01
Adverse,NZT,w1,2027,7,FUEL OIL,698.3662301,2027-07-01
Adverse,NZT,w1,2027,7,GAS,275.831798,2027-07-01
Adverse,NZT,w1,2027,7,GEOTHERMAL,227.6429951,2027-07-01
Adverse,NZT,w1,2027,7,HYDRO,1381.586398,2027-07-01
Adverse,NZT,w1,2027,7,IMPORTS,0,2027-07-01
Adverse,NZT,w1,2027,7,NUCLEAR,0,2027-07-01
Adverse,NZT,w1,2027,7,PV,386.4451814,2027-07-01
Adverse,NZT,w1,2027,7,WIND,191.2309521,2027-07-01
Adverse,NZT,w1,2027,8,BIOENERGY,334.9041988,2027-08-01
Adverse,NZT,w1,2027,8,DIESEL,113.3401394,2027-08-01
Adverse,NZT,w1,2027,8,FUEL OIL,464.5217335,2027-08-01
Adverse,NZT,w1,2027,8,GAS,278.3465701,2027-08-01
Adverse,NZT,w1,2027,8,GEOTHERMAL,239.2979757,2027-08-01
Adverse,NZT,w1,2027,8,HYDRO,1585.381368,2027-08-01
Adverse,NZT,w1,2027,8,IMPORTS,0,2027-08-01
Adverse,NZT,w1,2027,8,NUCLEAR,0,2027-08-01
Adverse,NZT,w1,2027,8,PV,413.5866892,2027-08-01
Adverse,NZT,w1,2027,8,WIND,163.108163,2027-08-01
Adverse,NZT,w1,2027,9,BIOENERGY,306.4299471,2027-09-01
Adverse,NZT,w1,2027,9,DIESEL,110.1213991,2027-09-01
Adverse,NZT,w1,2027,9,FUEL OIL,796.4815289,2027-09-01
Adverse,NZT,w1,2027,9,GAS,285.3060191,2027-09-01
Adverse,NZT,w1,2027,9,GEOTHERMAL,247.1107516,2027-09-01
Adverse,NZT,w1,2027,9,HYDRO,1364.778135,2027-09-01
Adverse,NZT,w1,2027,9,IMPORTS,0,2027-09-01
Adverse,NZT,w1,2027,9,NUCLEAR,0,2027-09-01
Adverse,NZT,w1,2027,9,PV,378.0503057,2027-09-01
Adverse,NZT,w1,2027,9,WIND,188.1680993,2027-09-01
Adverse,NZT,w1,2027,10,BIOENERGY,328.2135741,2027-10-01
Adverse,NZT,w1,2027,10,DIESEL,107.5413123,2027-10-01
Adverse,NZT,w1,2027,10,FUEL OIL,795.2599767,2027-10-01
Adverse,NZT,w1,2027,10,GAS,275.3472352,2027-10-01
Adverse,NZT,w1,2027,10,GEOTHERMAL,232.8910861,2027-10-01
Adverse,NZT,w1,2027,10,HYDRO,1375.672309,2027-10-01
Adverse,NZT,w1,2027,10,IMPORTS,0,2027-10-01
Adverse,NZT,w1,2027,10,NUCLEAR,0,2027-10-01
Adverse,NZT,w1,2027,10,PV,381.6510577,2027-10-01
Adverse,NZT,w1,2027,10,WIND,191.9167953,2027-10-01
Adverse,NZT,w1,2027,11,BIOENERGY,181.8745221,2027-11-01
Adverse,NZT,w1,2027,11,DIESEL,0,2027-11-01
Adverse,NZT,w1,2027,11,FUEL OIL,15.86364862,2027-11-01
Adverse,NZT,w1,2027,11,GAS,0,2027-11-01
Adverse,NZT,w1,2027,11,GEOTHERMAL,239.2756485,2027-11-01
Adverse,NZT,w1,2027,11,HYDRO,2822.597149,2027-11-01
Adverse,NZT,w1,2027,11,IMPORTS,0,2027-11-01
Adverse,NZT,w1,2027,11,NUCLEAR,0,2027-11-01
Adverse,NZT,w1,2027,11,PV,330.520872,2027-11-01
Adverse,NZT,w1,2027,11,WIND,173.0024792,2027-11-01
Adverse,NZT,w1,2027,12,BIOENERGY,288.1825182,2027-12-01
Adverse,NZT,w1,2027,12,DIESEL,0,2027-12-01
Adverse,NZT,w1,2027,12,FUEL OIL,21.1272753,2027-12-01
Adverse,NZT,w1,2027,12,GAS,0,2027-12-01
Adverse,NZT,w1,2027,12,GEOTHERMAL,236.2642811,2027-12-01
Adverse,NZT,w1,2027,12,HYDRO,2807.075081,2027-12-01
Adverse,NZT,w1,2027,12,IMPORTS,0,2027-12-01
Adverse,NZT,w1,2027,12,NUCLEAR,0,2027-12-01
Adverse,NZT,w1,2027,12,PV,346.4098318,2027-12-01
Adverse,NZT,w1,2027,12,WIND,154.0435082,2027-12-01
Adverse,NZT,w1,2028,1,BIOENERGY,221.6430466,2028-01-01
Adverse,NZT,w1,2028,1,DIESEL,0,2028-01-01
Adverse,NZT,w1,2028,1,FUEL OIL,0,2028-01-01
Adverse,NZT,w1,2028,1,GAS,0,2028-01-01
Adverse,NZT,w1,2028,1,GEOTHERMAL,351.2161022,2028-01-01
Adverse,NZT,w1,2028,1,HYDRO,2697.884653,2028-01-01
Adverse,NZT,w1,2028,1,IMPORTS,0,2028-01-01
Adverse,NZT,w1,2028,1,NUCLEAR,0,2028-01-01
Adverse,NZT,w1,2028,1,PV,361.5936637,2028-01-01
Adverse,NZT,w1,2028,1,WIND,191.041938,2028-01-01
Adverse,NZT,w1,2028,2,BIOENERGY,213.8039529,2028-02-01
Adverse,NZT,w1,2028,2,DIESEL,0,2028-02-01
Adverse,NZT,w1,2028,2,FUEL OIL,0,2028-02-01
Adverse,NZT,w1,2028,2,GAS,0,2028-02-01
Adverse,NZT,w1,2028,2,GEOTHERMAL,372.5460382,2028-02-01
Adverse,NZT,w1,2028,2,HYDRO,2660.009618,2028-02-01
Adverse,NZT,w1,2028,2,IMPORTS,0,2028-02-01
Adverse,NZT,w1,2028,2,NUCLEAR,0,2028-02-01
Adverse,NZT,w1,2028,2,PV,373.9836975,2028-02-01
Adverse,NZT,w1,2028,2,WIND,183.922573,2028-02-01
Adverse,NZT,w1,2028,3,BIOENERGY,140.938641,2028-03-01
Adverse,NZT,w1,2028,3,DIESEL,0,2028-03-01
Adverse,NZT,w1,2028,3,FUEL OIL,0,2028-03-01
Adverse,NZT,w1,2028,3,GAS,0,2028-03-01
Adverse,NZT,w1,2028,3,GEOTHERMAL,344.6712963,2028-03-01
Adverse,NZT,w1,2028,3,HYDRO,2819.470357,2028-03-01
Adverse,NZT,w1,2028,3,IMPORTS,0,2028-03-01
Adverse,NZT,w1,2028,3,NUCLEAR,0,2028-03-01
Adverse,NZT,w1,2028,3,PV,368.1279118,2028-03-01
Adverse,NZT,w1,2028,3,WIND,197.3679904,2028-03-01
Adverse,NZT,w1,2028,4,BIOENERGY,191.6143585,2028-04-01
Adverse,NZT,w1,2028,4,DIESEL,0,2028-04-01
Adverse,NZT,w1,2028,4,FUEL OIL,0,2028-04-01
Adverse,NZT,w1,2028,4,GAS,0,2028-04-01
Adverse,NZT,w1,2028,4,GEOTHERMAL,354.8119914,2028-04-01
Adverse,NZT,w1,2028,4,HYDRO,2774.298504,2028-04-01
Adverse,NZT,w1,2028,4,IMPORTS,0,2028-04-01
Adverse,NZT,w1,2028,4,NUCLEAR,0,2028-04-01
Adverse,NZT,w1,2028,4,PV,381.2798707,2028-04-01
Adverse,NZT,w1,2028,4,WIND,188.2503144,2028-04-01
Adverse,NZT,w1,2028,5,BIOENERGY,308.2963428,2028-05-01
Adverse,NZT,w1,2028,5,DIESEL,109.444862,2028-05-01
Adverse,NZT,w1,2028,5,FUEL OIL,387.4324881,2028-05-01
Adverse,NZT,w1,2028,5,GAS,516.3697229,2028-05-01
Adverse,NZT,w1,2028,5,GEOTHERMAL,350.8938016,2028-05-01
Adverse,NZT,w1,2028,5,HYDRO,1513.77325,2028-05-01
Adverse,NZT,w1,2028,5,IMPORTS,0,2028-05-01
Adverse,NZT,w1,2028,5,NUCLEAR,0,2028-05-01
Adverse,NZT,w1,2028,5,PV,463.0819352,2028-05-01
Adverse,NZT,w1,2028,5,WIND,221.7071379,2028-05-01
Adverse,NZT,w1,2028,6,BIOENERGY,325.9703927,2028-06-01
Adverse,NZT,w1,2028,6,DIESEL,112.1991337,2028-06-01
Adverse,NZT,w1,2028,6,FUEL OIL,385.6392667,2028-06-01
Adverse,NZT,w1,2028,6,GAS,511.5026327,2028-06-01
Adverse,NZT,w1,2028,6,GEOTHERMAL,358.0150709,2028-06-01
Adverse,NZT,w1,2028,6,HYDRO,1428.447966,2028-06-01
Adverse,NZT,w1,2028,6,IMPORTS,0,2028-06-01
Adverse,NZT,w1,2028,6,NUCLEAR,0,2028-06-01
Adverse,NZT,w1,2028,6,PV,466.2715629,2028-06-01
Adverse,NZT,w1,2028,6,WIND,197.7765152,2028-06-01
Adverse,NZT,w1,2028,7,BIOENERGY,316.7963903,2028-07-01
Adverse,NZT,w1,2028,7,DIESEL,110.527936,2028-07-01
Adverse,NZT,w1,2028,7,FUEL OIL,331.4923748,2028-07-01
Adverse,NZT,w1,2028,7,GAS,510.4868937,2028-07-01
Adverse,NZT,w1,2028,7,GEOTHERMAL,359.597532,2028-07-01
Adverse,NZT,w1,2028,7,HYDRO,1461.334361,2028-07-01
Adverse,NZT,w1,2028,7,IMPORTS,0,2028-07-01
Adverse,NZT,w1,2028,7,NUCLEAR,0,2028-07-01
Adverse,NZT,w1,2028,7,PV,429.2210779,2028-07-01
Adverse,NZT,w1,2028,7,WIND,216.1761017,2028-07-01
Adverse,NZT,w1,2028,8,BIOENERGY,319.7704232,2028-08-01
Adverse,NZT,w1,2028,8,DIESEL,108.6454941,2028-08-01
Adverse,NZT,w1,2028,8,FUEL OIL,304.4573027,2028-08-01
Adverse,NZT,w1,2028,8,GAS,495.6475411,2028-08-01
Adverse,NZT,w1,2028,8,GEOTHERMAL,348.0970723,2028-08-01
Adverse,NZT,w1,2028,8,HYDRO,1486.156928,2028-08-01
Adverse,NZT,w1,2028,8,IMPORTS,0,2028-08-01
Adverse,NZT,w1,2028,8,NUCLEAR,0,2028-08-01
Adverse,NZT,w1,2028,8,PV,450.8164855,2028-08-01
Adverse,NZT,w1,2028,8,WIND,211.8176041,2028-08-01
Adverse,NZT,w1,2028,9,BIOENERGY,331.6723541,2028-09-01
Adverse,NZT,w1,2028,9,DIESEL,111.803652,2028-09-01
Adverse,NZT,w1,2028,9,FUEL OIL,315.3740754,2028-09-01
Adverse,NZT,w1,2028,9,GAS,512.1652061,2028-09-01
Adverse,NZT,w1,2028,9,GEOTHERMAL,346.9764468,2028-09-01
Adverse,NZT,w1,2028,9,HYDRO,1528.262834,2028-09-01
Adverse,NZT,w1,2028,9,IMPORTS,0,2028-09-01
Adverse,NZT,w1,2028,9,NUCLEAR,0,2028-09-01
Adverse,NZT,w1,2028,9,PV,442.1827305,2028-09-01
Adverse,NZT,w1,2028,9,WIND,224.0373953,2028-09-01
Adverse,NZT,w1,2028,10,BIOENERGY,316.0021186,2028-10-01
Adverse,NZT,w1,2028,10,DIESEL,109.3519119,2028-10-01
Adverse,NZT,w1,2028,10,FUEL OIL,448.2942685,2028-10-01
Adverse,NZT,w1,2028,10,GAS,513.6698161,2028-10-01
Adverse,NZT,w1,2028,10,GEOTHERMAL,349.0696815,2028-10-01
Adverse,NZT,w1,2028,10,HYDRO,1429.298783,2028-10-01
Adverse,NZT,w1,2028,10,IMPORTS,0,2028-10-01
Adverse,NZT,w1,2028,10,NUCLEAR,0,2028-10-01
Adverse,NZT,w1,2028,10,PV,449.5529427,2028-10-01
Adverse,NZT,w1,2028,10,WIND,209.7280785,2028-10-01
Adverse,NZT,w1,2028,11,BIOENERGY,184.6413784,2028-11-01
Adverse,NZT,w1,2028,11,DIESEL,0,2028-11-01
Adverse,NZT,w1,2028,11,FUEL OIL,0,2028-11-01
Adverse,NZT,w1,2028,11,GAS,0,2028-11-01
Adverse,NZT,w1,2028,11,GEOTHERMAL,352.0496413,2028-11-01
Adverse,NZT,w1,2028,11,HYDRO,2800.901986,2028-11-01
Adverse,NZT,w1,2028,11,IMPORTS,0,2028-11-01
Adverse,NZT,w1,2028,11,NUCLEAR,0,2028-11-01
Adverse,NZT,w1,2028,11,PV,368.5154747,2028-11-01
Adverse,NZT,w1,2028,11,WIND,196.2618088,2028-11-01
Adverse,NZT,w1,2028,12,BIOENERGY,257.5172027,2028-12-01
Adverse,NZT,w1,2028,12,DIESEL,0,2028-12-01
Adverse,NZT,w1,2028,12,FUEL OIL,0,2028-12-01
Adverse,NZT,w1,2028,12,GAS,0,2028-12-01
Adverse,NZT,w1,2028,12,GEOTHERMAL,346.0309417,2028-12-01
Adverse,NZT,w1,2028,12,HYDRO,2819.886794,2028-12-01
Adverse,NZT,w1,2028,12,IMPORTS,0,2028-12-01
Adverse,NZT,w1,2028,12,NUCLEAR,0,2028-12-01
Adverse,NZT,w1,2028,12,PV,376.2735046,2028-12-01
Adverse,NZT,w1,2028,12,WIND,195.9588448,2028-12-01
Adverse,NZT,w1,2029,1,BIOENERGY,113.8572893,2029-01-01
Adverse,NZT,w1,2029,1,DIESEL,0,2029-01-01
Adverse,NZT,w1,2029,1,FUEL OIL,0,2029-01-01
Adverse,NZT,w1,2029,1,GAS,0,2029-01-01
Adverse,NZT,w1,2029,1,GEOTHERMAL,583.0590216,2029-01-01
Adverse,NZT,w1,2029,1,HYDRO,2649.574987,2029-01-01
Adverse,NZT,w1,2029,1,IMPORTS,0,2029-01-01
Adverse,NZT,w1,2029,1,NUCLEAR,0,2029-01-01
Adverse,NZT,w1,2029,1,PV,403.299603,2029-01-01
Adverse,NZT,w1,2029,1,WIND,234.170437,2029-01-01
Adverse,NZT,w1,2029,2,BIOENERGY,0,2029-02-01
Adverse,NZT,w1,2029,2,DIESEL,0,2029-02-01
Adverse,NZT,w1,2029,2,FUEL OIL,0,2029-02-01
Adverse,NZT,w1,2029,2,GAS,0,2029-02-01
Adverse,NZT,w1,2029,2,GEOTHERMAL,550.9349054,2029-02-01
Adverse,NZT,w1,2029,2,HYDRO,2768.370341,2029-02-01
Adverse,NZT,w1,2029,2,IMPORTS,0,2029-02-01
Adverse,NZT,w1,2029,2,NUCLEAR,0,2029-02-01
Adverse,NZT,w1,2029,2,PV,414.758085,2029-02-01
Adverse,NZT,w1,2029,2,WIND,229.9817153,2029-02-01
Adverse,NZT,w1,2029,3,BIOENERGY,21.48333,2029-03-01
Adverse,NZT,w1,2029,3,DIESEL,0,2029-03-01
Adverse,NZT,w1,2029,3,FUEL OIL,0,2029-03-01
Adverse,NZT,w1,2029,3,GAS,0,2029-03-01
Adverse,NZT,w1,2029,3,GEOTHERMAL,595.0079353,2029-03-01
Adverse,NZT,w1,2029,3,HYDRO,2736.473698,2029-03-01
Adverse,NZT,w1,2029,3,IMPORTS,0,2029-03-01
Adverse,NZT,w1,2029,3,NUCLEAR,0,2029-03-01
Adverse,NZT,w1,2029,3,PV,437.5895148,2029-03-01
Adverse,NZT,w1,2029,3,WIND,242.5859186,2029-03-01
Adverse,NZT,w1,2029,4,BIOENERGY,52.12268969,2029-04-01
Adverse,NZT,w1,2029,4,DIESEL,0,2029-04-01
Adverse,NZT,w1,2029,4,FUEL OIL,0,2029-04-01
Adverse,NZT,w1,2029,4,GAS,0,2029-04-01
Adverse,NZT,w1,2029,4,GEOTHERMAL,583.5604014,2029-04-01
Adverse,NZT,w1,2029,4,HYDRO,2779.357064,2029-04-01
Adverse,NZT,w1,2029,4,IMPORTS,0,2029-04-01
Adverse,NZT,w1,2029,4,NUCLEAR,0,2029-04-01
Adverse,NZT,w1,2029,4,PV,400.2685738,2029-04-01
Adverse,NZT,w1,2029,4,WIND,238.3370209,2029-04-01
Adverse,NZT,w1,2029,5,BIOENERGY,324.2584447,2029-05-01
Adverse,NZT,w1,2029,5,DIESEL,199.4584802,2029-05-01
Adverse,NZT,w1,2029,5,FUEL OIL,328.5722777,2029-05-01
Adverse,NZT,w1,2029,5,GAS,507.2728311,2029-05-01
Adverse,NZT,w1,2029,5,GEOTHERMAL,590.1394772,2029-05-01
Adverse,NZT,w1,2029,5,HYDRO,1335.023935,2029-05-01
Adverse,NZT,w1,2029,5,IMPORTS,0,2029-05-01
Adverse,NZT,w1,2029,5,NUCLEAR,0,2029-05-01
Adverse,NZT,w1,2029,5,PV,500.1716285,2029-05-01
Adverse,NZT,w1,2029,5,WIND,248.6844465,2029-05-01
Adverse,NZT,w1,2029,6,BIOENERGY,334.9777961,2029-06-01
Adverse,NZT,w1,2029,6,DIESEL,111.1214816,2029-06-01
Adverse,NZT,w1,2029,6,FUEL OIL,106.57401,2029-06-01
Adverse,NZT,w1,2029,6,GAS,484.8189503,2029-06-01
Adverse,NZT,w1,2029,6,GEOTHERMAL,592.3493951,2029-06-01
Adverse,NZT,w1,2029,6,HYDRO,1526.410898,2029-06-01
Adverse,NZT,w1,2029,6,IMPORTS,0,2029-06-01
Adverse,NZT,w1,2029,6,NUCLEAR,0,2029-06-01
Adverse,NZT,w1,2029,6,PV,519.410065,2029-06-01
Adverse,NZT,w1,2029,6,WIND,269.1644909,2029-06-01
Adverse,NZT,w1,2029,7,BIOENERGY,320.4938773,2029-07-01
Adverse,NZT,w1,2029,7,DIESEL,110.9382377,2029-07-01
Adverse,NZT,w1,2029,7,FUEL OIL,143.1772896,2029-07-01
Adverse,NZT,w1,2029,7,GAS,488.9054343,2029-07-01
Adverse,NZT,w1,2029,7,GEOTHERMAL,595.8612312,2029-07-01
Adverse,NZT,w1,2029,7,HYDRO,1487.581079,2029-07-01
Adverse,NZT,w1,2029,7,IMPORTS,0,2029-07-01
Adverse,NZT,w1,2029,7,NUCLEAR,0,2029-07-01
Adverse,NZT,w1,2029,7,PV,491.4372342,2029-07-01
Adverse,NZT,w1,2029,7,WIND,254.1348564,2029-07-01
Adverse,NZT,w1,2029,8,BIOENERGY,332.3783849,2029-08-01
Adverse,NZT,w1,2029,8,DIESEL,111.046765,2029-08-01
Adverse,NZT,w1,2029,8,FUEL OIL,106.4374021,2029-08-01
Adverse,NZT,w1,2029,8,GAS,481.7502034,2029-08-01
Adverse,NZT,w1,2029,8,GEOTHERMAL,586.0624232,2029-08-01
Adverse,NZT,w1,2029,8,HYDRO,1495.066326,2029-08-01
Adverse,NZT,w1,2029,8,IMPORTS,0,2029-08-01
Adverse,NZT,w1,2029,8,NUCLEAR,0,2029-08-01
Adverse,NZT,w1,2029,8,PV,510.6685796,2029-08-01
Adverse,NZT,w1,2029,8,WIND,258.465938,2029-08-01
Adverse,NZT,w1,2029,9,BIOENERGY,318.913966,2029-09-01
Adverse,NZT,w1,2029,9,DIESEL,111.7142864,2029-09-01
Adverse,NZT,w1,2029,9,FUEL OIL,203.637168,2029-09-01
Adverse,NZT,w1,2029,9,GAS,520.8318321,2029-09-01
Adverse,NZT,w1,2029,9,GEOTHERMAL,596.769324,2029-09-01
Adverse,NZT,w1,2029,9,HYDRO,1454.385994,2029-09-01
Adverse,NZT,w1,2029,9,IMPORTS,0,2029-09-01
Adverse,NZT,w1,2029,9,NUCLEAR,0,2029-09-01
Adverse,NZT,w1,2029,9,PV,515.7728693,2029-09-01
Adverse,NZT,w1,2029,9,WIND,250.5731918,2029-09-01
Adverse,NZT,w1,2029,10,BIOENERGY,315.3575351,2029-10-01
Adverse,NZT,w1,2029,10,DIESEL,110.7174273,2029-10-01
Adverse,NZT,w1,2029,10,FUEL OIL,196.4162321,2029-10-01
Adverse,NZT,w1,2029,10,GAS,500.8951045,2029-10-01
Adverse,NZT,w1,2029,10,GEOTHERMAL,585.5205754,2029-10-01
Adverse,NZT,w1,2029,10,HYDRO,1471.226022,2029-10-01
Adverse,NZT,w1,2029,10,IMPORTS,0,2029-10-01
Adverse,NZT,w1,2029,10,NUCLEAR,0,2029-10-01
Adverse,NZT,w1,2029,10,PV,523.9785531,2029-10-01
Adverse,NZT,w1,2029,10,WIND,281.5047904,2029-10-01
Adverse,NZT,w1,2029,11,BIOENERGY,0,2029-11-01
Adverse,NZT,w1,2029,11,DIESEL,0,2029-11-01
Adverse,NZT,w1,2029,11,FUEL OIL,0,2029-11-01
Adverse,NZT,w1,2029,11,GAS,0,2029-11-01
Adverse,NZT,w1,2029,11,GEOTHERMAL,574.6503199,2029-11-01
Adverse,NZT,w1,2029,11,HYDRO,2839.753377,2029-11-01
Adverse,NZT,w1,2029,11,IMPORTS,0,2029-11-01
Adverse,NZT,w1,2029,11,NUCLEAR,0,2029-11-01
Adverse,NZT,w1,2029,11,PV,427.5678248,2029-11-01
Adverse,NZT,w1,2029,11,WIND,224.2983201,2029-11-01
Adverse,NZT,w1,2029,12,BIOENERGY,18.76691143,2029-12-01
Adverse,NZT,w1,2029,12,DIESEL,0,2029-12-01
Adverse,NZT,w1,2029,12,FUEL OIL,0,2029-12-01
Adverse,NZT,w1,2029,12,GAS,0,2029-12-01
Adverse,NZT,w1,2029,12,GEOTHERMAL,588.8143699,2029-12-01
Adverse,NZT,w1,2029,12,HYDRO,2891.504741,2029-12-01
Adverse,NZT,w1,2029,12,IMPORTS,0,2029-12-01
Adverse,NZT,w1,2029,12,NUCLEAR,0,2029-12-01
Adverse,NZT,w1,2029,12,PV,428.5984883,2029-12-01
Adverse,NZT,w1,2029,12,WIND,235.8008025,2029-12-01
Adverse,NZT,w1,2030,1,BIOENERGY,286.3771575,2030-01-01
Adverse,NZT,w1,2030,1,DIESEL,0,2030-01-01
Adverse,NZT,w1,2030,1,FUEL OIL,0,2030-01-01
Adverse,NZT,w1,2030,1,GAS,0,2030-01-01
Adverse,NZT,w1,2030,1,GEOTHERMAL,603.552475,2030-01-01
Adverse,NZT,w1,2030,1,HYDRO,2604.554875,2030-01-01
Adverse,NZT,w1,2030,1,IMPORTS,0,2030-01-01
Adverse,NZT,w1,2030,1,NUCLEAR,0,2030-01-01
Adverse,NZT,w1,2030,1,PV,411.6209521,2030-01-01
Adverse,NZT,w1,2030,1,WIND,249.1662157,2030-01-01
Adverse,NZT,w1,2030,2,BIOENERGY,139.8393159,2030-02-01
Adverse,NZT,w1,2030,2,DIESEL,0,2030-02-01
Adverse,NZT,w1,2030,2,FUEL OIL,0,2030-02-01
Adverse,NZT,w1,2030,2,GAS,0,2030-02-01
Adverse,NZT,w1,2030,2,GEOTHERMAL,596.8445783,2030-02-01
Adverse,NZT,w1,2030,2,HYDRO,2718.615004,2030-02-01
Adverse,NZT,w1,2030,2,IMPORTS,0,2030-02-01
Adverse,NZT,w1,2030,2,NUCLEAR,0,2030-02-01
Adverse,NZT,w1,2030,2,PV,414.6379878,2030-02-01
Adverse,NZT,w1,2030,2,WIND,264.5620984,2030-02-01
Adverse,NZT,w1,2030,3,BIOENERGY,264.5314307,2030-03-01
Adverse,NZT,w1,2030,3,DIESEL,0,2030-03-01
Adverse,NZT,w1,2030,3,FUEL OIL,0,2030-03-01
Adverse,NZT,w1,2030,3,GAS,0,2030-03-01
Adverse,NZT,w1,2030,3,GEOTHERMAL,578.2845178,2030-03-01
Adverse,NZT,w1,2030,3,HYDRO,2682.702591,2030-03-01
Adverse,NZT,w1,2030,3,IMPORTS,0,2030-03-01
Adverse,NZT,w1,2030,3,NUCLEAR,0,2030-03-01
Adverse,NZT,w1,2030,3,PV,412.7618444,2030-03-01
Adverse,NZT,w1,2030,3,WIND,268.2850496,2030-03-01
Adverse,NZT,w1,2030,4,BIOENERGY,272.8444557,2030-04-01
Adverse,NZT,w1,2030,4,DIESEL,0,2030-04-01
Adverse,NZT,w1,2030,4,FUEL OIL,0,2030-04-01
Adverse,NZT,w1,2030,4,GAS,0,2030-04-01
Adverse,NZT,w1,2030,4,GEOTHERMAL,584.8096593,2030-04-01
Adverse,NZT,w1,2030,4,HYDRO,2680.06747,2030-04-01
Adverse,NZT,w1,2030,4,IMPORTS,0,2030-04-01
Adverse,NZT,w1,2030,4,NUCLEAR,0,2030-04-01
Adverse,NZT,w1,2030,4,PV,421.8225131,2030-04-01
Adverse,NZT,w1,2030,4,WIND,268.4084196,2030-04-01
Adverse,NZT,w1,2030,5,BIOENERGY,325.6039563,2030-05-01
Adverse,NZT,w1,2030,5,DIESEL,124.8820679,2030-05-01
Adverse,NZT,w1,2030,5,FUEL OIL,349.7786215,2030-05-01
Adverse,NZT,w1,2030,5,GAS,694.4295103,2030-05-01
Adverse,NZT,w1,2030,5,GEOTHERMAL,595.5030336,2030-05-01
Adverse,NZT,w1,2030,5,HYDRO,1310.96671,2030-05-01
Adverse,NZT,w1,2030,5,IMPORTS,0,2030-05-01
Adverse,NZT,w1,2030,5,NUCLEAR,0,2030-05-01
Adverse,NZT,w1,2030,5,PV,504.9234006,2030-05-01
Adverse,NZT,w1,2030,5,WIND,300.9382258,2030-05-01
Adverse,NZT,w1,2030,6,BIOENERGY,332.8250831,2030-06-01
Adverse,NZT,w1,2030,6,DIESEL,71.40762311,2030-06-01
Adverse,NZT,w1,2030,6,FUEL OIL,93.42753942,2030-06-01
Adverse,NZT,w1,2030,6,GAS,654.3345418,2030-06-01
Adverse,NZT,w1,2030,6,GEOTHERMAL,601.8645919,2030-06-01
Adverse,NZT,w1,2030,6,HYDRO,1577.786485,2030-06-01
Adverse,NZT,w1,2030,6,IMPORTS,0,2030-06-01
Adverse,NZT,w1,2030,6,NUCLEAR,0,2030-06-01
Adverse,NZT,w1,2030,6,PV,496.0773341,2030-06-01
Adverse,NZT,w1,2030,6,WIND,286.7314531,2030-06-01
Adverse,NZT,w1,2030,7,BIOENERGY,335.0962276,2030-07-01
Adverse,NZT,w1,2030,7,DIESEL,109.6853942,2030-07-01
Adverse,NZT,w1,2030,7,FUEL OIL,126.6734005,2030-07-01
Adverse,NZT,w1,2030,7,GAS,699.0807286,2030-07-01
Adverse,NZT,w1,2030,7,GEOTHERMAL,602.6060646,2030-07-01
Adverse,NZT,w1,2030,7,HYDRO,1385.525752,2030-07-01
Adverse,NZT,w1,2030,7,IMPORTS,0,2030-07-01
Adverse,NZT,w1,2030,7,NUCLEAR,0,2030-07-01
Adverse,NZT,w1,2030,7,PV,502.4194387,2030-07-01
Adverse,NZT,w1,2030,7,WIND,298.8209909,2030-07-01
Adverse,NZT,w1,2030,8,BIOENERGY,334.2696167,2030-08-01
Adverse,NZT,w1,2030,8,DIESEL,112.2568988,2030-08-01
Adverse,NZT,w1,2030,8,FUEL OIL,91.66423318,2030-08-01
Adverse,NZT,w1,2030,8,GAS,678.1459061,2030-08-01
Adverse,NZT,w1,2030,8,GEOTHERMAL,580.8878259,2030-08-01
Adverse,NZT,w1,2030,8,HYDRO,1482.178009,2030-08-01
Adverse,NZT,w1,2030,8,IMPORTS,0,2030-08-01
Adverse,NZT,w1,2030,8,NUCLEAR,0,2030-08-01
Adverse,NZT,w1,2030,8,PV,495.726637,2030-08-01
Adverse,NZT,w1,2030,8,WIND,273.667565,2030-08-01
Adverse,NZT,w1,2030,9,BIOENERGY,316.0264048,2030-09-01
Adverse,NZT,w1,2030,9,DIESEL,110.6881586,2030-09-01
Adverse,NZT,w1,2030,9,FUEL OIL,200.7324599,2030-09-01
Adverse,NZT,w1,2030,9,GAS,691.1612338,2030-09-01
Adverse,NZT,w1,2030,9,GEOTHERMAL,580.7666322,2030-09-01
Adverse,NZT,w1,2030,9,HYDRO,1443.913231,2030-09-01
Adverse,NZT,w1,2030,9,IMPORTS,0,2030-09-01
Adverse,NZT,w1,2030,9,NUCLEAR,0,2030-09-01
Adverse,NZT,w1,2030,9,PV,502.5165958,2030-09-01
Adverse,NZT,w1,2030,9,WIND,297.6156565,2030-09-01
Adverse,NZT,w1,2030,10,BIOENERGY,323.76823,2030-10-01
Adverse,NZT,w1,2030,10,DIESEL,112.6978046,2030-10-01
Adverse,NZT,w1,2030,10,FUEL OIL,131.1927015,2030-10-01
Adverse,NZT,w1,2030,10,GAS,694.4255822,2030-10-01
Adverse,NZT,w1,2030,10,GEOTHERMAL,584.4928021,2030-10-01
Adverse,NZT,w1,2030,10,HYDRO,1526.893167,2030-10-01
Adverse,NZT,w1,2030,10,IMPORTS,0,2030-10-01
Adverse,NZT,w1,2030,10,NUCLEAR,0,2030-10-01
Adverse,NZT,w1,2030,10,PV,492.7270763,2030-10-01
Adverse,NZT,w1,2030,10,WIND,290.8003744,2030-10-01
Adverse,NZT,w1,2030,11,BIOENERGY,205.1540042,2030-11-01
Adverse,NZT,w1,2030,11,DIESEL,0,2030-11-01
Adverse,NZT,w1,2030,11,FUEL OIL,0,2030-11-01
Adverse,NZT,w1,2030,11,GAS,0,2030-11-01
Adverse,NZT,w1,2030,11,GEOTHERMAL,587.4318828,2030-11-01
Adverse,NZT,w1,2030,11,HYDRO,2773.791016,2030-11-01
Adverse,NZT,w1,2030,11,IMPORTS,0,2030-11-01
Adverse,NZT,w1,2030,11,NUCLEAR,0,2030-11-01
Adverse,NZT,w1,2030,11,PV,417.8341344,2030-11-01
Adverse,NZT,w1,2030,11,WIND,255.1327158,2030-11-01
Adverse,NZT,w1,2030,12,BIOENERGY,212.7357468,2030-12-01
Adverse,NZT,w1,2030,12,DIESEL,0,2030-12-01
Adverse,NZT,w1,2030,12,FUEL OIL,32.22243561,2030-12-01
Adverse,NZT,w1,2030,12,GAS,0,2030-12-01
Adverse,NZT,w1,2030,12,GEOTHERMAL,577.6196607,2030-12-01
Adverse,NZT,w1,2030,12,HYDRO,2840.641056,2030-12-01
Adverse,NZT,w1,2030,12,IMPORTS,0,2030-12-01
Adverse,NZT,w1,2030,12,NUCLEAR,0,2030-12-01
Adverse,NZT,w1,2030,12,PV,408.829157,2030-12-01
Adverse,NZT,w1,2030,12,WIND,270.4671255,2030-12-01
Adverse,NZT,w1,2031,1,BIOENERGY,333.0920012,2031-01-01
Adverse,NZT,w1,2031,1,DIESEL,0,2031-01-01
Adverse,NZT,w1,2031,1,FUEL OIL,0,2031-01-01
Adverse,NZT,w1,2031,1,GAS,0,2031-01-01
Adverse,NZT,w1,2031,1,GEOTHERMAL,588.9081664,2031-01-01
Adverse,NZT,w1,2031,1,HYDRO,2715.179012,2031-01-01
Adverse,NZT,w1,2031,1,IMPORTS,0,2031-01-01
Adverse,NZT,w1,2031,1,NUCLEAR,0,2031-01-01
Adverse,NZT,w1,2031,1,PV,388.6561659,2031-01-01
Adverse,NZT,w1,2031,1,WIND,295.6471977,2031-01-01
Adverse,NZT,w1,2031,2,BIOENERGY,282.2464047,2031-02-01
Adverse,NZT,w1,2031,2,DIESEL,0,2031-02-01
Adverse,NZT,w1,2031,2,FUEL OIL,0,2031-02-01
Adverse,NZT,w1,2031,2,GAS,0,2031-02-01
Adverse,NZT,w1,2031,2,GEOTHERMAL,588.1074478,2031-02-01
Adverse,NZT,w1,2031,2,HYDRO,2738.432592,2031-02-01
Adverse,NZT,w1,2031,2,IMPORTS,0,2031-02-01
Adverse,NZT,w1,2031,2,NUCLEAR,0,2031-02-01
Adverse,NZT,w1,2031,2,PV,400.8648841,2031-02-01
Adverse,NZT,w1,2031,2,WIND,290.2276145,2031-02-01
Adverse,NZT,w1,2031,3,BIOENERGY,341.6707981,2031-03-01
Adverse,NZT,w1,2031,3,DIESEL,0,2031-03-01
Adverse,NZT,w1,2031,3,FUEL OIL,0,2031-03-01
Adverse,NZT,w1,2031,3,GAS,0,2031-03-01
Adverse,NZT,w1,2031,3,GEOTHERMAL,604.2595169,2031-03-01
Adverse,NZT,w1,2031,3,HYDRO,2706.236635,2031-03-01
Adverse,NZT,w1,2031,3,IMPORTS,0,2031-03-01
Adverse,NZT,w1,2031,3,NUCLEAR,0,2031-03-01
Adverse,NZT,w1,2031,3,PV,433.2446142,2031-03-01
Adverse,NZT,w1,2031,3,WIND,289.416487,2031-03-01
Adverse,NZT,w1,2031,4,BIOENERGY,438.0970235,2031-04-01
Adverse,NZT,w1,2031,4,DIESEL,0,2031-04-01
Adverse,NZT,w1,2031,4,FUEL OIL,0,2031-04-01
Adverse,NZT,w1,2031,4,GAS,0,2031-04-01
Adverse,NZT,w1,2031,4,GEOTHERMAL,583.6711644,2031-04-01
Adverse,NZT,w1,2031,4,HYDRO,2672.075656,2031-04-01
Adverse,NZT,w1,2031,4,IMPORTS,10.48832525,2031-04-01
Adverse,NZT,w1,2031,4,NUCLEAR,0,2031-04-01
Adverse,NZT,w1,2031,4,PV,393.1443946,2031-04-01
Adverse,NZT,w1,2031,4,WIND,299.5940547,2031-04-01
Adverse,NZT,w1,2031,5,BIOENERGY,444.3413169,2031-05-01
Adverse,NZT,w1,2031,5,DIESEL,120.6728573,2031-05-01
Adverse,NZT,w1,2031,5,FUEL OIL,306.0560187,2031-05-01
Adverse,NZT,w1,2031,5,GAS,667.4890551,2031-05-01
Adverse,NZT,w1,2031,5,GEOTHERMAL,607.3030438,2031-05-01
Adverse,NZT,w1,2031,5,HYDRO,1376.954834,2031-05-01
Adverse,NZT,w1,2031,5,IMPORTS,0,2031-05-01
Adverse,NZT,w1,2031,5,NUCLEAR,0,2031-05-01
Adverse,NZT,w1,2031,5,PV,497.9546513,2031-05-01
Adverse,NZT,w1,2031,5,WIND,354.5347705,2031-05-01
Adverse,NZT,w1,2031,6,BIOENERGY,439.365681,2031-06-01
Adverse,NZT,w1,2031,6,DIESEL,111.9546046,2031-06-01
Adverse,NZT,w1,2031,6,FUEL OIL,90.24308116,2031-06-01
Adverse,NZT,w1,2031,6,GAS,584.0840969,2031-06-01
Adverse,NZT,w1,2031,6,GEOTHERMAL,611.3425484,2031-06-01
Adverse,NZT,w1,2031,6,HYDRO,1586.796069,2031-06-01
Adverse,NZT,w1,2031,6,IMPORTS,0,2031-06-01
Adverse,NZT,w1,2031,6,NUCLEAR,0,2031-06-01
Adverse,NZT,w1,2031,6,PV,517.784295,2031-06-01
Adverse,NZT,w1,2031,6,WIND,337.4624623,2031-06-01
Adverse,NZT,w1,2031,7,BIOENERGY,441.7499074,2031-07-01
Adverse,NZT,w1,2031,7,DIESEL,107.9394522,2031-07-01
Adverse,NZT,w1,2031,7,FUEL OIL,156.6622774,2031-07-01
Adverse,NZT,w1,2031,7,GAS,696.5417217,2031-07-01
Adverse,NZT,w1,2031,7,GEOTHERMAL,590.0284678,2031-07-01
Adverse,NZT,w1,2031,7,HYDRO,1367.012313,2031-07-01
Adverse,NZT,w1,2031,7,IMPORTS,0,2031-07-01
Adverse,NZT,w1,2031,7,NUCLEAR,0,2031-07-01
Adverse,NZT,w1,2031,7,PV,517.7154745,2031-07-01
Adverse,NZT,w1,2031,7,WIND,344.6547028,2031-07-01
Adverse,NZT,w1,2031,8,BIOENERGY,446.439258,2031-08-01
Adverse,NZT,w1,2031,8,DIESEL,112.1155232,2031-08-01
Adverse,NZT,w1,2031,8,FUEL OIL,202.3484055,2031-08-01
Adverse,NZT,w1,2031,8,GAS,684.8842935,2031-08-01
Adverse,NZT,w1,2031,8,GEOTHERMAL,595.9789644,2031-08-01
Adverse,NZT,w1,2031,8,HYDRO,1350.344584,2031-08-01
Adverse,NZT,w1,2031,8,IMPORTS,0,2031-08-01
Adverse,NZT,w1,2031,8,NUCLEAR,0,2031-08-01
Adverse,NZT,w1,2031,8,PV,492.5554295,2031-08-01
Adverse,NZT,w1,2031,8,WIND,326.0821011,2031-08-01
Adverse,NZT,w1,2031,9,BIOENERGY,449.9678401,2031-09-01
Adverse,NZT,w1,2031,9,DIESEL,114.6045843,2031-09-01
Adverse,NZT,w1,2031,9,FUEL OIL,296.0706629,2031-09-01
Adverse,NZT,w1,2031,9,GAS,690.8481105,2031-09-01
Adverse,NZT,w1,2031,9,GEOTHERMAL,597.7066193,2031-09-01
Adverse,NZT,w1,2031,9,HYDRO,1354.560439,2031-09-01
Adverse,NZT,w1,2031,9,IMPORTS,0,2031-09-01
Adverse,NZT,w1,2031,9,NUCLEAR,0,2031-09-01
Adverse,NZT,w1,2031,9,PV,479.6385148,2031-09-01
Adverse,NZT,w1,2031,9,WIND,325.7604165,2031-09-01
Adverse,NZT,w1,2031,10,BIOENERGY,447.0922617,2031-10-01
Adverse,NZT,w1,2031,10,DIESEL,110.205118,2031-10-01
Adverse,NZT,w1,2031,10,FUEL OIL,266.1038471,2031-10-01
Adverse,NZT,w1,2031,10,GAS,711.4424773,2031-10-01
Adverse,NZT,w1,2031,10,GEOTHERMAL,598.4010092,2031-10-01
Adverse,NZT,w1,2031,10,HYDRO,1333.382595,2031-10-01
Adverse,NZT,w1,2031,10,IMPORTS,0,2031-10-01
Adverse,NZT,w1,2031,10,NUCLEAR,0,2031-10-01
Adverse,NZT,w1,2031,10,PV,501.2662616,2031-10-01
Adverse,NZT,w1,2031,10,WIND,355.3840771,2031-10-01
Adverse,NZT,w1,2031,11,BIOENERGY,306.661999,2031-11-01
Adverse,NZT,w1,2031,11,DIESEL,0,2031-11-01
Adverse,NZT,w1,2031,11,FUEL OIL,0,2031-11-01
Adverse,NZT,w1,2031,11,GAS,0,2031-11-01
Adverse,NZT,w1,2031,11,GEOTHERMAL,589.5506662,2031-11-01
Adverse,NZT,w1,2031,11,HYDRO,2813.800532,2031-11-01
Adverse,NZT,w1,2031,11,IMPORTS,0,2031-11-01
Adverse,NZT,w1,2031,11,NUCLEAR,0,2031-11-01
Adverse,NZT,w1,2031,11,PV,406.2781404,2031-11-01
Adverse,NZT,w1,2031,11,WIND,294.4728846,2031-11-01
Adverse,NZT,w1,2031,12,BIOENERGY,427.0336888,2031-12-01
Adverse,NZT,w1,2031,12,DIESEL,0,2031-12-01
Adverse,NZT,w1,2031,12,FUEL OIL,0,2031-12-01
Adverse,NZT,w1,2031,12,GAS,35.70280069,2031-12-01
Adverse,NZT,w1,2031,12,GEOTHERMAL,583.2561042,2031-12-01
Adverse,NZT,w1,2031,12,HYDRO,2776.969581,2031-12-01
Adverse,NZT,w1,2031,12,IMPORTS,0,2031-12-01
Adverse,NZT,w1,2031,12,NUCLEAR,0,2031-12-01
Adverse,NZT,w1,2031,12,PV,407.217303,2031-12-01
Adverse,NZT,w1,2031,12,WIND,286.036312,2031-12-01
Adverse,NZT,w1,2032,1,BIOENERGY,333.3585014,2032-01-01
Adverse,NZT,w1,2032,1,DIESEL,0,2032-01-01
Adverse,NZT,w1,2032,1,FUEL OIL,0,2032-01-01
Adverse,NZT,w1,2032,1,GAS,0,2032-01-01
Adverse,NZT,w1,2032,1,GEOTHERMAL,590.374328,2032-01-01
Adverse,NZT,w1,2032,1,HYDRO,2670.914362,2032-01-01
Adverse,NZT,w1,2032,1,IMPORTS,0,2032-01-01
Adverse,NZT,w1,2032,1,NUCLEAR,0,2032-01-01
Adverse,NZT,w1,2032,1,PV,563.3376692,2032-01-01
Adverse,NZT,w1,2032,1,WIND,336.356984,2032-01-01
Adverse,NZT,w1,2032,2,BIOENERGY,235.0097768,2032-02-01
Adverse,NZT,w1,2032,2,DIESEL,0,2032-02-01
Adverse,NZT,w1,2032,2,FUEL OIL,0,2032-02-01
Adverse,NZT,w1,2032,2,GAS,0,2032-02-01
Adverse,NZT,w1,2032,2,GEOTHERMAL,603.1851144,2032-02-01
Adverse,NZT,w1,2032,2,HYDRO,2781.106335,2032-02-01
Adverse,NZT,w1,2032,2,IMPORTS,0,2032-02-01
Adverse,NZT,w1,2032,2,NUCLEAR,0,2032-02-01
Adverse,NZT,w1,2032,2,PV,532.1950058,2032-02-01
Adverse,NZT,w1,2032,2,WIND,320.3778687,2032-02-01
Adverse,NZT,w1,2032,3,BIOENERGY,323.4504241,2032-03-01
Adverse,NZT,w1,2032,3,DIESEL,0,2032-03-01
Adverse,NZT,w1,2032,3,FUEL OIL,0,2032-03-01
Adverse,NZT,w1,2032,3,GAS,0,2032-03-01
Adverse,NZT,w1,2032,3,GEOTHERMAL,600.8349169,2032-03-01
Adverse,NZT,w1,2032,3,HYDRO,2757.676095,2032-03-01
Adverse,NZT,w1,2032,3,IMPORTS,0,2032-03-01
Adverse,NZT,w1,2032,3,NUCLEAR,0,2032-03-01
Adverse,NZT,w1,2032,3,PV,547.7956818,2032-03-01
Adverse,NZT,w1,2032,3,WIND,320.0640559,2032-03-01
Adverse,NZT,w1,2032,4,BIOENERGY,415.39454,2032-04-01
Adverse,NZT,w1,2032,4,DIESEL,0,2032-04-01
Adverse,NZT,w1,2032,4,FUEL OIL,0,2032-04-01
Adverse,NZT,w1,2032,4,GAS,0,2032-04-01
Adverse,NZT,w1,2032,4,GEOTHERMAL,591.8695513,2032-04-01
Adverse,NZT,w1,2032,4,HYDRO,2666.0945,2032-04-01
Adverse,NZT,w1,2032,4,IMPORTS,0,2032-04-01
Adverse,NZT,w1,2032,4,NUCLEAR,0,2032-04-01
Adverse,NZT,w1,2032,4,PV,542.4825955,2032-04-01
Adverse,NZT,w1,2032,4,WIND,357.1122564,2032-04-01
Adverse,NZT,w1,2032,5,BIOENERGY,434.8913596,2032-05-01
Adverse,NZT,w1,2032,5,DIESEL,217.8823761,2032-05-01
Adverse,NZT,w1,2032,5,FUEL OIL,312.2062436,2032-05-01
Adverse,NZT,w1,2032,5,GAS,697.4246182,2032-05-01
Adverse,NZT,w1,2032,5,GEOTHERMAL,575.1184587,2032-05-01
Adverse,NZT,w1,2032,5,HYDRO,1321.00117,2032-05-01
Adverse,NZT,w1,2032,5,IMPORTS,0,2032-05-01
Adverse,NZT,w1,2032,5,NUCLEAR,0,2032-05-01
Adverse,NZT,w1,2032,5,PV,618.5212339,2032-05-01
Adverse,NZT,w1,2032,5,WIND,373.2733488,2032-05-01
Adverse,NZT,w1,2032,6,BIOENERGY,431.4740573,2032-06-01
Adverse,NZT,w1,2032,6,DIESEL,109.8844846,2032-06-01
Adverse,NZT,w1,2032,6,FUEL OIL,196.6906584,2032-06-01
Adverse,NZT,w1,2032,6,GAS,670.5077213,2032-06-01
Adverse,NZT,w1,2032,6,GEOTHERMAL,596.3103361,2032-06-01
Adverse,NZT,w1,2032,6,HYDRO,1410.7073,2032-06-01
Adverse,NZT,w1,2032,6,IMPORTS,0,2032-06-01
Adverse,NZT,w1,2032,6,NUCLEAR,0,2032-06-01
Adverse,NZT,w1,2032,6,PV,644.5613993,2032-06-01
Adverse,NZT,w1,2032,6,WIND,390.0581941,2032-06-01
Adverse,NZT,w1,2032,7,BIOENERGY,444.4031557,2032-07-01
Adverse,NZT,w1,2032,7,DIESEL,111.0599017,2032-07-01
Adverse,NZT,w1,2032,7,FUEL OIL,93.60616457,2032-07-01
Adverse,NZT,w1,2032,7,GAS,673.2644245,2032-07-01
Adverse,NZT,w1,2032,7,GEOTHERMAL,590.6235271,2032-07-01
Adverse,NZT,w1,2032,7,HYDRO,1465.862263,2032-07-01
Adverse,NZT,w1,2032,7,IMPORTS,0,2032-07-01
Adverse,NZT,w1,2032,7,NUCLEAR,0,2032-07-01
Adverse,NZT,w1,2032,7,PV,639.5517993,2032-07-01
Adverse,NZT,w1,2032,7,WIND,372.8252531,2032-07-01
Adverse,NZT,w1,2032,8,BIOENERGY,447.2233266,2032-08-01
Adverse,NZT,w1,2032,8,DIESEL,109.0452663,2032-08-01
Adverse,NZT,w1,2032,8,FUEL OIL,91.12169999,2032-08-01
Adverse,NZT,w1,2032,8,GAS,603.8077133,2032-08-01
Adverse,NZT,w1,2032,8,GEOTHERMAL,604.2779945,2032-08-01
Adverse,NZT,w1,2032,8,HYDRO,1466.417449,2032-08-01
Adverse,NZT,w1,2032,8,IMPORTS,0,2032-08-01
Adverse,NZT,w1,2032,8,NUCLEAR,0,2032-08-01
Adverse,NZT,w1,2032,8,PV,657.906342,2032-08-01
Adverse,NZT,w1,2032,8,WIND,399.3787098,2032-08-01
Adverse,NZT,w1,2032,9,BIOENERGY,432.1250351,2032-09-01
Adverse,NZT,w1,2032,9,DIESEL,145.5255564,2032-09-01
Adverse,NZT,w1,2032,9,FUEL OIL,306.0866309,2032-09-01
Adverse,NZT,w1,2032,9,GAS,687.4391386,2032-09-01
Adverse,NZT,w1,2032,9,GEOTHERMAL,581.5390709,2032-09-01
Adverse,NZT,w1,2032,9,HYDRO,1304.936809,2032-09-01
Adverse,NZT,w1,2032,9,IMPORTS,0,2032-09-01
Adverse,NZT,w1,2032,9,NUCLEAR,0,2032-09-01
Adverse,NZT,w1,2032,9,PV,642.1477614,2032-09-01
Adverse,NZT,w1,2032,9,WIND,381.7234724,2032-09-01
Adverse,NZT,w1,2032,10,BIOENERGY,435.2194495,2032-10-01
Adverse,NZT,w1,2032,10,DIESEL,111.287455,2032-10-01
Adverse,NZT,w1,2032,10,FUEL OIL,92.28170386,2032-10-01
Adverse,NZT,w1,2032,10,GAS,653.7892485,2032-10-01
Adverse,NZT,w1,2032,10,GEOTHERMAL,573.7987011,2032-10-01
Adverse,NZT,w1,2032,10,HYDRO,1610.079855,2032-10-01
Adverse,NZT,w1,2032,10,IMPORTS,0,2032-10-01
Adverse,NZT,w1,2032,10,NUCLEAR,0,2032-10-01
Adverse,NZT,w1,2032,10,PV,646.3287354,2032-10-01
Adverse,NZT,w1,2032,10,WIND,373.4236053,2032-10-01
Adverse,NZT,w1,2032,11,BIOENERGY,323.7789252,2032-11-01
Adverse,NZT,w1,2032,11,DIESEL,0,2032-11-01
Adverse,NZT,w1,2032,11,FUEL OIL,0,2032-11-01
Adverse,NZT,w1,2032,11,GAS,0,2032-11-01
Adverse,NZT,w1,2032,11,GEOTHERMAL,591.4463061,2032-11-01
Adverse,NZT,w1,2032,11,HYDRO,2782.511635,2032-11-01
Adverse,NZT,w1,2032,11,IMPORTS,0,2032-11-01
Adverse,NZT,w1,2032,11,NUCLEAR,0,2032-11-01
Adverse,NZT,w1,2032,11,PV,559.0689824,2032-11-01
Adverse,NZT,w1,2032,11,WIND,330.3889421,2032-11-01
Adverse,NZT,w1,2032,12,BIOENERGY,438.2773823,2032-12-01
Adverse,NZT,w1,2032,12,DIESEL,0,2032-12-01
Adverse,NZT,w1,2032,12,FUEL OIL,0,2032-12-01
Adverse,NZT,w1,2032,12,GAS,0,2032-12-01
Adverse,NZT,w1,2032,12,GEOTHERMAL,588.5760163,2032-12-01
Adverse,NZT,w1,2032,12,HYDRO,2747.917339,2032-12-01
Adverse,NZT,w1,2032,12,IMPORTS,14.37320675,2032-12-01
Adverse,NZT,w1,2032,12,NUCLEAR,0,2032-12-01
Adverse,NZT,w1,2032,12,PV,563.296491,2032-12-01
Adverse,NZT,w1,2032,12,WIND,344.4239855,2032-12-01
Adverse,NZT,w1,2033,1,BIOENERGY,242.8342058,2033-01-01
Adverse,NZT,w1,2033,1,DIESEL,0,2033-01-01
Adverse,NZT,w1,2033,1,FUEL OIL,0,2033-01-01
Adverse,NZT,w1,2033,1,GAS,0,2033-01-01
Adverse,NZT,w1,2033,1,GEOTHERMAL,580.3924627,2033-01-01
Adverse,NZT,w1,2033,1,HYDRO,2703.157726,2033-01-01
Adverse,NZT,w1,2033,1,IMPORTS,0,2033-01-01
Adverse,NZT,w1,2033,1,NUCLEAR,0,2033-01-01
Adverse,NZT,w1,2033,1,PV,708.7033092,2033-01-01
Adverse,NZT,w1,2033,1,WIND,349.1409771,2033-01-01
Adverse,NZT,w1,2033,2,BIOENERGY,267.977517,2033-02-01
Adverse,NZT,w1,2033,2,DIESEL,0,2033-02-01
Adverse,NZT,w1,2033,2,FUEL OIL,0,2033-02-01
Adverse,NZT,w1,2033,2,GAS,0,2033-02-01
Adverse,NZT,w1,2033,2,GEOTHERMAL,584.7604022,2033-02-01
Adverse,NZT,w1,2033,2,HYDRO,2644.039586,2033-02-01
Adverse,NZT,w1,2033,2,IMPORTS,0,2033-02-01
Adverse,NZT,w1,2033,2,NUCLEAR,0,2033-02-01
Adverse,NZT,w1,2033,2,PV,723.2860139,2033-02-01
Adverse,NZT,w1,2033,2,WIND,341.2480644,2033-02-01
Adverse,NZT,w1,2033,3,BIOENERGY,220.9056901,2033-03-01
Adverse,NZT,w1,2033,3,DIESEL,0,2033-03-01
Adverse,NZT,w1,2033,3,FUEL OIL,0,2033-03-01
Adverse,NZT,w1,2033,3,GAS,0,2033-03-01
Adverse,NZT,w1,2033,3,GEOTHERMAL,588.6035028,2033-03-01
Adverse,NZT,w1,2033,3,HYDRO,2788.77169,2033-03-01
Adverse,NZT,w1,2033,3,IMPORTS,0,2033-03-01
Adverse,NZT,w1,2033,3,NUCLEAR,0,2033-03-01
Adverse,NZT,w1,2033,3,PV,692.0866658,2033-03-01
Adverse,NZT,w1,2033,3,WIND,350.4500476,2033-03-01
Adverse,NZT,w1,2033,4,BIOENERGY,326.3072598,2033-04-01
Adverse,NZT,w1,2033,4,DIESEL,0,2033-04-01
Adverse,NZT,w1,2033,4,FUEL OIL,0,2033-04-01
Adverse,NZT,w1,2033,4,GAS,0,2033-04-01
Adverse,NZT,w1,2033,4,GEOTHERMAL,571.5418269,2033-04-01
Adverse,NZT,w1,2033,4,HYDRO,2681.220813,2033-04-01
Adverse,NZT,w1,2033,4,IMPORTS,0,2033-04-01
Adverse,NZT,w1,2033,4,NUCLEAR,0,2033-04-01
Adverse,NZT,w1,2033,4,PV,718.5280091,2033-04-01
Adverse,NZT,w1,2033,4,WIND,366.8146028,2033-04-01
Adverse,NZT,w1,2033,5,BIOENERGY,426.7059285,2033-05-01
Adverse,NZT,w1,2033,5,DIESEL,110.6375935,2033-05-01
Adverse,NZT,w1,2033,5,FUEL OIL,92.42703004,2033-05-01
Adverse,NZT,w1,2033,5,GAS,479.2969983,2033-05-01
Adverse,NZT,w1,2033,5,GEOTHERMAL,601.5969306,2033-05-01
Adverse,NZT,w1,2033,5,HYDRO,1639.597688,2033-05-01
Adverse,NZT,w1,2033,5,IMPORTS,0,2033-05-01
Adverse,NZT,w1,2033,5,NUCLEAR,0,2033-05-01
Adverse,NZT,w1,2033,5,PV,878.3658844,2033-05-01
Adverse,NZT,w1,2033,5,WIND,412.6971324,2033-05-01
Adverse,NZT,w1,2033,6,BIOENERGY,449.4189438,2033-06-01
Adverse,NZT,w1,2033,6,DIESEL,108.5793525,2033-06-01
Adverse,NZT,w1,2033,6,FUEL OIL,180.1893293,2033-06-01
Adverse,NZT,w1,2033,6,GAS,685.086239,2033-06-01
Adverse,NZT,w1,2033,6,GEOTHERMAL,594.9486431,2033-06-01
Adverse,NZT,w1,2033,6,HYDRO,1245.969697,2033-06-01
Adverse,NZT,w1,2033,6,IMPORTS,0,2033-06-01
Adverse,NZT,w1,2033,6,NUCLEAR,0,2033-06-01
Adverse,NZT,w1,2033,6,PV,860.4543759,2033-06-01
Adverse,NZT,w1,2033,6,WIND,414.5514543,2033-06-01
Adverse,NZT,w1,2033,7,BIOENERGY,449.0814873,2033-07-01
Adverse,NZT,w1,2033,7,DIESEL,108.5435746,2033-07-01
Adverse,NZT,w1,2033,7,FUEL OIL,93.63157488,2033-07-01
Adverse,NZT,w1,2033,7,GAS,472.4998955,2033-07-01
Adverse,NZT,w1,2033,7,GEOTHERMAL,598.801651,2033-07-01
Adverse,NZT,w1,2033,7,HYDRO,1487.212862,2033-07-01
Adverse,NZT,w1,2033,7,IMPORTS,0,2033-07-01
Adverse,NZT,w1,2033,7,NUCLEAR,0,2033-07-01
Adverse,NZT,w1,2033,7,PV,863.1689848,2033-07-01
Adverse,NZT,w1,2033,7,WIND,406.0803891,2033-07-01
Adverse,NZT,w1,2033,8,BIOENERGY,445.399635,2033-08-01
Adverse,NZT,w1,2033,8,DIESEL,79.62437979,2033-08-01
Adverse,NZT,w1,2033,8,FUEL OIL,94.84885683,2033-08-01
Adverse,NZT,w1,2033,8,GAS,676.7477554,2033-08-01
Adverse,NZT,w1,2033,8,GEOTHERMAL,584.4033603,2033-08-01
Adverse,NZT,w1,2033,8,HYDRO,1307.557417,2033-08-01
Adverse,NZT,w1,2033,8,IMPORTS,0,2033-08-01
Adverse,NZT,w1,2033,8,NUCLEAR,0,2033-08-01
Adverse,NZT,w1,2033,8,PV,862.5664723,2033-08-01
Adverse,NZT,w1,2033,8,WIND,415.6141945,2033-08-01
Adverse,NZT,w1,2033,9,BIOENERGY,434.7503844,2033-09-01
Adverse,NZT,w1,2033,9,DIESEL,110.7191117,2033-09-01
Adverse,NZT,w1,2033,9,FUEL OIL,92.44340795,2033-09-01
Adverse,NZT,w1,2033,9,GAS,601.9154515,2033-09-01
Adverse,NZT,w1,2033,9,GEOTHERMAL,591.8127911,2033-09-01
Adverse,NZT,w1,2033,9,HYDRO,1428.511413,2033-09-01
Adverse,NZT,w1,2033,9,IMPORTS,0,2033-09-01
Adverse,NZT,w1,2033,9,NUCLEAR,0,2033-09-01
Adverse,NZT,w1,2033,9,PV,884.2670758,2033-09-01
Adverse,NZT,w1,2033,9,WIND,426.7343088,2033-09-01
Adverse,NZT,w1,2033,10,BIOENERGY,437.365278,2033-10-01
Adverse,NZT,w1,2033,10,DIESEL,111.6709166,2033-10-01
Adverse,NZT,w1,2033,10,FUEL OIL,96.41468561,2033-10-01
Adverse,NZT,w1,2033,10,GAS,683.4671025,2033-10-01
Adverse,NZT,w1,2033,10,GEOTHERMAL,588.4310755,2033-10-01
Adverse,NZT,w1,2033,10,HYDRO,1403.810751,2033-10-01
Adverse,NZT,w1,2033,10,IMPORTS,0,2033-10-01
Adverse,NZT,w1,2033,10,NUCLEAR,0,2033-10-01
Adverse,NZT,w1,2033,10,PV,869.6625301,2033-10-01
Adverse,NZT,w1,2033,10,WIND,395.3105889,2033-10-01
Adverse,NZT,w1,2033,11,BIOENERGY,198.8738342,2033-11-01
Adverse,NZT,w1,2033,11,DIESEL,0,2033-11-01
Adverse,NZT,w1,2033,11,FUEL OIL,0,2033-11-01
Adverse,NZT,w1,2033,11,GAS,0,2033-11-01
Adverse,NZT,w1,2033,11,GEOTHERMAL,593.9750425,2033-11-01
Adverse,NZT,w1,2033,11,HYDRO,2800.943909,2033-11-01
Adverse,NZT,w1,2033,11,IMPORTS,0,2033-11-01
Adverse,NZT,w1,2033,11,NUCLEAR,0,2033-11-01
Adverse,NZT,w1,2033,11,PV,711.7135696,2033-11-01
Adverse,NZT,w1,2033,11,WIND,373.4323318,2033-11-01
Adverse,NZT,w1,2033,12,BIOENERGY,384.5537123,2033-12-01
Adverse,NZT,w1,2033,12,DIESEL,0,2033-12-01
Adverse,NZT,w1,2033,12,FUEL OIL,32.23340975,2033-12-01
Adverse,NZT,w1,2033,12,GAS,0,2033-12-01
Adverse,NZT,w1,2033,12,GEOTHERMAL,593.9524865,2033-12-01
Adverse,NZT,w1,2033,12,HYDRO,2697.89562,2033-12-01
Adverse,NZT,w1,2033,12,IMPORTS,0,2033-12-01
Adverse,NZT,w1,2033,12,NUCLEAR,0,2033-12-01
Adverse,NZT,w1,2033,12,PV,706.9512783,2033-12-01
Adverse,NZT,w1,2033,12,WIND,375.2152024,2033-12-01
Adverse,NZT,w1,2034,1,BIOENERGY,223.101494,2034-01-01
Adverse,NZT,w1,2034,1,DIESEL,0,2034-01-01
Adverse,NZT,w1,2034,1,FUEL OIL,32.32837623,2034-01-01
Adverse,NZT,w1,2034,1,GAS,0,2034-01-01
Adverse,NZT,w1,2034,1,GEOTHERMAL,571.8666929,2034-01-01
Adverse,NZT,w1,2034,1,HYDRO,2573.220544,2034-01-01
Adverse,NZT,w1,2034,1,IMPORTS,0,2034-01-01
Adverse,NZT,w1,2034,1,NUCLEAR,0,2034-01-01
Adverse,NZT,w1,2034,1,PV,880.8121229,2034-01-01
Adverse,NZT,w1,2034,1,WIND,394.5840251,2034-01-01
Adverse,NZT,w1,2034,2,BIOENERGY,163.3660561,2034-02-01
Adverse,NZT,w1,2034,2,DIESEL,0,2034-02-01
Adverse,NZT,w1,2034,2,FUEL OIL,0,2034-02-01
Adverse,NZT,w1,2034,2,GAS,0,2034-02-01
Adverse,NZT,w1,2034,2,GEOTHERMAL,593.4534393,2034-02-01
Adverse,NZT,w1,2034,2,HYDRO,2662.284361,2034-02-01
Adverse,NZT,w1,2034,2,IMPORTS,0,2034-02-01
Adverse,NZT,w1,2034,2,NUCLEAR,0,2034-02-01
Adverse,NZT,w1,2034,2,PV,825.1946242,2034-02-01
Adverse,NZT,w1,2034,2,WIND,408.2393337,2034-02-01
Adverse,NZT,w1,2034,3,BIOENERGY,136.3463329,2034-03-01
Adverse,NZT,w1,2034,3,DIESEL,0,2034-03-01
Adverse,NZT,w1,2034,3,FUEL OIL,0,2034-03-01
Adverse,NZT,w1,2034,3,GAS,0,2034-03-01
Adverse,NZT,w1,2034,3,GEOTHERMAL,574.1096157,2034-03-01
Adverse,NZT,w1,2034,3,HYDRO,2744.192886,2034-03-01
Adverse,NZT,w1,2034,3,IMPORTS,0,2034-03-01
Adverse,NZT,w1,2034,3,NUCLEAR,0,2034-03-01
Adverse,NZT,w1,2034,3,PV,857.6890641,2034-03-01
Adverse,NZT,w1,2034,3,WIND,421.29605,2034-03-01
Adverse,NZT,w1,2034,4,BIOENERGY,307.5813856,2034-04-01
Adverse,NZT,w1,2034,4,DIESEL,0,2034-04-01
Adverse,NZT,w1,2034,4,FUEL OIL,0,2034-04-01
Adverse,NZT,w1,2034,4,GAS,0,2034-04-01
Adverse,NZT,w1,2034,4,GEOTHERMAL,592.029176,2034-04-01
Adverse,NZT,w1,2034,4,HYDRO,2617.255206,2034-04-01
Adverse,NZT,w1,2034,4,IMPORTS,0,2034-04-01
Adverse,NZT,w1,2034,4,NUCLEAR,0,2034-04-01
Adverse,NZT,w1,2034,4,PV,854.112226,2034-04-01
Adverse,NZT,w1,2034,4,WIND,386.7227686,2034-04-01
Adverse,NZT,w1,2034,5,BIOENERGY,443.8262168,2034-05-01
Adverse,NZT,w1,2034,5,DIESEL,111.5823793,2034-05-01
Adverse,NZT,w1,2034,5,FUEL OIL,93.63369316,2034-05-01
Adverse,NZT,w1,2034,5,GAS,552.8800946,2034-05-01
Adverse,NZT,w1,2034,5,GEOTHERMAL,598.7438251,2034-05-01
Adverse,NZT,w1,2034,5,HYDRO,1442.824255,2034-05-01
Adverse,NZT,w1,2034,5,IMPORTS,0,2034-05-01
Adverse,NZT,w1,2034,5,NUCLEAR,0,2034-05-01
Adverse,NZT,w1,2034,5,PV,1036.896345,2034-05-01
Adverse,NZT,w1,2034,5,WIND,453.7648805,2034-05-01
Adverse,NZT,w1,2034,6,BIOENERGY,439.5201794,2034-06-01
Adverse,NZT,w1,2034,6,DIESEL,71.75906997,2034-06-01
Adverse,NZT,w1,2034,6,FUEL OIL,92.03674967,2034-06-01
Adverse,NZT,w1,2034,6,GAS,633.5903043,2034-06-01
Adverse,NZT,w1,2034,6,GEOTHERMAL,604.0274239,2034-06-01
Adverse,NZT,w1,2034,6,HYDRO,1336.527469,2034-06-01
Adverse,NZT,w1,2034,6,IMPORTS,0,2034-06-01
Adverse,NZT,w1,2034,6,NUCLEAR,0,2034-06-01
Adverse,NZT,w1,2034,6,PV,1009.038848,2034-06-01
Adverse,NZT,w1,2034,6,WIND,443.4819506,2034-06-01
Adverse,NZT,w1,2034,7,BIOENERGY,454.5759136,2034-07-01
Adverse,NZT,w1,2034,7,DIESEL,110.2369961,2034-07-01
Adverse,NZT,w1,2034,7,FUEL OIL,92.66673057,2034-07-01
Adverse,NZT,w1,2034,7,GAS,543.4025065,2034-07-01
Adverse,NZT,w1,2034,7,GEOTHERMAL,593.9809155,2034-07-01
Adverse,NZT,w1,2034,7,HYDRO,1311.213466,2034-07-01
Adverse,NZT,w1,2034,7,IMPORTS,0,2034-07-01
Adverse,NZT,w1,2034,7,NUCLEAR,0,2034-07-01
Adverse,NZT,w1,2034,7,PV,1009.37605,2034-07-01
Adverse,NZT,w1,2034,7,WIND,453.1482497,2034-07-01
Adverse,NZT,w1,2034,8,BIOENERGY,445.0052973,2034-08-01
Adverse,NZT,w1,2034,8,DIESEL,111.3279581,2034-08-01
Adverse,NZT,w1,2034,8,FUEL OIL,93.29099118,2034-08-01
Adverse,NZT,w1,2034,8,GAS,617.9298012,2034-08-01
Adverse,NZT,w1,2034,8,GEOTHERMAL,580.9879485,2034-08-01
Adverse,NZT,w1,2034,8,HYDRO,1252.412917,2034-08-01
Adverse,NZT,w1,2034,8,IMPORTS,0,2034-08-01
Adverse,NZT,w1,2034,8,NUCLEAR,0,2034-08-01
Adverse,NZT,w1,2034,8,PV,1006.972207,2034-08-01
Adverse,NZT,w1,2034,8,WIND,448.1701926,2034-08-01
Adverse,NZT,w1,2034,9,BIOENERGY,447.6662838,2034-09-01
Adverse,NZT,w1,2034,9,DIESEL,112.0078942,2034-09-01
Adverse,NZT,w1,2034,9,FUEL OIL,92.60319383,2034-09-01
Adverse,NZT,w1,2034,9,GAS,575.0999366,2034-09-01
Adverse,NZT,w1,2034,9,GEOTHERMAL,595.2932799,2034-09-01
Adverse,NZT,w1,2034,9,HYDRO,1365.367464,2034-09-01
Adverse,NZT,w1,2034,9,IMPORTS,0,2034-09-01
Adverse,NZT,w1,2034,9,NUCLEAR,0,2034-09-01
Adverse,NZT,w1,2034,9,PV,1024.902795,2034-09-01
Adverse,NZT,w1,2034,9,WIND,449.6361761,2034-09-01
Adverse,NZT,w1,2034,10,BIOENERGY,448.3631599,2034-10-01
Adverse,NZT,w1,2034,10,DIESEL,109.6588076,2034-10-01
Adverse,NZT,w1,2034,10,FUEL OIL,93.42853219,2034-10-01
Adverse,NZT,w1,2034,10,GAS,612.3931336,2034-10-01
Adverse,NZT,w1,2034,10,GEOTHERMAL,607.1397981,2034-10-01
Adverse,NZT,w1,2034,10,HYDRO,1345.353137,2034-10-01
Adverse,NZT,w1,2034,10,IMPORTS,0,2034-10-01
Adverse,NZT,w1,2034,10,NUCLEAR,0,2034-10-01
Adverse,NZT,w1,2034,10,PV,1015.149514,2034-10-01
Adverse,NZT,w1,2034,10,WIND,446.3695044,2034-10-01
Adverse,NZT,w1,2034,11,BIOENERGY,167.1960809,2034-11-01
Adverse,NZT,w1,2034,11,DIESEL,0,2034-11-01
Adverse,NZT,w1,2034,11,FUEL OIL,0,2034-11-01
Adverse,NZT,w1,2034,11,GAS,0,2034-11-01
Adverse,NZT,w1,2034,11,GEOTHERMAL,585.9546262,2034-11-01
Adverse,NZT,w1,2034,11,HYDRO,2817.865556,2034-11-01
Adverse,NZT,w1,2034,11,IMPORTS,0,2034-11-01
Adverse,NZT,w1,2034,11,NUCLEAR,0,2034-11-01
Adverse,NZT,w1,2034,11,PV,801.8002359,2034-11-01
Adverse,NZT,w1,2034,11,WIND,399.6793483,2034-11-01
Adverse,NZT,w1,2034,12,BIOENERGY,376.119479,2034-12-01
Adverse,NZT,w1,2034,12,DIESEL,0,2034-12-01
Adverse,NZT,w1,2034,12,FUEL OIL,32.67690228,2034-12-01
Adverse,NZT,w1,2034,12,GAS,0,2034-12-01
Adverse,NZT,w1,2034,12,GEOTHERMAL,575.7484099,2034-12-01
Adverse,NZT,w1,2034,12,HYDRO,2667.802445,2034-12-01
Adverse,NZT,w1,2034,12,IMPORTS,0,2034-12-01
Adverse,NZT,w1,2034,12,NUCLEAR,0,2034-12-01
Adverse,NZT,w1,2034,12,PV,841.6216472,2034-12-01
Adverse,NZT,w1,2034,12,WIND,392.6488605,2034-12-01
Adverse,NZT,w1,2035,1,BIOENERGY,252.1299735,2035-01-01
Adverse,NZT,w1,2035,1,DIESEL,0,2035-01-01
Adverse,NZT,w1,2035,1,FUEL OIL,0,2035-01-01
Adverse,NZT,w1,2035,1,GAS,0,2035-01-01
Adverse,NZT,w1,2035,1,GEOTHERMAL,582.0440145,2035-01-01
Adverse,NZT,w1,2035,1,HYDRO,2653.973183,2035-01-01
Adverse,NZT,w1,2035,1,IMPORTS,0,2035-01-01
Adverse,NZT,w1,2035,1,NUCLEAR,0,2035-01-01
Adverse,NZT,w1,2035,1,PV,891.5748447,2035-01-01
Adverse,NZT,w1,2035,1,WIND,388.2302739,2035-01-01
Adverse,NZT,w1,2035,2,BIOENERGY,321.5980894,2035-02-01
Adverse,NZT,w1,2035,2,DIESEL,0,2035-02-01
Adverse,NZT,w1,2035,2,FUEL OIL,0,2035-02-01
Adverse,NZT,w1,2035,2,GAS,0,2035-02-01
Adverse,NZT,w1,2035,2,GEOTHERMAL,577.5468059,2035-02-01
Adverse,NZT,w1,2035,2,HYDRO,2569.407635,2035-02-01
Adverse,NZT,w1,2035,2,IMPORTS,0,2035-02-01
Adverse,NZT,w1,2035,2,NUCLEAR,0,2035-02-01
Adverse,NZT,w1,2035,2,PV,886.3072086,2035-02-01
Adverse,NZT,w1,2035,2,WIND,390.7288325,2035-02-01
Adverse,NZT,w1,2035,3,BIOENERGY,333.3066931,2035-03-01
Adverse,NZT,w1,2035,3,DIESEL,0,2035-03-01
Adverse,NZT,w1,2035,3,FUEL OIL,0,2035-03-01
Adverse,NZT,w1,2035,3,GAS,0,2035-03-01
Adverse,NZT,w1,2035,3,GEOTHERMAL,594.1260818,2035-03-01
Adverse,NZT,w1,2035,3,HYDRO,2616.107356,2035-03-01
Adverse,NZT,w1,2035,3,IMPORTS,0,2035-03-01
Adverse,NZT,w1,2035,3,NUCLEAR,0,2035-03-01
Adverse,NZT,w1,2035,3,PV,878.4747039,2035-03-01
Adverse,NZT,w1,2035,3,WIND,406.2917927,2035-03-01
Adverse,NZT,w1,2035,4,BIOENERGY,143.9674761,2035-04-01
Adverse,NZT,w1,2035,4,DIESEL,0,2035-04-01
Adverse,NZT,w1,2035,4,FUEL OIL,0,2035-04-01
Adverse,NZT,w1,2035,4,GAS,0,2035-04-01
Adverse,NZT,w1,2035,4,GEOTHERMAL,583.9318576,2035-04-01
Adverse,NZT,w1,2035,4,HYDRO,2849.72594,2035-04-01
Adverse,NZT,w1,2035,4,IMPORTS,0,2035-04-01
Adverse,NZT,w1,2035,4,NUCLEAR,0,2035-04-01
Adverse,NZT,w1,2035,4,PV,881.7915332,2035-04-01
Adverse,NZT,w1,2035,4,WIND,393.4379704,2035-04-01
Adverse,NZT,w1,2035,5,BIOENERGY,439.0448991,2035-05-01
Adverse,NZT,w1,2035,5,DIESEL,72.46715972,2035-05-01
Adverse,NZT,w1,2035,5,FUEL OIL,105.621569,2035-05-01
Adverse,NZT,w1,2035,5,GAS,627.4969904,2035-05-01
Adverse,NZT,w1,2035,5,GEOTHERMAL,609.525769,2035-05-01
Adverse,NZT,w1,2035,5,HYDRO,1442.239758,2035-05-01
Adverse,NZT,w1,2035,5,IMPORTS,0,2035-05-01
Adverse,NZT,w1,2035,5,NUCLEAR,0,2035-05-01
Adverse,NZT,w1,2035,5,PV,1067.229084,2035-05-01
Adverse,NZT,w1,2035,5,WIND,465.2094942,2035-05-01
Adverse,NZT,w1,2035,6,BIOENERGY,450.9429308,2035-06-01
Adverse,NZT,w1,2035,6,DIESEL,72.28186884,2035-06-01
Adverse,NZT,w1,2035,6,FUEL OIL,214.864259,2035-06-01
Adverse,NZT,w1,2035,6,GAS,690.8426998,2035-06-01
Adverse,NZT,w1,2035,6,GEOTHERMAL,575.1930564,2035-06-01
Adverse,NZT,w1,2035,6,HYDRO,1219.410752,2035-06-01
Adverse,NZT,w1,2035,6,IMPORTS,0,2035-06-01
Adverse,NZT,w1,2035,6,NUCLEAR,0,2035-06-01
Adverse,NZT,w1,2035,6,PV,1052.03155,2035-06-01
Adverse,NZT,w1,2035,6,WIND,447.014518,2035-06-01
Adverse,NZT,w1,2035,7,BIOENERGY,449.2080185,2035-07-01
Adverse,NZT,w1,2035,7,DIESEL,70.56440015,2035-07-01
Adverse,NZT,w1,2035,7,FUEL OIL,93.13144286,2035-07-01
Adverse,NZT,w1,2035,7,GAS,636.5030266,2035-07-01
Adverse,NZT,w1,2035,7,GEOTHERMAL,575.5755873,2035-07-01
Adverse,NZT,w1,2035,7,HYDRO,1312.76321,2035-07-01
Adverse,NZT,w1,2035,7,IMPORTS,0,2035-07-01
Adverse,NZT,w1,2035,7,NUCLEAR,0,2035-07-01
Adverse,NZT,w1,2035,7,PV,1085.12405,2035-07-01
Adverse,NZT,w1,2035,7,WIND,437.1031087,2035-07-01
Adverse,NZT,w1,2035,8,BIOENERGY,438.3299576,2035-08-01
Adverse,NZT,w1,2035,8,DIESEL,71.32226816,2035-08-01
Adverse,NZT,w1,2035,8,FUEL OIL,92.09630473,2035-08-01
Adverse,NZT,w1,2035,8,GAS,518.2761073,2035-08-01
Adverse,NZT,w1,2035,8,GEOTHERMAL,598.7552031,2035-08-01
Adverse,NZT,w1,2035,8,HYDRO,1421.739509,2035-08-01
Adverse,NZT,w1,2035,8,IMPORTS,0,2035-08-01
Adverse,NZT,w1,2035,8,NUCLEAR,0,2035-08-01
Adverse,NZT,w1,2035,8,PV,1055.341465,2035-08-01
Adverse,NZT,w1,2035,8,WIND,451.3584441,2035-08-01
Adverse,NZT,w1,2035,9,BIOENERGY,428.0423738,2035-09-01
Adverse,NZT,w1,2035,9,DIESEL,72.79091802,2035-09-01
Adverse,NZT,w1,2035,9,FUEL OIL,117.5191436,2035-09-01
Adverse,NZT,w1,2035,9,GAS,694.7034207,2035-09-01
Adverse,NZT,w1,2035,9,GEOTHERMAL,596.1785254,2035-09-01
Adverse,NZT,w1,2035,9,HYDRO,1301.8444,2035-09-01
Adverse,NZT,w1,2035,9,IMPORTS,0,2035-09-01
Adverse,NZT,w1,2035,9,NUCLEAR,0,2035-09-01
Adverse,NZT,w1,2035,9,PV,1081.834432,2035-09-01
Adverse,NZT,w1,2035,9,WIND,462.9153498,2035-09-01
Adverse,NZT,w1,2035,10,BIOENERGY,447.5180816,2035-10-01
Adverse,NZT,w1,2035,10,DIESEL,72.63205916,2035-10-01
Adverse,NZT,w1,2035,10,FUEL OIL,91.572728,2035-10-01
Adverse,NZT,w1,2035,10,GAS,509.5885735,2035-10-01
Adverse,NZT,w1,2035,10,GEOTHERMAL,595.5082487,2035-10-01
Adverse,NZT,w1,2035,10,HYDRO,1514.743515,2035-10-01
Adverse,NZT,w1,2035,10,IMPORTS,0,2035-10-01
Adverse,NZT,w1,2035,10,NUCLEAR,0,2035-10-01
Adverse,NZT,w1,2035,10,PV,1066.361127,2035-10-01
Adverse,NZT,w1,2035,10,WIND,473.4883658,2035-10-01
Adverse,NZT,w1,2035,11,BIOENERGY,92.62311409,2035-11-01
Adverse,NZT,w1,2035,11,DIESEL,0,2035-11-01
Adverse,NZT,w1,2035,11,FUEL OIL,40.0840398,2035-11-01
Adverse,NZT,w1,2035,11,GAS,0,2035-11-01
Adverse,NZT,w1,2035,11,GEOTHERMAL,585.8408823,2035-11-01
Adverse,NZT,w1,2035,11,HYDRO,2851.833722,2035-11-01
Adverse,NZT,w1,2035,11,IMPORTS,0,2035-11-01
Adverse,NZT,w1,2035,11,NUCLEAR,0,2035-11-01
Adverse,NZT,w1,2035,11,PV,905.8991342,2035-11-01
Adverse,NZT,w1,2035,11,WIND,391.686918,2035-11-01
Adverse,NZT,w1,2035,12,BIOENERGY,452.4308953,2035-12-01
Adverse,NZT,w1,2035,12,DIESEL,0,2035-12-01
Adverse,NZT,w1,2035,12,FUEL OIL,38.38142297,2035-12-01
Adverse,NZT,w1,2035,12,GAS,0,2035-12-01
Adverse,NZT,w1,2035,12,GEOTHERMAL,598.4699049,2035-12-01
Adverse,NZT,w1,2035,12,HYDRO,2595.746207,2035-12-01
Adverse,NZT,w1,2035,12,IMPORTS,0,2035-12-01
Adverse,NZT,w1,2035,12,NUCLEAR,0,2035-12-01
Adverse,NZT,w1,2035,12,PV,892.5306005,2035-12-01
Adverse,NZT,w1,2035,12,WIND,406.7910673,2035-12-01
Adverse,NZT,w1,2036,1,BIOENERGY,445.1462585,2036-01-01
Adverse,NZT,w1,2036,1,DIESEL,0,2036-01-01
Adverse,NZT,w1,2036,1,FUEL OIL,0,2036-01-01
Adverse,NZT,w1,2036,1,GAS,0,2036-01-01
Adverse,NZT,w1,2036,1,GEOTHERMAL,578.7986111,2036-01-01
Adverse,NZT,w1,2036,1,HYDRO,2483.558349,2036-01-01
Adverse,NZT,w1,2036,1,IMPORTS,0,2036-01-01
Adverse,NZT,w1,2036,1,NUCLEAR,0,2036-01-01
Adverse,NZT,w1,2036,1,PV,944.6951942,2036-01-01
Adverse,NZT,w1,2036,1,WIND,412.6217373,2036-01-01
Adverse,NZT,w1,2036,2,BIOENERGY,131.276446,2036-02-01
Adverse,NZT,w1,2036,2,DIESEL,0,2036-02-01
Adverse,NZT,w1,2036,2,FUEL OIL,0,2036-02-01
Adverse,NZT,w1,2036,2,GAS,0,2036-02-01
Adverse,NZT,w1,2036,2,GEOTHERMAL,607.556282,2036-02-01
Adverse,NZT,w1,2036,2,HYDRO,2728.032131,2036-02-01
Adverse,NZT,w1,2036,2,IMPORTS,0,2036-02-01
Adverse,NZT,w1,2036,2,NUCLEAR,0,2036-02-01
Adverse,NZT,w1,2036,2,PV,935.9878228,2036-02-01
Adverse,NZT,w1,2036,2,WIND,435.5804512,2036-02-01
Adverse,NZT,w1,2036,3,BIOENERGY,220.1453144,2036-03-01
Adverse,NZT,w1,2036,3,DIESEL,0,2036-03-01
Adverse,NZT,w1,2036,3,FUEL OIL,32.84584021,2036-03-01
Adverse,NZT,w1,2036,3,GAS,0,2036-03-01
Adverse,NZT,w1,2036,3,GEOTHERMAL,595.9291859,2036-03-01
Adverse,NZT,w1,2036,3,HYDRO,2698.245142,2036-03-01
Adverse,NZT,w1,2036,3,IMPORTS,0,2036-03-01
Adverse,NZT,w1,2036,3,NUCLEAR,0,2036-03-01
Adverse,NZT,w1,2036,3,PV,952.3713545,2036-03-01
Adverse,NZT,w1,2036,3,WIND,425.3359234,2036-03-01
Adverse,NZT,w1,2036,4,BIOENERGY,111.3035217,2036-04-01
Adverse,NZT,w1,2036,4,DIESEL,0,2036-04-01
Adverse,NZT,w1,2036,4,FUEL OIL,31.67786395,2036-04-01
Adverse,NZT,w1,2036,4,GAS,0,2036-04-01
Adverse,NZT,w1,2036,4,GEOTHERMAL,588.3673041,2036-04-01
Adverse,NZT,w1,2036,4,HYDRO,2849.638293,2036-04-01
Adverse,NZT,w1,2036,4,IMPORTS,0,2036-04-01
Adverse,NZT,w1,2036,4,NUCLEAR,0,2036-04-01
Adverse,NZT,w1,2036,4,PV,924.0858366,2036-04-01
Adverse,NZT,w1,2036,4,WIND,444.8390537,2036-04-01
Adverse,NZT,w1,2036,5,BIOENERGY,440.3716716,2036-05-01
Adverse,NZT,w1,2036,5,DIESEL,73.24934457,2036-05-01
Adverse,NZT,w1,2036,5,FUEL OIL,114.3369921,2036-05-01
Adverse,NZT,w1,2036,5,GAS,619.0545597,2036-05-01
Adverse,NZT,w1,2036,5,GEOTHERMAL,602.1238241,2036-05-01
Adverse,NZT,w1,2036,5,HYDRO,1445.531707,2036-05-01
Adverse,NZT,w1,2036,5,IMPORTS,0,2036-05-01
Adverse,NZT,w1,2036,5,NUCLEAR,0,2036-05-01
Adverse,NZT,w1,2036,5,PV,1133.876888,2036-05-01
Adverse,NZT,w1,2036,5,WIND,496.8664298,2036-05-01
Adverse,NZT,w1,2036,6,BIOENERGY,446.8548505,2036-06-01
Adverse,NZT,w1,2036,6,DIESEL,73.69953037,2036-06-01
Adverse,NZT,w1,2036,6,FUEL OIL,130.6689309,2036-06-01
Adverse,NZT,w1,2036,6,GAS,702.1058747,2036-06-01
Adverse,NZT,w1,2036,6,GEOTHERMAL,594.7491656,2036-06-01
Adverse,NZT,w1,2036,6,HYDRO,1262.752061,2036-06-01
Adverse,NZT,w1,2036,6,IMPORTS,0,2036-06-01
Adverse,NZT,w1,2036,6,NUCLEAR,0,2036-06-01
Adverse,NZT,w1,2036,6,PV,1120.274367,2036-06-01
Adverse,NZT,w1,2036,6,WIND,485.9284874,2036-06-01
Adverse,NZT,w1,2036,7,BIOENERGY,426.1930681,2036-07-01
Adverse,NZT,w1,2036,7,DIESEL,72.24799841,2036-07-01
Adverse,NZT,w1,2036,7,FUEL OIL,129.8208488,2036-07-01
Adverse,NZT,w1,2036,7,GAS,685.20809,2036-07-01
Adverse,NZT,w1,2036,7,GEOTHERMAL,594.8331569,2036-07-01
Adverse,NZT,w1,2036,7,HYDRO,1249.671129,2036-07-01
Adverse,NZT,w1,2036,7,IMPORTS,0,2036-07-01
Adverse,NZT,w1,2036,7,NUCLEAR,0,2036-07-01
Adverse,NZT,w1,2036,7,PV,1089.313007,2036-07-01
Adverse,NZT,w1,2036,7,WIND,505.8850031,2036-07-01
Adverse,NZT,w1,2036,8,BIOENERGY,440.7111509,2036-08-01
Adverse,NZT,w1,2036,8,DIESEL,74.06652838,2036-08-01
Adverse,NZT,w1,2036,8,FUEL OIL,90.64349946,2036-08-01
Adverse,NZT,w1,2036,8,GAS,529.8596138,2036-08-01
Adverse,NZT,w1,2036,8,GEOTHERMAL,585.7893549,2036-08-01
Adverse,NZT,w1,2036,8,HYDRO,1394.429906,2036-08-01
Adverse,NZT,w1,2036,8,IMPORTS,0,2036-08-01
Adverse,NZT,w1,2036,8,NUCLEAR,0,2036-08-01
Adverse,NZT,w1,2036,8,PV,1122.213783,2036-08-01
Adverse,NZT,w1,2036,8,WIND,502.4498079,2036-08-01
Adverse,NZT,w1,2036,9,BIOENERGY,448.3303713,2036-09-01
Adverse,NZT,w1,2036,9,DIESEL,72.73457605,2036-09-01
Adverse,NZT,w1,2036,9,FUEL OIL,92.79913243,2036-09-01
Adverse,NZT,w1,2036,9,GAS,559.9788777,2036-09-01
Adverse,NZT,w1,2036,9,GEOTHERMAL,602.9374042,2036-09-01
Adverse,NZT,w1,2036,9,HYDRO,1438.041389,2036-09-01
Adverse,NZT,w1,2036,9,IMPORTS,0,2036-09-01
Adverse,NZT,w1,2036,9,NUCLEAR,0,2036-09-01
Adverse,NZT,w1,2036,9,PV,1149.177039,2036-09-01
Adverse,NZT,w1,2036,9,WIND,486.9463457,2036-09-01
Adverse,NZT,w1,2036,10,BIOENERGY,445.1088112,2036-10-01
Adverse,NZT,w1,2036,10,DIESEL,71.93812138,2036-10-01
Adverse,NZT,w1,2036,10,FUEL OIL,90.50970945,2036-10-01
Adverse,NZT,w1,2036,10,GAS,476.1163461,2036-10-01
Adverse,NZT,w1,2036,10,GEOTHERMAL,586.2676131,2036-10-01
Adverse,NZT,w1,2036,10,HYDRO,1597.752756,2036-10-01
Adverse,NZT,w1,2036,10,IMPORTS,0,2036-10-01
Adverse,NZT,w1,2036,10,NUCLEAR,0,2036-10-01
Adverse,NZT,w1,2036,10,PV,1121.619083,2036-10-01
Adverse,NZT,w1,2036,10,WIND,477.5285125,2036-10-01
Adverse,NZT,w1,2036,11,BIOENERGY,222.0354724,2036-11-01
Adverse,NZT,w1,2036,11,DIESEL,0,2036-11-01
Adverse,NZT,w1,2036,11,FUEL OIL,32.96064053,2036-11-01
Adverse,NZT,w1,2036,11,GAS,0,2036-11-01
Adverse,NZT,w1,2036,11,GEOTHERMAL,579.6177752,2036-11-01
Adverse,NZT,w1,2036,11,HYDRO,2799.445626,2036-11-01
Adverse,NZT,w1,2036,11,IMPORTS,0,2036-11-01
Adverse,NZT,w1,2036,11,NUCLEAR,0,2036-11-01
Adverse,NZT,w1,2036,11,PV,900.666289,2036-11-01
Adverse,NZT,w1,2036,11,WIND,430.6013632,2036-11-01
Adverse,NZT,w1,2036,12,BIOENERGY,444.2730518,2036-12-01
Adverse,NZT,w1,2036,12,DIESEL,0,2036-12-01
Adverse,NZT,w1,2036,12,FUEL OIL,31.29185108,2036-12-01
Adverse,NZT,w1,2036,12,GAS,0,2036-12-01
Adverse,NZT,w1,2036,12,GEOTHERMAL,600.6219955,2036-12-01
Adverse,NZT,w1,2036,12,HYDRO,2639.153076,2036-12-01
Adverse,NZT,w1,2036,12,IMPORTS,0,2036-12-01
Adverse,NZT,w1,2036,12,NUCLEAR,0,2036-12-01
Adverse,NZT,w1,2036,12,PV,943.9737738,2036-12-01
Adverse,NZT,w1,2036,12,WIND,424.723352,2036-12-01
Adverse,NZT,w1,2037,1,BIOENERGY,106.2178351,2037-01-01
Adverse,NZT,w1,2037,1,DIESEL,0,2037-01-01
Adverse,NZT,w1,2037,1,FUEL OIL,0,2037-01-01
Adverse,NZT,w1,2037,1,GAS,0,2037-01-01
Adverse,NZT,w1,2037,1,GEOTHERMAL,573.0111472,2037-01-01
Adverse,NZT,w1,2037,1,HYDRO,2896.715471,2037-01-01
Adverse,NZT,w1,2037,1,IMPORTS,0,2037-01-01
Adverse,NZT,w1,2037,1,NUCLEAR,0,2037-01-01
Adverse,NZT,w1,2037,1,PV,934.5113601,2037-01-01
Adverse,NZT,w1,2037,1,WIND,451.6607397,2037-01-01
Adverse,NZT,w1,2037,2,BIOENERGY,17.62394948,2037-02-01
Adverse,NZT,w1,2037,2,DIESEL,0,2037-02-01
Adverse,NZT,w1,2037,2,FUEL OIL,0,2037-02-01
Adverse,NZT,w1,2037,2,GAS,0,2037-02-01
Adverse,NZT,w1,2037,2,GEOTHERMAL,585.2038259,2037-02-01
Adverse,NZT,w1,2037,2,HYDRO,2967.418255,2037-02-01
Adverse,NZT,w1,2037,2,IMPORTS,0,2037-02-01
Adverse,NZT,w1,2037,2,NUCLEAR,0,2037-02-01
Adverse,NZT,w1,2037,2,PV,931.8586497,2037-02-01
Adverse,NZT,w1,2037,2,WIND,435.2056696,2037-02-01
Adverse,NZT,w1,2037,3,BIOENERGY,44.08781404,2037-03-01
Adverse,NZT,w1,2037,3,DIESEL,0,2037-03-01
Adverse,NZT,w1,2037,3,FUEL OIL,0,2037-03-01
Adverse,NZT,w1,2037,3,GAS,0,2037-03-01
Adverse,NZT,w1,2037,3,GEOTHERMAL,590.1003779,2037-03-01
Adverse,NZT,w1,2037,3,HYDRO,3030.204765,2037-03-01
Adverse,NZT,w1,2037,3,IMPORTS,0,2037-03-01
Adverse,NZT,w1,2037,3,NUCLEAR,0,2037-03-01
Adverse,NZT,w1,2037,3,PV,925.1302591,2037-03-01
Adverse,NZT,w1,2037,3,WIND,433.8469996,2037-03-01
Adverse,NZT,w1,2037,4,BIOENERGY,24.61966764,2037-04-01
Adverse,NZT,w1,2037,4,DIESEL,0,2037-04-01
Adverse,NZT,w1,2037,4,FUEL OIL,0,2037-04-01
Adverse,NZT,w1,2037,4,GAS,0,2037-04-01
Adverse,NZT,w1,2037,4,GEOTHERMAL,578.2742972,2037-04-01
Adverse,NZT,w1,2037,4,HYDRO,3079.489943,2037-04-01
Adverse,NZT,w1,2037,4,IMPORTS,0,2037-04-01
Adverse,NZT,w1,2037,4,NUCLEAR,0,2037-04-01
Adverse,NZT,w1,2037,4,PV,942.3973638,2037-04-01
Adverse,NZT,w1,2037,4,WIND,424.1288389,2037-04-01
Adverse,NZT,w1,2037,5,BIOENERGY,448.36133,2037-05-01
Adverse,NZT,w1,2037,5,DIESEL,71.53341018,2037-05-01
Adverse,NZT,w1,2037,5,FUEL OIL,141.116906,2037-05-01
Adverse,NZT,w1,2037,5,GAS,689.597176,2037-05-01
Adverse,NZT,w1,2037,5,GEOTHERMAL,594.0177073,2037-05-01
Adverse,NZT,w1,2037,5,HYDRO,1464.967952,2037-05-01
Adverse,NZT,w1,2037,5,IMPORTS,0,2037-05-01
Adverse,NZT,w1,2037,5,NUCLEAR,0,2037-05-01
Adverse,NZT,w1,2037,5,PV,1141.369563,2037-05-01
Adverse,NZT,w1,2037,5,WIND,472.9556012,2037-05-01
Adverse,NZT,w1,2037,6,BIOENERGY,449.4968046,2037-06-01
Adverse,NZT,w1,2037,6,DIESEL,72.1189023,2037-06-01
Adverse,NZT,w1,2037,6,FUEL OIL,95.05138703,2037-06-01
Adverse,NZT,w1,2037,6,GAS,581.5700231,2037-06-01
Adverse,NZT,w1,2037,6,GEOTHERMAL,588.8023723,2037-06-01
Adverse,NZT,w1,2037,6,HYDRO,1480.549232,2037-06-01
Adverse,NZT,w1,2037,6,IMPORTS,0,2037-06-01
Adverse,NZT,w1,2037,6,NUCLEAR,0,2037-06-01
Adverse,NZT,w1,2037,6,PV,1142.120037,2037-06-01
Adverse,NZT,w1,2037,6,WIND,503.665174,2037-06-01
Adverse,NZT,w1,2037,7,BIOENERGY,447.2117602,2037-07-01
Adverse,NZT,w1,2037,7,DIESEL,32.88403824,2037-07-01
Adverse,NZT,w1,2037,7,FUEL OIL,92.90132215,2037-07-01
Adverse,NZT,w1,2037,7,GAS,617.8036869,2037-07-01
Adverse,NZT,w1,2037,7,GEOTHERMAL,593.8879943,2037-07-01
Adverse,NZT,w1,2037,7,HYDRO,1443.815586,2037-07-01
Adverse,NZT,w1,2037,7,IMPORTS,0,2037-07-01
Adverse,NZT,w1,2037,7,NUCLEAR,0,2037-07-01
Adverse,NZT,w1,2037,7,PV,1140.306969,2037-07-01
Adverse,NZT,w1,2037,7,WIND,479.4243908,2037-07-01
Adverse,NZT,w1,2037,8,BIOENERGY,436.8064825,2037-08-01
Adverse,NZT,w1,2037,8,DIESEL,31.04275746,2037-08-01
Adverse,NZT,w1,2037,8,FUEL OIL,95.65163714,2037-08-01
Adverse,NZT,w1,2037,8,GAS,485.3543861,2037-08-01
Adverse,NZT,w1,2037,8,GEOTHERMAL,580.3810511,2037-08-01
Adverse,NZT,w1,2037,8,HYDRO,1622.925117,2037-08-01
Adverse,NZT,w1,2037,8,IMPORTS,0,2037-08-01
Adverse,NZT,w1,2037,8,NUCLEAR,0,2037-08-01
Adverse,NZT,w1,2037,8,PV,1090.289349,2037-08-01
Adverse,NZT,w1,2037,8,WIND,492.516137,2037-08-01
Adverse,NZT,w1,2037,9,BIOENERGY,448.5328714,2037-09-01
Adverse,NZT,w1,2037,9,DIESEL,32.07381008,2037-09-01
Adverse,NZT,w1,2037,9,FUEL OIL,92.55628924,2037-09-01
Adverse,NZT,w1,2037,9,GAS,469.7276217,2037-09-01
Adverse,NZT,w1,2037,9,GEOTHERMAL,595.2925732,2037-09-01
Adverse,NZT,w1,2037,9,HYDRO,1691.192044,2037-09-01
Adverse,NZT,w1,2037,9,IMPORTS,0,2037-09-01
Adverse,NZT,w1,2037,9,NUCLEAR,0,2037-09-01
Adverse,NZT,w1,2037,9,PV,1144.654163,2037-09-01
Adverse,NZT,w1,2037,9,WIND,473.9346652,2037-09-01
Adverse,NZT,w1,2037,10,BIOENERGY,447.5932553,2037-10-01
Adverse,NZT,w1,2037,10,DIESEL,72.16426559,2037-10-01
Adverse,NZT,w1,2037,10,FUEL OIL,92.06424888,2037-10-01
Adverse,NZT,w1,2037,10,GAS,651.6090503,2037-10-01
Adverse,NZT,w1,2037,10,GEOTHERMAL,572.5512177,2037-10-01
Adverse,NZT,w1,2037,10,HYDRO,1507.470654,2037-10-01
Adverse,NZT,w1,2037,10,IMPORTS,0,2037-10-01
Adverse,NZT,w1,2037,10,NUCLEAR,0,2037-10-01
Adverse,NZT,w1,2037,10,PV,1135.949593,2037-10-01
Adverse,NZT,w1,2037,10,WIND,484.775486,2037-10-01
Adverse,NZT,w1,2037,11,BIOENERGY,80.68554356,2037-11-01
Adverse,NZT,w1,2037,11,DIESEL,0,2037-11-01
Adverse,NZT,w1,2037,11,FUEL OIL,0,2037-11-01
Adverse,NZT,w1,2037,11,GAS,0,2037-11-01
Adverse,NZT,w1,2037,11,GEOTHERMAL,586.6395956,2037-11-01
Adverse,NZT,w1,2037,11,HYDRO,3039.096562,2037-11-01
Adverse,NZT,w1,2037,11,IMPORTS,0,2037-11-01
Adverse,NZT,w1,2037,11,NUCLEAR,0,2037-11-01
Adverse,NZT,w1,2037,11,PV,930.5521443,2037-11-01
Adverse,NZT,w1,2037,11,WIND,427.6598642,2037-11-01
Adverse,NZT,w1,2037,12,BIOENERGY,243.4924492,2037-12-01
Adverse,NZT,w1,2037,12,DIESEL,0,2037-12-01
Adverse,NZT,w1,2037,12,FUEL OIL,0,2037-12-01
Adverse,NZT,w1,2037,12,GAS,0,2037-12-01
Adverse,NZT,w1,2037,12,GEOTHERMAL,591.6472669,2037-12-01
Adverse,NZT,w1,2037,12,HYDRO,2973.106848,2037-12-01
Adverse,NZT,w1,2037,12,IMPORTS,0,2037-12-01
Adverse,NZT,w1,2037,12,NUCLEAR,0,2037-12-01
Adverse,NZT,w1,2037,12,PV,941.6152046,2037-12-01
Adverse,NZT,w1,2037,12,WIND,435.856074,2037-12-01
Adverse,NZT,w1,2038,1,BIOENERGY,92.19253636,2038-01-01
Adverse,NZT,w1,2038,1,DIESEL,0,2038-01-01
Adverse,NZT,w1,2038,1,FUEL OIL,0,2038-01-01
Adverse,NZT,w1,2038,1,GAS,0,2038-01-01
Adverse,NZT,w1,2038,1,GEOTHERMAL,538.8529612,2038-01-01
Adverse,NZT,w1,2038,1,HYDRO,3075.824798,2038-01-01
Adverse,NZT,w1,2038,1,IMPORTS,0,2038-01-01
Adverse,NZT,w1,2038,1,NUCLEAR,0,2038-01-01
Adverse,NZT,w1,2038,1,PV,919.0242661,2038-01-01
Adverse,NZT,w1,2038,1,WIND,435.4643229,2038-01-01
Adverse,NZT,w1,2038,2,BIOENERGY,88.55112302,2038-02-01
Adverse,NZT,w1,2038,2,DIESEL,0,2038-02-01
Adverse,NZT,w1,2038,2,FUEL OIL,0,2038-02-01
Adverse,NZT,w1,2038,2,GAS,0,2038-02-01
Adverse,NZT,w1,2038,2,GEOTHERMAL,508.27284,2038-02-01
Adverse,NZT,w1,2038,2,HYDRO,3072.716766,2038-02-01
Adverse,NZT,w1,2038,2,IMPORTS,0,2038-02-01
Adverse,NZT,w1,2038,2,NUCLEAR,0,2038-02-01
Adverse,NZT,w1,2038,2,PV,927.2979502,2038-02-01
Adverse,NZT,w1,2038,2,WIND,439.2178777,2038-02-01
Adverse,NZT,w1,2038,3,BIOENERGY,87.97222585,2038-03-01
Adverse,NZT,w1,2038,3,DIESEL,0,2038-03-01
Adverse,NZT,w1,2038,3,FUEL OIL,0,2038-03-01
Adverse,NZT,w1,2038,3,GAS,0,2038-03-01
Adverse,NZT,w1,2038,3,GEOTHERMAL,550.5717386,2038-03-01
Adverse,NZT,w1,2038,3,HYDRO,3157.446431,2038-03-01
Adverse,NZT,w1,2038,3,IMPORTS,0,2038-03-01
Adverse,NZT,w1,2038,3,NUCLEAR,0,2038-03-01
Adverse,NZT,w1,2038,3,PV,913.1632787,2038-03-01
Adverse,NZT,w1,2038,3,WIND,414.6839456,2038-03-01
Adverse,NZT,w1,2038,4,BIOENERGY,89.34043907,2038-04-01
Adverse,NZT,w1,2038,4,DIESEL,0,2038-04-01
Adverse,NZT,w1,2038,4,FUEL OIL,0,2038-04-01
Adverse,NZT,w1,2038,4,GAS,0,2038-04-01
Adverse,NZT,w1,2038,4,GEOTHERMAL,585.9832952,2038-04-01
Adverse,NZT,w1,2038,4,HYDRO,3133.914953,2038-04-01
Adverse,NZT,w1,2038,4,IMPORTS,0,2038-04-01
Adverse,NZT,w1,2038,4,NUCLEAR,0,2038-04-01
Adverse,NZT,w1,2038,4,PV,915.9703973,2038-04-01
Adverse,NZT,w1,2038,4,WIND,424.6792277,2038-04-01
Adverse,NZT,w1,2038,5,BIOENERGY,568.4847466,2038-05-01
Adverse,NZT,w1,2038,5,DIESEL,72.74034924,2038-05-01
Adverse,NZT,w1,2038,5,FUEL OIL,142.8910378,2038-05-01
Adverse,NZT,w1,2038,5,GAS,677.0390226,2038-05-01
Adverse,NZT,w1,2038,5,GEOTHERMAL,596.8419003,2038-05-01
Adverse,NZT,w1,2038,5,HYDRO,1420.941383,2038-05-01
Adverse,NZT,w1,2038,5,IMPORTS,42.71205757,2038-05-01
Adverse,NZT,w1,2038,5,NUCLEAR,0,2038-05-01
Adverse,NZT,w1,2038,5,PV,1119.784463,2038-05-01
Adverse,NZT,w1,2038,5,WIND,482.9630795,2038-05-01
Adverse,NZT,w1,2038,6,BIOENERGY,553.5587005,2038-06-01
Adverse,NZT,w1,2038,6,DIESEL,71.9333265,2038-06-01
Adverse,NZT,w1,2038,6,FUEL OIL,92.62643024,2038-06-01
Adverse,NZT,w1,2038,6,GAS,638.4476973,2038-06-01
Adverse,NZT,w1,2038,6,GEOTHERMAL,587.1445878,2038-06-01
Adverse,NZT,w1,2038,6,HYDRO,1446.669718,2038-06-01
Adverse,NZT,w1,2038,6,IMPORTS,0,2038-06-01
Adverse,NZT,w1,2038,6,NUCLEAR,0,2038-06-01
Adverse,NZT,w1,2038,6,PV,1125.303594,2038-06-01
Adverse,NZT,w1,2038,6,WIND,495.9573575,2038-06-01
Adverse,NZT,w1,2038,7,BIOENERGY,549.38731,2038-07-01
Adverse,NZT,w1,2038,7,DIESEL,0,2038-07-01
Adverse,NZT,w1,2038,7,FUEL OIL,92.5130336,2038-07-01
Adverse,NZT,w1,2038,7,GAS,649.1528962,2038-07-01
Adverse,NZT,w1,2038,7,GEOTHERMAL,583.9491915,2038-07-01
Adverse,NZT,w1,2038,7,HYDRO,1446.890738,2038-07-01
Adverse,NZT,w1,2038,7,IMPORTS,0,2038-07-01
Adverse,NZT,w1,2038,7,NUCLEAR,0,2038-07-01
Adverse,NZT,w1,2038,7,PV,1154.820512,2038-07-01
Adverse,NZT,w1,2038,7,WIND,468.4867817,2038-07-01
Adverse,NZT,w1,2038,8,BIOENERGY,567.6999295,2038-08-01
Adverse,NZT,w1,2038,8,DIESEL,0,2038-08-01
Adverse,NZT,w1,2038,8,FUEL OIL,94.28210668,2038-08-01
Adverse,NZT,w1,2038,8,GAS,382.7809714,2038-08-01
Adverse,NZT,w1,2038,8,GEOTHERMAL,602.2568306,2038-08-01
Adverse,NZT,w1,2038,8,HYDRO,1623.000702,2038-08-01
Adverse,NZT,w1,2038,8,IMPORTS,0,2038-08-01
Adverse,NZT,w1,2038,8,NUCLEAR,0,2038-08-01
Adverse,NZT,w1,2038,8,PV,1138.104935,2038-08-01
Adverse,NZT,w1,2038,8,WIND,523.5407811,2038-08-01
Adverse,NZT,w1,2038,9,BIOENERGY,556.4865708,2038-09-01
Adverse,NZT,w1,2038,9,DIESEL,0,2038-09-01
Adverse,NZT,w1,2038,9,FUEL OIL,102.9901157,2038-09-01
Adverse,NZT,w1,2038,9,GAS,669.2012969,2038-09-01
Adverse,NZT,w1,2038,9,GEOTHERMAL,596.1892748,2038-09-01
Adverse,NZT,w1,2038,9,HYDRO,1480.616508,2038-09-01
Adverse,NZT,w1,2038,9,IMPORTS,0,2038-09-01
Adverse,NZT,w1,2038,9,NUCLEAR,0,2038-09-01
Adverse,NZT,w1,2038,9,PV,1150.965623,2038-09-01
Adverse,NZT,w1,2038,9,WIND,490.4739291,2038-09-01
Adverse,NZT,w1,2038,10,BIOENERGY,567.3949781,2038-10-01
Adverse,NZT,w1,2038,10,DIESEL,0,2038-10-01
Adverse,NZT,w1,2038,10,FUEL OIL,91.31726333,2038-10-01
Adverse,NZT,w1,2038,10,GAS,638.0147195,2038-10-01
Adverse,NZT,w1,2038,10,GEOTHERMAL,592.6533999,2038-10-01
Adverse,NZT,w1,2038,10,HYDRO,1580.372344,2038-10-01
Adverse,NZT,w1,2038,10,IMPORTS,0,2038-10-01
Adverse,NZT,w1,2038,10,NUCLEAR,0,2038-10-01
Adverse,NZT,w1,2038,10,PV,1123.881751,2038-10-01
Adverse,NZT,w1,2038,10,WIND,469.8268707,2038-10-01
Adverse,NZT,w1,2038,11,BIOENERGY,91.11542835,2038-11-01
Adverse,NZT,w1,2038,11,DIESEL,0,2038-11-01
Adverse,NZT,w1,2038,11,FUEL OIL,0,2038-11-01
Adverse,NZT,w1,2038,11,GAS,0,2038-11-01
Adverse,NZT,w1,2038,11,GEOTHERMAL,545.2033493,2038-11-01
Adverse,NZT,w1,2038,11,HYDRO,3159.789717,2038-11-01
Adverse,NZT,w1,2038,11,IMPORTS,0,2038-11-01
Adverse,NZT,w1,2038,11,NUCLEAR,0,2038-11-01
Adverse,NZT,w1,2038,11,PV,922.2537739,2038-11-01
Adverse,NZT,w1,2038,11,WIND,447.5641158,2038-11-01
Adverse,NZT,w1,2038,12,BIOENERGY,88.52112828,2038-12-01
Adverse,NZT,w1,2038,12,DIESEL,0,2038-12-01
Adverse,NZT,w1,2038,12,FUEL OIL,0,2038-12-01
Adverse,NZT,w1,2038,12,GAS,0,2038-12-01
Adverse,NZT,w1,2038,12,GEOTHERMAL,529.3751928,2038-12-01
Adverse,NZT,w1,2038,12,HYDRO,3344.175507,2038-12-01
Adverse,NZT,w1,2038,12,IMPORTS,0,2038-12-01
Adverse,NZT,w1,2038,12,NUCLEAR,0,2038-12-01
Adverse,NZT,w1,2038,12,PV,910.3831603,2038-12-01
Adverse,NZT,w1,2038,12,WIND,416.9772105,2038-12-01
Adverse,NZT,w1,2039,1,BIOENERGY,19.61175411,2039-01-01
Adverse,NZT,w1,2039,1,DIESEL,0,2039-01-01
Adverse,NZT,w1,2039,1,FUEL OIL,0,2039-01-01
Adverse,NZT,w1,2039,1,GAS,0,2039-01-01
Adverse,NZT,w1,2039,1,GEOTHERMAL,525.7709082,2039-01-01
Adverse,NZT,w1,2039,1,HYDRO,3228.813421,2039-01-01
Adverse,NZT,w1,2039,1,IMPORTS,0,2039-01-01
Adverse,NZT,w1,2039,1,NUCLEAR,0,2039-01-01
Adverse,NZT,w1,2039,1,PV,939.2558572,2039-01-01
Adverse,NZT,w1,2039,1,WIND,449.1341217,2039-01-01
Adverse,NZT,w1,2039,2,BIOENERGY,17.90527197,2039-02-01
Adverse,NZT,w1,2039,2,DIESEL,0,2039-02-01
Adverse,NZT,w1,2039,2,FUEL OIL,0,2039-02-01
Adverse,NZT,w1,2039,2,GAS,0,2039-02-01
Adverse,NZT,w1,2039,2,GEOTHERMAL,267.3007926,2039-02-01
Adverse,NZT,w1,2039,2,HYDRO,3500.164098,2039-02-01
Adverse,NZT,w1,2039,2,IMPORTS,0,2039-02-01
Adverse,NZT,w1,2039,2,NUCLEAR,0,2039-02-01
Adverse,NZT,w1,2039,2,PV,933.2218526,2039-02-01
Adverse,NZT,w1,2039,2,WIND,418.1856719,2039-02-01
Adverse,NZT,w1,2039,3,BIOENERGY,0,2039-03-01
Adverse,NZT,w1,2039,3,DIESEL,0,2039-03-01
Adverse,NZT,w1,2039,3,FUEL OIL,0,2039-03-01
Adverse,NZT,w1,2039,3,GAS,0,2039-03-01
Adverse,NZT,w1,2039,3,GEOTHERMAL,489.412297,2039-03-01
Adverse,NZT,w1,2039,3,HYDRO,3351.158086,2039-03-01
Adverse,NZT,w1,2039,3,IMPORTS,0,2039-03-01
Adverse,NZT,w1,2039,3,NUCLEAR,0,2039-03-01
Adverse,NZT,w1,2039,3,PV,945.6378553,2039-03-01
Adverse,NZT,w1,2039,3,WIND,440.1061339,2039-03-01
Adverse,NZT,w1,2039,4,BIOENERGY,72.62556132,2039-04-01
Adverse,NZT,w1,2039,4,DIESEL,0,2039-04-01
Adverse,NZT,w1,2039,4,FUEL OIL,0,2039-04-01
Adverse,NZT,w1,2039,4,GAS,0,2039-04-01
Adverse,NZT,w1,2039,4,GEOTHERMAL,590.4576965,2039-04-01
Adverse,NZT,w1,2039,4,HYDRO,3262.329299,2039-04-01
Adverse,NZT,w1,2039,4,IMPORTS,0,2039-04-01
Adverse,NZT,w1,2039,4,NUCLEAR,0,2039-04-01
Adverse,NZT,w1,2039,4,PV,918.287698,2039-04-01
Adverse,NZT,w1,2039,4,WIND,409.1858241,2039-04-01
Adverse,NZT,w1,2039,5,BIOENERGY,687.9478954,2039-05-01
Adverse,NZT,w1,2039,5,DIESEL,71.87805027,2039-05-01
Adverse,NZT,w1,2039,5,FUEL OIL,122.104693,2039-05-01
Adverse,NZT,w1,2039,5,GAS,581.788818,2039-05-01
Adverse,NZT,w1,2039,5,GEOTHERMAL,588.0614127,2039-05-01
Adverse,NZT,w1,2039,5,HYDRO,1595.424366,2039-05-01
Adverse,NZT,w1,2039,5,IMPORTS,0,2039-05-01
Adverse,NZT,w1,2039,5,NUCLEAR,0,2039-05-01
Adverse,NZT,w1,2039,5,PV,1127.328732,2039-05-01
Adverse,NZT,w1,2039,5,WIND,452.3520314,2039-05-01
Adverse,NZT,w1,2039,6,BIOENERGY,678.683747,2039-06-01
Adverse,NZT,w1,2039,6,DIESEL,0,2039-06-01
Adverse,NZT,w1,2039,6,FUEL OIL,90.90255003,2039-06-01
Adverse,NZT,w1,2039,6,GAS,557.7467702,2039-06-01
Adverse,NZT,w1,2039,6,GEOTHERMAL,581.4012453,2039-06-01
Adverse,NZT,w1,2039,6,HYDRO,1597.229643,2039-06-01
Adverse,NZT,w1,2039,6,IMPORTS,0,2039-06-01
Adverse,NZT,w1,2039,6,NUCLEAR,0,2039-06-01
Adverse,NZT,w1,2039,6,PV,1121.702059,2039-06-01
Adverse,NZT,w1,2039,6,WIND,484.2082256,2039-06-01
Adverse,NZT,w1,2039,7,BIOENERGY,682.7413256,2039-07-01
Adverse,NZT,w1,2039,7,DIESEL,0,2039-07-01
Adverse,NZT,w1,2039,7,FUEL OIL,96.17066384,2039-07-01
Adverse,NZT,w1,2039,7,GAS,377.1893416,2039-07-01
Adverse,NZT,w1,2039,7,GEOTHERMAL,599.6521903,2039-07-01
Adverse,NZT,w1,2039,7,HYDRO,1681.935393,2039-07-01
Adverse,NZT,w1,2039,7,IMPORTS,0,2039-07-01
Adverse,NZT,w1,2039,7,NUCLEAR,0,2039-07-01
Adverse,NZT,w1,2039,7,PV,1119.586291,2039-07-01
Adverse,NZT,w1,2039,7,WIND,486.8292656,2039-07-01
Adverse,NZT,w1,2039,8,BIOENERGY,683.2085164,2039-08-01
Adverse,NZT,w1,2039,8,DIESEL,0,2039-08-01
Adverse,NZT,w1,2039,8,FUEL OIL,92.75956665,2039-08-01
Adverse,NZT,w1,2039,8,GAS,417.915785,2039-08-01
Adverse,NZT,w1,2039,8,GEOTHERMAL,605.810175,2039-08-01
Adverse,NZT,w1,2039,8,HYDRO,1607.048321,2039-08-01
Adverse,NZT,w1,2039,8,IMPORTS,0,2039-08-01
Adverse,NZT,w1,2039,8,NUCLEAR,0,2039-08-01
Adverse,NZT,w1,2039,8,PV,1129.843699,2039-08-01
Adverse,NZT,w1,2039,8,WIND,493.7135177,2039-08-01
Adverse,NZT,w1,2039,9,BIOENERGY,677.2983179,2039-09-01
Adverse,NZT,w1,2039,9,DIESEL,0,2039-09-01
Adverse,NZT,w1,2039,9,FUEL OIL,91.21708743,2039-09-01
Adverse,NZT,w1,2039,9,GAS,443.431715,2039-09-01
Adverse,NZT,w1,2039,9,GEOTHERMAL,598.3360242,2039-09-01
Adverse,NZT,w1,2039,9,HYDRO,1738.360156,2039-09-01
Adverse,NZT,w1,2039,9,IMPORTS,0,2039-09-01
Adverse,NZT,w1,2039,9,NUCLEAR,0,2039-09-01
Adverse,NZT,w1,2039,9,PV,1120.862357,2039-09-01
Adverse,NZT,w1,2039,9,WIND,478.3561271,2039-09-01
Adverse,NZT,w1,2039,10,BIOENERGY,666.6025318,2039-10-01
Adverse,NZT,w1,2039,10,DIESEL,0,2039-10-01
Adverse,NZT,w1,2039,10,FUEL OIL,94.59216426,2039-10-01
Adverse,NZT,w1,2039,10,GAS,529.2900113,2039-10-01
Adverse,NZT,w1,2039,10,GEOTHERMAL,585.6403308,2039-10-01
Adverse,NZT,w1,2039,10,HYDRO,1708.553611,2039-10-01
Adverse,NZT,w1,2039,10,IMPORTS,0,2039-10-01
Adverse,NZT,w1,2039,10,NUCLEAR,0,2039-10-01
Adverse,NZT,w1,2039,10,PV,1098.231416,2039-10-01
Adverse,NZT,w1,2039,10,WIND,481.8204881,2039-10-01
Adverse,NZT,w1,2039,11,BIOENERGY,0,2039-11-01
Adverse,NZT,w1,2039,11,DIESEL,0,2039-11-01
Adverse,NZT,w1,2039,11,FUEL OIL,0,2039-11-01
Adverse,NZT,w1,2039,11,GAS,0,2039-11-01
Adverse,NZT,w1,2039,11,GEOTHERMAL,501.7096781,2039-11-01
Adverse,NZT,w1,2039,11,HYDRO,3386.79681,2039-11-01
Adverse,NZT,w1,2039,11,IMPORTS,0,2039-11-01
Adverse,NZT,w1,2039,11,NUCLEAR,0,2039-11-01
Adverse,NZT,w1,2039,11,PV,937.6747245,2039-11-01
Adverse,NZT,w1,2039,11,WIND,443.0636987,2039-11-01
Adverse,NZT,w1,2039,12,BIOENERGY,75.97833321,2039-12-01
Adverse,NZT,w1,2039,12,DIESEL,0,2039-12-01
Adverse,NZT,w1,2039,12,FUEL OIL,0,2039-12-01
Adverse,NZT,w1,2039,12,GAS,0,2039-12-01
Adverse,NZT,w1,2039,12,GEOTHERMAL,588.7582797,2039-12-01
Adverse,NZT,w1,2039,12,HYDRO,3385.126836,2039-12-01
Adverse,NZT,w1,2039,12,IMPORTS,0,2039-12-01
Adverse,NZT,w1,2039,12,NUCLEAR,0,2039-12-01
Adverse,NZT,w1,2039,12,PV,879.8964223,2039-12-01
Adverse,NZT,w1,2039,12,WIND,465.4609722,2039-12-01
Adverse,NZT,w1,2040,1,BIOENERGY,91.68953635,2040-01-01
Adverse,NZT,w1,2040,1,DIESEL,0,2040-01-01
Adverse,NZT,w1,2040,1,FUEL OIL,0,2040-01-01
Adverse,NZT,w1,2040,1,GAS,0,2040-01-01
Adverse,NZT,w1,2040,1,GEOTHERMAL,274.1255402,2040-01-01
Adverse,NZT,w1,2040,1,HYDRO,3529.596606,2040-01-01
Adverse,NZT,w1,2040,1,IMPORTS,0,2040-01-01
Adverse,NZT,w1,2040,1,NUCLEAR,0,2040-01-01
Adverse,NZT,w1,2040,1,PV,932.9694601,2040-01-01
Adverse,NZT,w1,2040,1,WIND,437.4566408,2040-01-01
Adverse,NZT,w1,2040,2,BIOENERGY,87.54163306,2040-02-01
Adverse,NZT,w1,2040,2,DIESEL,0,2040-02-01
Adverse,NZT,w1,2040,2,FUEL OIL,0,2040-02-01
Adverse,NZT,w1,2040,2,GAS,0,2040-02-01
Adverse,NZT,w1,2040,2,GEOTHERMAL,260.7694157,2040-02-01
Adverse,NZT,w1,2040,2,HYDRO,3545.064276,2040-02-01
Adverse,NZT,w1,2040,2,IMPORTS,0,2040-02-01
Adverse,NZT,w1,2040,2,NUCLEAR,0,2040-02-01
Adverse,NZT,w1,2040,2,PV,930.7670336,2040-02-01
Adverse,NZT,w1,2040,2,WIND,415.3708824,2040-02-01
Adverse,NZT,w1,2040,3,BIOENERGY,85.49206486,2040-03-01
Adverse,NZT,w1,2040,3,DIESEL,0,2040-03-01
Adverse,NZT,w1,2040,3,FUEL OIL,0,2040-03-01
Adverse,NZT,w1,2040,3,GAS,0,2040-03-01
Adverse,NZT,w1,2040,3,GEOTHERMAL,256.1896214,2040-03-01
Adverse,NZT,w1,2040,3,HYDRO,3617.657587,2040-03-01
Adverse,NZT,w1,2040,3,IMPORTS,0,2040-03-01
Adverse,NZT,w1,2040,3,NUCLEAR,0,2040-03-01
Adverse,NZT,w1,2040,3,PV,950.5955235,2040-03-01
Adverse,NZT,w1,2040,3,WIND,420.9058628,2040-03-01
Adverse,NZT,w1,2040,4,BIOENERGY,89.97542139,2040-04-01
Adverse,NZT,w1,2040,4,DIESEL,0,2040-04-01
Adverse,NZT,w1,2040,4,FUEL OIL,0,2040-04-01
Adverse,NZT,w1,2040,4,GAS,0,2040-04-01
Adverse,NZT,w1,2040,4,GEOTHERMAL,430.5344048,2040-04-01
Adverse,NZT,w1,2040,4,HYDRO,3441.089529,2040-04-01
Adverse,NZT,w1,2040,4,IMPORTS,0,2040-04-01
Adverse,NZT,w1,2040,4,NUCLEAR,0,2040-04-01
Adverse,NZT,w1,2040,4,PV,962.3729965,2040-04-01
Adverse,NZT,w1,2040,4,WIND,433.9714483,2040-04-01
Adverse,NZT,w1,2040,5,BIOENERGY,666.5198525,2040-05-01
Adverse,NZT,w1,2040,5,DIESEL,39.46155936,2040-05-01
Adverse,NZT,w1,2040,5,FUEL OIL,99.10099209,2040-05-01
Adverse,NZT,w1,2040,5,GAS,605.8863953,2040-05-01
Adverse,NZT,w1,2040,5,GEOTHERMAL,592.3298259,2040-05-01
Adverse,NZT,w1,2040,5,HYDRO,1677.069643,2040-05-01
Adverse,NZT,w1,2040,5,IMPORTS,61.30143771,2040-05-01
Adverse,NZT,w1,2040,5,NUCLEAR,0,2040-05-01
Adverse,NZT,w1,2040,5,PV,1115.805213,2040-05-01
Adverse,NZT,w1,2040,5,WIND,473.9488006,2040-05-01
Adverse,NZT,w1,2040,6,BIOENERGY,660.6815846,2040-06-01
Adverse,NZT,w1,2040,6,DIESEL,0,2040-06-01
Adverse,NZT,w1,2040,6,FUEL OIL,92.3727221,2040-06-01
Adverse,NZT,w1,2040,6,GAS,560.9002257,2040-06-01
Adverse,NZT,w1,2040,6,GEOTHERMAL,593.1557289,2040-06-01
Adverse,NZT,w1,2040,6,HYDRO,1643.120702,2040-06-01
Adverse,NZT,w1,2040,6,IMPORTS,23.51377163,2040-06-01
Adverse,NZT,w1,2040,6,NUCLEAR,0,2040-06-01
Adverse,NZT,w1,2040,6,PV,1142.36316,2040-06-01
Adverse,NZT,w1,2040,6,WIND,498.0038298,2040-06-01
Adverse,NZT,w1,2040,7,BIOENERGY,653.7837045,2040-07-01
Adverse,NZT,w1,2040,7,DIESEL,0,2040-07-01
Adverse,NZT,w1,2040,7,FUEL OIL,0,2040-07-01
Adverse,NZT,w1,2040,7,GAS,465.6395135,2040-07-01
Adverse,NZT,w1,2040,7,GEOTHERMAL,598.9877218,2040-07-01
Adverse,NZT,w1,2040,7,HYDRO,1812.020324,2040-07-01
Adverse,NZT,w1,2040,7,IMPORTS,0,2040-07-01
Adverse,NZT,w1,2040,7,NUCLEAR,0,2040-07-01
Adverse,NZT,w1,2040,7,PV,1147.8751,2040-07-01
Adverse,NZT,w1,2040,7,WIND,466.6801968,2040-07-01
Adverse,NZT,w1,2040,8,BIOENERGY,682.7821739,2040-08-01
Adverse,NZT,w1,2040,8,DIESEL,0,2040-08-01
Adverse,NZT,w1,2040,8,FUEL OIL,93.11280456,2040-08-01
Adverse,NZT,w1,2040,8,GAS,450.2237399,2040-08-01
Adverse,NZT,w1,2040,8,GEOTHERMAL,595.5190736,2040-08-01
Adverse,NZT,w1,2040,8,HYDRO,1725.880779,2040-08-01
Adverse,NZT,w1,2040,8,IMPORTS,0,2040-08-01
Adverse,NZT,w1,2040,8,NUCLEAR,0,2040-08-01
Adverse,NZT,w1,2040,8,PV,1122.38242,2040-08-01
Adverse,NZT,w1,2040,8,WIND,461.0045818,2040-08-01
Adverse,NZT,w1,2040,9,BIOENERGY,670.9444931,2040-09-01
Adverse,NZT,w1,2040,9,DIESEL,0,2040-09-01
Adverse,NZT,w1,2040,9,FUEL OIL,92.97715829,2040-09-01
Adverse,NZT,w1,2040,9,GAS,591.862313,2040-09-01
Adverse,NZT,w1,2040,9,GEOTHERMAL,597.1932042,2040-09-01
Adverse,NZT,w1,2040,9,HYDRO,1714.322456,2040-09-01
Adverse,NZT,w1,2040,9,IMPORTS,1.460086068,2040-09-01
Adverse,NZT,w1,2040,9,NUCLEAR,0,2040-09-01
Adverse,NZT,w1,2040,9,PV,1102.153156,2040-09-01
Adverse,NZT,w1,2040,9,WIND,479.9061538,2040-09-01
Adverse,NZT,w1,2040,10,BIOENERGY,681.7455343,2040-10-01
Adverse,NZT,w1,2040,10,DIESEL,0,2040-10-01
Adverse,NZT,w1,2040,10,FUEL OIL,92.8360049,2040-10-01
Adverse,NZT,w1,2040,10,GAS,468.217815,2040-10-01
Adverse,NZT,w1,2040,10,GEOTHERMAL,599.2763931,2040-10-01
Adverse,NZT,w1,2040,10,HYDRO,1793.267568,2040-10-01
Adverse,NZT,w1,2040,10,IMPORTS,0,2040-10-01
Adverse,NZT,w1,2040,10,NUCLEAR,0,2040-10-01
Adverse,NZT,w1,2040,10,PV,1126.539535,2040-10-01
Adverse,NZT,w1,2040,10,WIND,506.1423137,2040-10-01
Adverse,NZT,w1,2040,11,BIOENERGY,89.26456142,2040-11-01
Adverse,NZT,w1,2040,11,DIESEL,0,2040-11-01
Adverse,NZT,w1,2040,11,FUEL OIL,0,2040-11-01
Adverse,NZT,w1,2040,11,GAS,0,2040-11-01
Adverse,NZT,w1,2040,11,GEOTHERMAL,419.8945048,2040-11-01
Adverse,NZT,w1,2040,11,HYDRO,3510.366267,2040-11-01
Adverse,NZT,w1,2040,11,IMPORTS,0,2040-11-01
Adverse,NZT,w1,2040,11,NUCLEAR,0,2040-11-01
Adverse,NZT,w1,2040,11,PV,928.9496339,2040-11-01
Adverse,NZT,w1,2040,11,WIND,426.1548425,2040-11-01
Adverse,NZT,w1,2040,12,BIOENERGY,89.86049906,2040-12-01
Adverse,NZT,w1,2040,12,DIESEL,0,2040-12-01
Adverse,NZT,w1,2040,12,FUEL OIL,0,2040-12-01
Adverse,NZT,w1,2040,12,GAS,0,2040-12-01
Adverse,NZT,w1,2040,12,GEOTHERMAL,414.8415778,2040-12-01
Adverse,NZT,w1,2040,12,HYDRO,3632.06106,2040-12-01
Adverse,NZT,w1,2040,12,IMPORTS,0,2040-12-01
Adverse,NZT,w1,2040,12,NUCLEAR,0,2040-12-01
Adverse,NZT,w1,2040,12,PV,957.9320719,2040-12-01
Adverse,NZT,w1,2040,12,WIND,408.4300507,2040-12-01
Adverse,NZT,w1,2041,1,BIOENERGY,0,2041-01-01
Adverse,NZT,w1,2041,1,DIESEL,0,2041-01-01
Adverse,NZT,w1,2041,1,FUEL OIL,0,2041-01-01
Adverse,NZT,w1,2041,1,GAS,0,2041-01-01
Adverse,NZT,w1,2041,1,GEOTHERMAL,278.6769593,2041-01-01
Adverse,NZT,w1,2041,1,HYDRO,3728.636243,2041-01-01
Adverse,NZT,w1,2041,1,IMPORTS,0,2041-01-01
Adverse,NZT,w1,2041,1,NUCLEAR,0,2041-01-01
Adverse,NZT,w1,2041,1,PV,938.7453586,2041-01-01
Adverse,NZT,w1,2041,1,WIND,425.0959785,2041-01-01
Adverse,NZT,w1,2041,2,BIOENERGY,18.96579503,2041-02-01
Adverse,NZT,w1,2041,2,DIESEL,0,2041-02-01
Adverse,NZT,w1,2041,2,FUEL OIL,0,2041-02-01
Adverse,NZT,w1,2041,2,GAS,0,2041-02-01
Adverse,NZT,w1,2041,2,GEOTHERMAL,132.2389985,2041-02-01
Adverse,NZT,w1,2041,2,HYDRO,3868.503321,2041-02-01
Adverse,NZT,w1,2041,2,IMPORTS,0,2041-02-01
Adverse,NZT,w1,2041,2,NUCLEAR,0,2041-02-01
Adverse,NZT,w1,2041,2,PV,919.8436967,2041-02-01
Adverse,NZT,w1,2041,2,WIND,404.7516949,2041-02-01
Adverse,NZT,w1,2041,3,BIOENERGY,0,2041-03-01
Adverse,NZT,w1,2041,3,DIESEL,0,2041-03-01
Adverse,NZT,w1,2041,3,FUEL OIL,0,2041-03-01
Adverse,NZT,w1,2041,3,GAS,0,2041-03-01
Adverse,NZT,w1,2041,3,GEOTHERMAL,208.4926348,2041-03-01
Adverse,NZT,w1,2041,3,HYDRO,3870.290281,2041-03-01
Adverse,NZT,w1,2041,3,IMPORTS,0,2041-03-01
Adverse,NZT,w1,2041,3,NUCLEAR,0,2041-03-01
Adverse,NZT,w1,2041,3,PV,919.8791589,2041-03-01
Adverse,NZT,w1,2041,3,WIND,438.7953976,2041-03-01
Adverse,NZT,w1,2041,4,BIOENERGY,18.36327476,2041-04-01
Adverse,NZT,w1,2041,4,DIESEL,0,2041-04-01
Adverse,NZT,w1,2041,4,FUEL OIL,0,2041-04-01
Adverse,NZT,w1,2041,4,GAS,0,2041-04-01
Adverse,NZT,w1,2041,4,GEOTHERMAL,198.9780188,2041-04-01
Adverse,NZT,w1,2041,4,HYDRO,3893.836973,2041-04-01
Adverse,NZT,w1,2041,4,IMPORTS,0,2041-04-01
Adverse,NZT,w1,2041,4,NUCLEAR,0,2041-04-01
Adverse,NZT,w1,2041,4,PV,928.8091609,2041-04-01
Adverse,NZT,w1,2041,4,WIND,425.1152493,2041-04-01
Adverse,NZT,w1,2041,5,BIOENERGY,669.6724052,2041-05-01
Adverse,NZT,w1,2041,5,DIESEL,0,2041-05-01
Adverse,NZT,w1,2041,5,FUEL OIL,92.91109669,2041-05-01
Adverse,NZT,w1,2041,5,GAS,435.6939309,2041-05-01
Adverse,NZT,w1,2041,5,GEOTHERMAL,590.2059733,2041-05-01
Adverse,NZT,w1,2041,5,HYDRO,2019.545683,2041-05-01
Adverse,NZT,w1,2041,5,IMPORTS,0,2041-05-01
Adverse,NZT,w1,2041,5,NUCLEAR,0,2041-05-01
Adverse,NZT,w1,2041,5,PV,1137.668534,2041-05-01
Adverse,NZT,w1,2041,5,WIND,492.3545708,2041-05-01
Adverse,NZT,w1,2041,6,BIOENERGY,670.64428,2041-06-01
Adverse,NZT,w1,2041,6,DIESEL,0,2041-06-01
Adverse,NZT,w1,2041,6,FUEL OIL,94.25483261,2041-06-01
Adverse,NZT,w1,2041,6,GAS,361.1870258,2041-06-01
Adverse,NZT,w1,2041,6,GEOTHERMAL,586.919974,2041-06-01
Adverse,NZT,w1,2041,6,HYDRO,1969.977731,2041-06-01
Adverse,NZT,w1,2041,6,IMPORTS,0,2041-06-01
Adverse,NZT,w1,2041,6,NUCLEAR,0,2041-06-01
Adverse,NZT,w1,2041,6,PV,1143.43373,2041-06-01
Adverse,NZT,w1,2041,6,WIND,491.9763856,2041-06-01
Adverse,NZT,w1,2041,7,BIOENERGY,685.5456281,2041-07-01
Adverse,NZT,w1,2041,7,DIESEL,0,2041-07-01
Adverse,NZT,w1,2041,7,FUEL OIL,91.67086375,2041-07-01
Adverse,NZT,w1,2041,7,GAS,428.1446373,2041-07-01
Adverse,NZT,w1,2041,7,GEOTHERMAL,587.7979299,2041-07-01
Adverse,NZT,w1,2041,7,HYDRO,1875.557071,2041-07-01
Adverse,NZT,w1,2041,7,IMPORTS,0,2041-07-01
Adverse,NZT,w1,2041,7,NUCLEAR,0,2041-07-01
Adverse,NZT,w1,2041,7,PV,1098.692273,2041-07-01
Adverse,NZT,w1,2041,7,WIND,480.4778888,2041-07-01
Adverse,NZT,w1,2041,8,BIOENERGY,676.7566694,2041-08-01
Adverse,NZT,w1,2041,8,DIESEL,0,2041-08-01
Adverse,NZT,w1,2041,8,FUEL OIL,92.83145352,2041-08-01
Adverse,NZT,w1,2041,8,GAS,373.2387438,2041-08-01
Adverse,NZT,w1,2041,8,GEOTHERMAL,589.5881507,2041-08-01
Adverse,NZT,w1,2041,8,HYDRO,1911.338104,2041-08-01
Adverse,NZT,w1,2041,8,IMPORTS,0,2041-08-01
Adverse,NZT,w1,2041,8,NUCLEAR,0,2041-08-01
Adverse,NZT,w1,2041,8,PV,1117.216909,2041-08-01
Adverse,NZT,w1,2041,8,WIND,472.5536531,2041-08-01
Adverse,NZT,w1,2041,9,BIOENERGY,677.64776,2041-09-01
Adverse,NZT,w1,2041,9,DIESEL,0,2041-09-01
Adverse,NZT,w1,2041,9,FUEL OIL,95.75826954,2041-09-01
Adverse,NZT,w1,2041,9,GAS,465.8936189,2041-09-01
Adverse,NZT,w1,2041,9,GEOTHERMAL,594.9283014,2041-09-01
Adverse,NZT,w1,2041,9,HYDRO,1926.887187,2041-09-01
Adverse,NZT,w1,2041,9,IMPORTS,0,2041-09-01
Adverse,NZT,w1,2041,9,NUCLEAR,0,2041-09-01
Adverse,NZT,w1,2041,9,PV,1123.015473,2041-09-01
Adverse,NZT,w1,2041,9,WIND,471.7047911,2041-09-01
Adverse,NZT,w1,2041,10,BIOENERGY,680.3921142,2041-10-01
Adverse,NZT,w1,2041,10,DIESEL,0,2041-10-01
Adverse,NZT,w1,2041,10,FUEL OIL,96.22660845,2041-10-01
Adverse,NZT,w1,2041,10,GAS,323.3591113,2041-10-01
Adverse,NZT,w1,2041,10,GEOTHERMAL,593.186148,2041-10-01
Adverse,NZT,w1,2041,10,HYDRO,2106.030552,2041-10-01
Adverse,NZT,w1,2041,10,IMPORTS,0,2041-10-01
Adverse,NZT,w1,2041,10,NUCLEAR,0,2041-10-01
Adverse,NZT,w1,2041,10,PV,1084.90533,2041-10-01
Adverse,NZT,w1,2041,10,WIND,489.2858044,2041-10-01
Adverse,NZT,w1,2041,11,BIOENERGY,19.14534319,2041-11-01
Adverse,NZT,w1,2041,11,DIESEL,0,2041-11-01
Adverse,NZT,w1,2041,11,FUEL OIL,0,2041-11-01
Adverse,NZT,w1,2041,11,GAS,0,2041-11-01
Adverse,NZT,w1,2041,11,GEOTHERMAL,111.763962,2041-11-01
Adverse,NZT,w1,2041,11,HYDRO,3949.270032,2041-11-01
Adverse,NZT,w1,2041,11,IMPORTS,0,2041-11-01
Adverse,NZT,w1,2041,11,NUCLEAR,0,2041-11-01
Adverse,NZT,w1,2041,11,PV,957.0972506,2041-11-01
Adverse,NZT,w1,2041,11,WIND,444.8458186,2041-11-01
Adverse,NZT,w1,2041,12,BIOENERGY,18.60491606,2041-12-01
Adverse,NZT,w1,2041,12,DIESEL,0,2041-12-01
Adverse,NZT,w1,2041,12,FUEL OIL,0,2041-12-01
Adverse,NZT,w1,2041,12,GAS,0,2041-12-01
Adverse,NZT,w1,2041,12,GEOTHERMAL,407.2051222,2041-12-01
Adverse,NZT,w1,2041,12,HYDRO,3817.448562,2041-12-01
Adverse,NZT,w1,2041,12,IMPORTS,0,2041-12-01
Adverse,NZT,w1,2041,12,NUCLEAR,0,2041-12-01
Adverse,NZT,w1,2041,12,PV,935.4462058,2041-12-01
Adverse,NZT,w1,2041,12,WIND,434.4829587,2041-12-01
Adverse,NZT,w1,2042,1,BIOENERGY,19.37178326,2042-01-01
Adverse,NZT,w1,2042,1,DIESEL,0,2042-01-01
Adverse,NZT,w1,2042,1,FUEL OIL,0,2042-01-01
Adverse,NZT,w1,2042,1,GAS,0,2042-01-01
Adverse,NZT,w1,2042,1,GEOTHERMAL,98.52739828,2042-01-01
Adverse,NZT,w1,2042,1,HYDRO,4017.589287,2042-01-01
Adverse,NZT,w1,2042,1,IMPORTS,0,2042-01-01
Adverse,NZT,w1,2042,1,NUCLEAR,0,2042-01-01
Adverse,NZT,w1,2042,1,PV,931.0919739,2042-01-01
Adverse,NZT,w1,2042,1,WIND,411.9971878,2042-01-01
Adverse,NZT,w1,2042,2,BIOENERGY,0,2042-02-01
Adverse,NZT,w1,2042,2,DIESEL,0,2042-02-01
Adverse,NZT,w1,2042,2,FUEL OIL,0,2042-02-01
Adverse,NZT,w1,2042,2,GAS,0,2042-02-01
Adverse,NZT,w1,2042,2,GEOTHERMAL,168.4488936,2042-02-01
Adverse,NZT,w1,2042,2,HYDRO,3930.025399,2042-02-01
Adverse,NZT,w1,2042,2,IMPORTS,0,2042-02-01
Adverse,NZT,w1,2042,2,NUCLEAR,0,2042-02-01
Adverse,NZT,w1,2042,2,PV,940.775552,2042-02-01
Adverse,NZT,w1,2042,2,WIND,411.9397319,2042-02-01
Adverse,NZT,w1,2042,3,BIOENERGY,19.09633383,2042-03-01
Adverse,NZT,w1,2042,3,DIESEL,0,2042-03-01
Adverse,NZT,w1,2042,3,FUEL OIL,0,2042-03-01
Adverse,NZT,w1,2042,3,GAS,0,2042-03-01
Adverse,NZT,w1,2042,3,GEOTHERMAL,0,2042-03-01
Adverse,NZT,w1,2042,3,HYDRO,4156.062867,2042-03-01
Adverse,NZT,w1,2042,3,IMPORTS,0,2042-03-01
Adverse,NZT,w1,2042,3,NUCLEAR,0,2042-03-01
Adverse,NZT,w1,2042,3,PV,947.3342902,2042-03-01
Adverse,NZT,w1,2042,3,WIND,423.713131,2042-03-01
Adverse,NZT,w1,2042,4,BIOENERGY,19.06649959,2042-04-01
Adverse,NZT,w1,2042,4,DIESEL,0,2042-04-01
Adverse,NZT,w1,2042,4,FUEL OIL,0,2042-04-01
Adverse,NZT,w1,2042,4,GAS,0,2042-04-01
Adverse,NZT,w1,2042,4,GEOTHERMAL,0,2042-04-01
Adverse,NZT,w1,2042,4,HYDRO,4160.037534,2042-04-01
Adverse,NZT,w1,2042,4,IMPORTS,0,2042-04-01
Adverse,NZT,w1,2042,4,NUCLEAR,0,2042-04-01
Adverse,NZT,w1,2042,4,PV,934.5964431,2042-04-01
Adverse,NZT,w1,2042,4,WIND,460.704253,2042-04-01
Adverse,NZT,w1,2042,5,BIOENERGY,667.2735385,2042-05-01
Adverse,NZT,w1,2042,5,DIESEL,0,2042-05-01
Adverse,NZT,w1,2042,5,FUEL OIL,118.1162588,2042-05-01
Adverse,NZT,w1,2042,5,GAS,591.5208422,2042-05-01
Adverse,NZT,w1,2042,5,GEOTHERMAL,574.442169,2042-05-01
Adverse,NZT,w1,2042,5,HYDRO,1961.955756,2042-05-01
Adverse,NZT,w1,2042,5,IMPORTS,0,2042-05-01
Adverse,NZT,w1,2042,5,NUCLEAR,0,2042-05-01
Adverse,NZT,w1,2042,5,PV,1143.913529,2042-05-01
Adverse,NZT,w1,2042,5,WIND,489.5911449,2042-05-01
Adverse,NZT,w1,2042,6,BIOENERGY,672.6209066,2042-06-01
Adverse,NZT,w1,2042,6,DIESEL,0,2042-06-01
Adverse,NZT,w1,2042,6,FUEL OIL,95.31547155,2042-06-01
Adverse,NZT,w1,2042,6,GAS,409.8259653,2042-06-01
Adverse,NZT,w1,2042,6,GEOTHERMAL,600.8531116,2042-06-01
Adverse,NZT,w1,2042,6,HYDRO,2022.529354,2042-06-01
Adverse,NZT,w1,2042,6,IMPORTS,0,2042-06-01
Adverse,NZT,w1,2042,6,NUCLEAR,0,2042-06-01
Adverse,NZT,w1,2042,6,PV,1132.303261,2042-06-01
Adverse,NZT,w1,2042,6,WIND,491.3137681,2042-06-01
Adverse,NZT,w1,2042,7,BIOENERGY,694.101849,2042-07-01
Adverse,NZT,w1,2042,7,DIESEL,0,2042-07-01
Adverse,NZT,w1,2042,7,FUEL OIL,93.64504419,2042-07-01
Adverse,NZT,w1,2042,7,GAS,216.5331814,2042-07-01
Adverse,NZT,w1,2042,7,GEOTHERMAL,578.5954213,2042-07-01
Adverse,NZT,w1,2042,7,HYDRO,2140.597944,2042-07-01
Adverse,NZT,w1,2042,7,IMPORTS,0,2042-07-01
Adverse,NZT,w1,2042,7,NUCLEAR,0,2042-07-01
Adverse,NZT,w1,2042,7,PV,1137.88888,2042-07-01
Adverse,NZT,w1,2042,7,WIND,491.4816983,2042-07-01
Adverse,NZT,w1,2042,8,BIOENERGY,677.0916547,2042-08-01
Adverse,NZT,w1,2042,8,DIESEL,0,2042-08-01
Adverse,NZT,w1,2042,8,FUEL OIL,31.05104059,2042-08-01
Adverse,NZT,w1,2042,8,GAS,154.3155821,2042-08-01
Adverse,NZT,w1,2042,8,GEOTHERMAL,608.6859125,2042-08-01
Adverse,NZT,w1,2042,8,HYDRO,2259.66573,2042-08-01
Adverse,NZT,w1,2042,8,IMPORTS,0,2042-08-01
Adverse,NZT,w1,2042,8,NUCLEAR,0,2042-08-01
Adverse,NZT,w1,2042,8,PV,1141.169173,2042-08-01
Adverse,NZT,w1,2042,8,WIND,466.2150651,2042-08-01
Adverse,NZT,w1,2042,9,BIOENERGY,664.2643413,2042-09-01
Adverse,NZT,w1,2042,9,DIESEL,0,2042-09-01
Adverse,NZT,w1,2042,9,FUEL OIL,92.25493601,2042-09-01
Adverse,NZT,w1,2042,9,GAS,376.4854174,2042-09-01
Adverse,NZT,w1,2042,9,GEOTHERMAL,583.360448,2042-09-01
Adverse,NZT,w1,2042,9,HYDRO,2108.131735,2042-09-01
Adverse,NZT,w1,2042,9,IMPORTS,0,2042-09-01
Adverse,NZT,w1,2042,9,NUCLEAR,0,2042-09-01
Adverse,NZT,w1,2042,9,PV,1147.353498,2042-09-01
Adverse,NZT,w1,2042,9,WIND,491.1017333,2042-09-01
Adverse,NZT,w1,2042,10,BIOENERGY,676.1332085,2042-10-01
Adverse,NZT,w1,2042,10,DIESEL,0,2042-10-01
Adverse,NZT,w1,2042,10,FUEL OIL,92.25066746,2042-10-01
Adverse,NZT,w1,2042,10,GAS,418.4383418,2042-10-01
Adverse,NZT,w1,2042,10,GEOTHERMAL,596.9206362,2042-10-01
Adverse,NZT,w1,2042,10,HYDRO,2075.770351,2042-10-01
Adverse,NZT,w1,2042,10,IMPORTS,0,2042-10-01
Adverse,NZT,w1,2042,10,NUCLEAR,0,2042-10-01
Adverse,NZT,w1,2042,10,PV,1123.358045,2042-10-01
Adverse,NZT,w1,2042,10,WIND,497.9821313,2042-10-01
Adverse,NZT,w1,2042,11,BIOENERGY,18.04187321,2042-11-01
Adverse,NZT,w1,2042,11,DIESEL,0,2042-11-01
Adverse,NZT,w1,2042,11,FUEL OIL,0,2042-11-01
Adverse,NZT,w1,2042,11,GAS,0,2042-11-01
Adverse,NZT,w1,2042,11,GEOTHERMAL,73.77194178,2042-11-01
Adverse,NZT,w1,2042,11,HYDRO,4111.775125,2042-11-01
Adverse,NZT,w1,2042,11,IMPORTS,0,2042-11-01
Adverse,NZT,w1,2042,11,NUCLEAR,0,2042-11-01
Adverse,NZT,w1,2042,11,PV,967.5771263,2042-11-01
Adverse,NZT,w1,2042,11,WIND,420.5987877,2042-11-01
Adverse,NZT,w1,2042,12,BIOENERGY,0,2042-12-01
Adverse,NZT,w1,2042,12,DIESEL,0,2042-12-01
Adverse,NZT,w1,2042,12,FUEL OIL,0,2042-12-01
Adverse,NZT,w1,2042,12,GAS,0,2042-12-01
Adverse,NZT,w1,2042,12,GEOTHERMAL,326.0379612,2042-12-01
Adverse,NZT,w1,2042,12,HYDRO,4052.546547,2042-12-01
Adverse,NZT,w1,2042,12,IMPORTS,0,2042-12-01
Adverse,NZT,w1,2042,12,NUCLEAR,0,2042-12-01
Adverse,NZT,w1,2042,12,PV,924.4698676,2042-12-01
Adverse,NZT,w1,2042,12,WIND,422.3971449,2042-12-01
Adverse,NZT,w1,2043,1,BIOENERGY,46.16619527,2043-01-01
Adverse,NZT,w1,2043,1,DIESEL,0,2043-01-01
Adverse,NZT,w1,2043,1,FUEL OIL,0,2043-01-01
Adverse,NZT,w1,2043,1,GAS,0,2043-01-01
Adverse,NZT,w1,2043,1,GEOTHERMAL,0,2043-01-01
Adverse,NZT,w1,2043,1,HYDRO,3919.447581,2043-01-01
Adverse,NZT,w1,2043,1,IMPORTS,0,2043-01-01
Adverse,NZT,w1,2043,1,NUCLEAR,254.1135235,2043-01-01
Adverse,NZT,w1,2043,1,PV,925.2490925,2043-01-01
Adverse,NZT,w1,2043,1,WIND,443.1727902,2043-01-01
Adverse,NZT,w1,2043,2,BIOENERGY,0,2043-02-01
Adverse,NZT,w1,2043,2,DIESEL,0,2043-02-01
Adverse,NZT,w1,2043,2,FUEL OIL,0,2043-02-01
Adverse,NZT,w1,2043,2,GAS,0,2043-02-01
Adverse,NZT,w1,2043,2,GEOTHERMAL,0,2043-02-01
Adverse,NZT,w1,2043,2,HYDRO,4175.203514,2043-02-01
Adverse,NZT,w1,2043,2,IMPORTS,0,2043-02-01
Adverse,NZT,w1,2043,2,NUCLEAR,0,2043-02-01
Adverse,NZT,w1,2043,2,PV,944.4660736,2043-02-01
Adverse,NZT,w1,2043,2,WIND,440.54378,2043-02-01
Adverse,NZT,w1,2043,3,BIOENERGY,19.37683388,2043-03-01
Adverse,NZT,w1,2043,3,DIESEL,0,2043-03-01
Adverse,NZT,w1,2043,3,FUEL OIL,0,2043-03-01
Adverse,NZT,w1,2043,3,GAS,0,2043-03-01
Adverse,NZT,w1,2043,3,GEOTHERMAL,0,2043-03-01
Adverse,NZT,w1,2043,3,HYDRO,4043.435504,2043-03-01
Adverse,NZT,w1,2043,3,IMPORTS,0,2043-03-01
Adverse,NZT,w1,2043,3,NUCLEAR,275.0517694,2043-03-01
Adverse,NZT,w1,2043,3,PV,920.2268449,2043-03-01
Adverse,NZT,w1,2043,3,WIND,399.0398024,2043-03-01
Adverse,NZT,w1,2043,4,BIOENERGY,0,2043-04-01
Adverse,NZT,w1,2043,4,DIESEL,0,2043-04-01
Adverse,NZT,w1,2043,4,FUEL OIL,0,2043-04-01
Adverse,NZT,w1,2043,4,GAS,0,2043-04-01
Adverse,NZT,w1,2043,4,GEOTHERMAL,0,2043-04-01
Adverse,NZT,w1,2043,4,HYDRO,4106.373045,2043-04-01
Adverse,NZT,w1,2043,4,IMPORTS,0,2043-04-01
Adverse,NZT,w1,2043,4,NUCLEAR,248.5332476,2043-04-01
Adverse,NZT,w1,2043,4,PV,918.4943524,2043-04-01
Adverse,NZT,w1,2043,4,WIND,412.4921791,2043-04-01
Adverse,NZT,w1,2043,5,BIOENERGY,669.2567534,2043-05-01
Adverse,NZT,w1,2043,5,DIESEL,0,2043-05-01
Adverse,NZT,w1,2043,5,FUEL OIL,93.35185029,2043-05-01
Adverse,NZT,w1,2043,5,GAS,325.5366932,2043-05-01
Adverse,NZT,w1,2043,5,GEOTHERMAL,576.2465827,2043-05-01
Adverse,NZT,w1,2043,5,HYDRO,2102.02063,2043-05-01
Adverse,NZT,w1,2043,5,IMPORTS,0,2043-05-01
Adverse,NZT,w1,2043,5,NUCLEAR,302.0366268,2043-05-01
Adverse,NZT,w1,2043,5,PV,1121.608739,2043-05-01
Adverse,NZT,w1,2043,5,WIND,467.6916274,2043-05-01
Adverse,NZT,w1,2043,6,BIOENERGY,677.4596823,2043-06-01
Adverse,NZT,w1,2043,6,DIESEL,0,2043-06-01
Adverse,NZT,w1,2043,6,FUEL OIL,33.29782153,2043-06-01
Adverse,NZT,w1,2043,6,GAS,212.8171519,2043-06-01
Adverse,NZT,w1,2043,6,GEOTHERMAL,585.3561064,2043-06-01
Adverse,NZT,w1,2043,6,HYDRO,2083.774365,2043-06-01
Adverse,NZT,w1,2043,6,IMPORTS,0,2043-06-01
Adverse,NZT,w1,2043,6,NUCLEAR,307.1832802,2043-06-01
Adverse,NZT,w1,2043,6,PV,1175.037041,2043-06-01
Adverse,NZT,w1,2043,6,WIND,458.3316267,2043-06-01
Adverse,NZT,w1,2043,7,BIOENERGY,682.5578572,2043-07-01
Adverse,NZT,w1,2043,7,DIESEL,0,2043-07-01
Adverse,NZT,w1,2043,7,FUEL OIL,92.16404888,2043-07-01
Adverse,NZT,w1,2043,7,GAS,229.1982005,2043-07-01
Adverse,NZT,w1,2043,7,GEOTHERMAL,596.7881601,2043-07-01
Adverse,NZT,w1,2043,7,HYDRO,1925.419047,2043-07-01
Adverse,NZT,w1,2043,7,IMPORTS,0,2043-07-01
Adverse,NZT,w1,2043,7,NUCLEAR,306.2412045,2043-07-01
Adverse,NZT,w1,2043,7,PV,1132.420909,2043-07-01
Adverse,NZT,w1,2043,7,WIND,495.1114712,2043-07-01
Adverse,NZT,w1,2043,8,BIOENERGY,666.4300501,2043-08-01
Adverse,NZT,w1,2043,8,DIESEL,0,2043-08-01
Adverse,NZT,w1,2043,8,FUEL OIL,31.43851818,2043-08-01
Adverse,NZT,w1,2043,8,GAS,155.6237937,2043-08-01
Adverse,NZT,w1,2043,8,GEOTHERMAL,584.6696331,2043-08-01
Adverse,NZT,w1,2043,8,HYDRO,2092.971905,2043-08-01
Adverse,NZT,w1,2043,8,IMPORTS,0,2043-08-01
Adverse,NZT,w1,2043,8,NUCLEAR,305.0018665,2043-08-01
Adverse,NZT,w1,2043,8,PV,1110.959105,2043-08-01
Adverse,NZT,w1,2043,8,WIND,497.8631691,2043-08-01
Adverse,NZT,w1,2043,9,BIOENERGY,701.9678393,2043-09-01
Adverse,NZT,w1,2043,9,DIESEL,0,2043-09-01
Adverse,NZT,w1,2043,9,FUEL OIL,90.78495618,2043-09-01
Adverse,NZT,w1,2043,9,GAS,418.8267429,2043-09-01
Adverse,NZT,w1,2043,9,GEOTHERMAL,580.3274674,2043-09-01
Adverse,NZT,w1,2043,9,HYDRO,1869.423748,2043-09-01
Adverse,NZT,w1,2043,9,IMPORTS,0,2043-09-01
Adverse,NZT,w1,2043,9,NUCLEAR,304.5436885,2043-09-01
Adverse,NZT,w1,2043,9,PV,1095.94829,2043-09-01
Adverse,NZT,w1,2043,9,WIND,510.3884188,2043-09-01
Adverse,NZT,w1,2043,10,BIOENERGY,676.594276,2043-10-01
Adverse,NZT,w1,2043,10,DIESEL,0,2043-10-01
Adverse,NZT,w1,2043,10,FUEL OIL,93.59227952,2043-10-01
Adverse,NZT,w1,2043,10,GAS,274.1035691,2043-10-01
Adverse,NZT,w1,2043,10,GEOTHERMAL,585.6485961,2043-10-01
Adverse,NZT,w1,2043,10,HYDRO,2057.293846,2043-10-01
Adverse,NZT,w1,2043,10,IMPORTS,0,2043-10-01
Adverse,NZT,w1,2043,10,NUCLEAR,303.9999445,2043-10-01
Adverse,NZT,w1,2043,10,PV,1112.319709,2043-10-01
Adverse,NZT,w1,2043,10,WIND,486.9182288,2043-10-01
Adverse,NZT,w1,2043,11,BIOENERGY,37.42466498,2043-11-01
Adverse,NZT,w1,2043,11,DIESEL,0,2043-11-01
Adverse,NZT,w1,2043,11,FUEL OIL,0,2043-11-01
Adverse,NZT,w1,2043,11,GAS,0,2043-11-01
Adverse,NZT,w1,2043,11,GEOTHERMAL,0,2043-11-01
Adverse,NZT,w1,2043,11,HYDRO,4008.601212,2043-11-01
Adverse,NZT,w1,2043,11,IMPORTS,0,2043-11-01
Adverse,NZT,w1,2043,11,NUCLEAR,278.3685044,2043-11-01
Adverse,NZT,w1,2043,11,PV,923.4998678,2043-11-01
Adverse,NZT,w1,2043,11,WIND,455.705902,2043-11-01
Adverse,NZT,w1,2043,12,BIOENERGY,18.74745383,2043-12-01
Adverse,NZT,w1,2043,12,DIESEL,0,2043-12-01
Adverse,NZT,w1,2043,12,FUEL OIL,0,2043-12-01
Adverse,NZT,w1,2043,12,GAS,0,2043-12-01
Adverse,NZT,w1,2043,12,GEOTHERMAL,0,2043-12-01
Adverse,NZT,w1,2043,12,HYDRO,4243.951803,2043-12-01
Adverse,NZT,w1,2043,12,IMPORTS,0,2043-12-01
Adverse,NZT,w1,2043,12,NUCLEAR,238.0335876,2043-12-01
Adverse,NZT,w1,2043,12,PV,916.1320704,2043-12-01
Adverse,NZT,w1,2043,12,WIND,423.0956359,2043-12-01
Adverse,NZT,w1,2044,1,BIOENERGY,0,2044-01-01
Adverse,NZT,w1,2044,1,DIESEL,0,2044-01-01
Adverse,NZT,w1,2044,1,FUEL OIL,0,2044-01-01
Adverse,NZT,w1,2044,1,GAS,0,2044-01-01
Adverse,NZT,w1,2044,1,GEOTHERMAL,0,2044-01-01
Adverse,NZT,w1,2044,1,HYDRO,4353.975762,2044-01-01
Adverse,NZT,w1,2044,1,IMPORTS,0,2044-01-01
Adverse,NZT,w1,2044,1,NUCLEAR,0,2044-01-01
Adverse,NZT,w1,2044,1,PV,919.3198249,2044-01-01
Adverse,NZT,w1,2044,1,WIND,426.6165791,2044-01-01
Adverse,NZT,w1,2044,2,BIOENERGY,0,2044-02-01
Adverse,NZT,w1,2044,2,DIESEL,0,2044-02-01
Adverse,NZT,w1,2044,2,FUEL OIL,0,2044-02-01
Adverse,NZT,w1,2044,2,GAS,0,2044-02-01
Adverse,NZT,w1,2044,2,GEOTHERMAL,0,2044-02-01
Adverse,NZT,w1,2044,2,HYDRO,4337.236694,2044-02-01
Adverse,NZT,w1,2044,2,IMPORTS,0,2044-02-01
Adverse,NZT,w1,2044,2,NUCLEAR,0,2044-02-01
Adverse,NZT,w1,2044,2,PV,931.6120096,2044-02-01
Adverse,NZT,w1,2044,2,WIND,402.5689309,2044-02-01
Adverse,NZT,w1,2044,3,BIOENERGY,0,2044-03-01
Adverse,NZT,w1,2044,3,DIESEL,0,2044-03-01
Adverse,NZT,w1,2044,3,FUEL OIL,0,2044-03-01
Adverse,NZT,w1,2044,3,GAS,0,2044-03-01
Adverse,NZT,w1,2044,3,GEOTHERMAL,0,2044-03-01
Adverse,NZT,w1,2044,3,HYDRO,4399.520019,2044-03-01
Adverse,NZT,w1,2044,3,IMPORTS,0,2044-03-01
Adverse,NZT,w1,2044,3,NUCLEAR,0,2044-03-01
Adverse,NZT,w1,2044,3,PV,924.21744,2044-03-01
Adverse,NZT,w1,2044,3,WIND,446.5359108,2044-03-01
Adverse,NZT,w1,2044,4,BIOENERGY,0,2044-04-01
Adverse,NZT,w1,2044,4,DIESEL,0,2044-04-01
Adverse,NZT,w1,2044,4,FUEL OIL,0,2044-04-01
Adverse,NZT,w1,2044,4,GAS,0,2044-04-01
Adverse,NZT,w1,2044,4,GEOTHERMAL,0,2044-04-01
Adverse,NZT,w1,2044,4,HYDRO,4436.579597,2044-04-01
Adverse,NZT,w1,2044,4,IMPORTS,0,2044-04-01
Adverse,NZT,w1,2044,4,NUCLEAR,0,2044-04-01
Adverse,NZT,w1,2044,4,PV,928.4658685,2044-04-01
Adverse,NZT,w1,2044,4,WIND,434.5652156,2044-04-01
Adverse,NZT,w1,2044,5,BIOENERGY,683.908293,2044-05-01
Adverse,NZT,w1,2044,5,DIESEL,0,2044-05-01
Adverse,NZT,w1,2044,5,FUEL OIL,93.69996344,2044-05-01
Adverse,NZT,w1,2044,5,GAS,328.9144811,2044-05-01
Adverse,NZT,w1,2044,5,GEOTHERMAL,594.6683506,2044-05-01
Adverse,NZT,w1,2044,5,HYDRO,2185.792923,2044-05-01
Adverse,NZT,w1,2044,5,IMPORTS,0,2044-05-01
Adverse,NZT,w1,2044,5,NUCLEAR,304.9148558,2044-05-01
Adverse,NZT,w1,2044,5,PV,1107.412438,2044-05-01
Adverse,NZT,w1,2044,5,WIND,471.5931885,2044-05-01
Adverse,NZT,w1,2044,6,BIOENERGY,643.1476863,2044-06-01
Adverse,NZT,w1,2044,6,DIESEL,0,2044-06-01
Adverse,NZT,w1,2044,6,FUEL OIL,0,2044-06-01
Adverse,NZT,w1,2044,6,GAS,104.1581862,2044-06-01
Adverse,NZT,w1,2044,6,GEOTHERMAL,570.6719576,2044-06-01
Adverse,NZT,w1,2044,6,HYDRO,2419.324101,2044-06-01
Adverse,NZT,w1,2044,6,IMPORTS,0,2044-06-01
Adverse,NZT,w1,2044,6,NUCLEAR,302.8957704,2044-06-01
Adverse,NZT,w1,2044,6,PV,1144.981468,2044-06-01
Adverse,NZT,w1,2044,6,WIND,458.7430473,2044-06-01
Adverse,NZT,w1,2044,7,BIOENERGY,588.3152099,2044-07-01
Adverse,NZT,w1,2044,7,DIESEL,0,2044-07-01
Adverse,NZT,w1,2044,7,FUEL OIL,0,2044-07-01
Adverse,NZT,w1,2044,7,GAS,35.6974063,2044-07-01
Adverse,NZT,w1,2044,7,GEOTHERMAL,577.5844073,2044-07-01
Adverse,NZT,w1,2044,7,HYDRO,2416.506369,2044-07-01
Adverse,NZT,w1,2044,7,IMPORTS,0,2044-07-01
Adverse,NZT,w1,2044,7,NUCLEAR,305.1854623,2044-07-01
Adverse,NZT,w1,2044,7,PV,1146.004618,2044-07-01
Adverse,NZT,w1,2044,7,WIND,499.8054431,2044-07-01
Adverse,NZT,w1,2044,8,BIOENERGY,608.3936387,2044-08-01
Adverse,NZT,w1,2044,8,DIESEL,0,2044-08-01
Adverse,NZT,w1,2044,8,FUEL OIL,92.58770857,2044-08-01
Adverse,NZT,w1,2044,8,GAS,102.5276586,2044-08-01
Adverse,NZT,w1,2044,8,GEOTHERMAL,596.0803962,2044-08-01
Adverse,NZT,w1,2044,8,HYDRO,2238.746657,2044-08-01
Adverse,NZT,w1,2044,8,IMPORTS,0,2044-08-01
Adverse,NZT,w1,2044,8,NUCLEAR,300.5097631,2044-08-01
Adverse,NZT,w1,2044,8,PV,1125.089021,2044-08-01
Adverse,NZT,w1,2044,8,WIND,489.9223589,2044-08-01
Adverse,NZT,w1,2044,9,BIOENERGY,669.1709413,2044-09-01
Adverse,NZT,w1,2044,9,DIESEL,0,2044-09-01
Adverse,NZT,w1,2044,9,FUEL OIL,63.16980876,2044-09-01
Adverse,NZT,w1,2044,9,GAS,167.8475993,2044-09-01
Adverse,NZT,w1,2044,9,GEOTHERMAL,583.6770707,2044-09-01
Adverse,NZT,w1,2044,9,HYDRO,2301.091241,2044-09-01
Adverse,NZT,w1,2044,9,IMPORTS,0,2044-09-01
Adverse,NZT,w1,2044,9,NUCLEAR,304.4811941,2044-09-01
Adverse,NZT,w1,2044,9,PV,1104.167328,2044-09-01
Adverse,NZT,w1,2044,9,WIND,490.0501913,2044-09-01
Adverse,NZT,w1,2044,10,BIOENERGY,659.2896507,2044-10-01
Adverse,NZT,w1,2044,10,DIESEL,0,2044-10-01
Adverse,NZT,w1,2044,10,FUEL OIL,62.19934132,2044-10-01
Adverse,NZT,w1,2044,10,GAS,157.3866268,2044-10-01
Adverse,NZT,w1,2044,10,GEOTHERMAL,595.4346511,2044-10-01
Adverse,NZT,w1,2044,10,HYDRO,2332.267203,2044-10-01
Adverse,NZT,w1,2044,10,IMPORTS,0,2044-10-01
Adverse,NZT,w1,2044,10,NUCLEAR,301.4439489,2044-10-01
Adverse,NZT,w1,2044,10,PV,1120.372413,2044-10-01
Adverse,NZT,w1,2044,10,WIND,473.8860227,2044-10-01
Adverse,NZT,w1,2044,11,BIOENERGY,0,2044-11-01
Adverse,NZT,w1,2044,11,DIESEL,0,2044-11-01
Adverse,NZT,w1,2044,11,FUEL OIL,0,2044-11-01
Adverse,NZT,w1,2044,11,GAS,0,2044-11-01
Adverse,NZT,w1,2044,11,GEOTHERMAL,0,2044-11-01
Adverse,NZT,w1,2044,11,HYDRO,4447.404619,2044-11-01
Adverse,NZT,w1,2044,11,IMPORTS,0,2044-11-01
Adverse,NZT,w1,2044,11,NUCLEAR,0,2044-11-01
Adverse,NZT,w1,2044,11,PV,954.716716,2044-11-01
Adverse,NZT,w1,2044,11,WIND,415.5508189,2044-11-01
Adverse,NZT,w1,2044,12,BIOENERGY,0,2044-12-01
Adverse,NZT,w1,2044,12,DIESEL,0,2044-12-01
Adverse,NZT,w1,2044,12,FUEL OIL,0,2044-12-01
Adverse,NZT,w1,2044,12,GAS,0,2044-12-01
Adverse,NZT,w1,2044,12,GEOTHERMAL,0,2044-12-01
Adverse,NZT,w1,2044,12,HYDRO,4600.841303,2044-12-01
Adverse,NZT,w1,2044,12,IMPORTS,0,2044-12-01
Adverse,NZT,w1,2044,12,NUCLEAR,0,2044-12-01
Adverse,NZT,w1,2044,12,PV,921.1410505,2044-12-01
Adverse,NZT,w1,2044,12,WIND,434.7774083,2044-12-01
Adverse,NZT,w1,2045,1,BIOENERGY,0,2045-01-01
Adverse,NZT,w1,2045,1,DIESEL,0,2045-01-01
Adverse,NZT,w1,2045,1,FUEL OIL,0,2045-01-01
Adverse,NZT,w1,2045,1,GAS,0,2045-01-01
Adverse,NZT,w1,2045,1,GEOTHERMAL,0,2045-01-01
Adverse,NZT,w1,2045,1,HYDRO,4463.86322,2045-01-01
Adverse,NZT,w1,2045,1,IMPORTS,0,2045-01-01
Adverse,NZT,w1,2045,1,NUCLEAR,0,2045-01-01
Adverse,NZT,w1,2045,1,PV,922.6391138,2045-01-01
Adverse,NZT,w1,2045,1,WIND,427.4080751,2045-01-01
Adverse,NZT,w1,2045,2,BIOENERGY,0,2045-02-01
Adverse,NZT,w1,2045,2,DIESEL,0,2045-02-01
Adverse,NZT,w1,2045,2,FUEL OIL,0,2045-02-01
Adverse,NZT,w1,2045,2,GAS,0,2045-02-01
Adverse,NZT,w1,2045,2,GEOTHERMAL,0,2045-02-01
Adverse,NZT,w1,2045,2,HYDRO,4442.535089,2045-02-01
Adverse,NZT,w1,2045,2,IMPORTS,0,2045-02-01
Adverse,NZT,w1,2045,2,NUCLEAR,0,2045-02-01
Adverse,NZT,w1,2045,2,PV,920.0610128,2045-02-01
Adverse,NZT,w1,2045,2,WIND,422.2498855,2045-02-01
Adverse,NZT,w1,2045,3,BIOENERGY,0,2045-03-01
Adverse,NZT,w1,2045,3,DIESEL,0,2045-03-01
Adverse,NZT,w1,2045,3,FUEL OIL,0,2045-03-01
Adverse,NZT,w1,2045,3,GAS,0,2045-03-01
Adverse,NZT,w1,2045,3,GEOTHERMAL,0,2045-03-01
Adverse,NZT,w1,2045,3,HYDRO,4556.105068,2045-03-01
Adverse,NZT,w1,2045,3,IMPORTS,0,2045-03-01
Adverse,NZT,w1,2045,3,NUCLEAR,0,2045-03-01
Adverse,NZT,w1,2045,3,PV,934.3474709,2045-03-01
Adverse,NZT,w1,2045,3,WIND,395.2262981,2045-03-01
Adverse,NZT,w1,2045,4,BIOENERGY,0,2045-04-01
Adverse,NZT,w1,2045,4,DIESEL,0,2045-04-01
Adverse,NZT,w1,2045,4,FUEL OIL,0,2045-04-01
Adverse,NZT,w1,2045,4,GAS,0,2045-04-01
Adverse,NZT,w1,2045,4,GEOTHERMAL,0,2045-04-01
Adverse,NZT,w1,2045,4,HYDRO,4521.161326,2045-04-01
Adverse,NZT,w1,2045,4,IMPORTS,0,2045-04-01
Adverse,NZT,w1,2045,4,NUCLEAR,0,2045-04-01
Adverse,NZT,w1,2045,4,PV,961.618043,2045-04-01
Adverse,NZT,w1,2045,4,WIND,432.823526,2045-04-01
Adverse,NZT,w1,2045,5,BIOENERGY,597.6972272,2045-05-01
Adverse,NZT,w1,2045,5,DIESEL,0,2045-05-01
Adverse,NZT,w1,2045,5,FUEL OIL,0,2045-05-01
Adverse,NZT,w1,2045,5,GAS,378.2986595,2045-05-01
Adverse,NZT,w1,2045,5,GEOTHERMAL,583.5200826,2045-05-01
Adverse,NZT,w1,2045,5,HYDRO,2447.020201,2045-05-01
Adverse,NZT,w1,2045,5,IMPORTS,0,2045-05-01
Adverse,NZT,w1,2045,5,NUCLEAR,310.8971169,2045-05-01
Adverse,NZT,w1,2045,5,PV,1112.243337,2045-05-01
Adverse,NZT,w1,2045,5,WIND,456.6459579,2045-05-01
Adverse,NZT,w1,2045,6,BIOENERGY,586.656825,2045-06-01
Adverse,NZT,w1,2045,6,DIESEL,0,2045-06-01
Adverse,NZT,w1,2045,6,FUEL OIL,0,2045-06-01
Adverse,NZT,w1,2045,6,GAS,109.6305411,2045-06-01
Adverse,NZT,w1,2045,6,GEOTHERMAL,578.0177931,2045-06-01
Adverse,NZT,w1,2045,6,HYDRO,2556.903746,2045-06-01
Adverse,NZT,w1,2045,6,IMPORTS,0,2045-06-01
Adverse,NZT,w1,2045,6,NUCLEAR,305.9981444,2045-06-01
Adverse,NZT,w1,2045,6,PV,1146.006864,2045-06-01
Adverse,NZT,w1,2045,6,WIND,473.586747,2045-06-01
Adverse,NZT,w1,2045,7,BIOENERGY,560.2573187,2045-07-01
Adverse,NZT,w1,2045,7,DIESEL,0,2045-07-01
Adverse,NZT,w1,2045,7,FUEL OIL,0,2045-07-01
Adverse,NZT,w1,2045,7,GAS,93.45923795,2045-07-01
Adverse,NZT,w1,2045,7,GEOTHERMAL,616.2454507,2045-07-01
Adverse,NZT,w1,2045,7,HYDRO,2509.682764,2045-07-01
Adverse,NZT,w1,2045,7,IMPORTS,0,2045-07-01
Adverse,NZT,w1,2045,7,NUCLEAR,306.9109823,2045-07-01
Adverse,NZT,w1,2045,7,PV,1134.707191,2045-07-01
Adverse,NZT,w1,2045,7,WIND,459.2179504,2045-07-01
Adverse,NZT,w1,2045,8,BIOENERGY,540.6641435,2045-08-01
Adverse,NZT,w1,2045,8,DIESEL,0,2045-08-01
Adverse,NZT,w1,2045,8,FUEL OIL,0,2045-08-01
Adverse,NZT,w1,2045,8,GAS,0,2045-08-01
Adverse,NZT,w1,2045,8,GEOTHERMAL,603.9758813,2045-08-01
Adverse,NZT,w1,2045,8,HYDRO,2665.893187,2045-08-01
Adverse,NZT,w1,2045,8,IMPORTS,0,2045-08-01
Adverse,NZT,w1,2045,8,NUCLEAR,306.9171749,2045-08-01
Adverse,NZT,w1,2045,8,PV,1085.162454,2045-08-01
Adverse,NZT,w1,2045,8,WIND,462.3215052,2045-08-01
Adverse,NZT,w1,2045,9,BIOENERGY,594.4123035,2045-09-01
Adverse,NZT,w1,2045,9,DIESEL,0,2045-09-01
Adverse,NZT,w1,2045,9,FUEL OIL,0,2045-09-01
Adverse,NZT,w1,2045,9,GAS,159.8938873,2045-09-01
Adverse,NZT,w1,2045,9,GEOTHERMAL,590.7541497,2045-09-01
Adverse,NZT,w1,2045,9,HYDRO,2533.155758,2045-09-01
Adverse,NZT,w1,2045,9,IMPORTS,0,2045-09-01
Adverse,NZT,w1,2045,9,NUCLEAR,305.8478362,2045-09-01
Adverse,NZT,w1,2045,9,PV,1137.25826,2045-09-01
Adverse,NZT,w1,2045,9,WIND,476.0062872,2045-09-01
Adverse,NZT,w1,2045,10,BIOENERGY,579.6488112,2045-10-01
Adverse,NZT,w1,2045,10,DIESEL,0,2045-10-01
Adverse,NZT,w1,2045,10,FUEL OIL,0,2045-10-01
Adverse,NZT,w1,2045,10,GAS,114.1582123,2045-10-01
Adverse,NZT,w1,2045,10,GEOTHERMAL,595.1156442,2045-10-01
Adverse,NZT,w1,2045,10,HYDRO,2645.072669,2045-10-01
Adverse,NZT,w1,2045,10,IMPORTS,0,2045-10-01
Adverse,NZT,w1,2045,10,NUCLEAR,305.184252,2045-10-01
Adverse,NZT,w1,2045,10,PV,1119.591046,2045-10-01
Adverse,NZT,w1,2045,10,WIND,457.5548202,2045-10-01
Adverse,NZT,w1,2045,11,BIOENERGY,0,2045-11-01
Adverse,NZT,w1,2045,11,DIESEL,0,2045-11-01
Adverse,NZT,w1,2045,11,FUEL OIL,0,2045-11-01
Adverse,NZT,w1,2045,11,GAS,0,2045-11-01
Adverse,NZT,w1,2045,11,GEOTHERMAL,0,2045-11-01
Adverse,NZT,w1,2045,11,HYDRO,4607.326213,2045-11-01
Adverse,NZT,w1,2045,11,IMPORTS,0,2045-11-01
Adverse,NZT,w1,2045,11,NUCLEAR,0,2045-11-01
Adverse,NZT,w1,2045,11,PV,935.9627934,2045-11-01
Adverse,NZT,w1,2045,11,WIND,390.7365907,2045-11-01
Adverse,NZT,w1,2045,12,BIOENERGY,0,2045-12-01
Adverse,NZT,w1,2045,12,DIESEL,0,2045-12-01
Adverse,NZT,w1,2045,12,FUEL OIL,0,2045-12-01
Adverse,NZT,w1,2045,12,GAS,0,2045-12-01
Adverse,NZT,w1,2045,12,GEOTHERMAL,0,2045-12-01
Adverse,NZT,w1,2045,12,HYDRO,4725.856908,2045-12-01
Adverse,NZT,w1,2045,12,IMPORTS,0,2045-12-01
Adverse,NZT,w1,2045,12,NUCLEAR,0,2045-12-01
Adverse,NZT,w1,2045,12,PV,921.1858212,2045-12-01
Adverse,NZT,w1,2045,12,WIND,428.8522274,2045-12-01
Adverse,NZT,w1,2046,1,BIOENERGY,0,2046-01-01
Adverse,NZT,w1,2046,1,DIESEL,0,2046-01-01
Adverse,NZT,w1,2046,1,FUEL OIL,0,2046-01-01
Adverse,NZT,w1,2046,1,GAS,0,2046-01-01
Adverse,NZT,w1,2046,1,GEOTHERMAL,0,2046-01-01
Adverse,NZT,w1,2046,1,HYDRO,4603.731036,2046-01-01
Adverse,NZT,w1,2046,1,IMPORTS,0,2046-01-01
Adverse,NZT,w1,2046,1,NUCLEAR,0,2046-01-01
Adverse,NZT,w1,2046,1,PV,922.9887633,2046-01-01
Adverse,NZT,w1,2046,1,WIND,403.4688187,2046-01-01
Adverse,NZT,w1,2046,2,BIOENERGY,0,2046-02-01
Adverse,NZT,w1,2046,2,DIESEL,0,2046-02-01
Adverse,NZT,w1,2046,2,FUEL OIL,0,2046-02-01
Adverse,NZT,w1,2046,2,GAS,0,2046-02-01
Adverse,NZT,w1,2046,2,GEOTHERMAL,0,2046-02-01
Adverse,NZT,w1,2046,2,HYDRO,4580.444836,2046-02-01
Adverse,NZT,w1,2046,2,IMPORTS,0,2046-02-01
Adverse,NZT,w1,2046,2,NUCLEAR,0,2046-02-01
Adverse,NZT,w1,2046,2,PV,910.7039008,2046-02-01
Adverse,NZT,w1,2046,2,WIND,409.3941707,2046-02-01
Adverse,NZT,w1,2046,3,BIOENERGY,0,2046-03-01
Adverse,NZT,w1,2046,3,DIESEL,0,2046-03-01
Adverse,NZT,w1,2046,3,FUEL OIL,0,2046-03-01
Adverse,NZT,w1,2046,3,GAS,0,2046-03-01
Adverse,NZT,w1,2046,3,GEOTHERMAL,0,2046-03-01
Adverse,NZT,w1,2046,3,HYDRO,4651.476694,2046-03-01
Adverse,NZT,w1,2046,3,IMPORTS,0,2046-03-01
Adverse,NZT,w1,2046,3,NUCLEAR,0,2046-03-01
Adverse,NZT,w1,2046,3,PV,919.1016658,2046-03-01
Adverse,NZT,w1,2046,3,WIND,432.8140535,2046-03-01
Adverse,NZT,w1,2046,4,BIOENERGY,0,2046-04-01
Adverse,NZT,w1,2046,4,DIESEL,0,2046-04-01
Adverse,NZT,w1,2046,4,FUEL OIL,0,2046-04-01
Adverse,NZT,w1,2046,4,GAS,0,2046-04-01
Adverse,NZT,w1,2046,4,GEOTHERMAL,0,2046-04-01
Adverse,NZT,w1,2046,4,HYDRO,4737.50542,2046-04-01
Adverse,NZT,w1,2046,4,IMPORTS,0,2046-04-01
Adverse,NZT,w1,2046,4,NUCLEAR,0,2046-04-01
Adverse,NZT,w1,2046,4,PV,907.3687485,2046-04-01
Adverse,NZT,w1,2046,4,WIND,389.0407836,2046-04-01
Adverse,NZT,w1,2046,5,BIOENERGY,568.8463616,2046-05-01
Adverse,NZT,w1,2046,5,DIESEL,0,2046-05-01
Adverse,NZT,w1,2046,5,FUEL OIL,0,2046-05-01
Adverse,NZT,w1,2046,5,GAS,93.32882275,2046-05-01
Adverse,NZT,w1,2046,5,GEOTHERMAL,585.5302991,2046-05-01
Adverse,NZT,w1,2046,5,HYDRO,2870.49836,2046-05-01
Adverse,NZT,w1,2046,5,IMPORTS,0,2046-05-01
Adverse,NZT,w1,2046,5,NUCLEAR,304.3266414,2046-05-01
Adverse,NZT,w1,2046,5,PV,1124.449149,2046-05-01
Adverse,NZT,w1,2046,5,WIND,457.0693994,2046-05-01
Adverse,NZT,w1,2046,6,BIOENERGY,596.4622547,2046-06-01
Adverse,NZT,w1,2046,6,DIESEL,0,2046-06-01
Adverse,NZT,w1,2046,6,FUEL OIL,0,2046-06-01
Adverse,NZT,w1,2046,6,GAS,332.5008178,2046-06-01
Adverse,NZT,w1,2046,6,GEOTHERMAL,592.8734663,2046-06-01
Adverse,NZT,w1,2046,6,HYDRO,2399.3846,2046-06-01
Adverse,NZT,w1,2046,6,IMPORTS,62.30789351,2046-06-01
Adverse,NZT,w1,2046,6,NUCLEAR,309.733767,2046-06-01
Adverse,NZT,w1,2046,6,PV,1115.91528,2046-06-01
Adverse,NZT,w1,2046,6,WIND,462.7585948,2046-06-01
Adverse,NZT,w1,2046,7,BIOENERGY,547.4801247,2046-07-01
Adverse,NZT,w1,2046,7,DIESEL,0,2046-07-01
Adverse,NZT,w1,2046,7,FUEL OIL,0,2046-07-01
Adverse,NZT,w1,2046,7,GAS,92.40703983,2046-07-01
Adverse,NZT,w1,2046,7,GEOTHERMAL,600.4950571,2046-07-01
Adverse,NZT,w1,2046,7,HYDRO,2655.759168,2046-07-01
Adverse,NZT,w1,2046,7,IMPORTS,0,2046-07-01
Adverse,NZT,w1,2046,7,NUCLEAR,301.9902397,2046-07-01
Adverse,NZT,w1,2046,7,PV,1129.780735,2046-07-01
Adverse,NZT,w1,2046,7,WIND,466.1781473,2046-07-01
Adverse,NZT,w1,2046,8,BIOENERGY,587.5208713,2046-08-01
Adverse,NZT,w1,2046,8,DIESEL,0,2046-08-01
Adverse,NZT,w1,2046,8,FUEL OIL,0,2046-08-01
Adverse,NZT,w1,2046,8,GAS,198.9135661,2046-08-01
Adverse,NZT,w1,2046,8,GEOTHERMAL,590.1901234,2046-08-01
Adverse,NZT,w1,2046,8,HYDRO,2529.377765,2046-08-01
Adverse,NZT,w1,2046,8,IMPORTS,0,2046-08-01
Adverse,NZT,w1,2046,8,NUCLEAR,306.8362762,2046-08-01
Adverse,NZT,w1,2046,8,PV,1100.344028,2046-08-01
Adverse,NZT,w1,2046,8,WIND,465.0504023,2046-08-01
Adverse,NZT,w1,2046,9,BIOENERGY,586.5043514,2046-09-01
Adverse,NZT,w1,2046,9,DIESEL,0,2046-09-01
Adverse,NZT,w1,2046,9,FUEL OIL,0,2046-09-01
Adverse,NZT,w1,2046,9,GAS,262.7748016,2046-09-01
Adverse,NZT,w1,2046,9,GEOTHERMAL,594.9524507,2046-09-01
Adverse,NZT,w1,2046,9,HYDRO,2597.287229,2046-09-01
Adverse,NZT,w1,2046,9,IMPORTS,0,2046-09-01
Adverse,NZT,w1,2046,9,NUCLEAR,307.7914152,2046-09-01
Adverse,NZT,w1,2046,9,PV,1106.118523,2046-09-01
Adverse,NZT,w1,2046,9,WIND,457.8462807,2046-09-01
Adverse,NZT,w1,2046,10,BIOENERGY,588.5418493,2046-10-01
Adverse,NZT,w1,2046,10,DIESEL,0,2046-10-01
Adverse,NZT,w1,2046,10,FUEL OIL,0,2046-10-01
Adverse,NZT,w1,2046,10,GAS,183.7435167,2046-10-01
Adverse,NZT,w1,2046,10,GEOTHERMAL,582.349877,2046-10-01
Adverse,NZT,w1,2046,10,HYDRO,2747.876866,2046-10-01
Adverse,NZT,w1,2046,10,IMPORTS,0,2046-10-01
Adverse,NZT,w1,2046,10,NUCLEAR,304.8493318,2046-10-01
Adverse,NZT,w1,2046,10,PV,1058.116856,2046-10-01
Adverse,NZT,w1,2046,10,WIND,467.1736672,2046-10-01
Adverse,NZT,w1,2046,11,BIOENERGY,0,2046-11-01
Adverse,NZT,w1,2046,11,DIESEL,0,2046-11-01
Adverse,NZT,w1,2046,11,FUEL OIL,0,2046-11-01
Adverse,NZT,w1,2046,11,GAS,0,2046-11-01
Adverse,NZT,w1,2046,11,GEOTHERMAL,0,2046-11-01
Adverse,NZT,w1,2046,11,HYDRO,4767.118454,2046-11-01
Adverse,NZT,w1,2046,11,IMPORTS,0,2046-11-01
Adverse,NZT,w1,2046,11,NUCLEAR,0,2046-11-01
Adverse,NZT,w1,2046,11,PV,894.194797,2046-11-01
Adverse,NZT,w1,2046,11,WIND,391.3928584,2046-11-01
Adverse,NZT,w1,2046,12,BIOENERGY,0,2046-12-01
Adverse,NZT,w1,2046,12,DIESEL,0,2046-12-01
Adverse,NZT,w1,2046,12,FUEL OIL,0,2046-12-01
Adverse,NZT,w1,2046,12,GAS,0,2046-12-01
Adverse,NZT,w1,2046,12,GEOTHERMAL,0,2046-12-01
Adverse,NZT,w1,2046,12,HYDRO,4863.085125,2046-12-01
Adverse,NZT,w1,2046,12,IMPORTS,0,2046-12-01
Adverse,NZT,w1,2046,12,NUCLEAR,0,2046-12-01
Adverse,NZT,w1,2046,12,PV,938.47377,2046-12-01
Adverse,NZT,w1,2046,12,WIND,395.8539609,2046-12-01
Adverse,NZT,w1,2047,1,BIOENERGY,0,2047-01-01
Adverse,NZT,w1,2047,1,DIESEL,0,2047-01-01
Adverse,NZT,w1,2047,1,FUEL OIL,0,2047-01-01
Adverse,NZT,w1,2047,1,GAS,0,2047-01-01
Adverse,NZT,w1,2047,1,GEOTHERMAL,0,2047-01-01
Adverse,NZT,w1,2047,1,HYDRO,4723.102625,2047-01-01
Adverse,NZT,w1,2047,1,IMPORTS,0,2047-01-01
Adverse,NZT,w1,2047,1,NUCLEAR,0,2047-01-01
Adverse,NZT,w1,2047,1,PV,909.3334342,2047-01-01
Adverse,NZT,w1,2047,1,WIND,416.3563311,2047-01-01
Adverse,NZT,w1,2047,2,BIOENERGY,0,2047-02-01
Adverse,NZT,w1,2047,2,DIESEL,0,2047-02-01
Adverse,NZT,w1,2047,2,FUEL OIL,0,2047-02-01
Adverse,NZT,w1,2047,2,GAS,0,2047-02-01
Adverse,NZT,w1,2047,2,GEOTHERMAL,0,2047-02-01
Adverse,NZT,w1,2047,2,HYDRO,4710.152846,2047-02-01
Adverse,NZT,w1,2047,2,IMPORTS,0,2047-02-01
Adverse,NZT,w1,2047,2,NUCLEAR,0,2047-02-01
Adverse,NZT,w1,2047,2,PV,903.5507913,2047-02-01
Adverse,NZT,w1,2047,2,WIND,404.8501284,2047-02-01
Adverse,NZT,w1,2047,3,BIOENERGY,0,2047-03-01
Adverse,NZT,w1,2047,3,DIESEL,0,2047-03-01
Adverse,NZT,w1,2047,3,FUEL OIL,0,2047-03-01
Adverse,NZT,w1,2047,3,GAS,0,2047-03-01
Adverse,NZT,w1,2047,3,GEOTHERMAL,0,2047-03-01
Adverse,NZT,w1,2047,3,HYDRO,4753.895592,2047-03-01
Adverse,NZT,w1,2047,3,IMPORTS,0,2047-03-01
Adverse,NZT,w1,2047,3,NUCLEAR,0,2047-03-01
Adverse,NZT,w1,2047,3,PV,956.1872281,2047-03-01
Adverse,NZT,w1,2047,3,WIND,413.3774416,2047-03-01
Adverse,NZT,w1,2047,4,BIOENERGY,0,2047-04-01
Adverse,NZT,w1,2047,4,DIESEL,0,2047-04-01
Adverse,NZT,w1,2047,4,FUEL OIL,0,2047-04-01
Adverse,NZT,w1,2047,4,GAS,0,2047-04-01
Adverse,NZT,w1,2047,4,GEOTHERMAL,0,2047-04-01
Adverse,NZT,w1,2047,4,HYDRO,4797.165938,2047-04-01
Adverse,NZT,w1,2047,4,IMPORTS,0,2047-04-01
Adverse,NZT,w1,2047,4,NUCLEAR,0,2047-04-01
Adverse,NZT,w1,2047,4,PV,937.4101445,2047-04-01
Adverse,NZT,w1,2047,4,WIND,420.0171694,2047-04-01
Adverse,NZT,w1,2047,5,BIOENERGY,586.9218433,2047-05-01
Adverse,NZT,w1,2047,5,DIESEL,0,2047-05-01
Adverse,NZT,w1,2047,5,FUEL OIL,0,2047-05-01
Adverse,NZT,w1,2047,5,GAS,93.63643457,2047-05-01
Adverse,NZT,w1,2047,5,GEOTHERMAL,595.581059,2047-05-01
Adverse,NZT,w1,2047,5,HYDRO,2798.873858,2047-05-01
Adverse,NZT,w1,2047,5,IMPORTS,165.2233754,2047-05-01
Adverse,NZT,w1,2047,5,NUCLEAR,305.9084396,2047-05-01
Adverse,NZT,w1,2047,5,PV,1121.829438,2047-05-01
Adverse,NZT,w1,2047,5,WIND,456.1555666,2047-05-01
Adverse,NZT,w1,2047,6,BIOENERGY,600.9243891,2047-06-01
Adverse,NZT,w1,2047,6,DIESEL,0,2047-06-01
Adverse,NZT,w1,2047,6,FUEL OIL,0,2047-06-01
Adverse,NZT,w1,2047,6,GAS,205.5316604,2047-06-01
Adverse,NZT,w1,2047,6,GEOTHERMAL,591.780367,2047-06-01
Adverse,NZT,w1,2047,6,HYDRO,2689.695346,2047-06-01
Adverse,NZT,w1,2047,6,IMPORTS,55.54308495,2047-06-01
Adverse,NZT,w1,2047,6,NUCLEAR,307.1509763,2047-06-01
Adverse,NZT,w1,2047,6,PV,1069.117544,2047-06-01
Adverse,NZT,w1,2047,6,WIND,469.63204,2047-06-01
Adverse,NZT,w1,2047,7,BIOENERGY,579.1567027,2047-07-01
Adverse,NZT,w1,2047,7,DIESEL,0,2047-07-01
Adverse,NZT,w1,2047,7,FUEL OIL,0,2047-07-01
Adverse,NZT,w1,2047,7,GAS,93.29315531,2047-07-01
Adverse,NZT,w1,2047,7,GEOTHERMAL,582.3292958,2047-07-01
Adverse,NZT,w1,2047,7,HYDRO,2735.393832,2047-07-01
Adverse,NZT,w1,2047,7,IMPORTS,44.69946791,2047-07-01
Adverse,NZT,w1,2047,7,NUCLEAR,308.1885041,2047-07-01
Adverse,NZT,w1,2047,7,PV,1102.571376,2047-07-01
Adverse,NZT,w1,2047,7,WIND,464.3399884,2047-07-01
Adverse,NZT,w1,2047,8,BIOENERGY,595.4383262,2047-08-01
Adverse,NZT,w1,2047,8,DIESEL,0,2047-08-01
Adverse,NZT,w1,2047,8,FUEL OIL,0,2047-08-01
Adverse,NZT,w1,2047,8,GAS,92.71277567,2047-08-01
Adverse,NZT,w1,2047,8,GEOTHERMAL,577.4861561,2047-08-01
Adverse,NZT,w1,2047,8,HYDRO,2499.819671,2047-08-01
Adverse,NZT,w1,2047,8,IMPORTS,220.6692971,2047-08-01
Adverse,NZT,w1,2047,8,NUCLEAR,306.4928382,2047-08-01
Adverse,NZT,w1,2047,8,PV,1112.054583,2047-08-01
Adverse,NZT,w1,2047,8,WIND,489.1240449,2047-08-01
Adverse,NZT,w1,2047,9,BIOENERGY,580.444227,2047-09-01
Adverse,NZT,w1,2047,9,DIESEL,0,2047-09-01
Adverse,NZT,w1,2047,9,FUEL OIL,0,2047-09-01
Adverse,NZT,w1,2047,9,GAS,39.27081486,2047-09-01
Adverse,NZT,w1,2047,9,GEOTHERMAL,593.1143085,2047-09-01
Adverse,NZT,w1,2047,9,HYDRO,2897.211929,2047-09-01
Adverse,NZT,w1,2047,9,IMPORTS,24.73675261,2047-09-01
Adverse,NZT,w1,2047,9,NUCLEAR,306.486083,2047-09-01
Adverse,NZT,w1,2047,9,PV,1147.097673,2047-09-01
Adverse,NZT,w1,2047,9,WIND,443.1787652,2047-09-01
Adverse,NZT,w1,2047,10,BIOENERGY,595.6087238,2047-10-01
Adverse,NZT,w1,2047,10,DIESEL,0,2047-10-01
Adverse,NZT,w1,2047,10,FUEL OIL,0,2047-10-01
Adverse,NZT,w1,2047,10,GAS,92.91185231,2047-10-01
Adverse,NZT,w1,2047,10,GEOTHERMAL,584.7385881,2047-10-01
Adverse,NZT,w1,2047,10,HYDRO,2617.196052,2047-10-01
Adverse,NZT,w1,2047,10,IMPORTS,243.7952438,2047-10-01
Adverse,NZT,w1,2047,10,NUCLEAR,305.95558,2047-10-01
Adverse,NZT,w1,2047,10,PV,1119.968155,2047-10-01
Adverse,NZT,w1,2047,10,WIND,491.1308086,2047-10-01
Adverse,NZT,w1,2047,11,BIOENERGY,0,2047-11-01
Adverse,NZT,w1,2047,11,DIESEL,0,2047-11-01
Adverse,NZT,w1,2047,11,FUEL OIL,0,2047-11-01
Adverse,NZT,w1,2047,11,GAS,0,2047-11-01
Adverse,NZT,w1,2047,11,GEOTHERMAL,0,2047-11-01
Adverse,NZT,w1,2047,11,HYDRO,4810.042491,2047-11-01
Adverse,NZT,w1,2047,11,IMPORTS,0,2047-11-01
Adverse,NZT,w1,2047,11,NUCLEAR,0,2047-11-01
Adverse,NZT,w1,2047,11,PV,946.8704936,2047-11-01
Adverse,NZT,w1,2047,11,WIND,416.8472464,2047-11-01
Adverse,NZT,w1,2047,12,BIOENERGY,0,2047-12-01
Adverse,NZT,w1,2047,12,DIESEL,0,2047-12-01
Adverse,NZT,w1,2047,12,FUEL OIL,0,2047-12-01
Adverse,NZT,w1,2047,12,GAS,0,2047-12-01
Adverse,NZT,w1,2047,12,GEOTHERMAL,0,2047-12-01
Adverse,NZT,w1,2047,12,HYDRO,5006.296023,2047-12-01
Adverse,NZT,w1,2047,12,IMPORTS,0,2047-12-01
Adverse,NZT,w1,2047,12,NUCLEAR,0,2047-12-01
Adverse,NZT,w1,2047,12,PV,908.6250228,2047-12-01
Adverse,NZT,w1,2047,12,WIND,406.440067,2047-12-01
Adverse,NZT,w1,2048,1,BIOENERGY,0,2048-01-01
Adverse,NZT,w1,2048,1,DIESEL,0,2048-01-01
Adverse,NZT,w1,2048,1,FUEL OIL,0,2048-01-01
Adverse,NZT,w1,2048,1,GAS,0,2048-01-01
Adverse,NZT,w1,2048,1,GEOTHERMAL,0,2048-01-01
Adverse,NZT,w1,2048,1,HYDRO,4816.50253,2048-01-01
Adverse,NZT,w1,2048,1,IMPORTS,0,2048-01-01
Adverse,NZT,w1,2048,1,NUCLEAR,0,2048-01-01
Adverse,NZT,w1,2048,1,PV,930.9743198,2048-01-01
Adverse,NZT,w1,2048,1,WIND,422.2913876,2048-01-01
Adverse,NZT,w1,2048,2,BIOENERGY,0,2048-02-01
Adverse,NZT,w1,2048,2,DIESEL,0,2048-02-01
Adverse,NZT,w1,2048,2,FUEL OIL,0,2048-02-01
Adverse,NZT,w1,2048,2,GAS,0,2048-02-01
Adverse,NZT,w1,2048,2,GEOTHERMAL,0,2048-02-01
Adverse,NZT,w1,2048,2,HYDRO,4799.620629,2048-02-01
Adverse,NZT,w1,2048,2,IMPORTS,0,2048-02-01
Adverse,NZT,w1,2048,2,NUCLEAR,0,2048-02-01
Adverse,NZT,w1,2048,2,PV,927.9316979,2048-02-01
Adverse,NZT,w1,2048,2,WIND,411.3725142,2048-02-01
Adverse,NZT,w1,2048,3,BIOENERGY,0,2048-03-01
Adverse,NZT,w1,2048,3,DIESEL,0,2048-03-01
Adverse,NZT,w1,2048,3,FUEL OIL,0,2048-03-01
Adverse,NZT,w1,2048,3,GAS,0,2048-03-01
Adverse,NZT,w1,2048,3,GEOTHERMAL,0,2048-03-01
Adverse,NZT,w1,2048,3,HYDRO,4883.889878,2048-03-01
Adverse,NZT,w1,2048,3,IMPORTS,0,2048-03-01
Adverse,NZT,w1,2048,3,NUCLEAR,0,2048-03-01
Adverse,NZT,w1,2048,3,PV,923.5688431,2048-03-01
Adverse,NZT,w1,2048,3,WIND,438.4707465,2048-03-01
Adverse,NZT,w1,2048,4,BIOENERGY,0,2048-04-01
Adverse,NZT,w1,2048,4,DIESEL,0,2048-04-01
Adverse,NZT,w1,2048,4,FUEL OIL,0,2048-04-01
Adverse,NZT,w1,2048,4,GAS,0,2048-04-01
Adverse,NZT,w1,2048,4,GEOTHERMAL,0,2048-04-01
Adverse,NZT,w1,2048,4,HYDRO,4944.662773,2048-04-01
Adverse,NZT,w1,2048,4,IMPORTS,0,2048-04-01
Adverse,NZT,w1,2048,4,NUCLEAR,0,2048-04-01
Adverse,NZT,w1,2048,4,PV,943.0153243,2048-04-01
Adverse,NZT,w1,2048,4,WIND,390.0070187,2048-04-01
Adverse,NZT,w1,2048,5,BIOENERGY,582.6916276,2048-05-01
Adverse,NZT,w1,2048,5,DIESEL,0,2048-05-01
Adverse,NZT,w1,2048,5,FUEL OIL,0,2048-05-01
Adverse,NZT,w1,2048,5,GAS,0,2048-05-01
Adverse,NZT,w1,2048,5,GEOTHERMAL,593.2947987,2048-05-01
Adverse,NZT,w1,2048,5,HYDRO,2727.320051,2048-05-01
Adverse,NZT,w1,2048,5,IMPORTS,438.3803247,2048-05-01
Adverse,NZT,w1,2048,5,NUCLEAR,304.1204762,2048-05-01
Adverse,NZT,w1,2048,5,PV,1142.260781,2048-05-01
Adverse,NZT,w1,2048,5,WIND,458.544556,2048-05-01
Adverse,NZT,w1,2048,6,BIOENERGY,585.8884327,2048-06-01
Adverse,NZT,w1,2048,6,DIESEL,0,2048-06-01
Adverse,NZT,w1,2048,6,FUEL OIL,0,2048-06-01
Adverse,NZT,w1,2048,6,GAS,91.41168732,2048-06-01
Adverse,NZT,w1,2048,6,GEOTHERMAL,590.9458636,2048-06-01
Adverse,NZT,w1,2048,6,HYDRO,2553.261567,2048-06-01
Adverse,NZT,w1,2048,6,IMPORTS,407.8131472,2048-06-01
Adverse,NZT,w1,2048,6,NUCLEAR,301.0889505,2048-06-01
Adverse,NZT,w1,2048,6,PV,1121.293266,2048-06-01
Adverse,NZT,w1,2048,6,WIND,457.4600017,2048-06-01
Adverse,NZT,w1,2048,7,BIOENERGY,604.8379587,2048-07-01
Adverse,NZT,w1,2048,7,DIESEL,0,2048-07-01
Adverse,NZT,w1,2048,7,FUEL OIL,0,2048-07-01
Adverse,NZT,w1,2048,7,GAS,0,2048-07-01
Adverse,NZT,w1,2048,7,GEOTHERMAL,589.1660903,2048-07-01
Adverse,NZT,w1,2048,7,HYDRO,2758.270869,2048-07-01
Adverse,NZT,w1,2048,7,IMPORTS,194.8713155,2048-07-01
Adverse,NZT,w1,2048,7,NUCLEAR,307.742828,2048-07-01
Adverse,NZT,w1,2048,7,PV,1123.93476,2048-07-01
Adverse,NZT,w1,2048,7,WIND,449.3479475,2048-07-01
Adverse,NZT,w1,2048,8,BIOENERGY,598.4326812,2048-08-01
Adverse,NZT,w1,2048,8,DIESEL,0,2048-08-01
Adverse,NZT,w1,2048,8,FUEL OIL,0,2048-08-01
Adverse,NZT,w1,2048,8,GAS,0,2048-08-01
Adverse,NZT,w1,2048,8,GEOTHERMAL,598.7036566,2048-08-01
Adverse,NZT,w1,2048,8,HYDRO,2755.601408,2048-08-01
Adverse,NZT,w1,2048,8,IMPORTS,175.8331867,2048-08-01
Adverse,NZT,w1,2048,8,NUCLEAR,310.0952401,2048-08-01
Adverse,NZT,w1,2048,8,PV,1119.717763,2048-08-01
Adverse,NZT,w1,2048,8,WIND,453.2897122,2048-08-01
Adverse,NZT,w1,2048,9,BIOENERGY,596.4074514,2048-09-01
Adverse,NZT,w1,2048,9,DIESEL,0,2048-09-01
Adverse,NZT,w1,2048,9,FUEL OIL,0,2048-09-01
Adverse,NZT,w1,2048,9,GAS,41.82249691,2048-09-01
Adverse,NZT,w1,2048,9,GEOTHERMAL,591.9372602,2048-09-01
Adverse,NZT,w1,2048,9,HYDRO,2607.074001,2048-09-01
Adverse,NZT,w1,2048,9,IMPORTS,403.6898379,2048-09-01
Adverse,NZT,w1,2048,9,NUCLEAR,304.1170047,2048-09-01
Adverse,NZT,w1,2048,9,PV,1105.815483,2048-09-01
Adverse,NZT,w1,2048,9,WIND,501.3078273,2048-09-01
Adverse,NZT,w1,2048,10,BIOENERGY,578.3950068,2048-10-01
Adverse,NZT,w1,2048,10,DIESEL,0,2048-10-01
Adverse,NZT,w1,2048,10,FUEL OIL,0,2048-10-01
Adverse,NZT,w1,2048,10,GAS,304.6083361,2048-10-01
Adverse,NZT,w1,2048,10,GEOTHERMAL,590.8122332,2048-10-01
Adverse,NZT,w1,2048,10,HYDRO,2381.571367,2048-10-01
Adverse,NZT,w1,2048,10,IMPORTS,407.484785,2048-10-01
Adverse,NZT,w1,2048,10,NUCLEAR,308.249268,2048-10-01
Adverse,NZT,w1,2048,10,PV,1123.499214,2048-10-01
Adverse,NZT,w1,2048,10,WIND,477.7108936,2048-10-01
Adverse,NZT,w1,2048,11,BIOENERGY,0,2048-11-01
Adverse,NZT,w1,2048,11,DIESEL,0,2048-11-01
Adverse,NZT,w1,2048,11,FUEL OIL,0,2048-11-01
Adverse,NZT,w1,2048,11,GAS,0,2048-11-01
Adverse,NZT,w1,2048,11,GEOTHERMAL,0,2048-11-01
Adverse,NZT,w1,2048,11,HYDRO,4946.640051,2048-11-01
Adverse,NZT,w1,2048,11,IMPORTS,0,2048-11-01
Adverse,NZT,w1,2048,11,NUCLEAR,0,2048-11-01
Adverse,NZT,w1,2048,11,PV,937.1059057,2048-11-01
Adverse,NZT,w1,2048,11,WIND,413.489479,2048-11-01
Adverse,NZT,w1,2048,12,BIOENERGY,0,2048-12-01
Adverse,NZT,w1,2048,12,DIESEL,0,2048-12-01
Adverse,NZT,w1,2048,12,FUEL OIL,0,2048-12-01
Adverse,NZT,w1,2048,12,GAS,0,2048-12-01
Adverse,NZT,w1,2048,12,GEOTHERMAL,0,2048-12-01
Adverse,NZT,w1,2048,12,HYDRO,5113.950674,2048-12-01
Adverse,NZT,w1,2048,12,IMPORTS,0,2048-12-01
Adverse,NZT,w1,2048,12,NUCLEAR,0,2048-12-01
Adverse,NZT,w1,2048,12,PV,921.538193,2048-12-01
Adverse,NZT,w1,2048,12,WIND,411.2064993,2048-12-01
Adverse,NZT,w1,2049,1,BIOENERGY,0,2049-01-01
Adverse,NZT,w1,2049,1,DIESEL,0,2049-01-01
Adverse,NZT,w1,2049,1,FUEL OIL,0,2049-01-01
Adverse,NZT,w1,2049,1,GAS,0,2049-01-01
Adverse,NZT,w1,2049,1,GEOTHERMAL,0,2049-01-01
Adverse,NZT,w1,2049,1,HYDRO,4910.08738,2049-01-01
Adverse,NZT,w1,2049,1,IMPORTS,0,2049-01-01
Adverse,NZT,w1,2049,1,NUCLEAR,0,2049-01-01
Adverse,NZT,w1,2049,1,PV,953.3301707,2049-01-01
Adverse,NZT,w1,2049,1,WIND,429.7460519,2049-01-01
Adverse,NZT,w1,2049,2,BIOENERGY,0,2049-02-01
Adverse,NZT,w1,2049,2,DIESEL,0,2049-02-01
Adverse,NZT,w1,2049,2,FUEL OIL,0,2049-02-01
Adverse,NZT,w1,2049,2,GAS,0,2049-02-01
Adverse,NZT,w1,2049,2,GEOTHERMAL,0,2049-02-01
Adverse,NZT,w1,2049,2,HYDRO,4882.404725,2049-02-01
Adverse,NZT,w1,2049,2,IMPORTS,0,2049-02-01
Adverse,NZT,w1,2049,2,NUCLEAR,0,2049-02-01
Adverse,NZT,w1,2049,2,PV,955.5688319,2049-02-01
Adverse,NZT,w1,2049,2,WIND,423.7297808,2049-02-01
Adverse,NZT,w1,2049,3,BIOENERGY,0,2049-03-01
Adverse,NZT,w1,2049,3,DIESEL,0,2049-03-01
Adverse,NZT,w1,2049,3,FUEL OIL,0,2049-03-01
Adverse,NZT,w1,2049,3,GAS,0,2049-03-01
Adverse,NZT,w1,2049,3,GEOTHERMAL,0,2049-03-01
Adverse,NZT,w1,2049,3,HYDRO,5017.739121,2049-03-01
Adverse,NZT,w1,2049,3,IMPORTS,0,2049-03-01
Adverse,NZT,w1,2049,3,NUCLEAR,0,2049-03-01
Adverse,NZT,w1,2049,3,PV,944.5031521,2049-03-01
Adverse,NZT,w1,2049,3,WIND,408.6057834,2049-03-01
Adverse,NZT,w1,2049,4,BIOENERGY,0,2049-04-01
Adverse,NZT,w1,2049,4,DIESEL,0,2049-04-01
Adverse,NZT,w1,2049,4,FUEL OIL,0,2049-04-01
Adverse,NZT,w1,2049,4,GAS,0,2049-04-01
Adverse,NZT,w1,2049,4,GEOTHERMAL,0,2049-04-01
Adverse,NZT,w1,2049,4,HYDRO,5027.750769,2049-04-01
Adverse,NZT,w1,2049,4,IMPORTS,20.18754789,2049-04-01
Adverse,NZT,w1,2049,4,NUCLEAR,0,2049-04-01
Adverse,NZT,w1,2049,4,PV,933.3173119,2049-04-01
Adverse,NZT,w1,2049,4,WIND,421.9831899,2049-04-01
Adverse,NZT,w1,2049,5,BIOENERGY,595.6239195,2049-05-01
Adverse,NZT,w1,2049,5,DIESEL,0,2049-05-01
Adverse,NZT,w1,2049,5,FUEL OIL,0,2049-05-01
Adverse,NZT,w1,2049,5,GAS,467.7574557,2049-05-01
Adverse,NZT,w1,2049,5,GEOTHERMAL,588.4565304,2049-05-01
Adverse,NZT,w1,2049,5,HYDRO,2499.377701,2049-05-01
Adverse,NZT,w1,2049,5,IMPORTS,347.9240345,2049-05-01
Adverse,NZT,w1,2049,5,NUCLEAR,307.202811,2049-05-01
Adverse,NZT,w1,2049,5,PV,1119.15141,2049-05-01
Adverse,NZT,w1,2049,5,WIND,446.051005,2049-05-01
Adverse,NZT,w1,2049,6,BIOENERGY,575.1451683,2049-06-01
Adverse,NZT,w1,2049,6,DIESEL,0,2049-06-01
Adverse,NZT,w1,2049,6,FUEL OIL,0,2049-06-01
Adverse,NZT,w1,2049,6,GAS,133.4816863,2049-06-01
Adverse,NZT,w1,2049,6,GEOTHERMAL,574.1513326,2049-06-01
Adverse,NZT,w1,2049,6,HYDRO,2630.700105,2049-06-01
Adverse,NZT,w1,2049,6,IMPORTS,412.6633353,2049-06-01
Adverse,NZT,w1,2049,6,NUCLEAR,309.9755168,2049-06-01
Adverse,NZT,w1,2049,6,PV,1109.043093,2049-06-01
Adverse,NZT,w1,2049,6,WIND,486.1859379,2049-06-01
Adverse,NZT,w1,2049,7,BIOENERGY,588.4217791,2049-07-01
Adverse,NZT,w1,2049,7,DIESEL,0,2049-07-01
Adverse,NZT,w1,2049,7,FUEL OIL,0,2049-07-01
Adverse,NZT,w1,2049,7,GAS,140.7702308,2049-07-01
Adverse,NZT,w1,2049,7,GEOTHERMAL,591.590435,2049-07-01
Adverse,NZT,w1,2049,7,HYDRO,2555.567514,2049-07-01
Adverse,NZT,w1,2049,7,IMPORTS,359.2848225,2049-07-01
Adverse,NZT,w1,2049,7,NUCLEAR,303.3863333,2049-07-01
Adverse,NZT,w1,2049,7,PV,1136.042228,2049-07-01
Adverse,NZT,w1,2049,7,WIND,473.6718615,2049-07-01
Adverse,NZT,w1,2049,8,BIOENERGY,609.0962179,2049-08-01
Adverse,NZT,w1,2049,8,DIESEL,0,2049-08-01
Adverse,NZT,w1,2049,8,FUEL OIL,0,2049-08-01
Adverse,NZT,w1,2049,8,GAS,133.2095717,2049-08-01
Adverse,NZT,w1,2049,8,GEOTHERMAL,591.8117746,2049-08-01
Adverse,NZT,w1,2049,8,HYDRO,2565.216048,2049-08-01
Adverse,NZT,w1,2049,8,IMPORTS,387.3748724,2049-08-01
Adverse,NZT,w1,2049,8,NUCLEAR,304.2890508,2049-08-01
Adverse,NZT,w1,2049,8,PV,1100.570137,2049-08-01
Adverse,NZT,w1,2049,8,WIND,440.3394479,2049-08-01
Adverse,NZT,w1,2049,9,BIOENERGY,601.3453993,2049-09-01
Adverse,NZT,w1,2049,9,DIESEL,0,2049-09-01
Adverse,NZT,w1,2049,9,FUEL OIL,0,2049-09-01
Adverse,NZT,w1,2049,9,GAS,38.93125298,2049-09-01
Adverse,NZT,w1,2049,9,GEOTHERMAL,595.3022833,2049-09-01
Adverse,NZT,w1,2049,9,HYDRO,2737.348702,2049-09-01
Adverse,NZT,w1,2049,9,IMPORTS,423.6803806,2049-09-01
Adverse,NZT,w1,2049,9,NUCLEAR,305.3827273,2049-09-01
Adverse,NZT,w1,2049,9,PV,1105.733181,2049-09-01
Adverse,NZT,w1,2049,9,WIND,467.4908639,2049-09-01
Adverse,NZT,w1,2049,10,BIOENERGY,610.3016786,2049-10-01
Adverse,NZT,w1,2049,10,DIESEL,0,2049-10-01
Adverse,NZT,w1,2049,10,FUEL OIL,0,2049-10-01
Adverse,NZT,w1,2049,10,GAS,338.645851,2049-10-01
Adverse,NZT,w1,2049,10,GEOTHERMAL,594.8101761,2049-10-01
Adverse,NZT,w1,2049,10,HYDRO,2456.579574,2049-10-01
Adverse,NZT,w1,2049,10,IMPORTS,418.5964871,2049-10-01
Adverse,NZT,w1,2049,10,NUCLEAR,305.3705302,2049-10-01
Adverse,NZT,w1,2049,10,PV,1095.602994,2049-10-01
Adverse,NZT,w1,2049,10,WIND,475.8704345,2049-10-01
Adverse,NZT,w1,2049,11,BIOENERGY,0,2049-11-01
Adverse,NZT,w1,2049,11,DIESEL,0,2049-11-01
Adverse,NZT,w1,2049,11,FUEL OIL,0,2049-11-01
Adverse,NZT,w1,2049,11,GAS,0,2049-11-01
Adverse,NZT,w1,2049,11,GEOTHERMAL,0,2049-11-01
Adverse,NZT,w1,2049,11,HYDRO,5027.429524,2049-11-01
Adverse,NZT,w1,2049,11,IMPORTS,37.13155046,2049-11-01
Adverse,NZT,w1,2049,11,NUCLEAR,0,2049-11-01
Adverse,NZT,w1,2049,11,PV,909.4370347,2049-11-01
Adverse,NZT,w1,2049,11,WIND,449.1820355,2049-11-01
Adverse,NZT,w1,2049,12,BIOENERGY,0,2049-12-01
Adverse,NZT,w1,2049,12,DIESEL,0,2049-12-01
Adverse,NZT,w1,2049,12,FUEL OIL,0,2049-12-01
Adverse,NZT,w1,2049,12,GAS,52.09670978,2049-12-01
Adverse,NZT,w1,2049,12,GEOTHERMAL,0,2049-12-01
Adverse,NZT,w1,2049,12,HYDRO,5163.885717,2049-12-01
Adverse,NZT,w1,2049,12,IMPORTS,48.47753499,2049-12-01
Adverse,NZT,w1,2049,12,NUCLEAR,0,2049-12-01
Adverse,NZT,w1,2049,12,PV,923.4960961,2049-12-01
Adverse,NZT,w1,2049,12,WIND,388.7880443,2049-12-01
Adverse,NZT,w1,2050,1,BIOENERGY,0,2050-01-01
Adverse,NZT,w1,2050,1,DIESEL,0,2050-01-01
Adverse,NZT,w1,2050,1,FUEL OIL,0,2050-01-01
Adverse,NZT,w1,2050,1,GAS,0,2050-01-01
Adverse,NZT,w1,2050,1,GEOTHERMAL,0,2050-01-01
Adverse,NZT,w1,2050,1,HYDRO,5092.921497,2050-01-01
Adverse,NZT,w1,2050,1,IMPORTS,0,2050-01-01
Adverse,NZT,w1,2050,1,NUCLEAR,0,2050-01-01
Adverse,NZT,w1,2050,1,PV,921.4192553,2050-01-01
Adverse,NZT,w1,2050,1,WIND,404.6861224,2050-01-01
Adverse,NZT,w1,2050,2,BIOENERGY,0,2050-02-01
Adverse,NZT,w1,2050,2,DIESEL,0,2050-02-01
Adverse,NZT,w1,2050,2,FUEL OIL,0,2050-02-01
Adverse,NZT,w1,2050,2,GAS,0,2050-02-01
Adverse,NZT,w1,2050,2,GEOTHERMAL,0,2050-02-01
Adverse,NZT,w1,2050,2,HYDRO,4829.006506,2050-02-01
Adverse,NZT,w1,2050,2,IMPORTS,0,2050-02-01
Adverse,NZT,w1,2050,2,NUCLEAR,239.316491,2050-02-01
Adverse,NZT,w1,2050,2,PV,909.3415386,2050-02-01
Adverse,NZT,w1,2050,2,WIND,409.2728689,2050-02-01
Adverse,NZT,w1,2050,3,BIOENERGY,120.7859047,2050-03-01
Adverse,NZT,w1,2050,3,DIESEL,0,2050-03-01
Adverse,NZT,w1,2050,3,FUEL OIL,0,2050-03-01
Adverse,NZT,w1,2050,3,GAS,0,2050-03-01
Adverse,NZT,w1,2050,3,GEOTHERMAL,0,2050-03-01
Adverse,NZT,w1,2050,3,HYDRO,4722.477359,2050-03-01
Adverse,NZT,w1,2050,3,IMPORTS,10.72609768,2050-03-01
Adverse,NZT,w1,2050,3,NUCLEAR,305.6321754,2050-03-01
Adverse,NZT,w1,2050,3,PV,923.7291269,2050-03-01
Adverse,NZT,w1,2050,3,WIND,414.655422,2050-03-01
Adverse,NZT,w1,2050,4,BIOENERGY,0,2050-04-01
Adverse,NZT,w1,2050,4,DIESEL,0,2050-04-01
Adverse,NZT,w1,2050,4,FUEL OIL,0,2050-04-01
Adverse,NZT,w1,2050,4,GAS,54.15731323,2050-04-01
Adverse,NZT,w1,2050,4,GEOTHERMAL,0,2050-04-01
Adverse,NZT,w1,2050,4,HYDRO,5086.38839,2050-04-01
Adverse,NZT,w1,2050,4,IMPORTS,40.85367312,2050-04-01
Adverse,NZT,w1,2050,4,NUCLEAR,0,2050-04-01
Adverse,NZT,w1,2050,4,PV,928.9781245,2050-04-01
Adverse,NZT,w1,2050,4,WIND,420.9260942,2050-04-01
Adverse,NZT,w1,2050,5,BIOENERGY,581.2907379,2050-05-01
Adverse,NZT,w1,2050,5,DIESEL,0,2050-05-01
Adverse,NZT,w1,2050,5,FUEL OIL,0,2050-05-01
Adverse,NZT,w1,2050,5,GAS,381.1527643,2050-05-01
Adverse,NZT,w1,2050,5,GEOTHERMAL,618.4553217,2050-05-01
Adverse,NZT,w1,2050,5,HYDRO,2638.325154,2050-05-01
Adverse,NZT,w1,2050,5,IMPORTS,384.8096274,2050-05-01
Adverse,NZT,w1,2050,5,NUCLEAR,303.295359,2050-05-01
Adverse,NZT,w1,2050,5,PV,1089.457362,2050-05-01
Adverse,NZT,w1,2050,5,WIND,487.1001203,2050-05-01
Adverse,NZT,w1,2050,6,BIOENERGY,578.5551074,2050-06-01
Adverse,NZT,w1,2050,6,DIESEL,0,2050-06-01
Adverse,NZT,w1,2050,6,FUEL OIL,0,2050-06-01
Adverse,NZT,w1,2050,6,GAS,383.895497,2050-06-01
Adverse,NZT,w1,2050,6,GEOTHERMAL,593.068882,2050-06-01
Adverse,NZT,w1,2050,6,HYDRO,2562.399672,2050-06-01
Adverse,NZT,w1,2050,6,IMPORTS,389.6312097,2050-06-01
Adverse,NZT,w1,2050,6,NUCLEAR,306.5686374,2050-06-01
Adverse,NZT,w1,2050,6,PV,1081.77592,2050-06-01
Adverse,NZT,w1,2050,6,WIND,460.0781728,2050-06-01
Adverse,NZT,w1,2050,7,BIOENERGY,591.7498918,2050-07-01
Adverse,NZT,w1,2050,7,DIESEL,0,2050-07-01
Adverse,NZT,w1,2050,7,FUEL OIL,0,2050-07-01
Adverse,NZT,w1,2050,7,GAS,133.6913988,2050-07-01
Adverse,NZT,w1,2050,7,GEOTHERMAL,587.4582091,2050-07-01
Adverse,NZT,w1,2050,7,HYDRO,2674.244572,2050-07-01
Adverse,NZT,w1,2050,7,IMPORTS,387.7172297,2050-07-01
Adverse,NZT,w1,2050,7,NUCLEAR,302.3628596,2050-07-01
Adverse,NZT,w1,2050,7,PV,1126.574371,2050-07-01
Adverse,NZT,w1,2050,7,WIND,467.9113759,2050-07-01
Adverse,NZT,w1,2050,8,BIOENERGY,579.6552415,2050-08-01
Adverse,NZT,w1,2050,8,DIESEL,0,2050-08-01
Adverse,NZT,w1,2050,8,FUEL OIL,0,2050-08-01
Adverse,NZT,w1,2050,8,GAS,52.88071214,2050-08-01
Adverse,NZT,w1,2050,8,GEOTHERMAL,592.884644,2050-08-01
Adverse,NZT,w1,2050,8,HYDRO,2738.727772,2050-08-01
Adverse,NZT,w1,2050,8,IMPORTS,384.245989,2050-08-01
Adverse,NZT,w1,2050,8,NUCLEAR,300.2493346,2050-08-01
Adverse,NZT,w1,2050,8,PV,1121.356561,2050-08-01
Adverse,NZT,w1,2050,8,WIND,484.5450083,2050-08-01
Adverse,NZT,w1,2050,9,BIOENERGY,582.6692107,2050-09-01
Adverse,NZT,w1,2050,9,DIESEL,0,2050-09-01
Adverse,NZT,w1,2050,9,FUEL OIL,0,2050-09-01
Adverse,NZT,w1,2050,9,GAS,192.9247382,2050-09-01
Adverse,NZT,w1,2050,9,GEOTHERMAL,602.4557232,2050-09-01
Adverse,NZT,w1,2050,9,HYDRO,2774.103817,2050-09-01
Adverse,NZT,w1,2050,9,IMPORTS,386.6203087,2050-09-01
Adverse,NZT,w1,2050,9,NUCLEAR,310.3185541,2050-09-01
Adverse,NZT,w1,2050,9,PV,1079.320017,2050-09-01
Adverse,NZT,w1,2050,9,WIND,472.3067173,2050-09-01
Adverse,NZT,w1,2050,10,BIOENERGY,599.1322275,2050-10-01
Adverse,NZT,w1,2050,10,DIESEL,0,2050-10-01
Adverse,NZT,w1,2050,10,FUEL OIL,0,2050-10-01
Adverse,NZT,w1,2050,10,GAS,289.0986071,2050-10-01
Adverse,NZT,w1,2050,10,GEOTHERMAL,586.5860106,2050-10-01
Adverse,NZT,w1,2050,10,HYDRO,2666.270033,2050-10-01
Adverse,NZT,w1,2050,10,IMPORTS,397.7181278,2050-10-01
Adverse,NZT,w1,2050,10,NUCLEAR,312.5967557,2050-10-01
Adverse,NZT,w1,2050,10,PV,1136.377401,2050-10-01
Adverse,NZT,w1,2050,10,WIND,433.9141176,2050-10-01
Adverse,NZT,w1,2050,11,BIOENERGY,33.24156562,2050-11-01
Adverse,NZT,w1,2050,11,DIESEL,0,2050-11-01
Adverse,NZT,w1,2050,11,FUEL OIL,0,2050-11-01
Adverse,NZT,w1,2050,11,GAS,0,2050-11-01
Adverse,NZT,w1,2050,11,GEOTHERMAL,0,2050-11-01
Adverse,NZT,w1,2050,11,HYDRO,4893.148735,2050-11-01
Adverse,NZT,w1,2050,11,IMPORTS,0,2050-11-01
Adverse,NZT,w1,2050,11,NUCLEAR,300.6956954,2050-11-01
Adverse,NZT,w1,2050,11,PV,905.3116144,2050-11-01
Adverse,NZT,w1,2050,11,WIND,418.4114315,2050-11-01
Adverse,NZT,w1,2050,12,BIOENERGY,0,2050-12-01
Adverse,NZT,w1,2050,12,DIESEL,0,2050-12-01
Adverse,NZT,w1,2050,12,FUEL OIL,0,2050-12-01
Adverse,NZT,w1,2050,12,GAS,54.15784434,2050-12-01
Adverse,NZT,w1,2050,12,GEOTHERMAL,0,2050-12-01
Adverse,NZT,w1,2050,12,HYDRO,4982.499793,2050-12-01
Adverse,NZT,w1,2050,12,IMPORTS,50.42015362,2050-12-01
Adverse,NZT,w1,2050,12,NUCLEAR,310.3966494,2050-12-01
Adverse,NZT,w1,2050,12,PV,903.060934,2050-12-01
Adverse,NZT,w1,2050,12,WIND,407.7436101,2050-12-01
