Hydrology,Scenario,Representative_w,Date,Year,Month,StorageHm3,TurbineHm3,SpillHm3,ReleaseHm3
Baseline,REF,w23,2025-01-01,2025,1,178.4019161,739.0010188,555.040733,1294.041752
Baseline,REF,w23,2025-02-01,2025,2,206.3786213,717.6410466,587.4288378,1305.069884
Baseline,REF,w23,2025-03-01,2025,3,187.07371,891.7318656,555.1828683,1446.914734
Baseline,REF,w23,2025-04-01,2025,4,232.2596431,840.2969775,480.5723662,1320.869344
Baseline,REF,w23,2025-05-01,2025,5,203.3334827,879.5995019,567.2528187,1446.852321
Baseline,REF,w23,2025-06-01,2025,6,225.0016688,819.9726743,507.3691877,1327.341862
Baseline,REF,w23,2025-07-01,2025,7,245.5174931,863.4008347,502.8892826,1366.290117
Baseline,REF,w23,2025-08-01,2025,8,232.5560079,715.7474162,699.1755542,1414.92297
Baseline,REF,w23,2025-09-01,2025,9,210.2851899,704.4580519,729.0835839,1433.541636
Baseline,REF,w23,2025-10-01,2025,10,187.3917642,724.9178785,709.8689731,1434.786852
Baseline,REF,w23,2025-11-01,2025,11,164.8325,733.3162447,700.8022836,1434.118528
Baseline,REF,w23,2025-12-01,2025,12,178.4019161,679.9172679,668.3744839,1348.291752
Baseline,REF,w23,2026-01-01,2026,1,164.8325,670.8432913,663.9067087,1334.75
Baseline,REF,w23,2026-02-01,2026,2,280.8670426,653.9761053,487.4202669,1141.396372
Baseline,REF,w23,2026-03-01,2026,3,190.7111339,864.1813432,715.4846478,1579.665991
Baseline,REF,w23,2026-04-01,2026,4,167.8306862,900.180157,536.7629212,1436.943078
Baseline,REF,w23,2026-05-01,2026,5,164.8325,859.0490079,538.9455507,1397.994559
Baseline,REF,w23,2026-06-01,2026,6,235.2506946,793.332625,454.8309859,1248.163611
Baseline,REF,w23,2026-07-01,2026,7,317.1962505,708.0070414,454.7380961,1162.745138
Baseline,REF,w23,2026-08-01,2026,8,254.8325,740.2816527,835.8095989,1576.091252
Baseline,REF,w23,2026-09-01,2026,9,227.4889054,768.4947436,675.1924456,1443.687189
Baseline,REF,w23,2026-10-01,2026,10,192.365111,769.1040214,690.1435673,1459.247589
Baseline,REF,w23,2026-11-01,2026,11,173.6930146,719.3537617,706.990431,1426.344193
Baseline,REF,w23,2026-12-01,2026,12,164.8325,713.7069253,693.014104,1406.721029
Baseline,REF,w23,2027-01-01,2027,1,164.8325,702.9362955,631.8137045,1334.75
Baseline,REF,w23,2027-02-01,2027,2,252.5825,693.0386475,533.2113525,1226.25
Baseline,REF,w23,2027-03-01,2027,3,164.8325,872.0959621,679.6540379,1551.75
Baseline,REF,w23,2027-04-01,2027,4,181.3340181,842.4382243,499.2119105,1341.650135
Baseline,REF,w23,2027-05-01,2027,5,164.8325,882.9435475,553.4063177,1436.349865
Baseline,REF,w23,2027-06-01,2027,6,169.3834369,847.1802417,528.1669477,1375.347189
Baseline,REF,w23,2027-07-01,2027,7,238.2855738,773.7834933,481.9631697,1255.746663
Baseline,REF,w23,2027-08-01,2027,8,319.1564215,740.8143942,499.1939104,1240.008305
Baseline,REF,w23,2027-09-01,2027,9,229.6887701,718.3543065,836.8309961,1555.185303
Baseline,REF,w23,2027-10-01,2027,10,193.1096856,728.7378424,733.4203268,1462.158169
Baseline,REF,w23,2027-11-01,2027,11,192.1631131,723.6319636,639.9305683,1363.562532
Baseline,REF,w23,2027-12-01,2027,12,164.8325,726.9359552,744.0558841,1470.991839
Baseline,REF,w23,2028-01-01,2028,1,164.8325,682.0288943,652.7211057,1334.75
Baseline,REF,w23,2028-02-01,2028,2,252.5825,733.7933089,492.4566911,1226.25
Baseline,REF,w23,2028-03-01,2028,3,186.1052234,810.9789644,676.9528655,1487.93183
Baseline,REF,w23,2028-04-01,2028,4,201.0356886,817.8758681,526.3327363,1344.208604
Baseline,REF,w23,2028-05-01,2028,5,191.2314539,889.8700186,554.9416393,1444.811658
Baseline,REF,w23,2028-06-01,2028,6,223.8528531,780.3920161,484.3448327,1264.736849
Baseline,REF,w23,2028-07-01,2028,7,317.6856585,772.5040014,424.9975822,1197.501584
Baseline,REF,w23,2028-08-01,2028,8,387.393048,749.3129332,492.3501735,1241.663107
Baseline,REF,w23,2028-09-01,2028,9,301.9904522,736.3518737,847.0706387,1583.422512
Baseline,REF,w23,2028-10-01,2028,10,252.7111097,761.3086603,773.4079767,1534.716637
Baseline,REF,w23,2028-11-01,2028,11,184.5616448,724.5795647,800.7193651,1525.29893
Baseline,REF,w23,2028-12-01,2028,12,164.8325,745.1703942,683.2878954,1428.45829
Baseline,REF,w23,2029-01-01,2029,1,164.8325,722.2295675,612.5204325,1334.75
Baseline,REF,w23,2029-02-01,2029,2,252.5825,709.1185903,517.1314097,1226.25
Baseline,REF,w23,2029-03-01,2029,3,167.2664856,857.8080247,689.074004,1546.882029
Baseline,REF,w23,2029-04-01,2029,4,168.0004225,861.6230703,522.7411334,1384.364204
Baseline,REF,w23,2029-05-01,2029,5,198.5151846,843.8029783,487.3354201,1331.138398
Baseline,REF,w23,2029-06-01,2029,6,197.8333761,844.1472238,513.2155171,1357.362741
Baseline,REF,w23,2029-07-01,2029,7,308.4534529,731.0019017,416.1378678,1147.13977
Baseline,REF,w23,2029-08-01,2029,8,286.3466369,696.9912853,672.7345798,1369.725865
Baseline,REF,w23,2029-09-01,2029,9,232.1401683,746.3696386,868.1520184,1614.521657
Baseline,REF,w23,2029-10-01,2029,10,185.2063353,754.3948327,728.4728332,1482.867666
Baseline,REF,w23,2029-11-01,2029,11,177.1760191,696.8990146,708.1616177,1405.060632
Baseline,REF,w23,2029-12-01,2029,12,164.8325,702.0104565,711.6765817,1413.687038
Baseline,REF,w23,2030-01-01,2030,1,164.8325,936.1562721,398.5937279,1334.75
Baseline,REF,w23,2030-02-01,2030,2,164.8325,907.8172791,481.1827209,1389
Baseline,REF,w23,2030-03-01,2030,3,216.5684345,937.1739195,296.618277,1233.792197
Baseline,REF,w23,2030-04-01,2030,4,164.8325,670.9882879,873.2195156,1544.207803
Baseline,REF,w23,2030-05-01,2030,5,164.8325,959.4698024,429.5301976,1389
Baseline,REF,w23,2030-06-01,2030,6,185.10789,676.2663937,651.9074362,1328.17383
Baseline,REF,w23,2030-07-01,2030,7,254.8325,975.2403708,294.5857993,1269.82617
Baseline,REF,w23,2030-08-01,2030,8,228.6405413,908.5935485,468.9823275,1377.575876
Baseline,REF,w23,2030-09-01,2030,9,199.77718,925.616189,549.9738951,1475.590084
Baseline,REF,w23,2030-10-01,2030,10,191.0084588,965.5498989,449.7562645,1415.306163
Baseline,REF,w23,2030-11-01,2030,11,198.2598788,823.8084152,576.8647036,1400.673119
Baseline,REF,w23,2030-12-01,2030,12,164.8325,920.0000015,535.8547561,1455.854758
Baseline,REF,w23,2031-01-01,2031,1,184.2095234,946.4289932,330.1899366,1276.61893
Baseline,REF,w23,2031-02-01,2031,2,252.5825,919.7894856,364.5915846,1284.38107
Baseline,REF,w23,2031-03-01,2031,3,164.8325,985.406729,566.343271,1551.75
Baseline,REF,w23,2031-04-01,2031,4,178.1464551,1061.736693,287.3214414,1349.058135
Baseline,REF,w23,2031-05-01,2031,5,217.62881,963.1856815,307.3672538,1270.552935
Baseline,REF,w23,2031-06-01,2031,6,164.8325,1058.502055,488.8868753,1547.38893
Baseline,REF,w23,2031-07-01,2031,7,231.7065241,685.414827,502.9631006,1188.377928
Baseline,REF,w23,2031-08-01,2031,8,312.2878171,922.1694804,385.2919579,1307.461438
Baseline,REF,w23,2031-09-01,2031,9,164.8325,931.8512804,739.3093537,1671.160634
Baseline,REF,w23,2031-10-01,2031,10,164.8325,932.4848447,456.5151553,1389
Baseline,REF,w23,2031-11-01,2031,11,180.3114047,920.8618425,437.180348,1358.042191
Baseline,REF,w23,2031-12-01,2031,12,184.2095234,928.7281118,433.0986275,1361.826739
Baseline,REF,w23,2032-01-01,2032,1,174.08,915.2193397,410.2831603,1325.5025
Baseline,REF,w23,2032-02-01,2032,2,252.5825,918.5222505,316.9752495,1235.4975
Baseline,REF,w23,2032-03-01,2032,3,164.8325,737.9252691,813.8247309,1551.75
Baseline,REF,w23,2032-04-01,2032,4,176.9698358,553.9117063,810.8136221,1364.725328
Baseline,REF,w23,2032-05-01,2032,5,204.3623202,756.1432142,538.5419968,1294.685211
Baseline,REF,w23,2032-06-01,2032,6,164.8325,492.9927281,1014.596732,1507.589461
Baseline,REF,w23,2032-07-01,2032,7,189.4879311,783.6425858,556.0465521,1339.689138
Baseline,REF,w23,2032-08-01,2032,8,164.8325,922.5391341,515.771728,1438.310862
Baseline,REF,w23,2032-09-01,2032,9,176.4236622,891.8129041,474.0047715,1365.817676
Baseline,REF,w23,2032-10-01,2032,10,213.9584559,828.0545604,485.8758522,1313.930413
Baseline,REF,w23,2032-11-01,2032,11,205.6304695,955.8190529,449.83692,1405.655973
Baseline,REF,w23,2032-12-01,2032,12,174.08,943.8708837,517.4775553,1461.348439
Baseline,REF,w23,2033-01-01,2033,1,164.8325,905.7661191,428.9838809,1334.75
Baseline,REF,w23,2033-02-01,2033,2,252.5825,892.0012493,334.2487507,1226.25
Baseline,REF,w23,2033-03-01,2033,3,168.6279145,497.8741636,1042.489593,1540.363757
Baseline,REF,w23,2033-04-01,2033,4,164.8325,856.9387508,543.4474926,1400.386243
Baseline,REF,w23,2033-05-01,2033,5,164.8325,413.113353,975.886647,1389
Baseline,REF,w23,2033-06-01,2033,6,250.674937,733.5332016,483.7819245,1217.315126
Baseline,REF,w23,2033-07-01,2033,7,343.9522338,655.2087932,458.1168794,1113.325673
Baseline,REF,w23,2033-08-01,2033,8,347.5928123,899.923117,388.1551474,1288.078264
Baseline,REF,w23,2033-09-01,2033,9,307.7897887,953.312776,645.096295,1598.409071
Baseline,REF,w23,2033-10-01,2033,10,258.5701943,1023.516376,513.1424069,1536.658783
Baseline,REF,w23,2033-11-01,2033,11,221.9126808,1012.812889,414.6546513,1427.46754
Baseline,REF,w23,2033-12-01,2033,12,164.8325,974.3076762,567.4378663,1541.745543
Baseline,REF,w23,2034-01-01,2034,1,192.4831625,874.4088426,377.3891699,1251.798013
Baseline,REF,w23,2034-02-01,2034,2,252.5825,943.3319058,365.8700817,1309.201987
Baseline,REF,w23,2034-03-01,2034,3,164.8325,832.5620203,719.1879797,1551.75
Baseline,REF,w23,2034-04-01,2034,4,164.8325,764.2083058,624.7916942,1389
Baseline,REF,w23,2034-05-01,2034,5,164.8325,569.7129296,819.2870704,1389
Baseline,REF,w23,2034-06-01,2034,6,190.1771771,761.3457685,576.9648773,1338.310646
Baseline,REF,w23,2034-07-01,2034,7,357.7325636,599.3553197,351.6338437,950.9891634
Baseline,REF,w23,2034-08-01,2034,8,321.2119005,931.3567123,567.2052771,1498.561989
Baseline,REF,w23,2034-09-01,2034,9,281.8508689,1045.853126,462.9544864,1508.807613
Baseline,REF,w23,2034-10-01,2034,10,284.3929452,901.9702595,387.6789936,1289.649253
Baseline,REF,w23,2034-11-01,2034,11,203.1363609,1064.324042,568.4457111,1632.769753
Baseline,REF,w23,2034-12-01,2034,12,192.4831625,916.7581191,504.2014763,1420.959595
Baseline,REF,w23,2035-01-01,2035,1,186.441441,901.2563173,373.1324664,1274.388784
Baseline,REF,w23,2035-02-01,2035,2,252.5825,888.1991737,398.4120425,1286.611216
Baseline,REF,w23,2035-03-01,2035,3,164.8325,851.0296277,700.7203723,1551.75
Baseline,REF,w23,2035-04-01,2035,4,164.8325,844.7794946,544.2205054,1389
Baseline,REF,w23,2035-05-01,2035,5,164.8325,319.8930552,1069.106945,1389
Baseline,REF,w23,2035-06-01,2035,6,197.9107808,821.9130872,500.9303513,1322.843438
Baseline,REF,w23,2035-07-01,2035,7,254.8325,730.034216,545.1223455,1275.156562
Baseline,REF,w23,2035-08-01,2035,8,194.3494982,917.9721715,591.993832,1509.966004
Baseline,REF,w23,2035-09-01,2035,9,227.3542081,903.3452063,419.645374,1322.99058
Baseline,REF,w23,2035-10-01,2035,10,189.7049271,940.6329736,523.6655884,1464.298562
Baseline,REF,w23,2035-11-01,2035,11,278.2087805,899.1736076,334.8161856,1233.989793
Baseline,REF,w23,2035-12-01,2035,12,186.441441,1000.843506,532.5503384,1533.393845
Baseline,REF,w23,2036-01-01,2036,1,164.8325,907.1525464,427.5974536,1334.75
Baseline,REF,w23,2036-02-01,2036,2,252.5825,919.4604728,306.7895272,1226.25
Baseline,REF,w23,2036-03-01,2036,3,164.8325,812.743807,739.006193,1551.75
Baseline,REF,w23,2036-04-01,2036,4,164.8325,549.4999339,839.5000661,1389
Baseline,REF,w23,2036-05-01,2036,5,164.8325,340.1259987,1048.874001,1389
Baseline,REF,w23,2036-06-01,2036,6,164.8325,492.6384688,896.3615312,1389
Baseline,REF,w23,2036-07-01,2036,7,219.7431032,309.1991153,969.9796783,1279.178794
Baseline,REF,w23,2036-08-01,2036,8,195.129602,911.7189978,526.5080046,1438.227002
Baseline,REF,w23,2036-09-01,2036,9,188.7688081,879.6177829,498.1674967,1377.78528
Baseline,REF,w23,2036-10-01,2036,10,252.5825,970.4767403,327.5821841,1298.058924
Baseline,REF,w23,2036-11-01,2036,11,175.2904654,949.2226943,581.611375,1530.834069
Baseline,REF,w23,2036-12-01,2036,12,164.8325,937.6919037,472.224027,1409.915931
Baseline,REF,w23,2037-01-01,2037,1,174.08,901.7832453,423.7192547,1325.5025
Baseline,REF,w23,2037-02-01,2037,2,252.5825,854.5621879,380.9353121,1235.4975
Baseline,REF,w23,2037-03-01,2037,3,164.8325,574.0942782,977.6557218,1551.75
Baseline,REF,w23,2037-04-01,2037,4,220.8943195,455.2904848,765.5240568,1220.814542
Baseline,REF,w23,2037-05-01,2037,5,164.8325,377.3826783,1179.80278,1557.185458
Baseline,REF,w23,2037-06-01,2037,6,164.8325,301.2461166,1087.753883,1389
Baseline,REF,w23,2037-07-01,2037,7,203.4500892,302.9167752,1008.848046,1311.764822
Baseline,REF,w23,2037-08-01,2037,8,187.5471475,896.9701479,501.1210882,1398.091236
Baseline,REF,w23,2037-09-01,2037,9,164.8325,903.8682932,553.2756492,1457.143942
Baseline,REF,w23,2037-10-01,2037,10,164.8325,890.1927987,498.8072013,1389
Baseline,REF,w23,2037-11-01,2037,11,170.9660745,923.4770401,453.255811,1376.732851
Baseline,REF,w23,2037-12-01,2037,12,174.08,937.0873289,454.93232,1392.019649
Baseline,REF,w23,2038-01-01,2038,1,220.3025142,840.9879035,392.0695681,1233.057472
Baseline,REF,w23,2038-02-01,2038,2,252.5825,916.4832842,411.4592441,1327.942528
Baseline,REF,w23,2038-03-01,2038,3,212.6241311,472.9878098,935.3872969,1408.375107
Baseline,REF,w23,2038-04-01,2038,4,164.8325,620.5832622,911.7916311,1532.374893
Baseline,REF,w23,2038-05-01,2038,5,217.1599537,676.5004358,555.5172029,1232.017639
Baseline,REF,w23,2038-06-01,2038,6,164.8325,529.0869789,1016.895382,1545.982361
Baseline,REF,w23,2038-07-01,2038,7,254.8325,753.1219637,455.8780363,1209
Baseline,REF,w23,2038-08-01,2038,8,254.8325,925.6230632,463.3769368,1389
Baseline,REF,w23,2038-09-01,2038,9,233.4410003,892.5279292,539.2550703,1431.782999
Baseline,REF,w23,2038-10-01,2038,10,221.1877876,851.6951115,561.8113138,1413.506425
Baseline,REF,w23,2038-11-01,2038,11,174.08,886.3850565,606.0780188,1492.463075
Baseline,REF,w23,2038-12-01,2038,12,220.3025142,847.5866655,448.9683062,1296.554972
Baseline,REF,w23,2039-01-01,2039,1,171.8562333,905.4374082,408.2413919,1313.6788
Baseline,REF,w23,2039-02-01,2039,2,252.5825,871.1701793,376.1510207,1247.3212
Baseline,REF,w23,2039-03-01,2039,3,164.8325,823.4303245,728.3196755,1551.75
Baseline,REF,w23,2039-04-01,2039,4,164.8325,1086.528463,302.4715373,1389
Baseline,REF,w23,2039-05-01,2039,5,164.8325,751.7950157,637.2049843,1389
Baseline,REF,w23,2039-06-01,2039,6,230.5558035,697.1257626,494.704327,1191.83009
Baseline,REF,w23,2039-07-01,2039,7,173.4512033,984.4144763,584.5180275,1568.932504
Baseline,REF,w23,2039-08-01,2039,8,164.8325,888.8558359,517.3815707,1406.237407
Baseline,REF,w23,2039-09-01,2039,9,187.6839261,945.1636885,389.7234918,1334.88718
Baseline,REF,w23,2039-10-01,2039,10,194.0757838,918.5607741,436.8221942,1355.382968
Baseline,REF,w23,2039-11-01,2039,11,252.5825,824.4425543,489.5372971,1313.979851
Baseline,REF,w23,2039-12-01,2039,12,171.8562333,959.2320968,571.4467033,1530.6788
Baseline,REF,w23,2040-01-01,2040,1,196.8151663,891.2909596,366.0060416,1257.297001
Baseline,REF,w23,2040-02-01,2040,2,252.5825,850.7625316,452.9404671,1303.702999
Baseline,REF,w23,2040-03-01,2040,3,164.8325,572.605442,979.144558,1551.75
Baseline,REF,w23,2040-04-01,2040,4,164.8325,368.4082444,1020.591756,1389
Baseline,REF,w23,2040-05-01,2040,5,164.8325,814.3769696,574.6230304,1389
Baseline,REF,w23,2040-06-01,2040,6,164.8325,572.3424867,816.6575133,1389
Baseline,REF,w23,2040-07-01,2040,7,164.8325,304.5397205,1084.460279,1389
Baseline,REF,w23,2040-08-01,2040,8,164.8325,909.0304632,479.9695368,1389
Baseline,REF,w23,2040-09-01,2040,9,164.8325,785.6342381,603.3657619,1389
Baseline,REF,w23,2040-10-01,2040,10,164.8325,875.3031332,513.6968668,1389
Baseline,REF,w23,2040-11-01,2040,11,168.2952876,931.397381,450.6770438,1382.074425
Baseline,REF,w23,2040-12-01,2040,12,196.8151663,896.9219364,421.5506401,1318.472576
Baseline,REF,w23,2041-01-01,2041,1,216.3508061,758.3278543,440.3622275,1198.690082
Baseline,REF,w23,2041-02-01,2041,2,301.7862289,767.5497343,447.1489971,1214.698731
Baseline,REF,w23,2041-03-01,2041,3,164.8325,954.6397324,744.7214544,1699.361187
Baseline,REF,w23,2041-04-01,2041,4,164.8325,568.5835128,820.4164872,1389
Baseline,REF,w23,2041-05-01,2041,5,164.8325,581.7281842,807.2718158,1389
Baseline,REF,w23,2041-06-01,2041,6,164.8325,827.110376,561.889624,1389
Baseline,REF,w23,2041-07-01,2041,7,201.8666612,535.5437781,779.3878995,1314.931678
Baseline,REF,w23,2041-08-01,2041,8,164.8325,950.2505425,512.8177799,1463.068322
Baseline,REF,w23,2041-09-01,2041,9,164.8325,882.7913821,506.2086179,1389
Baseline,REF,w23,2041-10-01,2041,10,164.8325,772.422706,616.577294,1389
Baseline,REF,w23,2041-11-01,2041,11,255.1028302,825.7342601,395.4750796,1221.20934
Baseline,REF,w23,2041-12-01,2041,12,216.3508061,904.6848792,516.045863,1420.730742
Baseline,REF,w23,2042-01-01,2042,1,202.3937401,907.5913223,314.4749574,1222.06628
Baseline,REF,w23,2042-02-01,2042,2,286.2330212,820.1439328,417.838224,1237.982157
Baseline,REF,w23,2042-03-01,2042,3,164.8325,932.6442877,720.0572758,1652.701563
Baseline,REF,w23,2042-04-01,2042,4,164.8325,567.6619334,821.3380666,1389
Baseline,REF,w23,2042-05-01,2042,5,164.8325,740.3514723,648.6485277,1389
Baseline,REF,w23,2042-06-01,2042,6,164.8325,571.721609,817.278391,1389
Baseline,REF,w23,2042-07-01,2042,7,164.8325,568.2994431,820.7005569,1389
Baseline,REF,w23,2042-08-01,2042,8,164.8325,874.5994695,514.4005305,1389
Baseline,REF,w23,2042-09-01,2042,9,208.9963229,873.7560759,382.7524555,1256.508531
Baseline,REF,w23,2042-10-01,2042,10,175.1305965,903.2315368,597.6637388,1500.895276
Baseline,REF,w23,2042-11-01,2042,11,170.4701921,916.898059,481.4227498,1398.320809
Baseline,REF,w23,2042-12-01,2042,12,202.3937401,862.1971041,425.3945598,1287.591664
Baseline,REF,w23,2043-01-01,2043,1,176.4188734,917.5649117,400.9209679,1318.48588
Baseline,REF,w23,2043-02-01,2043,2,252.5825,916.1673663,326.346754,1242.51412
Baseline,REF,w23,2043-03-01,2043,3,164.8325,815.4644099,736.2855901,1551.75
Baseline,REF,w23,2043-04-01,2043,4,164.8325,811.5969801,577.4030199,1389
Baseline,REF,w23,2043-05-01,2043,5,164.8325,833.75881,555.24119,1389
Baseline,REF,w23,2043-06-01,2043,6,164.8325,525,864,1389
Baseline,REF,w23,2043-07-01,2043,7,164.8325,525,864,1389
Baseline,REF,w23,2043-08-01,2043,8,164.8325,869.462357,519.537643,1389
Baseline,REF,w23,2043-09-01,2043,9,181.5692998,878.5534973,460.2361033,1338.789601
Baseline,REF,w23,2043-10-01,2043,10,195.3462114,885.7648059,461.9044594,1347.669265
Baseline,REF,w23,2043-11-01,2043,11,164.8325,845.1778582,635.363276,1480.541134
Baseline,REF,w23,2043-12-01,2043,12,176.4188734,856.7106365,516.0252432,1372.73588
Baseline,REF,w23,2044-01-01,2044,1,174.08,933.4090778,392.0934222,1325.5025
Baseline,REF,w23,2044-02-01,2044,2,252.5825,856.5892223,378.9082777,1235.4975
Baseline,REF,w23,2044-03-01,2044,3,164.8325,564.1156625,987.6343375,1551.75
Baseline,REF,w23,2044-04-01,2044,4,164.8325,812.4288509,576.5711491,1389
Baseline,REF,w23,2044-05-01,2044,5,164.8325,515.2741621,873.7258379,1389
Baseline,REF,w23,2044-06-01,2044,6,164.8325,661.4622467,727.5377533,1389
Baseline,REF,w23,2044-07-01,2044,7,283.5174834,443.3187878,589.6262621,1032.94505
Baseline,REF,w23,2044-08-01,2044,8,254.8325,910.5991571,654.455793,1565.05495
Baseline,REF,w23,2044-09-01,2044,9,220.5386331,748.1603286,653.721272,1401.881601
Baseline,REF,w23,2044-10-01,2044,10,210.7193996,894.2375289,570.1070714,1464.3446
Baseline,REF,w23,2044-11-01,2044,11,164.8325,934.6109335,546.1628657,1480.773799
Baseline,REF,w23,2044-12-01,2044,12,174.08,859.6477582,520.1047418,1379.7525
Baseline,REF,w23,2045-01-01,2045,1,164.8325,901.6661572,433.0838428,1334.75
Baseline,REF,w23,2045-02-01,2045,2,256.8392919,944.4176402,269.0619842,1213.479624
Baseline,REF,w23,2045-03-01,2045,3,191.7063435,522.8887459,961.0100991,1483.898845
Baseline,REF,w23,2045-04-01,2045,4,254.8325,528.547859,761.0736716,1289.621531
Baseline,REF,w23,2045-05-01,2045,5,264.08,1049.934542,329.8179583,1379.7525
Baseline,REF,w23,2045-06-01,2045,6,228.9871278,831.0565082,554.7271085,1385.783617
Baseline,REF,w23,2045-07-01,2045,7,284.5172358,452.2186929,860.1909832,1312.409676
Baseline,REF,w23,2045-08-01,2045,8,234.3628924,993.1752225,458.8815701,1452.056793
Baseline,REF,w23,2045-09-01,2045,9,206.0063603,953.5152469,517.9605868,1471.475834
Baseline,REF,w23,2045-10-01,2045,10,165.3826788,916.3795825,595.0416409,1511.421223
Baseline,REF,w23,2045-11-01,2045,11,164.8325,940.7008375,449.3995201,1390.100358
Baseline,REF,w23,2045-12-01,2045,12,164.8325,910.1822177,478.8177823,1389
Baseline,REF,w23,2046-01-01,2046,1,164.8325,889.4843963,445.2656037,1334.75
Baseline,REF,w23,2046-02-01,2046,2,252.5825,907.1263688,319.1236312,1226.25
Baseline,REF,w23,2046-03-01,2046,3,164.8325,830.8693074,720.8806926,1551.75
Baseline,REF,w23,2046-04-01,2046,4,202.3815271,967.8025547,308.550364,1276.352919
Baseline,REF,w23,2046-05-01,2046,5,209.4012567,819.6721977,548.2686134,1367.940811
Baseline,REF,w23,2046-06-01,2046,6,164.8325,959.5473093,563.1589608,1522.70627
Baseline,REF,w23,2046-07-01,2046,7,217.1161008,471.9378103,760.2113872,1232.149198
Baseline,REF,w23,2046-08-01,2046,8,164.8325,929.4267005,616.4241019,1545.850802
Baseline,REF,w23,2046-09-01,2046,9,252.5825,879.7468665,346.5031335,1226.25
Baseline,REF,w23,2046-10-01,2046,10,199.6214885,939.6850452,507.6979894,1447.383035
Baseline,REF,w23,2046-11-01,2046,11,164.8325,979.9110169,513.4559485,1493.366965
Baseline,REF,w23,2046-12-01,2046,12,164.8325,929.9325197,459.0674803,1389
Baseline,REF,w23,2047-01-01,2047,1,164.8325,942.8252623,391.9247377,1334.75
Baseline,REF,w23,2047-02-01,2047,2,252.5825,855.9737453,370.2762547,1226.25
Baseline,REF,w23,2047-03-01,2047,3,184.8439956,702.5806932,789.13482,1491.715513
Baseline,REF,w23,2047-04-01,2047,4,164.8325,605.0400528,843.994434,1449.034487
Baseline,REF,w23,2047-05-01,2047,5,164.8325,1092.964576,296.0354237,1389
Baseline,REF,w23,2047-06-01,2047,6,164.8325,1092.038601,296.9613994,1389
Baseline,REF,w23,2047-07-01,2047,7,287.9502151,729.2021251,290.4447297,1019.646855
Baseline,REF,w23,2047-08-01,2047,8,254.8325,983.3617426,594.9914026,1578.353145
Baseline,REF,w23,2047-09-01,2047,9,240.34956,878.3532471,539.6126329,1417.96588
Baseline,REF,w23,2047-10-01,2047,10,307.4710266,927.5657666,339.9413002,1267.507067
Baseline,REF,w23,2047-11-01,2047,11,173.6848314,936.0893481,707.7330422,1643.82239
Baseline,REF,w23,2047-12-01,2047,12,164.8325,916.7370148,489.967648,1406.704663
Baseline,REF,w23,2048-01-01,2048,1,168.8104476,886.0965835,440.6975213,1326.794105
Baseline,REF,w23,2048-02-01,2048,2,252.5825,856.9488375,377.2570577,1234.205895
Baseline,REF,w23,2048-03-01,2048,3,164.8325,1095.203783,456.5462173,1551.75
Baseline,REF,w23,2048-04-01,2048,4,208.2282593,744.6762889,557.5321924,1302.208481
Baseline,REF,w23,2048-05-01,2048,5,207.1096556,578.1552251,770.8048268,1348.960052
Baseline,REF,w23,2048-06-01,2048,6,164.8325,978.188937,537.6425298,1515.831467
Baseline,REF,w23,2048-07-01,2048,7,240.2531063,609.666654,553.0715271,1162.738181
Baseline,REF,w23,2048-08-01,2048,8,230.4488679,937.3064163,481.106299,1418.412715
Baseline,REF,w23,2048-09-01,2048,9,183.8137746,978.8135241,569.0730303,1547.886554
Baseline,REF,w23,2048-10-01,2048,10,186.4833363,928.5973582,464.3110185,1392.908377
Baseline,REF,w23,2048-11-01,2048,11,195.0400176,896.4858551,466.1532821,1362.639137
Baseline,REF,w23,2048-12-01,2048,12,168.8104476,925.4690994,515.9900406,1441.45914
Baseline,REF,w23,2049-01-01,2049,1,165.9166655,934.9996031,396.4979004,1331.497503
Baseline,REF,w23,2049-02-01,2049,2,252.5825,903.9622432,325.5402533,1229.502497
Baseline,REF,w23,2049-03-01,2049,3,164.8325,1125.14401,426.6059901,1551.75
Baseline,REF,w23,2049-04-01,2049,4,164.8325,660.9722276,728.0277724,1389
Baseline,REF,w23,2049-05-01,2049,5,164.8325,889.1586926,499.8413074,1389
Baseline,REF,w23,2049-06-01,2049,6,191.2962241,1004.255892,305.3529354,1309.608828
Baseline,REF,w23,2049-07-01,2049,7,254.8325,990.7829951,297.6081773,1288.391172
Baseline,REF,w23,2049-08-01,2049,8,254.8325,876.1132122,512.8867878,1389
Baseline,REF,w23,2049-09-01,2049,9,236.1120129,898.8224043,456.339057,1355.161461
Baseline,REF,w23,2049-10-01,2049,10,237.1431542,922.0204366,536.1967939,1458.21723
Baseline,REF,w23,2049-11-01,2049,11,216.7367231,873.8827812,504.0258577,1377.908639
Baseline,REF,w23,2049-12-01,2049,12,165.9166655,930.7099479,610.7502249,1541.460173
Baseline,REF,w23,2050-01-01,2050,1,185.1448827,954.0528073,331.1977438,1285.250551
Baseline,REF,w23,2050-02-01,2050,2,275.170942,953.8349816,254.1491412,1207.984123
Baseline,REF,w23,2050-03-01,2050,3,214.8047357,1064.078682,455.4921729,1519.570855
Baseline,REF,w23,2050-04-01,2050,4,250.9012223,1008.875845,257.0499393,1265.925785
Baseline,REF,w23,2050-05-01,2050,5,164.8325,998.1471801,613.8715066,1612.018687
Baseline,REF,w23,2050-06-01,2050,6,216.2882711,725.0869756,561.0014821,1286.088458
Baseline,REF,w23,2050-07-01,2050,7,253.9430102,501.7858402,722.7941714,1224.580012
Baseline,REF,w23,2050-08-01,2050,8,254.8325,891.6738142,584.6577165,1476.331531
Baseline,REF,w23,2050-09-01,2050,9,342.6270773,946.3731899,249.3427225,1195.715912
Baseline,REF,w23,2050-10-01,2050,10,229.047513,941.156439,628.4826096,1569.639049
Baseline,REF,w23,2050-11-01,2050,11,225.8401614,993.8048735,465.8248427,1459.629716
Baseline,REF,w23,2050-12-01,2050,12,185.1448827,923.3108381,538.2050358,1461.515874
Baseline,BRIDGE,w17,2025-01-01,2025,1,239.5941454,690.4748356,503.9993736,1194.474209
Baseline,BRIDGE,w17,2025-02-01,2025,2,297.1960479,657.8929032,574.7922439,1232.685147
Baseline,BRIDGE,w17,2025-03-01,2025,3,275.007414,912.4445017,543.1214001,1455.565902
Baseline,BRIDGE,w17,2025-04-01,2025,4,339.4591911,807.8984658,462.7941736,1270.692639
Baseline,BRIDGE,w17,2025-05-01,2025,5,304.7736954,905.2963144,569.4953787,1474.791693
Baseline,BRIDGE,w17,2025-06-01,2025,6,264.949331,884.8759692,588.4282783,1473.304247
Baseline,BRIDGE,w17,2025-07-01,2025,7,252.5825,867.1419955,537.3441664,1404.486162
Baseline,BRIDGE,w17,2025-08-01,2025,8,257.9576711,713.4422321,664.8074256,1378.249658
Baseline,BRIDGE,w17,2025-09-01,2025,9,269.9172373,729.1667809,635.9140867,1365.080868
Baseline,BRIDGE,w17,2025-10-01,2025,10,288.9706435,727.3807135,632.7599741,1360.140688
Baseline,BRIDGE,w17,2025-11-01,2025,11,270.239743,683.5065406,742.9552604,1426.461801
Baseline,BRIDGE,w17,2025-12-01,2025,12,239.5941454,735.0074526,702.5337427,1437.541195
Baseline,BRIDGE,w17,2026-01-01,2026,1,242.9986354,729.0378926,458.6273365,1187.665229
Baseline,BRIDGE,w17,2026-02-01,2026,2,261.83,713.7950043,650.2922666,1364.087271
Baseline,BRIDGE,w17,2026-03-01,2026,3,294.399162,791.4655127,501.9728927,1293.438405
Baseline,BRIDGE,w17,2026-04-01,2026,4,267.5935134,897.6644285,569.606626,1467.271054
Baseline,BRIDGE,w17,2026-05-01,2026,5,261.83,870.2842135,536.0063266,1406.29054
Baseline,BRIDGE,w17,2026-06-01,2026,6,252.5825,852.6958467,545.5516533,1398.2475
Baseline,BRIDGE,w17,2026-07-01,2026,7,263.1246925,840.4119411,536.7511739,1377.163115
Baseline,BRIDGE,w17,2026-08-01,2026,8,280.829329,660.7239555,683.6192715,1344.343227
Baseline,BRIDGE,w17,2026-09-01,2026,9,272.5140468,689.817428,714.3765896,1404.194018
Baseline,BRIDGE,w17,2026-10-01,2026,10,269.2071534,706.4884866,692.4321937,1398.92068
Baseline,BRIDGE,w17,2026-11-01,2026,11,295.6733425,696.5546157,646.8901595,1343.444775
Baseline,BRIDGE,w17,2026-12-01,2026,12,242.9986354,739.2242727,742.3751414,1481.599414
Baseline,BRIDGE,w17,2027-01-01,2027,1,261.83,696.1641986,466.5883014,1162.7525
Baseline,BRIDGE,w17,2027-02-01,2027,2,271.9379392,663.080848,677.1003344,1340.181182
Baseline,BRIDGE,w17,2027-03-01,2027,3,280.2667606,876.893378,505.6151578,1382.508536
Baseline,BRIDGE,w17,2027-04-01,2027,4,261.83,898.1767236,546.1335582,1444.310282
Baseline,BRIDGE,w17,2027-05-01,2027,5,261.83,846.3104303,542.6895697,1389
Baseline,BRIDGE,w17,2027-06-01,2027,6,266.6107196,821.6165538,548.5745069,1370.191061
Baseline,BRIDGE,w17,2027-07-01,2027,7,351.83,780.2429449,447.5659943,1227.808939
Baseline,BRIDGE,w17,2027-08-01,2027,8,374.0632157,645.0988574,658.7064953,1303.805353
Baseline,BRIDGE,w17,2027-09-01,2027,9,325.0879772,734.1762851,793.5024077,1527.678693
Baseline,BRIDGE,w17,2027-10-01,2027,10,285.2948322,679.3444644,789.2418255,1468.58629
Baseline,BRIDGE,w17,2027-11-01,2027,11,261.83,720.7218938,715.2077706,1435.929664
Baseline,BRIDGE,w17,2027-12-01,2027,12,261.83,703.683155,685.316845,1389
Baseline,BRIDGE,w17,2028-01-01,2028,1,264.9316872,716.5360052,427.2631204,1143.799126
Baseline,BRIDGE,w17,2028-02-01,2028,2,261.83,715.2952185,692.658156,1407.953374
Baseline,BRIDGE,w17,2028-03-01,2028,3,272.3425377,829.2432217,538.731703,1367.974925
Baseline,BRIDGE,w17,2028-04-01,2028,4,261.83,861.8185199,548.2065555,1410.025075
Baseline,BRIDGE,w17,2028-05-01,2028,5,252.5825,806.3427048,591.9047952,1398.2475
Baseline,BRIDGE,w17,2028-06-01,2028,6,252.5825,624.5949788,764.4050212,1389
Baseline,BRIDGE,w17,2028-07-01,2028,7,342.5825,761.0426343,447.9573657,1209
Baseline,BRIDGE,w17,2028-08-01,2028,8,388.2766483,591.1693376,679.2432174,1270.412555
Baseline,BRIDGE,w17,2028-09-01,2028,9,382.1506588,649.8865471,757.4914215,1407.377969
Baseline,BRIDGE,w17,2028-10-01,2028,10,341.837685,661.1043034,838.842303,1499.946606
Baseline,BRIDGE,w17,2028-11-01,2028,11,310.0056032,659.2086195,726.784941,1385.99356
Baseline,BRIDGE,w17,2028-12-01,2028,12,264.9316872,737.7210812,795.3473539,1533.068435
Baseline,BRIDGE,w17,2029-01-01,2029,1,329.3475328,535.1599707,425.039931,960.1999017
Baseline,BRIDGE,w17,2029-02-01,2029,2,512.3352711,472.1148074,457.9219777,930.0367851
Baseline,BRIDGE,w17,2029-03-01,2029,3,461.378948,918.9937211,577.4071415,1496.400863
Baseline,BRIDGE,w17,2029-04-01,2029,4,339.7019494,982.4754559,764.640856,1747.116312
Baseline,BRIDGE,w17,2029-05-01,2029,5,270.6983693,950.6848542,616.5770459,1567.2619
Baseline,BRIDGE,w17,2029-06-01,2029,6,258.6636517,878.6473515,531.2557355,1409.903087
Baseline,BRIDGE,w17,2029-07-01,2029,7,320.9808351,784.2162189,474.0682626,1258.284482
Baseline,BRIDGE,w17,2029-08-01,2029,8,327.1245431,663.5569107,713.1556733,1376.712584
Baseline,BRIDGE,w17,2029-09-01,2029,9,333.8470762,687.2095829,697.5928509,1384.802434
Baseline,BRIDGE,w17,2029-10-01,2029,10,324.314542,659.9735425,748.0915258,1408.065068
Baseline,BRIDGE,w17,2029-11-01,2029,11,337.5828142,681.5104058,658.5985203,1340.108926
Baseline,BRIDGE,w17,2029-12-01,2029,12,329.3475328,724.1975308,636.1100288,1360.30756
Baseline,BRIDGE,w17,2030-01-01,2030,1,229.7448008,928.29574,271.7833776,1200.079118
Baseline,BRIDGE,w17,2030-02-01,2030,2,261.83,968.4038992,383.2694831,1351.673382
Baseline,BRIDGE,w17,2030-03-01,2030,3,342.5825,900.4103139,317.8371861,1218.2475
Baseline,BRIDGE,w17,2030-04-01,2030,4,420.7711609,842.6432775,311.7907399,1154.434017
Baseline,BRIDGE,w17,2030-05-01,2030,5,495.9768199,836.7563578,326.626665,1163.383023
Baseline,BRIDGE,w17,2030-06-01,2030,6,535.6120946,928.6968011,341.3973747,1270.094176
Baseline,BRIDGE,w17,2030-07-01,2030,7,625.1269278,791.5789758,303.9209524,1095.499928
Baseline,BRIDGE,w17,2030-08-01,2030,8,604.305578,927.9202304,548.4993914,1476.419622
Baseline,BRIDGE,w17,2030-09-01,2030,9,649.5031041,896.0951102,375.8073114,1271.902422
Baseline,BRIDGE,w17,2030-10-01,2030,10,647.5819804,927.6567782,467.1065929,1394.763371
Baseline,BRIDGE,w17,2030-11-01,2030,11,650.0825,906.2047464,456.7986947,1363.003441
Baseline,BRIDGE,w17,2030-12-01,2030,12,229.7448008,987.0608581,1532.51826,2519.579118
Baseline,BRIDGE,w17,2031-01-01,2031,1,261.83,890.6572688,272.0952312,1162.7525
Baseline,BRIDGE,w17,2031-02-01,2031,2,252.5825,941.1664831,457.0810169,1398.2475
Baseline,BRIDGE,w17,2031-03-01,2031,3,305.365116,824.1783467,459.2564214,1283.434768
Baseline,BRIDGE,w17,2031-04-01,2031,4,357.7707625,906.131726,362.8687185,1269.000445
Baseline,BRIDGE,w17,2031-05-01,2031,5,351.83,825.3172874,600,1425.317287
Baseline,BRIDGE,w17,2031-06-01,2031,6,405.8280368,817.1446454,301.3662443,1118.51089
Baseline,BRIDGE,w17,2031-07-01,2031,7,526.5050462,805.0854921,311.8834796,1116.968972
Baseline,BRIDGE,w17,2031-08-01,2031,8,506.3750817,1031.118502,391.3343646,1422.452867
Baseline,BRIDGE,w17,2031-09-01,2031,9,523.7376843,836.4156736,545.9285449,1382.344218
Baseline,BRIDGE,w17,2031-10-01,2031,10,536.7357836,902.1898721,429.3208301,1331.510702
Baseline,BRIDGE,w17,2031-11-01,2031,11,483.3575895,975.7765485,573.3580337,1549.134582
Baseline,BRIDGE,w17,2031-12-01,2031,12,261.83,922.4567221,1059.621047,1982.077769
Baseline,BRIDGE,w17,2032-01-01,2032,1,242.2081819,983.0287024,196.9699337,1179.998636
Baseline,BRIDGE,w17,2032-02-01,2032,2,261.83,918.5863312,453.1675327,1371.753864
Baseline,BRIDGE,w17,2032-03-01,2032,3,252.5825,1112.312103,285.9353972,1398.2475
Baseline,BRIDGE,w17,2032-04-01,2032,4,298.8768969,944.6912258,351.7199804,1296.411206
Baseline,BRIDGE,w17,2032-05-01,2032,5,351.83,836.7695014,455.5717924,1292.341294
Baseline,BRIDGE,w17,2032-06-01,2032,6,385.0445232,912.8135976,358.0478328,1270.86143
Baseline,BRIDGE,w17,2032-07-01,2032,7,386.8362658,802.1197722,600,1402.119772
Baseline,BRIDGE,w17,2032-08-01,2032,8,374.1206576,957.5771461,451.0746786,1408.651825
Baseline,BRIDGE,w17,2032-09-01,2032,9,380.211352,953.9160283,409.2199684,1363.135997
Baseline,BRIDGE,w17,2032-10-01,2032,10,384.9734174,884.7774934,497.5282303,1382.305724
Baseline,BRIDGE,w17,2032-11-01,2032,11,351.83,898.8112529,608.1139993,1506.925252
Baseline,BRIDGE,w17,2032-12-01,2032,12,242.2081819,906.1690506,680.0770856,1586.246136
Baseline,BRIDGE,w17,2033-01-01,2033,1,253.7692522,907.5917553,231.3404872,1138.932242
Baseline,BRIDGE,w17,2033-02-01,2033,2,261.83,1003.00549,409.8147675,1412.820258
Baseline,BRIDGE,w17,2033-03-01,2033,3,300.9253404,769.6698882,531.891931,1301.561819
Baseline,BRIDGE,w17,2033-04-01,2033,4,342.549106,919.727312,395.2726569,1314.999969
Baseline,BRIDGE,w17,2033-05-01,2033,5,374.1324604,1016.217493,268.8183375,1285.035831
Baseline,BRIDGE,w17,2033-06-01,2033,6,438.9501196,865.5931006,347.448922,1213.042023
Baseline,BRIDGE,w17,2033-07-01,2033,7,500.0213694,837.9117207,349.3795298,1187.29125
Baseline,BRIDGE,w17,2033-08-01,2033,8,419.5872606,1031.3959,598.9064265,1630.302326
Baseline,BRIDGE,w17,2033-09-01,2033,9,394.1731993,962.3041209,521.4330629,1483.737184
Baseline,BRIDGE,w17,2033-10-01,2033,10,351.83,929.4452047,586.5843934,1516.029598
Baseline,BRIDGE,w17,2033-11-01,2033,11,351.83,946.9066166,442.0933834,1389
Baseline,BRIDGE,w17,2033-12-01,2033,12,253.7692522,923.6099409,621.5698015,1545.179742
Baseline,BRIDGE,w17,2034-01-01,2034,1,252.5825,928.4442191,243.5557809,1172
Baseline,BRIDGE,w17,2034-02-01,2034,2,261.83,893.0336742,486.7188258,1379.7525
Baseline,BRIDGE,w17,2034-03-01,2034,3,252.5825,925.4560824,472.7914176,1398.2475
Baseline,BRIDGE,w17,2034-04-01,2034,4,285.353287,1012.227625,311.2308007,1323.458426
Baseline,BRIDGE,w17,2034-05-01,2034,5,342.5825,957.6345505,316.9070235,1274.541574
Baseline,BRIDGE,w17,2034-06-01,2034,6,392.1838419,795.9797715,354.2162029,1150.195974
Baseline,BRIDGE,w17,2034-07-01,2034,7,470.8881111,942.8871923,300,1242.887192
Baseline,BRIDGE,w17,2034-08-01,2034,8,495.4127364,936.2423704,375.1921671,1311.434537
Baseline,BRIDGE,w17,2034-09-01,2034,9,518.353513,929.3856652,394.7835916,1324.169257
Baseline,BRIDGE,w17,2034-10-01,2034,10,522.0550309,928.9391118,467.4513344,1396.390446
Baseline,BRIDGE,w17,2034-11-01,2034,11,506.437302,871.3672623,564.4859246,1435.853187
Baseline,BRIDGE,w17,2034-12-01,2034,12,252.5825,918.0820188,1123.987387,2042.069406
Baseline,BRIDGE,w17,2035-01-01,2035,1,241.0308603,905.7433326,285.8574469,1191.600779
Baseline,BRIDGE,w17,2035-02-01,2035,2,261.83,847.0888245,513.0628961,1360.151721
Baseline,BRIDGE,w17,2035-03-01,2035,3,302.8984172,1030.86556,266.7501053,1297.615666
Baseline,BRIDGE,w17,2035-04-01,2035,4,342.5825,950.0101392,359.6216952,1309.631834
Baseline,BRIDGE,w17,2035-05-01,2035,5,408.3143844,943.8886173,266.4107296,1210.299347
Baseline,BRIDGE,w17,2035-06-01,2035,6,457.7788929,728.589789,493.5216852,1222.111474
Baseline,BRIDGE,w17,2035-07-01,2035,7,523.2645812,893.6874256,298.8555096,1192.542935
Baseline,BRIDGE,w17,2035-08-01,2035,8,547.7676522,890.7009303,443.2848567,1333.985787
Baseline,BRIDGE,w17,2035-09-01,2035,9,546.8766894,945.4640152,427.7138732,1373.177888
Baseline,BRIDGE,w17,2035-10-01,2035,10,532.710776,938.6300686,492.8676716,1431.49774
Baseline,BRIDGE,w17,2035-11-01,2035,11,514.4692157,930.7277234,512.9969575,1443.724681
Baseline,BRIDGE,w17,2035-12-01,2035,12,241.0308603,937.1147541,1167.146172,2104.260927
Baseline,BRIDGE,w17,2036-01-01,2036,1,266.5307697,903.3032493,245.3469417,1148.650191
Baseline,BRIDGE,w17,2036-02-01,2036,2,261.83,892.9154094,510.1868995,1403.102309
Baseline,BRIDGE,w17,2036-03-01,2036,3,337.7628737,627.8867527,600,1227.886753
Baseline,BRIDGE,w17,2036-04-01,2036,4,446.9267163,730.2364595,336.091639,1066.328099
Baseline,BRIDGE,w17,2036-05-01,2036,5,521.6491584,844.3324192,338.9952544,1183.327674
Baseline,BRIDGE,w17,2036-06-01,2036,6,600.4074302,807.4410149,286.3615998,1093.802615
Baseline,BRIDGE,w17,2036-07-01,2036,7,627.4214721,737.4552244,588.2691917,1325.724416
Baseline,BRIDGE,w17,2036-08-01,2036,8,605.489646,924.0396628,508.8239895,1432.863652
Baseline,BRIDGE,w17,2036-09-01,2036,9,559.7633185,962.6774509,626.5893857,1589.266837
Baseline,BRIDGE,w17,2036-10-01,2036,10,571.1683034,821.8597588,435.5160898,1257.375849
Baseline,BRIDGE,w17,2036-11-01,2036,11,532.28896,958.3529377,626.1992889,1584.552227
Baseline,BRIDGE,w17,2036-12-01,2036,12,266.5307697,983.0353604,1131.734211,2114.769571
Baseline,BRIDGE,w17,2037-01-01,2037,1,252.5825,987.5924585,184.4075415,1172
Baseline,BRIDGE,w17,2037-02-01,2037,2,261.83,893.211047,486.541453,1379.7525
Baseline,BRIDGE,w17,2037-03-01,2037,3,319.7775842,720.0212788,543.8360527,1263.857332
Baseline,BRIDGE,w17,2037-04-01,2037,4,373.0147127,846.6061699,315.4873604,1162.09353
Baseline,BRIDGE,w17,2037-05-01,2037,5,342.5825,1024.710364,545.586274,1570.296638
Baseline,BRIDGE,w17,2037-06-01,2037,6,398.6463918,414.8722164,805.9361082,1220.808325
Baseline,BRIDGE,w17,2037-07-01,2037,7,499.1132098,326.066364,761.533182,1087.599546
Baseline,BRIDGE,w17,2037-08-01,2037,8,493.4647709,863.2978695,561.1424473,1424.440317
Baseline,BRIDGE,w17,2037-09-01,2037,9,462.3540622,951.4615992,512.3755267,1463.837126
Baseline,BRIDGE,w17,2037-10-01,2037,10,449.033027,870.6768627,558.2862429,1428.963106
Baseline,BRIDGE,w17,2037-11-01,2037,11,433.7038084,962.7634489,472.2242071,1434.987656
Baseline,BRIDGE,w17,2037-12-01,2037,12,252.5825,865.4662437,976.8976814,1842.363925
Baseline,BRIDGE,w17,2038-01-01,2038,1,239.4384418,889.7373851,305.0482313,1194.785616
Baseline,BRIDGE,w17,2038-02-01,2038,2,264.7895431,845.3419173,502.7463369,1348.088254
Baseline,BRIDGE,w17,2038-03-01,2038,3,320.9305823,850.9868536,419.4431111,1270.429965
Baseline,BRIDGE,w17,2038-04-01,2038,4,291.4032575,1099.281755,328.4471374,1427.728892
Baseline,BRIDGE,w17,2038-05-01,2038,5,342.5825,966.7748339,340.1924386,1306.967272
Baseline,BRIDGE,w17,2038-06-01,2038,6,386.3298606,881.0954713,305.157447,1186.252918
Baseline,BRIDGE,w17,2038-07-01,2038,7,446.487355,492.7473245,787.2851921,1280.032517
Baseline,BRIDGE,w17,2038-08-01,2038,8,423.2726965,885.5081402,573.1358353,1458.643975
Baseline,BRIDGE,w17,2038-09-01,2038,9,396.9519718,941.0971471,545.360027,1486.457174
Baseline,BRIDGE,w17,2038-10-01,2038,10,351.83,946.4152267,577.9506887,1524.365915
Baseline,BRIDGE,w17,2038-11-01,2038,11,341.45086,884.7766761,463.8323068,1348.608983
Baseline,BRIDGE,w17,2038-12-01,2038,12,239.4384418,867.3926643,774.0314692,1641.424134
Baseline,BRIDGE,w17,2039-01-01,2039,1,252.5825,941.1035906,230.8964094,1172
Baseline,BRIDGE,w17,2039-02-01,2039,2,303.2948158,855.4564771,441.3663913,1296.822868
Baseline,BRIDGE,w17,2039-03-01,2039,3,364.6756327,864.8883442,370.0093893,1234.897734
Baseline,BRIDGE,w17,2039-04-01,2039,4,462.0708026,745.3511314,352.1246243,1097.475756
Baseline,BRIDGE,w17,2039-05-01,2039,5,476.4579839,792.6882548,552.488936,1345.177191
Baseline,BRIDGE,w17,2039-06-01,2039,6,560.0825,714.7711918,333.3552598,1048.126452
Baseline,BRIDGE,w17,2039-07-01,2039,7,659.33,865.0868738,334.6656262,1199.7525
Baseline,BRIDGE,w17,2039-08-01,2039,8,659.33,837.1140441,551.8859559,1389
Baseline,BRIDGE,w17,2039-09-01,2039,9,646.7570841,910.0084452,504.1373866,1414.145832
Baseline,BRIDGE,w17,2039-10-01,2039,10,650.0825,911.2147103,461.8869579,1373.101668
Baseline,BRIDGE,w17,2039-11-01,2039,11,577.5357912,954.3976199,579.6957976,1534.093418
Baseline,BRIDGE,w17,2039-12-01,2039,12,252.5825,861.7794543,1484.627128,2346.406582
Baseline,BRIDGE,w17,2040-01-01,2040,1,246.4391452,936.8149068,243.9693027,1180.78421
Baseline,BRIDGE,w17,2040-02-01,2040,2,261.83,866.0245999,504.9436906,1370.96829
Baseline,BRIDGE,w17,2040-03-01,2040,3,306.7022139,980.9333646,318.3222076,1299.255572
Baseline,BRIDGE,w17,2040-04-01,2040,4,389.9125113,749.2855448,326.7163491,1076.001894
Baseline,BRIDGE,w17,2040-05-01,2040,5,404.1757814,704.6317682,731.5784215,1436.21019
Baseline,BRIDGE,w17,2040-06-01,2040,6,498.9780083,414.5933195,600,1014.593319
Baseline,BRIDGE,w17,2040-07-01,2040,7,541.2411981,1045.161592,307.0488385,1352.210431
Baseline,BRIDGE,w17,2040-08-01,2040,8,530.4740054,860.3602773,579.4363009,1439.796578
Baseline,BRIDGE,w17,2040-09-01,2040,9,509.3221939,932.2701287,520.1853056,1452.455434
Baseline,BRIDGE,w17,2040-10-01,2040,10,522.1260811,860.8149051,426.8105587,1287.625464
Baseline,BRIDGE,w17,2040-11-01,2040,11,498.5830266,956.4137039,547.6833343,1504.097038
Baseline,BRIDGE,w17,2040-12-01,2040,12,246.4391452,865.2342388,1180.55155,2045.785789
Baseline,BRIDGE,w17,2041-01-01,2041,1,249.2242587,886.2387007,289.1195407,1175.358241
Baseline,BRIDGE,w17,2041-02-01,2041,2,261.83,869.2125605,507.1816982,1376.394259
Baseline,BRIDGE,w17,2041-03-01,2041,3,306.426275,738.9925539,551.567396,1290.55995
Baseline,BRIDGE,w17,2041-04-01,2041,4,342.5825,756.6712932,560.0162569,1316.68755
Baseline,BRIDGE,w17,2041-05-01,2041,5,407.6974732,637.5618434,551.6045888,1189.166432
Baseline,BRIDGE,w17,2041-06-01,2041,6,495.1073287,507.4015091,552.3525726,1059.754082
Baseline,BRIDGE,w17,2041-07-01,2041,7,584.454614,642.8019879,549.6611563,1192.463144
Baseline,BRIDGE,w17,2041-08-01,2041,8,576.7999878,886.3937283,525.5701504,1411.963879
Baseline,BRIDGE,w17,2041-09-01,2041,9,554.8033103,900.155216,573.3298165,1473.485033
Baseline,BRIDGE,w17,2041-10-01,2041,10,561.545978,929.2993728,381.9518755,1311.251248
Baseline,BRIDGE,w17,2041-11-01,2041,11,552.0745925,903.9635833,552.4763217,1456.439905
Baseline,BRIDGE,w17,2041-12-01,2041,12,249.2242587,919.6646531,1281.169866,2200.834519
Baseline,BRIDGE,w17,2042-01-01,2042,1,296.8699877,815.7464981,276.9260266,1092.672525
Baseline,BRIDGE,w17,2042-02-01,2042,2,308.0263457,857.3166503,500.1231337,1357.439784
Baseline,BRIDGE,w17,2042-03-01,2042,3,354.389117,891.1327162,303.3351242,1194.46784
Baseline,BRIDGE,w17,2042-04-01,2042,4,391.1645442,1016.026502,352.6472166,1368.673718
Baseline,BRIDGE,w17,2042-05-01,2042,5,406.1320692,1010.345372,352.2470532,1362.592425
Baseline,BRIDGE,w17,2042-06-01,2042,6,457.3481114,689.0204218,546.3314516,1235.351873
Baseline,BRIDGE,w17,2042-07-01,2042,7,342.2896877,969.3670767,656.3131943,1625.680271
Baseline,BRIDGE,w17,2042-08-01,2042,8,342.5825,915.3448399,562.7767232,1478.121563
Baseline,BRIDGE,w17,2042-09-01,2042,9,357.5281772,903.0402943,459.6176739,1362.657968
Baseline,BRIDGE,w17,2042-10-01,2042,10,358.4799688,880.2240499,505.9205754,1386.144625
Baseline,BRIDGE,w17,2042-11-01,2042,11,393.0787531,837.6848871,401.9502585,1239.635146
Baseline,BRIDGE,w17,2042-12-01,2042,12,296.8699877,915.8346935,752.400092,1668.234785
Baseline,BRIDGE,w17,2043-01-01,2043,1,261.83,850.3344339,312.4180661,1162.7525
Baseline,BRIDGE,w17,2043-02-01,2043,2,289.5312074,824.391593,509.2059921,1333.597585
Baseline,BRIDGE,w17,2043-03-01,2043,3,320.2195451,944.7421939,318.1238867,1262.866081
Baseline,BRIDGE,w17,2043-04-01,2043,4,361.2367431,780.9458087,475.0807673,1256.026576
Baseline,BRIDGE,w17,2043-05-01,2043,5,390.1657755,991.4956103,350.8448744,1342.340485
Baseline,BRIDGE,w17,2043-06-01,2043,6,434.5406995,703.5421753,600,1303.542175
Baseline,BRIDGE,w17,2043-07-01,2043,7,493.9334577,886.505448,324.3162773,1210.821725
Baseline,BRIDGE,w17,2043-08-01,2043,8,484.5705935,865.3621815,570.2214113,1435.583593
Baseline,BRIDGE,w17,2043-09-01,2043,9,479.8645396,909.1822811,493.9358805,1403.118162
Baseline,BRIDGE,w17,2043-10-01,2043,10,482.0525768,894.6806952,469.2601932,1363.940888
Baseline,BRIDGE,w17,2043-11-01,2043,11,482.7908428,881.5178812,523.7623209,1405.280202
Baseline,BRIDGE,w17,2043-12-01,2043,12,261.83,1063.311024,898.5715046,1961.882528
Baseline,BRIDGE,w17,2044-01-01,2044,1,281.6138159,833.7883292,280.149039,1113.937368
Baseline,BRIDGE,w17,2044-02-01,2044,2,261.83,878.3969255,559.4182063,1437.815132
Baseline,BRIDGE,w17,2044-03-01,2044,3,287.6330057,1054.802436,273.344053,1328.146489
Baseline,BRIDGE,w17,2044-04-01,2044,4,318.0364461,1025.51265,279.6060958,1305.118745
Baseline,BRIDGE,w17,2044-05-01,2044,5,352.2307017,1010.837403,311.1887987,1322.026201
Baseline,BRIDGE,w17,2044-06-01,2044,6,397.2530796,946.9506798,337.4886459,1284.439326
Baseline,BRIDGE,w17,2044-07-01,2044,7,336.8383612,889.418876,572.3302791,1461.749155
Baseline,BRIDGE,w17,2044-08-01,2044,8,351.83,932.7509652,519.7691185,1452.520084
Baseline,BRIDGE,w17,2044-09-01,2044,9,362.1573399,923.6169436,368.3890739,1292.006017
Baseline,BRIDGE,w17,2044-10-01,2044,10,385.1804028,860.740426,506.7073481,1367.447774
Baseline,BRIDGE,w17,2044-11-01,2044,11,428.9632521,834.0397705,389.4574094,1223.49718
Baseline,BRIDGE,w17,2044-12-01,2044,12,281.6138159,879.6075961,924.6263006,1804.233897
Baseline,BRIDGE,w17,2045-01-01,2045,1,253.0976074,874.9021494,295.5525284,1170.454678
Baseline,BRIDGE,w17,2045-02-01,2045,2,261.83,935.2041833,446.0936389,1381.297822
Baseline,BRIDGE,w17,2045-03-01,2045,3,297.477381,1049.05321,259.4045282,1308.457738
Baseline,BRIDGE,w17,2045-04-01,2045,4,336.5146989,1010.997541,309.175323,1320.172864
Baseline,BRIDGE,w17,2045-05-01,2045,5,318.3072575,1008.983175,416.4317077,1425.414883
Baseline,BRIDGE,w17,2045-06-01,2045,6,351.83,1045.39269,276.561825,1321.954515
Baseline,BRIDGE,w17,2045-07-01,2045,7,394.4058413,930.4567131,312.3207629,1242.777476
Baseline,BRIDGE,w17,2045-08-01,2045,8,342.5825,983.5129522,560.9570718,1544.470024
Baseline,BRIDGE,w17,2045-09-01,2045,9,315.6129017,947.106301,495.8328955,1442.939197
Baseline,BRIDGE,w17,2045-10-01,2045,10,295.8259359,884.7550842,553.0663475,1437.821432
Baseline,BRIDGE,w17,2045-11-01,2045,11,273.5284053,900.9261312,523.4214299,1424.347561
Baseline,BRIDGE,w17,2045-12-01,2045,12,253.0976074,891.3549585,537.9915299,1429.346488
Baseline,BRIDGE,w17,2046-01-01,2046,1,261.83,823.713109,339.039391,1162.7525
Baseline,BRIDGE,w17,2046-02-01,2046,2,261.83,903.8443339,485.1556661,1389
Baseline,BRIDGE,w17,2046-03-01,2046,3,261.1169658,1044.379594,340.0156572,1384.395251
Baseline,BRIDGE,w17,2046-04-01,2046,4,296.143483,1060.722156,255.0081273,1315.730283
Baseline,BRIDGE,w17,2046-05-01,2046,5,313.565672,1017.374289,320.8766863,1338.250975
Baseline,BRIDGE,w17,2046-06-01,2046,6,351.1062347,1086.302255,252.0450011,1338.347256
Baseline,BRIDGE,w17,2046-07-01,2046,7,342.5825,1006.848024,390.6757104,1397.523735
Baseline,BRIDGE,w17,2046-08-01,2046,8,342.5825,966.7694915,422.2305085,1389
Baseline,BRIDGE,w17,2046-09-01,2046,9,276.6604601,951.6722686,578.4193112,1530.09158
Baseline,BRIDGE,w17,2046-10-01,2046,10,306.0464748,878.7811638,442.1993069,1320.980471
Baseline,BRIDGE,w17,2046-11-01,2046,11,337.0837694,871.6370353,464.5358756,1336.172911
Baseline,BRIDGE,w17,2046-12-01,2046,12,261.83,915.6891572,623.8183815,1539.507539
Baseline,BRIDGE,w17,2047-01-01,2047,1,262.4075627,842.9048652,318.6925094,1161.597375
Baseline,BRIDGE,w17,2047-02-01,2047,2,261.83,860.7660109,529.3891145,1390.155125
Baseline,BRIDGE,w17,2047-03-01,2047,3,312.9789475,1006.877863,270.5767421,1277.454605
Baseline,BRIDGE,w17,2047-04-01,2047,4,369.396715,957.2787856,267.7852846,1225.06407
Baseline,BRIDGE,w17,2047-05-01,2047,5,385.9699519,1004.572105,358.9943639,1363.566469
Baseline,BRIDGE,w17,2047-06-01,2047,6,359.4310624,1050.483283,436.6283862,1487.111669
Baseline,BRIDGE,w17,2047-07-01,2047,7,351.83,1043.518489,368.2846983,1411.803187
Baseline,BRIDGE,w17,2047-08-01,2047,8,342.5825,861.1783909,537.0691091,1398.2475
Baseline,BRIDGE,w17,2047-09-01,2047,9,366.2578383,899.1473613,409.3824747,1308.529836
Baseline,BRIDGE,w17,2047-10-01,2047,10,300.1343452,945.7111667,617.9028069,1563.613974
Baseline,BRIDGE,w17,2047-11-01,2047,11,252.5825,880.881455,593.9747354,1474.85619
Baseline,BRIDGE,w17,2047-12-01,2047,12,262.4075627,884.8374053,493.7599692,1378.597375
Baseline,BRIDGE,w17,2048-01-01,2048,1,262.4716853,875.9271981,266.4052461,1142.332444
Baseline,BRIDGE,w17,2048-02-01,2048,2,274.4593124,882.0941893,489.4379293,1371.532119
Baseline,BRIDGE,w17,2048-03-01,2048,3,264.2801556,1007.249278,393.7931925,1401.042471
Baseline,BRIDGE,w17,2048-04-01,2048,4,295.5669437,1016.930544,278.2090917,1295.139636
Baseline,BRIDGE,w17,2048-05-01,2048,5,321.7453609,998.8575052,324.2647072,1323.122212
Baseline,BRIDGE,w17,2048-06-01,2048,6,389.115598,998.010417,284.7164078,1282.726825
Baseline,BRIDGE,w17,2048-07-01,2048,7,351.83,1070.165362,430.6914316,1500.856794
Baseline,BRIDGE,w17,2048-08-01,2048,8,356.0785935,819.592978,479.5501081,1299.143086
Baseline,BRIDGE,w17,2048-09-01,2048,9,396.8153693,852.9460689,472.4597372,1325.405806
Baseline,BRIDGE,w17,2048-10-01,2048,10,261.83,959.7801632,762.6709445,1722.451108
Baseline,BRIDGE,w17,2048-11-01,2048,11,279.8570771,881.6334454,462.0649004,1343.698346
Baseline,BRIDGE,w17,2048-12-01,2048,12,262.4716853,898.5203406,515.3612578,1413.881598
Baseline,BRIDGE,w17,2049-01-01,2049,1,265.4822478,861.6989791,290.0967775,1151.795757
Baseline,BRIDGE,w17,2049-02-01,2049,2,261.83,872.3690945,527.587649,1399.956743
Baseline,BRIDGE,w17,2049-03-01,2049,3,303.2546122,1016.659424,275.7892249,1292.448649
Baseline,BRIDGE,w17,2049-04-01,2049,4,298.2882183,1018.866133,384.521282,1403.387415
Baseline,BRIDGE,w17,2049-05-01,2049,5,351.83,1030.384929,260.7790078,1291.163937
Baseline,BRIDGE,w17,2049-06-01,2049,6,318.0890607,967.7736534,413.9541646,1381.727818
Baseline,BRIDGE,w17,2049-07-01,2049,7,351.83,1116.076012,280.1961698,1396.272182
Baseline,BRIDGE,w17,2049-08-01,2049,8,351.9786654,830.117375,449.9416287,1280.059004
Baseline,BRIDGE,w17,2049-09-01,2049,9,361.556348,836.0692669,632.6926856,1468.761952
Baseline,BRIDGE,w17,2049-10-01,2049,10,360.9466127,858.5211142,513.8130916,1372.334206
Baseline,BRIDGE,w17,2049-11-01,2049,11,321.0800026,938.9713351,557.3734978,1496.344833
Baseline,BRIDGE,w17,2049-12-01,2049,12,265.4822478,950.6515143,545.8917473,1496.543262
Baseline,BRIDGE,w17,2050-01-01,2050,1,261.83,951.5182706,211.2342294,1162.7525
Baseline,BRIDGE,w17,2050-02-01,2050,2,252.5825,916.0559245,482.1915755,1398.2475
Baseline,BRIDGE,w17,2050-03-01,2050,3,293.3760863,1051.768041,255.6447863,1307.412827
Baseline,BRIDGE,w17,2050-04-01,2050,4,302.9761334,1015.395593,354.4043131,1369.799906
Baseline,BRIDGE,w17,2050-05-01,2050,5,353.4733539,1043.1773,252.4324047,1295.609705
Baseline,BRIDGE,w17,2050-06-01,2050,6,351.83,1018.987294,374.9427681,1393.930062
Baseline,BRIDGE,w17,2050-07-01,2050,7,342.5825,1007.678823,390.5686773,1398.2475
Baseline,BRIDGE,w17,2050-08-01,2050,8,344.5034183,881.3764376,501.8608074,1383.237245
Baseline,BRIDGE,w17,2050-09-01,2050,9,310.1976361,949.3830501,519.3969326,1468.779983
Baseline,BRIDGE,w17,2050-10-01,2050,10,307.7853476,892.8177186,501.0068585,1393.824577
Baseline,BRIDGE,w17,2050-11-01,2050,11,324.6436442,868.244412,487.0389948,1355.283407
Baseline,BRIDGE,w17,2050-12-01,2050,12,261.83,919.1753155,595.4519729,1514.627288
Baseline,NZT,w22,2025-01-01,2025,1,259.2214509,695.5021839,469.8588652,1165.361049
Baseline,NZT,w22,2025-02-01,2025,2,262.5587854,656.4606506,707.8132802,1364.273931
Baseline,NZT,w22,2025-03-01,2025,3,273.9554395,883.8642411,503.0024,1386.866641
Baseline,NZT,w22,2025-04-01,2025,4,271.3446909,822.1111624,542.1079314,1364.219094
Baseline,NZT,w22,2025-05-01,2025,5,268.4042699,887.3704021,530.9385737,1418.308976
Baseline,NZT,w22,2025-06-01,2025,6,253.4621086,847.519525,553.5142572,1401.033782
Baseline,NZT,w22,2025-07-01,2025,7,325.1685325,802.0353574,458.7291049,1260.764462
Baseline,NZT,w22,2025-08-01,2025,8,324.9507126,703.5276761,649.8806916,1353.408368
Baseline,NZT,w22,2025-09-01,2025,9,328.2658029,672.4486089,755.1959826,1427.644591
Baseline,NZT,w22,2025-10-01,2025,10,312.1128317,743.927677,668.1307655,1412.058442
Baseline,NZT,w22,2025-11-01,2025,11,303.6759378,722.3098144,692.8114733,1415.121288
Baseline,NZT,w22,2025-12-01,2025,12,259.2214509,771.7859304,703.5144943,1475.300425
Baseline,NZT,w22,2026-01-01,2026,1,261.1100058,689.0180834,474.4544108,1163.472494
Baseline,NZT,w22,2026-02-01,2026,2,256.6027092,697.0659302,696.4413664,1393.507297
Baseline,NZT,w22,2026-03-01,2026,3,267.023148,856.9927423,495.8777685,1352.870511
Baseline,NZT,w22,2026-04-01,2026,4,303.8720717,848.0255642,487.7924909,1335.818055
Baseline,NZT,w22,2026-05-01,2026,5,298.8529105,874.8967424,519.4325742,1394.329317
Baseline,NZT,w22,2026-06-01,2026,6,308.2840552,800.6880293,547.8686595,1348.556689
Baseline,NZT,w22,2026-07-01,2026,7,329.0445266,854.8957279,509.333557,1364.229285
Baseline,NZT,w22,2026-08-01,2026,8,298.2439188,753.3993304,706.7416849,1460.141015
Baseline,NZT,w22,2026-09-01,2026,9,297.1125632,706.0384921,685.2242191,1391.262711
Baseline,NZT,w22,2026-10-01,2026,10,296.5939619,727.486555,662.5506476,1390.037203
Baseline,NZT,w22,2026-11-01,2026,11,261.83,737.2541718,721.2737521,1458.527924
Baseline,NZT,w22,2026-12-01,2026,12,261.1100058,724.3064053,665.4135889,1389.719994
Baseline,NZT,w22,2027-01-01,2027,1,261.83,684.4938823,478.2586177,1162.7525
Baseline,NZT,w22,2027-02-01,2027,2,261.83,689.0494896,699.9505104,1389
Baseline,NZT,w22,2027-03-01,2027,3,320.9066621,773.0546254,488.5445504,1261.599176
Baseline,NZT,w22,2027-04-01,2027,4,350.442341,797.099541,542.0766011,1339.176142
Baseline,NZT,w22,2027-05-01,2027,5,343.8496044,739.6050158,580.5608531,1320.165869
Baseline,NZT,w22,2027-06-01,2027,6,326.4694838,852.997072,588.1432896,1441.140362
Baseline,NZT,w22,2027-07-01,2027,7,444.6950423,618.1183422,445.9140313,1064.032374
Baseline,NZT,w22,2027-08-01,2027,8,418.732642,741.2891745,677.3939775,1418.683152
Baseline,NZT,w22,2027-09-01,2027,9,360.9376347,750.0599475,830.8200746,1580.880022
Baseline,NZT,w22,2027-10-01,2027,10,329.1538199,727.4091439,756.9423003,1484.351444
Baseline,NZT,w22,2027-11-01,2027,11,323.3071551,698.1817839,708.3582104,1406.539994
Baseline,NZT,w22,2027-12-01,2027,12,261.83,787.2588104,786.172655,1573.431465
Baseline,NZT,w22,2028-01-01,2028,1,277.2916212,659.3766902,472.4525673,1131.829258
Baseline,NZT,w22,2028-02-01,2028,2,261.83,731.0383379,688.8849046,1419.923242
Baseline,NZT,w22,2028-03-01,2028,3,261.83,696.0937134,692.9062866,1389
Baseline,NZT,w22,2028-04-01,2028,4,241.3040573,812.6596454,608.14474,1420.804385
Baseline,NZT,w22,2028-05-01,2028,5,261.83,690.705566,666.4900486,1357.195615
Baseline,NZT,w22,2028-06-01,2028,6,307.9974866,522.8968495,720.3916777,1243.288527
Baseline,NZT,w22,2028-07-01,2028,7,366.2321317,758.3699235,463.1351543,1221.505078
Baseline,NZT,w22,2028-08-01,2028,8,374.218809,652.2002214,694.3447467,1346.544968
Baseline,NZT,w22,2028-09-01,2028,9,356.2967434,723.9732634,737.2879334,1461.261197
Baseline,NZT,w22,2028-10-01,2028,10,360.3267511,661.389243,723.8318753,1385.221118
Baseline,NZT,w22,2028-11-01,2028,11,375.7889215,709.316889,624.9854585,1334.302347
Baseline,NZT,w22,2028-12-01,2028,12,277.2916212,786.6302608,913.3232612,1699.953522
Baseline,NZT,w22,2029-01-01,2029,1,283.5348528,690.0392036,428.339697,1118.378901
Baseline,NZT,w22,2029-02-01,2029,2,284.2385249,679.0611611,692.6937386,1371.7549
Baseline,NZT,w22,2029-03-01,2029,3,281.6111438,788.9616659,591.77343,1380.735096
Baseline,NZT,w22,2029-04-01,2029,4,229.7854952,869.6283929,638.1224593,1507.750852
Baseline,NZT,w22,2029-05-01,2029,5,261.83,836.559595,503.5731567,1340.132752
Baseline,NZT,w22,2029-06-01,2029,6,292.3231728,819.8883842,498.8777702,1318.766154
Baseline,NZT,w22,2029-07-01,2029,7,342.5825,780.1684352,508.3129104,1288.481346
Baseline,NZT,w22,2029-08-01,2029,8,358.1877736,687.7463579,625.7784817,1313.52484
Baseline,NZT,w22,2029-09-01,2029,9,336.3173342,726.5441755,685.2214822,1411.765658
Baseline,NZT,w22,2029-10-01,2029,10,298.5288488,708.6756127,821.1411924,1529.816805
Baseline,NZT,w22,2029-11-01,2029,11,331.7699414,609.5355075,722.2298072,1331.765315
Baseline,NZT,w22,2029-12-01,2029,12,283.5348528,662.8097573,821.6965261,1484.506283
Baseline,NZT,w22,2030-01-01,2030,1,268.0314046,931.6601059,218.6895849,1150.349691
Baseline,NZT,w22,2030-02-01,2030,2,261.83,983.5811974,417.8216118,1401.402809
Baseline,NZT,w22,2030-03-01,2030,3,355.998582,748.704166,339.2950878,1087.999254
Baseline,NZT,w22,2030-04-01,2030,4,435.0256494,974.8347315,267.0840666,1241.918798
Baseline,NZT,w22,2030-05-01,2030,5,447.9996558,895.6427264,382.9302544,1278.572981
Baseline,NZT,w22,2030-06-01,2030,6,536.3799801,590.2726393,605.0913877,1195.364027
Baseline,NZT,w22,2030-07-01,2030,7,659.33,714.0370939,324.6078463,1038.64494
Baseline,NZT,w22,2030-08-01,2030,8,550.7274182,829.0866056,819.3778614,1648.464467
Baseline,NZT,w22,2030-09-01,2030,9,560.0825,965.5078963,353.2751367,1318.783033
Baseline,NZT,w22,2030-10-01,2030,10,525.1841373,847.6970396,735.9980486,1583.695088
Baseline,NZT,w22,2030-11-01,2030,11,538.4525644,818.3352058,459.3545128,1277.689719
Baseline,NZT,w22,2030-12-01,2030,12,268.0314046,940.1392504,1266.325634,2206.464884
Baseline,NZT,w22,2031-01-01,2031,1,280.5434141,856.1405416,259.9376301,1116.078172
Baseline,NZT,w22,2031-02-01,2031,2,261.83,971.3325928,464.3417355,1435.674328
Baseline,NZT,w22,2031-03-01,2031,3,318.0654664,866.4749748,335.3236259,1201.798601
Baseline,NZT,w22,2031-04-01,2031,4,389.9103467,849.1964228,324.2689362,1173.465359
Baseline,NZT,w22,2031-05-01,2031,5,387.2994334,1043.811403,353.0213367,1396.83274
Baseline,NZT,w22,2031-06-01,2031,6,451.1682608,399.2623451,798.1311725,1197.393518
Baseline,NZT,w22,2031-07-01,2031,7,560.0825,707.9869372,354.2703453,1062.257283
Baseline,NZT,w22,2031-08-01,2031,8,550.2810272,931.9648072,558.3404519,1490.305259
Baseline,NZT,w22,2031-09-01,2031,9,509.4423551,1016.750106,422.8650697,1439.615176
Baseline,NZT,w22,2031-10-01,2031,10,517.783233,902.1704261,480.3019401,1382.472366
Baseline,NZT,w22,2031-11-01,2031,11,473.7585193,952.2948108,568.7793302,1521.074141
Baseline,NZT,w22,2031-12-01,2031,12,280.5434141,972.8587792,1005.25245,1978.11123
Baseline,NZT,w22,2032-01-01,2032,1,228.8082572,920.709226,286.0892596,1206.798486
Baseline,NZT,w22,2032-02-01,2032,2,274.1511696,845.6480874,462.3424182,1307.990506
Baseline,NZT,w22,2032-03-01,2032,3,260.6057123,811.141372,600,1411.141372
Baseline,NZT,w22,2032-04-01,2032,4,338.8232385,925.6177763,314.9703836,1240.58816
Baseline,NZT,w22,2032-05-01,2032,5,398.9363526,806.8655684,334.0493508,1140.914919
Baseline,NZT,w22,2032-06-01,2032,6,437.0868764,441.4514523,904.6019762,1346.053428
Baseline,NZT,w22,2032-07-01,2032,7,522.1723812,705.9787357,337.7647501,1043.743486
Baseline,NZT,w22,2032-08-01,2032,8,553.2354755,879.4542405,506.3564764,1385.810717
Baseline,NZT,w22,2032-09-01,2032,9,535.4105849,985.0363532,436.2132085,1421.249562
Baseline,NZT,w22,2032-10-01,2032,10,540.7914907,924.788298,408.1761098,1332.964408
Baseline,NZT,w22,2032-11-01,2032,11,560.0825,891.9634434,410.2815137,1302.244957
Baseline,NZT,w22,2032-12-01,2032,12,228.8082572,901.3931153,1444.90537,2346.298486
Baseline,NZT,w22,2033-01-01,2033,1,261.83,856.0209138,306.7315862,1162.7525
Baseline,NZT,w22,2033-02-01,2033,2,261.83,926.5376591,462.4623409,1389
Baseline,NZT,w22,2033-03-01,2033,3,325.1698706,903.3483054,277.1370829,1180.485388
Baseline,NZT,w22,2033-04-01,2033,4,383.6857149,941.0532545,315.7840946,1256.837349
Baseline,NZT,w22,2033-05-01,2033,5,483.6460473,758.3412548,305.887866,1064.229121
Baseline,NZT,w22,2033-06-01,2033,6,510.0858635,855.1907355,525.994816,1381.185551
Baseline,NZT,w22,2033-07-01,2033,7,458.5477202,829.5748554,624.0395745,1453.61443
Baseline,NZT,w22,2033-08-01,2033,8,420.801724,809.4719619,711.2610266,1520.732989
Baseline,NZT,w22,2033-09-01,2033,9,359.1045161,956.902551,617.1890727,1574.091624
Baseline,NZT,w22,2033-10-01,2033,10,342.5825,911.708198,598.3628503,1510.071048
Baseline,NZT,w22,2033-11-01,2033,11,303.2965791,900.6491293,516.2086333,1416.857763
Baseline,NZT,w22,2033-12-01,2033,12,261.83,829.4123355,702.4824019,1531.894737
Baseline,NZT,w22,2034-01-01,2034,1,283.3964261,825.5921014,284.7800465,1110.372148
Baseline,NZT,w22,2034-02-01,2034,2,269.2611288,962.4345602,456.6524056,1419.086966
Baseline,NZT,w22,2034-03-01,2034,3,336.7264213,693.6750544,474.434068,1168.109122
Baseline,NZT,w22,2034-04-01,2034,4,342.5825,613.3990262,848.0327377,1461.431764
Baseline,NZT,w22,2034-05-01,2034,5,442.8316994,753.3185178,334.9338841,1088.252402
Baseline,NZT,w22,2034-06-01,2034,6,541.2841942,757.8112276,335.8312877,1093.642515
Baseline,NZT,w22,2034-07-01,2034,7,387.5599229,1008.5084,751.6644137,1760.172814
Baseline,NZT,w22,2034-08-01,2034,8,412.7279646,839.4523732,503.444682,1342.897055
Baseline,NZT,w22,2034-09-01,2034,9,435.6619108,880.4258082,428.8661729,1309.291981
Baseline,NZT,w22,2034-10-01,2034,10,444.1519193,917.2440498,506.2467338,1423.490784
Baseline,NZT,w22,2034-11-01,2034,11,468.8687339,826.1744387,410.2193085,1236.393747
Baseline,NZT,w22,2034-12-01,2034,12,283.3964261,996.8485038,979.3823458,1976.23085
Baseline,NZT,w22,2035-01-01,2035,1,261.83,855.1527935,307.5997065,1162.7525
Baseline,NZT,w22,2035-02-01,2035,2,261.83,934.8213703,454.1786297,1389
Baseline,NZT,w22,2035-03-01,2035,3,337.4125703,930.5884898,297.9988696,1228.587359
Baseline,NZT,w22,2035-04-01,2035,4,400.2266837,830.7321487,284.995441,1115.72759
Baseline,NZT,w22,2035-05-01,2035,5,400.51244,1093.405466,294.7372655,1388.142731
Baseline,NZT,w22,2035-06-01,2035,6,472.9713854,862.5318877,417.5862759,1280.118164
Baseline,NZT,w22,2035-07-01,2035,7,560.0825,747.2984326,271.8732237,1019.171656
Baseline,NZT,w22,2035-08-01,2035,8,542.0631294,869.5064842,663.5516277,1533.058112
Baseline,NZT,w22,2035-09-01,2035,9,500.1753266,912.3039111,530.8544975,1443.158409
Baseline,NZT,w22,2035-10-01,2035,10,525.2954627,847.0263059,515.0171409,1362.043447
Baseline,NZT,w22,2035-11-01,2035,11,569.33,809.4657972,399.0267356,1208.492533
Baseline,NZT,w22,2035-12-01,2035,12,261.83,943.0663637,1368.433636,2311.5
Baseline,NZT,w22,2036-01-01,2036,1,287.7961168,815.866572,285.7061944,1101.572766
Baseline,NZT,w22,2036-02-01,2036,2,261.83,859.6370853,590.5426483,1450.179734
Baseline,NZT,w22,2036-03-01,2036,3,322.8255432,587.5183704,600,1187.51837
Baseline,NZT,w22,2036-04-01,2036,4,411.4832395,613.026911,600,1213.026911
Baseline,NZT,w22,2036-05-01,2036,5,366.3978049,837.4743208,596.7819832,1434.256304
Baseline,NZT,w22,2036-06-01,2036,6,460.1355144,605.0620991,592.7247726,1197.786872
Baseline,NZT,w22,2036-07-01,2036,7,560.0825,399.1590431,600,999.1590431
Baseline,NZT,w22,2036-08-01,2036,8,559.9063152,945.9567425,533.571812,1479.528555
Baseline,NZT,w22,2036-09-01,2036,9,536.4804992,920.3583444,448.9191033,1369.277448
Baseline,NZT,w22,2036-10-01,2036,10,550.5716711,865.5759123,565.8464848,1431.422397
Baseline,NZT,w22,2036-11-01,2036,11,544.5159157,924.1960208,416.7703328,1340.966354
Baseline,NZT,w22,2036-12-01,2036,12,287.7961168,913.7230294,1262.154984,2175.878013
Baseline,NZT,w22,2037-01-01,2037,1,276.5718194,870.0142257,263.2546355,1133.268861
Baseline,NZT,w22,2037-02-01,2037,2,261.83,896.0738527,522.4097861,1418.483639
Baseline,NZT,w22,2037-03-01,2037,3,357.7188087,482.8385739,600,1082.838574
Baseline,NZT,w22,2037-04-01,2037,4,426.0379253,460.1162023,723.926448,1184.04265
Baseline,NZT,w22,2037-05-01,2037,5,483.2311056,785.4142966,432.0061625,1217.420459
Baseline,NZT,w22,2037-06-01,2037,6,575.0019795,779.137813,424.5495652,1203.687378
Baseline,NZT,w22,2037-07-01,2037,7,484.1072777,875.2972698,696.3868357,1571.684106
Baseline,NZT,w22,2037-08-01,2037,8,479.9257798,872.8198809,605.9517419,1478.771623
Baseline,NZT,w22,2037-09-01,2037,9,503.0042715,815.5599385,426.9774573,1242.537396
Baseline,NZT,w22,2037-10-01,2037,10,517.1906794,857.4465354,597.4892409,1454.935776
Baseline,NZT,w22,2037-11-01,2037,11,545.5754519,856.0561033,429.2945793,1285.350683
Baseline,NZT,w22,2037-12-01,2037,12,276.5718194,865.560981,1273.686736,2139.247717
Baseline,NZT,w22,2038-01-01,2038,1,261.83,817.4678639,345.2846361,1162.7525
Baseline,NZT,w22,2038-02-01,2038,2,261.83,804.5528927,584.4471073,1389
Baseline,NZT,w22,2038-03-01,2038,3,326.01969,681.3951381,496.540792,1177.93593
Baseline,NZT,w22,2038-04-01,2038,4,376.2332482,728.3593252,600,1328.359325
Baseline,NZT,w22,2038-05-01,2038,5,339.2365079,1072.460086,337.5301352,1409.990221
Baseline,NZT,w22,2038-06-01,2038,6,421.6892795,604.3378205,537.3038646,1141.641685
Baseline,NZT,w22,2038-07-01,2038,7,503.0516306,563.4079467,600,1163.407947
Baseline,NZT,w22,2038-08-01,2038,8,524.5767045,879.8298885,497.6071346,1377.437023
Baseline,NZT,w22,2038-09-01,2038,9,560.0825,814.9263962,396.0489724,1210.975369
Baseline,NZT,w22,2038-10-01,2038,10,499.5093046,932.1536801,732.3503117,1664.503992
Baseline,NZT,w22,2038-11-01,2038,11,449.3558862,967.4617333,478.2141162,1445.675849
Baseline,NZT,w22,2038-12-01,2038,12,261.83,866.1813841,1103.891275,1970.072659
Baseline,NZT,w22,2039-01-01,2039,1,289.004916,831.2827731,277.119895,1108.402668
Baseline,NZT,w22,2039-02-01,2039,2,261.83,874.3243666,569.0254653,1443.349832
Baseline,NZT,w22,2039-03-01,2039,3,329.8010617,842.4853502,324.1064645,1166.591815
Baseline,NZT,w22,2039-04-01,2039,4,365.3098204,700.7194219,581.7543022,1282.473724
Baseline,NZT,w22,2039-05-01,2039,5,427.7536008,658.3754411,543.2932175,1201.668659
Baseline,NZT,w22,2039-06-01,2039,6,541.7900459,795.918318,340.9723466,1136.890665
Baseline,NZT,w22,2039-07-01,2039,7,650.0825,464.1226378,600,1064.122638
Baseline,NZT,w22,2039-08-01,2039,8,558.6370908,852.8536886,828.9775389,1681.831228
Baseline,NZT,w22,2039-09-01,2039,9,535.5539933,900.8853452,467.3639473,1368.249292
Baseline,NZT,w22,2039-10-01,2039,10,551.3551425,884.9419481,519.9855534,1404.927502
Baseline,NZT,w22,2039-11-01,2039,11,560.0825,887.1145528,393.8774256,1280.991978
Baseline,NZT,w22,2039-12-01,2039,12,289.004916,907.6524255,1340.250243,2247.902668
Baseline,NZT,w22,2040-01-01,2040,1,246.8502201,877.189237,302.7728227,1179.96206
Baseline,NZT,w22,2040-02-01,2040,2,290.8048047,802.959848,510.8809829,1313.840831
Baseline,NZT,w22,2040-03-01,2040,3,350.313274,398.7355613,764.269226,1163.004787
Baseline,NZT,w22,2040-04-01,2040,4,394.4884994,833.9314143,512.5429097,1346.474324
Baseline,NZT,w22,2040-05-01,2040,5,479.9005863,808.5885199,342.6702193,1151.258739
Baseline,NZT,w22,2040-06-01,2040,6,540.9157575,633.6047147,553.8547718,1187.459486
Baseline,NZT,w22,2040-07-01,2040,7,560.0825,907.0478397,334.4519327,1241.499772
Baseline,NZT,w22,2040-08-01,2040,8,508.5799715,875.712002,725.8367226,1601.548725
Baseline,NZT,w22,2040-09-01,2040,9,539.9891826,843.2559125,411.970315,1255.226227
Baseline,NZT,w22,2040-10-01,2040,10,542.5100317,858.2647475,586.3372899,1444.602037
Baseline,NZT,w22,2040-11-01,2040,11,560.0825,839.8760806,414.7469299,1254.623011
Baseline,NZT,w22,2040-12-01,2040,12,246.8502201,839.590077,1479.871983,2319.46206
Baseline,NZT,w22,2041-01-01,2041,1,281.7429906,824.1846337,278.8288945,1103.013528
Baseline,NZT,w22,2041-02-01,2041,2,261.83,963.3004072,485.4385646,1448.738972
Baseline,NZT,w22,2041-03-01,2041,3,252.5825,850.1770615,548.0704385,1398.2475
Baseline,NZT,w22,2041-04-01,2041,4,301.2415334,963.3078859,279.7150139,1243.0229
Baseline,NZT,w22,2041-05-01,2041,5,296.8970038,891.0720488,529.4565401,1420.528589
Baseline,NZT,w22,2041-06-01,2041,6,288.2811034,748.6864212,647.6662798,1396.352701
Baseline,NZT,w22,2041-07-01,2041,7,366.8067674,594.4717717,558.9512364,1153.423008
Baseline,NZT,w22,2041-08-01,2041,8,379.7629589,887.0657284,463.065697,1350.131425
Baseline,NZT,w22,2041-09-01,2041,9,369.2297968,837.0588306,602.0356558,1439.094486
Baseline,NZT,w22,2041-10-01,2041,10,388.4057404,842.2134549,509.8967615,1352.110216
Baseline,NZT,w22,2041-11-01,2041,11,423.4851606,848.2174028,396.4112894,1244.628692
Baseline,NZT,w22,2041-12-01,2041,12,281.7429906,895.4969061,937.2246038,1832.72151
Baseline,NZT,w22,2042-01-01,2042,1,234.2886849,934.042322,261.7953081,1195.83763
Baseline,NZT,w22,2042-02-01,2042,2,261.83,822.3500264,533.5648435,1355.91487
Baseline,NZT,w22,2042-03-01,2042,3,324.1715883,405.2849755,778.1952596,1183.480235
Baseline,NZT,w22,2042-04-01,2042,4,357.6806109,910.3863649,443.0887965,1353.475161
Baseline,NZT,w22,2042-05-01,2042,5,408.6612456,888.0277896,283.028077,1171.055867
Baseline,NZT,w22,2042-06-01,2042,6,507.4657246,597.6784112,513.403152,1111.081563
Baseline,NZT,w22,2042-07-01,2042,7,548.1314868,731.1075922,517.4001211,1248.507713
Baseline,NZT,w22,2042-08-01,2042,8,542.0601468,911.8211671,563.3607,1475.181867
Baseline,NZT,w22,2042-09-01,2042,9,553.369747,891.3203528,414.2779995,1305.598352
Baseline,NZT,w22,2042-10-01,2042,10,530.1356584,932.0761975,571.8505324,1503.92673
Baseline,NZT,w22,2042-11-01,2042,11,560.0825,815.8414509,419.5985602,1235.440011
Baseline,NZT,w22,2042-12-01,2042,12,234.2886849,888.1717691,1447.165861,2335.33763
Baseline,NZT,w22,2043-01-01,2043,1,251.9822136,960.7142121,211.8860742,1172.600286
Baseline,NZT,w22,2043-02-01,2043,2,295.0039641,796.4973699,516.3069156,1312.804285
Baseline,NZT,w22,2043-03-01,2043,3,322.9730451,913.4640594,339.9597335,1253.423793
Baseline,NZT,w22,2043-04-01,2043,4,366.9575275,974.1160183,342.2880486,1316.404067
Baseline,NZT,w22,2043-05-01,2043,5,420.8515667,828.3169629,339.6434054,1167.960368
Baseline,NZT,w22,2043-06-01,2043,6,435.284429,861.3941092,484.3073038,1345.701413
Baseline,NZT,w22,2043-07-01,2043,7,503.9349861,820.9170432,362.1312857,1183.048329
Baseline,NZT,w22,2043-08-01,2043,8,536.1969975,832.4799091,556.9263171,1389.406226
Baseline,NZT,w22,2043-09-01,2043,9,560.0825,845.1823379,374.9688942,1220.151232
Baseline,NZT,w22,2043-10-01,2043,10,534.2449441,866.975234,694.2773726,1561.252607
Baseline,NZT,w22,2043-11-01,2043,11,549.6558319,814.2974008,433.7299968,1248.027398
Baseline,NZT,w22,2043-12-01,2043,12,251.9822136,884.2514023,1396.56888,2280.820282
Baseline,NZT,w22,2044-01-01,2044,1,270.0388442,839.5384533,252.2713989,1091.809852
Baseline,NZT,w22,2044-02-01,2044,2,274.5673523,887.7388746,546.7290687,1434.467943
Baseline,NZT,w22,2044-03-01,2044,3,316.4835836,864.3228705,367.6960833,1232.018954
Baseline,NZT,w22,2044-04-01,2044,4,364.1260164,729.6749165,600,1329.674916
Baseline,NZT,w22,2044-05-01,2044,5,430.7883592,855.015258,340.3954986,1195.410757
Baseline,NZT,w22,2044-06-01,2044,6,491.0319529,518.2692189,600,1118.269219
Baseline,NZT,w22,2044-07-01,2044,7,560.0825,581.8483588,600,1181.848359
Baseline,NZT,w22,2044-08-01,2044,8,563.11115,937.2460333,532.6680166,1469.91405
Baseline,NZT,w22,2044-09-01,2044,9,555.6031079,868.6402737,471.3788525,1340.019126
Baseline,NZT,w22,2044-10-01,2044,10,518.0998735,937.5537467,545.4609567,1483.014703
Baseline,NZT,w22,2044-11-01,2044,11,490.2032897,942.0092991,530.6804524,1472.689751
Baseline,NZT,w22,2044-12-01,2044,12,270.0388442,890.9897704,1130.682451,2021.672221
Baseline,NZT,w22,2045-01-01,2045,1,309.316547,809.6381163,258.1412896,1067.779406
Baseline,NZT,w22,2045-02-01,2045,2,323.5657344,800.7319553,559.76967,1360.501625
Baseline,NZT,w22,2045-03-01,2045,3,303.9690017,778.2723568,589.2871069,1367.559464
Baseline,NZT,w22,2045-04-01,2045,4,365.4648911,880.7898127,346.1651234,1226.954936
Baseline,NZT,w22,2045-05-01,2045,5,422.2160831,839.4971213,356.8066983,1196.30382
Baseline,NZT,w22,2045-06-01,2045,6,495.4391413,380.5538837,878.7769418,1259.330826
Baseline,NZT,w22,2045-07-01,2045,7,554.8778484,854.0591942,356.6246844,1210.683879
Baseline,NZT,w22,2045-08-01,2045,8,575.5115724,732.5979127,594.5009152,1327.098828
Baseline,NZT,w22,2045-09-01,2045,9,569.33,736.0827872,599.9569301,1336.039717
Baseline,NZT,w22,2045-10-01,2045,10,569.3507832,739.1316595,721.310991,1460.44265
Baseline,NZT,w22,2045-11-01,2045,11,603.6815133,744.3384295,541.6693802,1286.00781
Baseline,NZT,w22,2045-12-01,2045,12,309.316547,694.0081589,1554.068287,2248.076446
Baseline,NZT,w22,2046-01-01,2046,1,249.3841709,877.4743238,297.4198343,1174.894158
Baseline,NZT,w22,2046-02-01,2046,2,261.83,833.9744906,542.8838512,1376.858342
Baseline,NZT,w22,2046-03-01,2046,3,319.7686647,876.107184,387.7679867,1263.875171
Baseline,NZT,w22,2046-04-01,2046,4,351.6107053,980.6250955,324.5030137,1305.128109
Baseline,NZT,w22,2046-05-01,2046,5,408.8625282,829.6228313,308.7813042,1138.404135
Baseline,NZT,w22,2046-06-01,2046,6,484.8938459,613.0643528,637.8416941,1250.906047
Baseline,NZT,w22,2046-07-01,2046,7,560.0825,640.1556395,433.2783983,1073.434038
Baseline,NZT,w22,2046-08-01,2046,8,534.0811299,717.0242567,749.9798536,1467.00411
Baseline,NZT,w22,2046-09-01,2046,9,537.4212542,846.4895988,581.1498078,1427.639407
Baseline,NZT,w22,2046-10-01,2046,10,528.0912272,914.1032552,480.4808904,1394.584146
Baseline,NZT,w22,2046-11-01,2046,11,536.3793189,907.4190241,448.9578568,1356.376881
Baseline,NZT,w22,2046-12-01,2046,12,249.3841709,934.9780091,1289.811606,2224.789615
Baseline,NZT,w22,2047-01-01,2047,1,231.1773502,946.3682035,264.9395962,1211.3078
Baseline,NZT,w22,2047-02-01,2047,2,297.2637778,866.5223566,403.0547882,1269.577145
Baseline,NZT,w22,2047-03-01,2047,3,343.5626723,747.9820017,448.192537,1196.174539
Baseline,NZT,w22,2047-04-01,2047,4,385.165657,971.0610446,363.9156022,1334.976647
Baseline,NZT,w22,2047-05-01,2047,5,422.903195,695.0017851,600,1295.001785
Baseline,NZT,w22,2047-06-01,2047,6,498.2847464,442.4396803,738.9106654,1181.350346
Baseline,NZT,w22,2047-07-01,2047,7,560.0825,495.1117392,600,1095.111739
Baseline,NZT,w22,2047-08-01,2047,8,557.2338895,765.5977886,721.9480429,1487.545832
Baseline,NZT,w22,2047-09-01,2047,9,530.7263535,856.5561125,540.4614955,1397.017608
Baseline,NZT,w22,2047-10-01,2047,10,512.3241569,879.8754487,545.8361411,1425.71159
Baseline,NZT,w22,2047-11-01,2047,11,501.1845016,853.3664722,587.5474937,1440.913966
Baseline,NZT,w22,2047-12-01,2047,12,231.1773502,863.0266493,1292.592155,2155.618804
Baseline,NZT,w22,2048-01-01,2048,1,243.0577517,874.407098,313.1398987,1187.546997
Baseline,NZT,w22,2048-02-01,2048,2,306.4009258,792.8199338,437.6727921,1230.492726
Baseline,NZT,w22,2048-03-01,2048,3,300.3192214,994.9169788,410.0414205,1404.958399
Baseline,NZT,w22,2048-04-01,2048,4,311.5419289,1066.227659,311.422996,1377.650655
Baseline,NZT,w22,2048-05-01,2048,5,351.83,1062.818239,275.2854843,1338.103723
Baseline,NZT,w22,2048-06-01,2048,6,406.358289,957.8859158,267.5292174,1225.415133
Baseline,NZT,w22,2048-07-01,2048,7,449.6152019,885.8236786,354.9105826,1240.734261
Baseline,NZT,w22,2048-08-01,2048,8,468.2382116,885.5464802,447.5844907,1333.130971
Baseline,NZT,w22,2048-09-01,2048,9,426.554153,911.435756,512.6164199,1424.052176
Baseline,NZT,w22,2048-10-01,2048,10,292.8942186,902.4095296,937.1294923,1839.539022
Baseline,NZT,w22,2048-11-01,2048,11,323.9214629,851.8025038,394.5565447,1246.359049
Baseline,NZT,w22,2048-12-01,2048,12,243.0577517,783.6532578,834.9106274,1618.563885
Baseline,NZT,w22,2049-01-01,2049,1,246.6040115,874.3199332,306.1345438,1180.454477
Baseline,NZT,w22,2049-02-01,2049,2,283.5840431,805.1150861,522.6748507,1327.789937
Baseline,NZT,w22,2049-03-01,2049,3,309.2723441,991.948198,279.7378558,1271.686054
Baseline,NZT,w22,2049-04-01,2049,4,342.5825,1104.284483,274.7850492,1379.069532
Baseline,NZT,w22,2049-05-01,2049,5,351.83,1022.958342,356.7941576,1379.7525
Baseline,NZT,w22,2049-06-01,2049,6,351.83,784.3158085,604.6841915,1389
Baseline,NZT,w22,2049-07-01,2049,7,411.1384148,891.5714698,300.7554624,1192.326932
Baseline,NZT,w22,2049-08-01,2049,8,404.765894,875.5397911,462.4206218,1337.960413
Baseline,NZT,w22,2049-09-01,2049,9,446.6743787,830.225988,413.4585308,1243.684519
Baseline,NZT,w22,2049-10-01,2049,10,440.8378235,885.0056621,521.5040035,1406.509666
Baseline,NZT,w22,2049-11-01,2049,11,427.6239391,901.7657739,526.8758793,1428.641653
Baseline,NZT,w22,2049-12-01,2049,12,246.6040115,847.8488236,1074.729971,1922.578794
Baseline,NZT,w22,2050-01-01,2050,1,269.6285434,834.5433415,268.351123,1102.894465
Baseline,NZT,w22,2050-02-01,2050,2,328.501283,838.5435888,391.8055976,1230.349186
Baseline,NZT,w22,2050-03-01,2050,3,367.0586271,1047.377228,273.9830215,1321.36025
Baseline,NZT,w22,2050-04-01,2050,4,368.5063015,1061.801315,354.182067,1415.983382
Baseline,NZT,w22,2050-05-01,2050,5,351.83,1043.907178,424.2580392,1468.165217
Baseline,NZT,w22,2050-06-01,2050,6,312.9197275,688.3702754,778.4502697,1466.820545
Baseline,NZT,w22,2050-07-01,2050,7,342.5825,971.2175252,349.2094297,1320.426955
Baseline,NZT,w22,2050-08-01,2050,8,365.2217112,828.0991766,461.3064006,1289.405577
Baseline,NZT,w22,2050-09-01,2050,9,398.7152419,796.5524416,433.6437555,1230.196197
Baseline,NZT,w22,2050-10-01,2050,10,404.5422778,927.6578919,443.8610005,1371.518892
Baseline,NZT,w22,2050-11-01,2050,11,397.8876775,899.2823327,528.1764681,1427.458801
Baseline,NZT,w22,2050-12-01,2050,12,269.6285434,835.3054719,902.0095251,1737.314997
Adverse,REF,w4,2025-01-01,2025,1,164.8325,807.2410446,527.5089554,1334.75
Adverse,REF,w4,2025-02-01,2025,2,249.3032285,664.9912155,555.0673275,1220.058543
Adverse,REF,w4,2025-03-01,2025,3,202.9744048,819.6026599,662.0549875,1481.657647
Adverse,REF,w4,2025-04-01,2025,4,164.8325,783.9129365,681.3708731,1465.28381
Adverse,REF,w4,2025-05-01,2025,5,164.8325,404.1630054,984.8369946,1389
Adverse,REF,w4,2025-06-01,2025,6,164.8325,443.2881865,945.7118135,1389
Adverse,REF,w4,2025-07-01,2025,7,164.8325,327.8715726,1061.128427,1389
Adverse,REF,w4,2025-08-01,2025,8,164.8325,411.3633659,977.6366341,1389
Adverse,REF,w4,2025-09-01,2025,9,201.2684868,358.1454432,957.9825833,1316.128026
Adverse,REF,w4,2025-10-01,2025,10,375.7808426,404.3663323,615.1606133,1019.526946
Adverse,REF,w4,2025-11-01,2025,11,210.6412301,836.2304111,903.4971565,1739.727568
Adverse,REF,w4,2025-12-01,2025,12,164.8325,760.1799717,720.4374885,1480.61746
Adverse,REF,w4,2026-01-01,2026,1,264.08,673.7616937,471.7408063,1145.5025
Adverse,REF,w4,2026-02-01,2026,2,239.7220446,786.221688,613.9213705,1400.143058
Adverse,REF,w4,2026-03-01,2026,3,199.4053705,848.6867593,614.6990707,1463.38583
Adverse,REF,w4,2026-04-01,2026,4,164.8325,789.2488846,703.4697269,1492.718612
Adverse,REF,w4,2026-05-01,2026,5,179.0742107,422.64764,937.8689386,1360.516579
Adverse,REF,w4,2026-06-01,2026,6,293.9868384,404.7381342,715.2822719,1120.020406
Adverse,REF,w4,2026-07-01,2026,7,391.0822494,418.1440325,679.5697347,1097.713767
Adverse,REF,w4,2026-08-01,2026,8,411.3840106,467.07783,861.0168862,1328.094716
Adverse,REF,w4,2026-09-01,2026,9,452.7450389,453.0525404,811.8643749,1264.916915
Adverse,REF,w4,2026-10-01,2026,10,615.6375188,398.4538264,567.9237526,966.377579
Adverse,REF,w4,2026-11-01,2026,11,378.8972331,928.4758448,1014.689993,1943.165838
Adverse,REF,w4,2026-12-01,2026,12,264.08,859.2216791,982.7250203,1841.946699
Adverse,REF,w4,2027-01-01,2027,1,164.8325,796.1773129,538.5726871,1334.75
Adverse,REF,w4,2027-02-01,2027,2,171.3237523,760.3976308,609.1286124,1369.526243
Adverse,REF,w4,2027-03-01,2027,3,197.5573654,784.0389479,558.985078,1343.024026
Adverse,REF,w4,2027-04-01,2027,4,252.5825,758.5069865,533.1927444,1291.699731
Adverse,REF,w4,2027-05-01,2027,5,164.8325,422.4783271,1129.271673,1551.75
Adverse,REF,w4,2027-06-01,2027,6,164.8325,422.7332044,966.2667956,1389
Adverse,REF,w4,2027-07-01,2027,7,164.8325,426.5267131,962.4732869,1389
Adverse,REF,w4,2027-08-01,2027,8,164.8325,368.5168902,1020.48311,1389
Adverse,REF,w4,2027-09-01,2027,9,234.5994866,425.8397331,753.859307,1179.69904
Adverse,REF,w4,2027-10-01,2027,10,436.6926108,466.319685,416.9009425,883.2206275
Adverse,REF,w4,2027-11-01,2027,11,227.5362728,854.8493461,1123.823441,1978.672787
Adverse,REF,w4,2027-12-01,2027,12,164.8325,771.8600093,742.5475363,1514.407546
Adverse,REF,w4,2028-01-01,2028,1,168.5678562,733.5188143,590.0251172,1323.543931
Adverse,REF,w4,2028-02-01,2028,2,227.9136572,758.9349408,515.1088134,1274.043754
Adverse,REF,w4,2028-03-01,2028,3,254.9459038,761.3592461,586.3262605,1347.685507
Adverse,REF,w4,2028-04-01,2028,4,164.8325,781.3100148,775.1667929,1556.476808
Adverse,REF,w4,2028-05-01,2028,5,164.8325,389.0929659,999.9070341,1389
Adverse,REF,w4,2028-06-01,2028,6,164.8325,412.4030574,976.5969426,1389
Adverse,REF,w4,2028-07-01,2028,7,164.8325,405.0725292,983.9274708,1389
Adverse,REF,w4,2028-08-01,2028,8,164.8325,436.1303007,952.8696993,1389
Adverse,REF,w4,2028-09-01,2028,9,250.987843,390.2444388,826.4448752,1216.689314
Adverse,REF,w4,2028-10-01,2028,10,337.7335159,439.4571553,693.1504831,1132.607638
Adverse,REF,w4,2028-11-01,2028,11,310.9119018,897.5119758,640.7822683,1538.294244
Adverse,REF,w4,2028-12-01,2028,12,168.5678562,803.8614777,853.3412574,1657.202735
Adverse,REF,w4,2029-01-01,2029,1,164.8325,732.0493289,602.7006711,1334.75
Adverse,REF,w4,2029-02-01,2029,2,164.8325,735.8282329,653.1717671,1389
Adverse,REF,w4,2029-03-01,2029,3,179.6249912,770.9754887,588.4395288,1359.415018
Adverse,REF,w4,2029-04-01,2029,4,252.5825,760.595588,495.2393945,1255.834982
Adverse,REF,w4,2029-05-01,2029,5,164.8325,453.3637442,1098.386256,1551.75
Adverse,REF,w4,2029-06-01,2029,6,164.8325,399.2433288,989.7566712,1389
Adverse,REF,w4,2029-07-01,2029,7,164.8325,396.9133784,992.0866216,1389
Adverse,REF,w4,2029-08-01,2029,8,164.8325,404.5611838,984.4388162,1389
Adverse,REF,w4,2029-09-01,2029,9,190.6256833,424.1846695,913.228964,1337.413633
Adverse,REF,w4,2029-10-01,2029,10,350.0272594,472.5193806,602.9827075,1075.502088
Adverse,REF,w4,2029-11-01,2029,11,204.8220464,852.1953624,821.9098232,1674.105186
Adverse,REF,w4,2029-12-01,2029,12,164.8325,801.9955821,666.9835107,1468.979093
Adverse,REF,w4,2030-01-01,2030,1,176.9391803,1014.010682,293.0804118,1307.091094
Adverse,REF,w4,2030-02-01,2030,2,280.0741981,941.9043121,257.0211981,1198.92551
Adverse,REF,w4,2030-03-01,2030,3,164.8325,1052.806353,553.927043,1606.733396
Adverse,REF,w4,2030-04-01,2030,4,164.8325,1057.073796,331.9262041,1389
Adverse,REF,w4,2030-05-01,2030,5,164.8325,647.5721905,741.4278095,1389
Adverse,REF,w4,2030-06-01,2030,6,164.8325,655.0173414,733.9826586,1389
Adverse,REF,w4,2030-07-01,2030,7,164.8325,615.6744799,773.3255201,1389
Adverse,REF,w4,2030-08-01,2030,8,164.8325,567.7205236,821.2794764,1389
Adverse,REF,w4,2030-09-01,2030,9,164.8325,568.5780967,820.4219033,1389
Adverse,REF,w4,2030-10-01,2030,10,342.5825,513.8075965,532.4424035,1046.25
Adverse,REF,w4,2030-11-01,2030,11,242.3018625,1064.850411,521.2083638,1586.058775
Adverse,REF,w4,2030-12-01,2030,12,176.9391803,1088.249313,418.7830059,1507.032319
Adverse,REF,w4,2031-01-01,2031,1,195.8925006,969.2722131,303.3577858,1272.629999
Adverse,REF,w4,2031-02-01,2031,2,223.6115126,985.8870805,355.5137111,1341.400792
Adverse,REF,w4,2031-03-01,2031,3,198.0149364,1074.898626,357.4557111,1432.354337
Adverse,REF,w4,2031-04-01,2031,4,164.8325,1080.782705,374.5821681,1455.364873
Adverse,REF,w4,2031-05-01,2031,5,164.8325,558.8816318,830.1183682,1389
Adverse,REF,w4,2031-06-01,2031,6,164.8325,532.5227406,856.4772594,1389
Adverse,REF,w4,2031-07-01,2031,7,164.8325,530.6072306,858.3927694,1389
Adverse,REF,w4,2031-08-01,2031,8,173.5767072,574.1763733,797.3352124,1371.511586
Adverse,REF,w4,2031-09-01,2031,9,256.0949808,590.63549,640.2090663,1230.844556
Adverse,REF,w4,2031-10-01,2031,10,433.9546094,585.1362807,302.1471795,887.2834602
Adverse,REF,w4,2031-11-01,2031,11,308.9094762,1083.941928,658.6825407,1742.624469
Adverse,REF,w4,2031-12-01,2031,12,195.8925006,1147.742756,502.8731717,1650.615928
Adverse,REF,w4,2032-01-01,2032,1,197.5707313,982.8687604,286.9987818,1269.867542
Adverse,REF,w4,2032-02-01,2032,2,279.0679054,1029.767217,208.3944297,1238.161647
Adverse,REF,w4,2032-03-01,2032,3,190.6416849,1031.649284,518.9596491,1550.608933
Adverse,REF,w4,2032-04-01,2032,4,164.8325,1101.911255,341.2006232,1443.111878
Adverse,REF,w4,2032-05-01,2032,5,164.8325,503.1540565,885.8459435,1389
Adverse,REF,w4,2032-06-01,2032,6,164.8325,532.9506683,856.0493317,1389
Adverse,REF,w4,2032-07-01,2032,7,164.8325,450.4508194,938.5491806,1389
Adverse,REF,w4,2032-08-01,2032,8,222.3065987,569.0301338,666.04257,1235.072704
Adverse,REF,w4,2032-09-01,2032,9,302.2196679,644.8274469,575.9383455,1220.765792
Adverse,REF,w4,2032-10-01,2032,10,454.5682138,557.6191835,386.0156201,943.6348036
Adverse,REF,w4,2032-11-01,2032,11,270.5677118,1230.497823,627.3182416,1857.816065
Adverse,REF,w4,2032-12-01,2032,12,197.5707313,1136.617546,486.2106316,1622.828178
Adverse,REF,w4,2033-01-01,2033,1,238.7556044,893.6937399,252.0274534,1145.721193
Adverse,REF,w4,2033-02-01,2033,2,243.2298094,1039.200282,330.8193971,1370.019679
Adverse,REF,w4,2033-03-01,2033,3,225.7449984,1043.227302,441.204329,1484.431631
Adverse,REF,w4,2033-04-01,2033,4,164.8325,1145.487881,356.0896157,1501.577497
Adverse,REF,w4,2033-05-01,2033,5,164.8325,593.2623036,795.7376964,1389
Adverse,REF,w4,2033-06-01,2033,6,164.8325,598.1648127,790.8351873,1389
Adverse,REF,w4,2033-07-01,2033,7,164.8325,620.5501652,768.4498348,1389
Adverse,REF,w4,2033-08-01,2033,8,164.8325,658.8308906,730.1691094,1389
Adverse,REF,w4,2033-09-01,2033,9,250.2198997,517.3915078,697.7730413,1215.164549
Adverse,REF,w4,2033-10-01,2033,10,480.9910532,500.6096096,304.2501816,804.8597912
Adverse,REF,w4,2033-11-01,2033,11,300.6803831,1158.585663,665.5273371,1824.113
Adverse,REF,w4,2033-12-01,2033,12,238.7556044,1199.799606,323.0342468,1522.833853
Adverse,REF,w4,2034-01-01,2034,1,180.3491041,999.4650294,307.2301582,1306.695188
Adverse,REF,w4,2034-02-01,2034,2,176.5092547,1058.248497,335.4528058,1393.701303
Adverse,REF,w4,2034-03-01,2034,3,167.1948117,1065.46909,344.5221075,1409.991198
Adverse,REF,w4,2034-04-01,2034,4,164.8325,1023.306914,368.0553982,1391.362312
Adverse,REF,w4,2034-05-01,2034,5,164.8325,598.1071995,790.8928005,1389
Adverse,REF,w4,2034-06-01,2034,6,164.8325,619.018977,769.981023,1389
Adverse,REF,w4,2034-07-01,2034,7,164.8325,599.2753986,789.7246014,1389
Adverse,REF,w4,2034-08-01,2034,8,164.8325,545.7725751,843.2274249,1389
Adverse,REF,w4,2034-09-01,2034,9,201.8605746,557.6117324,762.5126788,1320.124411
Adverse,REF,w4,2034-10-01,2034,10,315.5473264,569.2736191,526.4574905,1095.73111
Adverse,REF,w4,2034-11-01,2034,11,358.1697098,999.4547402,362.1781097,1361.63285
Adverse,REF,w4,2034-12-01,2034,12,180.3491041,1080.337166,670.1196507,1750.456817
Adverse,REF,w4,2035-01-01,2035,1,171.6867403,1045.125766,272.394861,1317.520627
Adverse,REF,w4,2035-02-01,2035,2,195.163722,997.4677774,348.099152,1345.566929
Adverse,REF,w4,2035-03-01,2035,3,252.5825,1071.840362,215.0720817,1286.912444
Adverse,REF,w4,2035-04-01,2035,4,164.8325,1027.5217,524.2282999,1551.75
Adverse,REF,w4,2035-05-01,2035,5,164.8325,573.2477942,815.7522058,1389
Adverse,REF,w4,2035-06-01,2035,6,164.8325,597.5918232,791.4081768,1389
Adverse,REF,w4,2035-07-01,2035,7,164.8325,533.4197001,855.5802999,1389
Adverse,REF,w4,2035-08-01,2035,8,164.8325,502.5054913,886.4945087,1389
Adverse,REF,w4,2035-09-01,2035,9,254.7619716,528.9038264,680.2372304,1209.141057
Adverse,REF,w4,2035-10-01,2035,10,387.8697615,640.1178758,468.6242828,1108.742159
Adverse,REF,w4,2035-11-01,2035,11,244.2557434,1092.041024,591.6628219,1683.703846
Adverse,REF,w4,2035-12-01,2035,12,171.6867403,1096.698051,440.4855139,1537.183565
Adverse,REF,w4,2036-01-01,2036,1,164.8325,990.0063518,344.7436482,1334.75
Adverse,REF,w4,2036-02-01,2036,2,200.3767323,967.8299342,329.0927166,1296.922651
Adverse,REF,w4,2036-03-01,2036,3,252.5825,1069.854137,248.4732117,1318.327349
Adverse,REF,w4,2036-04-01,2036,4,164.8325,1018.830501,532.9194993,1551.75
Adverse,REF,w4,2036-05-01,2036,5,164.8325,655.4576697,733.5423303,1389
Adverse,REF,w4,2036-06-01,2036,6,164.8325,576.4147421,812.5852579,1389
Adverse,REF,w4,2036-07-01,2036,7,164.8325,644.5444575,744.4555425,1389
Adverse,REF,w4,2036-08-01,2036,8,164.8325,587.6550545,801.3449455,1389
Adverse,REF,w4,2036-09-01,2036,9,234.1834275,655.0457005,604.4999445,1259.545645
Adverse,REF,w4,2036-10-01,2036,10,462.2643433,493.3999978,323.2588272,816.658825
Adverse,REF,w4,2036-11-01,2036,11,251.1235177,1210.867445,707.3460491,1918.213495
Adverse,REF,w4,2036-12-01,2036,12,164.8325,1117.78776,443.7942755,1561.582035
Adverse,REF,w4,2037-01-01,2037,1,174.8008391,977.0315556,347.0292663,1324.060822
Adverse,REF,w4,2037-02-01,2037,2,275.3423374,940.0663262,228.5933397,1168.659666
Adverse,REF,w4,2037-03-01,2037,3,200.1655734,1057.800265,491.5631004,1549.363365
Adverse,REF,w4,2037-04-01,2037,4,252.5825,1064.273377,232.6427694,1296.916147
Adverse,REF,w4,2037-05-01,2037,5,164.8325,595.2691511,956.4808489,1551.75
Adverse,REF,w4,2037-06-01,2037,6,164.8325,582.7230565,806.2769435,1389
Adverse,REF,w4,2037-07-01,2037,7,216.4099361,463.40209,822.4430378,1285.845128
Adverse,REF,w4,2037-08-01,2037,8,291.9183073,569.6521096,631.2453408,1200.89745
Adverse,REF,w4,2037-09-01,2037,9,330.2571819,649.93923,624.0441461,1273.983376
Adverse,REF,w4,2037-10-01,2037,10,473.9217137,576.9543151,432.24045,1009.194765
Adverse,REF,w4,2037-11-01,2037,11,251.5469053,1207.6075,790.5103011,1998.117801
Adverse,REF,w4,2037-12-01,2037,12,174.8008391,1184.78706,370.4852412,1555.272301
Adverse,REF,w4,2038-01-01,2038,1,204.177235,982.7241265,264.7484279,1247.472554
Adverse,REF,w4,2038-02-01,2038,2,203.9293336,1108.187896,296.1928614,1404.380758
Adverse,REF,w4,2038-03-01,2038,3,171.7241121,1053.441958,400.5631175,1454.005076
Adverse,REF,w4,2038-04-01,2038,4,252.5825,1035.610465,197.5311475,1233.141612
Adverse,REF,w4,2038-05-01,2038,5,164.8325,642.0793667,909.6706333,1551.75
Adverse,REF,w4,2038-06-01,2038,6,164.8325,613.2382861,775.7617139,1389
Adverse,REF,w4,2038-07-01,2038,7,164.8325,610.9653749,778.0346251,1389
Adverse,REF,w4,2038-08-01,2038,8,204.7357183,634.0032258,653.7821192,1287.785345
Adverse,REF,w4,2038-09-01,2038,9,304.1364809,589.1100689,577.1085839,1166.218653
Adverse,REF,w4,2038-10-01,2038,10,377.1447558,547.7870448,552.1048956,1099.89194
Adverse,REF,w4,2038-11-01,2038,11,383.6223197,1082.69869,472.0309123,1554.729603
Adverse,REF,w4,2038-12-01,2038,12,204.177235,1122.852671,626.2443428,1749.097013
Adverse,REF,w4,2039-01-01,2039,1,164.8325,1003.52647,331.2235304,1334.75
Adverse,REF,w4,2039-02-01,2039,2,226.5625124,903.7260817,332.3917011,1236.117783
Adverse,REF,w4,2039-03-01,2039,3,194.079187,1097.871602,374.7655543,1472.637156
Adverse,REF,w4,2039-04-01,2039,4,252.5825,1069.694719,225.8003421,1295.495061
Adverse,REF,w4,2039-05-01,2039,5,164.8325,516.278834,1035.471166,1551.75
Adverse,REF,w4,2039-06-01,2039,6,164.8325,564.3483406,824.6516594,1389
Adverse,REF,w4,2039-07-01,2039,7,164.8325,617.6251055,771.3748945,1389
Adverse,REF,w4,2039-08-01,2039,8,214.4454749,575.7783453,723.243205,1299.02155
Adverse,REF,w4,2039-09-01,2039,9,338.0026191,518.8286635,518.5366129,1037.365276
Adverse,REF,w4,2039-10-01,2039,10,447.0100611,620.0500574,464.5304326,1084.58049
Adverse,REF,w4,2039-11-01,2039,11,259.1880449,1209.898072,642.0679766,1851.966049
Adverse,REF,w4,2039-12-01,2039,12,164.8325,1130.472423,541.5942113,1672.066635
Adverse,REF,w4,2040-01-01,2040,1,174.2967007,1001.990107,323.0789918,1325.069099
Adverse,REF,w4,2040-02-01,2040,2,197.7803637,989.5883531,352.4443208,1342.032674
Adverse,REF,w4,2040-03-01,2040,3,252.5825,1063.248305,219.6499223,1282.898227
Adverse,REF,w4,2040-04-01,2040,4,164.8325,1040.531986,511.2180141,1551.75
Adverse,REF,w4,2040-05-01,2040,5,164.8325,588.8936405,800.1063595,1389
Adverse,REF,w4,2040-06-01,2040,6,164.8325,539.201752,849.798248,1389
Adverse,REF,w4,2040-07-01,2040,7,164.8325,574.8082957,814.1917043,1389
Adverse,REF,w4,2040-08-01,2040,8,228.5902264,552.0040695,709.4804778,1261.484547
Adverse,REF,w4,2040-09-01,2040,9,302.7107934,590.8033225,620.57225,1211.375573
Adverse,REF,w4,2040-10-01,2040,10,460.8645893,568.2790476,338.2645648,906.5436124
Adverse,REF,w4,2040-11-01,2040,11,281.4448785,1150.806345,784.4477872,1935.254132
Adverse,REF,w4,2040-12-01,2040,12,174.2967007,1159.060654,461.6005798,1620.661234
Adverse,REF,w4,2041-01-01,2041,1,164.8325,1058.898802,275.8511977,1334.75
Adverse,REF,w4,2041-02-01,2041,2,252.5825,1001.200279,225.0497205,1226.25
Adverse,REF,w4,2041-03-01,2041,3,218.8758944,890.2132534,499.4065634,1389.619817
Adverse,REF,w4,2041-04-01,2041,4,164.8325,1111.616899,439.513284,1551.130183
Adverse,REF,w4,2041-05-01,2041,5,164.8325,470.9688676,918.0311324,1389
Adverse,REF,w4,2041-06-01,2041,6,164.8325,547.395561,841.604439,1389
Adverse,REF,w4,2041-07-01,2041,7,164.8325,591.0241765,797.9758235,1389
Adverse,REF,w4,2041-08-01,2041,8,176.30035,486.0860645,887.0053855,1373.09145
Adverse,REF,w4,2041-09-01,2041,9,243.6874161,543.6267975,661.0796838,1204.706481
Adverse,REF,w4,2041-10-01,2041,10,432.7057775,608.8082019,295.7690344,904.5772363
Adverse,REF,w4,2041-11-01,2041,11,248.1303936,1164.672081,742.356964,1907.029045
Adverse,REF,w4,2041-12-01,2041,12,164.8325,1147.219907,408.3758805,1555.595787
Adverse,REF,w4,2042-01-01,2042,1,174.08,971.5663402,353.9361598,1325.5025
Adverse,REF,w4,2042-02-01,2042,2,195.5121377,996.9677297,339.920495,1336.888225
Adverse,REF,w4,2042-03-01,2042,3,198.4979396,1029.282953,362.9929434,1392.275896
Adverse,REF,w4,2042-04-01,2042,4,164.8325,1085.196646,361.8867337,1447.083379
Adverse,REF,w4,2042-05-01,2042,5,164.8325,555.233826,833.766174,1389
Adverse,REF,w4,2042-06-01,2042,6,164.8325,560.4637232,828.5362768,1389
Adverse,REF,w4,2042-07-01,2042,7,164.8325,546.7605028,842.2394972,1389
Adverse,REF,w4,2042-08-01,2042,8,211.9390026,495.9645935,798.8224014,1294.786995
Adverse,REF,w4,2042-09-01,2042,9,269.7392621,552.9043067,705.5884122,1258.492719
Adverse,REF,w4,2042-10-01,2042,10,417.9235778,627.3952814,417.5517716,1044.947053
Adverse,REF,w4,2042-11-01,2042,11,213.4096816,1262.563351,567.973337,1830.536688
Adverse,REF,w4,2042-12-01,2042,12,174.08,1087.905991,419.0830539,1506.989045
Adverse,REF,w4,2043-01-01,2043,1,182.9664024,1007.077568,300.6521273,1307.729695
Adverse,REF,w4,2043-02-01,2043,2,196.3395396,995.8527436,351.3166925,1347.169436
Adverse,REF,w4,2043-03-01,2043,3,165.7671465,1126.719635,329.2619409,1455.981576
Adverse,REF,w4,2043-04-01,2043,4,252.5825,968.3512575,259.7680355,1228.119293
Adverse,REF,w4,2043-05-01,2043,5,164.8325,514.9990014,1036.750999,1551.75
Adverse,REF,w4,2043-06-01,2043,6,164.8325,659.6852618,729.3147382,1389
Adverse,REF,w4,2043-07-01,2043,7,164.8325,548.4510284,840.5489716,1389
Adverse,REF,w4,2043-08-01,2043,8,164.8325,558.3690462,830.6309538,1389
Adverse,REF,w4,2043-09-01,2043,9,188.6153609,411.1215404,930.3127377,1341.434278
Adverse,REF,w4,2043-10-01,2043,10,367.0847326,589.5976016,430.7114224,1020.309024
Adverse,REF,w4,2043-11-01,2043,11,259.0054001,1038.159847,532.0876798,1570.247527
Adverse,REF,w4,2043-12-01,2043,12,182.9664024,1047.715484,549.2733821,1596.988866
Adverse,REF,w4,2044-01-01,2044,1,171.2155322,996.8078265,331.5591413,1328.366968
Adverse,REF,w4,2044-02-01,2044,2,164.8325,1050.593218,344.7898141,1395.383032
Adverse,REF,w4,2044-03-01,2044,3,255.6180888,986.3056984,230.8375351,1217.143234
Adverse,REF,w4,2044-04-01,2044,4,164.8325,1067.371872,493.4848945,1560.856766
Adverse,REF,w4,2044-05-01,2044,5,164.8325,518.1114428,870.8885572,1389
Adverse,REF,w4,2044-06-01,2044,6,164.8325,582.3819252,806.6180748,1389
Adverse,REF,w4,2044-07-01,2044,7,164.8325,589.3144256,799.6855744,1389
Adverse,REF,w4,2044-08-01,2044,8,223.1435364,603.0322122,669.345715,1272.377927
Adverse,REF,w4,2044-09-01,2044,9,313.4432104,522.3305873,627.4593542,1149.789941
Adverse,REF,w4,2044-10-01,2044,10,446.0964458,632.2665243,459.2737695,1091.540294
Adverse,REF,w4,2044-11-01,2044,11,294.3854706,1176.089133,477.8625536,1653.951687
Adverse,REF,w4,2044-12-01,2044,12,171.2155322,1158.071854,612.8852647,1770.957119
Adverse,REF,w4,2045-01-01,2045,1,177.3219592,983.4643154,313.8173069,1297.281622
Adverse,REF,w4,2045-02-01,2045,2,184.8994847,1041.948371,331.5770423,1373.525413
Adverse,REF,w4,2045-03-01,2045,3,264.126845,1075.479555,189.8722197,1265.351774
Adverse,REF,w4,2045-04-01,2045,4,164.8325,1029.4329,536.1582898,1565.59119
Adverse,REF,w4,2045-05-01,2045,5,164.8325,652.4468,736.5532,1389
Adverse,REF,w4,2045-06-01,2045,6,164.8325,517.0728255,871.9271745,1389
Adverse,REF,w4,2045-07-01,2045,7,164.8325,578.8349935,810.1650065,1389
Adverse,REF,w4,2045-08-01,2045,8,229.0190641,560.6829234,707.8421327,1268.525056
Adverse,REF,w4,2045-09-01,2045,9,307.2945451,624.948042,547.1407666,1172.088809
Adverse,REF,w4,2045-10-01,2045,10,434.4205624,620.1504065,487.9715414,1108.121948
Adverse,REF,w4,2045-11-01,2045,11,309.302547,1080.322656,583.5313899,1663.854046
Adverse,REF,w4,2045-12-01,2045,12,177.3219592,1153.971201,540.9705621,1694.941763
Adverse,REF,w4,2046-01-01,2046,1,174.08,998.4966347,327.0058653,1325.5025
Adverse,REF,w4,2046-02-01,2046,2,164.8325,1052.206137,346.0413627,1398.2475
Adverse,REF,w4,2046-03-01,2046,3,175.8277051,1035.964449,333.4906533,1369.455102
Adverse,REF,w4,2046-04-01,2046,4,164.8325,1026.474858,382.0700395,1408.544898
Adverse,REF,w4,2046-05-01,2046,5,164.8325,595.8755801,793.1244199,1389
Adverse,REF,w4,2046-06-01,2046,6,187.5606317,574.3466098,769.1971268,1343.543737
Adverse,REF,w4,2046-07-01,2046,7,238.0025752,598.9158698,689.2002433,1288.116113
Adverse,REF,w4,2046-08-01,2046,8,286.7587393,586.5702675,672.991165,1259.561432
Adverse,REF,w4,2046-09-01,2046,9,343.2966231,660.4984409,558.8879078,1219.386349
Adverse,REF,w4,2046-10-01,2046,10,475.3019662,596.0307957,497.453175,1093.483971
Adverse,REF,w4,2046-11-01,2046,11,256.6829436,1236.037816,708.3192521,1944.357068
Adverse,REF,w4,2046-12-01,2046,12,174.08,1190.767893,374.535938,1565.303831
Adverse,REF,w4,2047-01-01,2047,1,189.5182932,968.9269121,291.7657084,1260.69262
Adverse,REF,w4,2047-02-01,2047,2,207.046731,1020.058345,339.6732371,1359.731582
Adverse,REF,w4,2047-03-01,2047,3,278.3788552,1087.136449,200.0941376,1287.230587
Adverse,REF,w4,2047-04-01,2047,4,164.8325,1093.972896,500.1223143,1594.09521
Adverse,REF,w4,2047-05-01,2047,5,164.8325,587.6564599,801.3435401,1389
Adverse,REF,w4,2047-06-01,2047,6,164.8325,496.7487091,892.2512909,1389
Adverse,REF,w4,2047-07-01,2047,7,249.9529496,537.2641185,596.3745327,1133.638651
Adverse,REF,w4,2047-08-01,2047,8,287.5000265,632.8482403,733.5105291,1366.358769
Adverse,REF,w4,2047-09-01,2047,9,370.3174805,547.9692975,592.5783405,1140.547638
Adverse,REF,w4,2047-10-01,2047,10,476.798574,678.964068,491.0926514,1170.056719
Adverse,REF,w4,2047-11-01,2047,11,287.2232769,1158.837579,608.3883123,1767.225891
Adverse,REF,w4,2047-12-01,2047,12,189.5182932,1131.225368,550.8895835,1682.114951
Adverse,REF,w4,2048-01-01,2048,1,164.8325,999.2820881,335.4679119,1334.75
Adverse,REF,w4,2048-02-01,2048,2,182.5426844,1033.099018,329.7281135,1362.827131
Adverse,REF,w4,2048-03-01,2048,3,236.1591333,928.6532933,330.0732162,1258.72651
Adverse,REF,w4,2048-04-01,2048,4,164.8325,1160.220277,385.2260821,1545.446359
Adverse,REF,w4,2048-05-01,2048,5,164.8325,597.6461713,791.3538287,1389
Adverse,REF,w4,2048-06-01,2048,6,164.8325,463.3219331,925.6780669,1389
Adverse,REF,w4,2048-07-01,2048,7,164.8325,604.4147287,784.5852713,1389
Adverse,REF,w4,2048-08-01,2048,8,194.8319199,596.4733802,732.5277799,1329.00116
Adverse,REF,w4,2048-09-01,2048,9,323.4172961,525.8608842,537.3835674,1063.244452
Adverse,REF,w4,2048-10-01,2048,10,437.9120723,612.0478531,443.9678182,1056.015671
Adverse,REF,w4,2048-11-01,2048,11,249.7512294,1157.799546,780.1017123,1937.901258
Adverse,REF,w4,2048-12-01,2048,12,164.8325,1088.497088,470.3403703,1558.837459
Adverse,REF,w4,2049-01-01,2049,1,164.8325,1060.023713,274.726287,1334.75
Adverse,REF,w4,2049-02-01,2049,2,188.8604072,993.5017941,347.4423914,1340.944186
Adverse,REF,w4,2049-03-01,2049,3,195.8355176,1012.545646,334.686389,1347.232035
Adverse,REF,w4,2049-04-01,2049,4,164.8325,1049.136668,429.6871118,1478.823779
Adverse,REF,w4,2049-05-01,2049,5,164.8325,621.5575814,767.4424186,1389
Adverse,REF,w4,2049-06-01,2049,6,164.8325,513.778104,875.221896,1389
Adverse,REF,w4,2049-07-01,2049,7,164.8325,580.2670423,808.7329577,1389
Adverse,REF,w4,2049-08-01,2049,8,164.8325,586.7607769,802.2392231,1389
Adverse,REF,w4,2049-09-01,2049,9,223.9902327,538.6968249,731.9877097,1270.684535
Adverse,REF,w4,2049-10-01,2049,10,317.7529142,488.6591444,649.8950783,1138.554223
Adverse,REF,w4,2049-11-01,2049,11,328.4145658,1166.553834,276.7932775,1443.347111
Adverse,REF,w4,2049-12-01,2049,12,164.8325,1140.01302,563.4011117,1703.414132
Adverse,REF,w4,2050-01-01,2050,1,179.009902,1018.786531,280.1866595,1298.973191
Adverse,REF,w4,2050-02-01,2050,2,193.4748799,1001.046211,356.2984587,1357.344669
Adverse,REF,w4,2050-03-01,2050,3,259.832407,1057.056313,214.8761059,1271.932419
Adverse,REF,w4,2050-04-01,2050,4,164.8325,1076.327992,497.171729,1573.499721
Adverse,REF,w4,2050-05-01,2050,5,164.8325,568.5658368,820.4341632,1389
Adverse,REF,w4,2050-06-01,2050,6,213.0546817,534.5656921,709.767763,1244.333455
Adverse,REF,w4,2050-07-01,2050,7,164.8325,615.1626133,918.5039317,1533.666545
Adverse,REF,w4,2050-08-01,2050,8,194.5158369,574.6615997,764.2192266,1338.880826
Adverse,REF,w4,2050-09-01,2050,9,282.2145327,618.5245656,558.4485101,1176.973076
Adverse,REF,w4,2050-10-01,2050,10,460.6173091,566.1760285,337.45015,903.6261785
Adverse,REF,w4,2050-11-01,2050,11,265.5073423,1138.558425,695.9369679,1834.495393
Adverse,REF,w4,2050-12-01,2050,12,179.009902,1110.265939,544.9817787,1655.247718
Adverse,BRIDGE,w2,2025-01-01,2025,1,179.7746246,768.684995,536.1807559,1304.865751
Adverse,BRIDGE,w2,2025-02-01,2025,2,321.3146641,703.3894928,395.5266403,1098.916133
Adverse,BRIDGE,w2,2025-03-01,2025,3,268.7118402,839.4027099,674.0996715,1513.502381
Adverse,BRIDGE,w2,2025-04-01,2025,4,252.5825,776.6060249,645.1097098,1421.715735
Adverse,BRIDGE,w2,2025-05-01,2025,5,285.0336708,397.8157849,831.2766503,1229.092435
Adverse,BRIDGE,w2,2025-06-01,2025,6,358.7937267,462.818875,666.9550095,1129.773885
Adverse,BRIDGE,w2,2025-07-01,2025,7,460.7994286,421.3267148,751.6561796,1172.982894
Adverse,BRIDGE,w2,2025-08-01,2025,8,562.3325,436.0604329,648.3403529,1084.400786
Adverse,BRIDGE,w2,2025-09-01,2025,9,327.608258,411.6486359,1641.99066,2053.639296
Adverse,BRIDGE,w2,2025-10-01,2025,10,410.3981451,400.1924885,689.9712807,1090.163769
Adverse,BRIDGE,w2,2025-11-01,2025,11,257.6899326,964.6396309,972.4850066,1937.124637
Adverse,BRIDGE,w2,2025-12-01,2025,12,179.7746246,867.5637943,680.1242543,1547.688049
Adverse,BRIDGE,w2,2026-01-01,2026,1,189.0663289,752.6367802,533.6455621,1286.282342
Adverse,BRIDGE,w2,2026-02-01,2026,2,266.2697223,763.7146367,454.173741,1217.888378
Adverse,BRIDGE,w2,2026-03-01,2026,3,252.5825,801.1000991,644.7291809,1445.82928
Adverse,BRIDGE,w2,2026-04-01,2026,4,252.5825,752.2189302,636.7810698,1389
Adverse,BRIDGE,w2,2026-05-01,2026,5,184.0369961,375.4321771,1137.908831,1513.341008
Adverse,BRIDGE,w2,2026-06-01,2026,6,336.6330388,338.0132648,573.994111,912.0073758
Adverse,BRIDGE,w2,2026-07-01,2026,7,458.5148589,383.9872333,729.3673064,1113.35454
Adverse,BRIDGE,w2,2026-08-01,2026,8,562.3325,395.5131091,682.0339677,1077.547077
Adverse,BRIDGE,w2,2026-09-01,2026,9,253.9138307,334.9619263,1919.363573,2254.325499
Adverse,BRIDGE,w2,2026-10-01,2026,10,374.4222308,381.2942021,616.1111063,997.4053084
Adverse,BRIDGE,w2,2026-11-01,2026,11,286.5526178,820.0968543,922.5119846,1742.608839
Adverse,BRIDGE,w2,2026-12-01,2026,12,189.0663289,828.505077,787.1876187,1615.692696
Adverse,BRIDGE,w2,2027-01-01,2027,1,193.7246924,686.6849622,578.909863,1265.594825
Adverse,BRIDGE,w2,2027-02-01,2027,2,270.8946005,792.5088819,463.4791473,1255.988029
Adverse,BRIDGE,w2,2027-03-01,2027,3,252.5825,749.4631197,678.9540258,1428.417146
Adverse,BRIDGE,w2,2027-04-01,2027,4,252.5825,728.2878378,660.7121622,1389
Adverse,BRIDGE,w2,2027-05-01,2027,5,229.1343426,417.8574206,940.9870517,1358.844472
Adverse,BRIDGE,w2,2027-06-01,2027,6,344.3480698,445.4536829,597.9051356,1043.358818
Adverse,BRIDGE,w2,2027-07-01,2027,7,164.8325,369.900308,1557.646401,1927.546709
Adverse,BRIDGE,w2,2027-08-01,2027,8,256.4231012,374.5458405,739.682356,1114.228196
Adverse,BRIDGE,w2,2027-09-01,2027,9,225.4159117,464.7143227,1030.785929,1495.500252
Adverse,BRIDGE,w2,2027-10-01,2027,10,322.0013898,415.2930115,670.4718709,1085.764882
Adverse,BRIDGE,w2,2027-11-01,2027,11,288.636103,748.6879336,830.4079269,1579.09586
Adverse,BRIDGE,w2,2027-12-01,2027,12,193.7246924,818.785023,782.4706112,1601.255634
Adverse,BRIDGE,w2,2028-01-01,2028,1,186.1965603,764.895479,509.2804095,1274.175888
Adverse,BRIDGE,w2,2028-02-01,2028,2,276.2703317,682.1314914,533.6291251,1215.760616
Adverse,BRIDGE,w2,2028-03-01,2028,3,284.0823564,728.9128572,636.6510686,1365.563926
Adverse,BRIDGE,w2,2028-04-01,2028,4,252.5825,806.0706637,677.4289056,1483.499569
Adverse,BRIDGE,w2,2028-05-01,2028,5,235.0774058,417.4708716,993.7893169,1411.260188
Adverse,BRIDGE,w2,2028-06-01,2028,6,164.8325,537.6585013,991.8313102,1529.489812
Adverse,BRIDGE,w2,2028-07-01,2028,7,273.2469019,342.6556361,770.8006084,1113.456245
Adverse,BRIDGE,w2,2028-08-01,2028,8,350.7886905,416.9715335,689.7036504,1106.675184
Adverse,BRIDGE,w2,2028-09-01,2028,9,479.855401,416.1344741,600.1849117,1016.319386
Adverse,BRIDGE,w2,2028-10-01,2028,10,562.3325,418.3429718,798.7062141,1217.049186
Adverse,BRIDGE,w2,2028-11-01,2028,11,496.9258648,819.7148665,700.0984038,1519.81327
Adverse,BRIDGE,w2,2028-12-01,2028,12,186.1965603,839.6228629,1460.489755,2300.112618
Adverse,BRIDGE,w2,2029-01-01,2029,1,180.870273,765.3934363,537.2810177,1302.674454
Adverse,BRIDGE,w2,2029-02-01,2029,2,252.5825,770.7537015,487.5718445,1258.325546
Adverse,BRIDGE,w2,2029-03-01,2029,3,252.5825,795.7183013,593.2816987,1389
Adverse,BRIDGE,w2,2029-04-01,2029,4,252.5825,705.1392175,683.8607825,1389
Adverse,BRIDGE,w2,2029-05-01,2029,5,271.0970897,354.8552366,878.1009943,1232.956231
Adverse,BRIDGE,w2,2029-06-01,2029,6,357.0071935,414.8005418,806.469147,1221.269689
Adverse,BRIDGE,w2,2029-07-01,2029,7,164.8325,426.1961145,1449.327966,1875.52408
Adverse,BRIDGE,w2,2029-08-01,2029,8,229.748923,367.9573424,826.2933885,1194.250731
Adverse,BRIDGE,w2,2029-09-01,2029,9,357.6367748,327.3441892,677.9922556,1005.336445
Adverse,BRIDGE,w2,2029-10-01,2029,10,461.4730972,344.4945622,732.9964705,1077.491033
Adverse,BRIDGE,w2,2029-11-01,2029,11,403.6779373,772.7971102,789.5883694,1562.38548
Adverse,BRIDGE,w2,2029-12-01,2029,12,180.870273,864.9727523,1208.488014,2073.460766
Adverse,BRIDGE,w2,2030-01-01,2030,1,264.8548756,364.9120719,688.2658013,1053.177873
Adverse,BRIDGE,w2,2030-02-01,2030,2,410.3145907,432.8081588,601.8176958,1034.625855
Adverse,BRIDGE,w2,2030-03-01,2030,3,525.7239947,485.7962613,556.9755267,1042.771788
Adverse,BRIDGE,w2,2030-04-01,2030,4,252.5825,372.9634567,1835.461027,2208.424484
Adverse,BRIDGE,w2,2030-05-01,2030,5,254.8325,548.6676832,823.0823168,1371.75
Adverse,BRIDGE,w2,2030-06-01,2030,6,344.4555796,604.6816405,515.4491207,1120.130761
Adverse,BRIDGE,w2,2030-07-01,2030,7,164.8325,589.3181613,1248.551078,1837.869239
Adverse,BRIDGE,w2,2030-08-01,2030,8,172.265266,482.4319909,891.7024771,1374.134468
Adverse,BRIDGE,w2,2030-09-01,2030,9,254.8325,602.6346475,621.2308846,1223.865532
Adverse,BRIDGE,w2,2030-10-01,2030,10,307.1491967,597.8318866,544.2180233,1142.04991
Adverse,BRIDGE,w2,2030-11-01,2030,11,288.6195722,427.5704347,1107.018439,1534.588873
Adverse,BRIDGE,w2,2030-12-01,2030,12,264.8548756,591.2118495,797.5772405,1388.78909
Adverse,BRIDGE,w2,2031-01-01,2031,1,170.4943516,617.1251571,700.6392881,1317.764445
Adverse,BRIDGE,w2,2031-02-01,2031,2,307.5417926,455.7649079,641.0877691,1096.852677
Adverse,BRIDGE,w2,2031-03-01,2031,3,349.98365,681.3052106,561.8742172,1243.179428
Adverse,BRIDGE,w2,2031-04-01,2031,4,252.5825,439.3824857,1241.820964,1681.20345
Adverse,BRIDGE,w2,2031-05-01,2031,5,249.1542857,520.8476336,862.258795,1383.106429
Adverse,BRIDGE,w2,2031-06-01,2031,6,185.0763831,499.7692303,1017.386575,1517.155805
Adverse,BRIDGE,w2,2031-07-01,2031,7,264.08,584.5778163,655.6624499,1240.240266
Adverse,BRIDGE,w2,2031-08-01,2031,8,354.6641431,548.6920349,499.6501663,1048.342201
Adverse,BRIDGE,w2,2031-09-01,2031,9,440.5589186,540.9247744,640.8012688,1181.726043
Adverse,BRIDGE,w2,2031-10-01,2031,10,497.4537161,507.916131,710.3994764,1218.315607
Adverse,BRIDGE,w2,2031-11-01,2031,11,420.4842127,569.1832666,960.7252437,1529.90851
Adverse,BRIDGE,w2,2031-12-01,2031,12,170.4943516,625.8136152,1513.155968,2138.969583
Adverse,BRIDGE,w2,2032-01-01,2032,1,172.4832204,358.8812261,952.9166127,1311.797839
Adverse,BRIDGE,w2,2032-02-01,2032,2,252.5825,583.6981258,665.5040355,1249.202161
Adverse,BRIDGE,w2,2032-03-01,2032,3,252.5825,425.4854551,963.5145449,1389
Adverse,BRIDGE,w2,2032-04-01,2032,4,252.5825,460.5936068,928.4063932,1389
Adverse,BRIDGE,w2,2032-05-01,2032,5,269.2199636,505.7384382,822.849171,1328.587609
Adverse,BRIDGE,w2,2032-06-01,2032,6,377.7005302,478.5908528,494.9674475,973.5583003
Adverse,BRIDGE,w2,2032-07-01,2032,7,442.8880576,564.9804541,718.4569635,1283.437418
Adverse,BRIDGE,w2,2032-08-01,2032,8,535.0806083,530.3317587,582.0905893,1112.422348
Adverse,BRIDGE,w2,2032-09-01,2032,9,385.6760849,594.4889987,1152.724571,1747.21357
Adverse,BRIDGE,w2,2032-10-01,2032,10,472.3325,505.9539178,623.0768369,1129.030755
Adverse,BRIDGE,w2,2032-11-01,2032,11,527.7556718,451.4821008,826.6715555,1278.153656
Adverse,BRIDGE,w2,2032-12-01,2032,12,172.4832204,832.0939127,1567.30027,2399.394182
Adverse,BRIDGE,w2,2033-01-01,2033,1,268.9344241,365.708719,675.2305088,1040.939228
Adverse,BRIDGE,w2,2033-02-01,2033,2,478.324805,457.0100614,404.3187959,861.3288573
Adverse,BRIDGE,w2,2033-03-01,2033,3,538.7544141,420.8698451,768.3463274,1189.216173
Adverse,BRIDGE,w2,2033-04-01,2033,4,650.0825,582.3984865,562.6172559,1145.015742
Adverse,BRIDGE,w2,2033-05-01,2033,5,164.8325,481.7060168,2172.543983,2654.25
Adverse,BRIDGE,w2,2033-06-01,2033,6,165.8479189,452.4574953,933.4962479,1385.953743
Adverse,BRIDGE,w2,2033-07-01,2033,7,388.6704059,480.2078473,430.8246918,911.0325392
Adverse,BRIDGE,w2,2033-08-01,2033,8,346.2381237,581.430262,834.3665846,1415.796847
Adverse,BRIDGE,w2,2033-09-01,2033,9,420.6889795,458.9894812,706.6579512,1165.647432
Adverse,BRIDGE,w2,2033-10-01,2033,10,493.3415167,637.2058523,474.0139572,1111.219809
Adverse,BRIDGE,w2,2033-11-01,2033,11,556.5192705,489.934218,769.3550997,1259.289318
Adverse,BRIDGE,w2,2033-12-01,2033,12,268.9344241,627.7255059,1552.524033,2180.249539
Adverse,BRIDGE,w2,2034-01-01,2034,1,164.8325,366.112803,968.637197,1334.75
Adverse,BRIDGE,w2,2034-02-01,2034,2,301.0832536,341.533788,739.2139513,1080.747739
Adverse,BRIDGE,w2,2034-03-01,2034,3,252.5825,575.0908048,959.411456,1534.502261
Adverse,BRIDGE,w2,2034-04-01,2034,4,252.5825,408.3956202,980.6043798,1389
Adverse,BRIDGE,w2,2034-05-01,2034,5,254.8325,463.0056077,908.7443923,1371.75
Adverse,BRIDGE,w2,2034-06-01,2034,6,313.8747184,556.660714,565.2126307,1121.873345
Adverse,BRIDGE,w2,2034-07-01,2034,7,426.7078521,500.2367413,640.2638576,1140.500599
Adverse,BRIDGE,w2,2034-08-01,2034,8,511.8335074,583.9371462,499.1868954,1083.124042
Adverse,BRIDGE,w2,2034-09-01,2034,9,164.8325,493.7798182,1896.722197,2390.502015
Adverse,BRIDGE,w2,2034-10-01,2034,10,245.4996731,450.3074464,696.6910343,1146.998481
Adverse,BRIDGE,w2,2034-11-01,2034,11,310.8635638,462.8036258,730.1047019,1192.908328
Adverse,BRIDGE,w2,2034-12-01,2034,12,164.8325,618.5163063,1208.576885,1827.093191
Adverse,BRIDGE,w2,2035-01-01,2035,1,164.8325,363.8796627,970.8703373,1334.75
Adverse,BRIDGE,w2,2035-02-01,2035,2,342.5825,582.519252,463.730748,1046.25
Adverse,BRIDGE,w2,2035-03-01,2035,3,317.8800279,318.4207221,1054.686694,1373.107416
Adverse,BRIDGE,w2,2035-04-01,2035,4,387.1294321,475.3891334,724.3576539,1199.746787
Adverse,BRIDGE,w2,2035-05-01,2035,5,404.8073646,532.0062623,684.9649403,1216.971203
Adverse,BRIDGE,w2,2035-06-01,2035,6,472.3325,541.1330875,645.2915063,1186.424594
Adverse,BRIDGE,w2,2035-07-01,2035,7,164.8325,575.3046895,1736.195311,2311.5
Adverse,BRIDGE,w2,2035-08-01,2035,8,258.3017652,462.7383463,645.8538581,1108.592204
Adverse,BRIDGE,w2,2035-09-01,2035,9,331.0764966,556.9519247,613.723881,1170.675806
Adverse,BRIDGE,w2,2035-10-01,2035,10,391.001181,520.0613512,689.1645958,1209.225947
Adverse,BRIDGE,w2,2035-11-01,2035,11,459.3070986,618.4733959,655.6088512,1274.082247
Adverse,BRIDGE,w2,2035-12-01,2035,12,164.8325,359.2329006,1823.190895,2182.423796
Adverse,BRIDGE,w2,2036-01-01,2036,1,196.757896,389.9203099,890.2263981,1280.146708
Adverse,BRIDGE,w2,2036-02-01,2036,2,410.0263742,295.563103,512.9585666,808.5216696
Adverse,BRIDGE,w2,2036-03-01,2036,3,560.0825,443.6000282,495.2315943,938.8316225
Adverse,BRIDGE,w2,2036-04-01,2036,4,252.5825,198.9790766,2112.520923,2311.5
Adverse,BRIDGE,w2,2036-05-01,2036,5,200.116778,627.0863542,854.0950898,1481.181444
Adverse,BRIDGE,w2,2036-06-01,2036,6,164.8325,579.6695683,879.8989877,1459.568556
Adverse,BRIDGE,w2,2036-07-01,2036,7,177.1203443,446.1852628,907.7292811,1353.914544
Adverse,BRIDGE,w2,2036-08-01,2036,8,331.4745268,426.4353263,497.7240495,924.1593758
Adverse,BRIDGE,w2,2036-09-01,2036,9,472.3325,424.7130812,541.7129992,966.4260804
Adverse,BRIDGE,w2,2036-10-01,2036,10,562.3325,548.3592376,660.6407624,1209
Adverse,BRIDGE,w2,2036-11-01,2036,11,562.3325,270.958032,1118.041968,1389
Adverse,BRIDGE,w2,2036-12-01,2036,12,196.757896,286.6621539,2150.234554,2436.896708
Adverse,BRIDGE,w2,2037-01-01,2037,1,222.315898,239.4949259,980.2882782,1219.783204
Adverse,BRIDGE,w2,2037-02-01,2037,2,479.0322303,356.1729758,395.6946293,751.867605
Adverse,BRIDGE,w2,2037-03-01,2037,3,515.0383883,261.4883606,929.4931655,1190.981526
Adverse,BRIDGE,w2,2037-04-01,2037,4,252.5825,273.0998553,1903.26781,2176.367665
Adverse,BRIDGE,w2,2037-05-01,2037,5,254.8325,540.6577004,831.0922996,1371.75
Adverse,BRIDGE,w2,2037-06-01,2037,6,337.6376736,542.0577888,598.5266905,1140.584479
Adverse,BRIDGE,w2,2037-07-01,2037,7,164.8325,454.0419847,1363.373536,1817.415521
Adverse,BRIDGE,w2,2037-08-01,2037,8,275.8225135,498.7062759,575.8186837,1074.52496
Adverse,BRIDGE,w2,2037-09-01,2037,9,352.8754911,525.1886843,704.1573829,1229.346067
Adverse,BRIDGE,w2,2037-10-01,2037,10,442.1832047,459.9536227,571.1232364,1031.076859
Adverse,BRIDGE,w2,2037-11-01,2037,11,562.3325,323.5720876,794.9800265,1118.552114
Adverse,BRIDGE,w2,2037-12-01,2037,12,222.315898,395.2207233,1981.312481,2376.533204
Adverse,BRIDGE,w2,2038-01-01,2038,1,164.8325,356.218086,978.531914,1334.75
Adverse,BRIDGE,w2,2038-02-01,2038,2,282.9833262,267.2695884,867.7779331,1135.047521
Adverse,BRIDGE,w2,2038-03-01,2038,3,373.6327082,358.5911151,848.4607389,1207.051854
Adverse,BRIDGE,w2,2038-04-01,2038,4,465.9479232,378.2833745,723.1137054,1101.39708
Adverse,BRIDGE,w2,2038-05-01,2038,5,472.3325,501.3215353,688.6820094,1190.003545
Adverse,BRIDGE,w2,2038-06-01,2038,6,509.5077906,544.8547224,769.7946965,1314.649419
Adverse,BRIDGE,w2,2038-07-01,2038,7,430.8142441,515.8888659,1162.016483,1677.905349
Adverse,BRIDGE,w2,2038-08-01,2038,8,562.3325,477.3505402,517.0946923,994.4452324
Adverse,BRIDGE,w2,2038-09-01,2038,9,386.2209907,449.673019,1485.108131,1934.78115
Adverse,BRIDGE,w2,2038-10-01,2038,10,472.3325,576.0586555,447.1601945,1023.21885
Adverse,BRIDGE,w2,2038-11-01,2038,11,562.3325,358.1712588,850.8287412,1209
Adverse,BRIDGE,w2,2038-12-01,2038,12,164.8325,392.2301667,2099.269833,2491.5
Adverse,BRIDGE,w2,2039-01-01,2039,1,174.08,309.116117,1016.386383,1325.5025
Adverse,BRIDGE,w2,2039-02-01,2039,2,421.1113306,234.9362175,494.9747906,729.9110081
Adverse,BRIDGE,w2,2039-03-01,2039,3,452.8794951,269.3910674,1024.304439,1293.695507
Adverse,BRIDGE,w2,2039-04-01,2039,4,537.4215052,296.9616813,928.4122883,1225.37397
Adverse,BRIDGE,w2,2039-05-01,2039,5,164.8325,678.880058,1637.386958,2316.267016
Adverse,BRIDGE,w2,2039-06-01,2039,6,247.9900277,418.0447514,721.4826654,1139.527417
Adverse,BRIDGE,w2,2039-07-01,2039,7,352.6202346,538.7529927,536.3563869,1075.10938
Adverse,BRIDGE,w2,2039-08-01,2039,8,390.6925699,484.5604611,880.222533,1364.782994
Adverse,BRIDGE,w2,2039-09-01,2039,9,436.7700113,599.3486898,651.4189859,1250.767676
Adverse,BRIDGE,w2,2039-10-01,2039,10,534.234169,578.0994923,518.5080347,1096.607527
Adverse,BRIDGE,w2,2039-11-01,2039,11,562.3325,558.9117573,745.7932496,1304.705007
Adverse,BRIDGE,w2,2039-12-01,2039,12,174.08,375.2152565,2107.037243,2482.2525
Adverse,BRIDGE,w2,2040-01-01,2040,1,164.8325,250.3882458,1084.361754,1334.75
Adverse,BRIDGE,w2,2040-02-01,2040,2,321.7314258,224.5143364,794.288886,1018.803222
Adverse,BRIDGE,w2,2040-03-01,2040,3,392.5714754,435.9939738,740.4858774,1176.479851
Adverse,BRIDGE,w2,2040-04-01,2040,4,252.5825,503.3159948,1305.650932,1808.966926
Adverse,BRIDGE,w2,2040-05-01,2040,5,254.8325,491.406204,880.343796,1371.75
Adverse,BRIDGE,w2,2040-06-01,2040,6,186.8658548,566.0640454,958.8692449,1524.93329
Adverse,BRIDGE,w2,2040-07-01,2040,7,218.5549055,609.8048918,715.8170068,1325.621899
Adverse,BRIDGE,w2,2040-08-01,2040,8,359.1686785,368.6373334,571.3680463,940.0053797
Adverse,BRIDGE,w2,2040-09-01,2040,9,472.3325,534.9795995,487.9598319,1022.939431
Adverse,BRIDGE,w2,2040-10-01,2040,10,562.3325,514.3658207,694.6341793,1209
Adverse,BRIDGE,w2,2040-11-01,2040,11,562.3325,517.4854475,871.5145525,1389
Adverse,BRIDGE,w2,2040-12-01,2040,12,164.8325,785.8116977,1705.688302,2491.5
Adverse,BRIDGE,w2,2041-01-01,2041,1,167.9863277,633.9819115,694.4604331,1328.442345
Adverse,BRIDGE,w2,2041-02-01,2041,2,395.8762043,290.1188154,512.5577271,802.6765425
Adverse,BRIDGE,w2,2041-03-01,2041,3,460.9815638,492.819516,809.3594055,1302.178922
Adverse,BRIDGE,w2,2041-04-01,2041,4,487.2035684,562.8380121,729.0009741,1291.838986
Adverse,BRIDGE,w2,2041-05-01,2041,5,472.3325,502.5111884,740.6020167,1243.113205
Adverse,BRIDGE,w2,2041-06-01,2041,6,562.3325,445.3419107,763.6580893,1209
Adverse,BRIDGE,w2,2041-07-01,2041,7,164.8325,561.1319581,1930.368042,2491.5
Adverse,BRIDGE,w2,2041-08-01,2041,8,258.8791572,500.9047806,605.9552479,1106.860028
Adverse,BRIDGE,w2,2041-09-01,2041,9,179.1667324,548.2940588,1103.424948,1651.719007
Adverse,BRIDGE,w2,2041-10-01,2041,10,324.7218135,461.5275808,467.2254436,928.7530244
Adverse,BRIDGE,w2,2041-11-01,2041,11,437.940865,493.2907709,646.0520746,1139.342845
Adverse,BRIDGE,w2,2041-12-01,2041,12,167.9863277,528.6079311,1583.409509,2112.01744
Adverse,BRIDGE,w2,2042-01-01,2042,1,164.8325,823.0971112,511.6528888,1334.75
Adverse,BRIDGE,w2,2042-02-01,2042,2,371.4265857,592.2479348,277.469808,869.7177428
Adverse,BRIDGE,w2,2042-03-01,2042,3,327.8653373,825.3637377,769.602845,1594.966583
Adverse,BRIDGE,w2,2042-04-01,2042,4,252.5825,1070.587308,468.9783667,1539.565675
Adverse,BRIDGE,w2,2042-05-01,2042,5,164.8325,448.2393023,1103.510698,1551.75
Adverse,BRIDGE,w2,2042-06-01,2042,6,330.1449894,469.6962329,443.2164185,912.9126514
Adverse,BRIDGE,w2,2042-07-01,2042,7,457.4375287,434.0455991,643.2266635,1077.272263
Adverse,BRIDGE,w2,2042-08-01,2042,8,562.3325,504.707024,569.608062,1074.315086
Adverse,BRIDGE,w2,2042-09-01,2042,9,394.4231059,493.0073549,1399.720827,1892.728182
Adverse,BRIDGE,w2,2042-10-01,2042,10,519.9414566,450.1524232,520.4482936,970.6007168
Adverse,BRIDGE,w2,2042-11-01,2042,11,545.8663535,745.3039869,591.299407,1336.603394
Adverse,BRIDGE,w2,2042-12-01,2042,12,164.8325,1135.227095,1323.340612,2458.567707
Adverse,BRIDGE,w2,2043-01-01,2043,1,213.4681235,574.1759149,614.6672147,1188.84313
Adverse,BRIDGE,w2,2043-02-01,2043,2,412.7916498,648.1297487,243.3996723,891.5294209
Adverse,BRIDGE,w2,2043-03-01,2043,3,410.6761615,882.5735944,518.106502,1400.680096
Adverse,BRIDGE,w2,2043-04-01,2043,4,342.5825,1137.706244,540.2411086,1677.947353
Adverse,BRIDGE,w2,2043-05-01,2043,5,350.7344528,496.3698054,677.6743363,1174.044142
Adverse,BRIDGE,w2,2043-06-01,2043,6,164.8325,440.831989,1505.873869,1946.705858
Adverse,BRIDGE,w2,2043-07-01,2043,7,254.8325,392.6432443,816.3567557,1209
Adverse,BRIDGE,w2,2043-08-01,2043,8,347.8628985,501.1968451,608.7119594,1109.908804
Adverse,BRIDGE,w2,2043-09-01,2043,9,433.788848,496.8071358,544.4150158,1041.222152
Adverse,BRIDGE,w2,2043-10-01,2043,10,566.4156862,404.4736686,689.9765029,1094.450172
Adverse,BRIDGE,w2,2043-11-01,2043,11,561.7212005,858.5556871,531.1970837,1389.752771
Adverse,BRIDGE,w2,2043-12-01,2043,12,213.4681235,807.5217407,1536.237491,2343.759231
Adverse,BRIDGE,w2,2044-01-01,2044,1,164.8325,571.1018892,763.6481108,1334.75
Adverse,BRIDGE,w2,2044-02-01,2044,2,254.8289193,760.3339299,437.2381626,1197.572092
Adverse,BRIDGE,w2,2044-03-01,2044,3,292.8995231,824.0385856,472.6882526,1296.726838
Adverse,BRIDGE,w2,2044-04-01,2044,4,342.5825,832.9634708,496.9875986,1329.951069
Adverse,BRIDGE,w2,2044-05-01,2044,5,297.8066755,462.4607645,870.3667091,1332.827474
Adverse,BRIDGE,w2,2044-06-01,2044,6,390.6177949,524.244244,676.3223976,1200.566642
Adverse,BRIDGE,w2,2044-07-01,2044,7,477.49252,515.4477764,528.0880684,1043.535845
Adverse,BRIDGE,w2,2044-08-01,2044,8,288.0650486,492.0424928,1550.079901,2042.122394
Adverse,BRIDGE,w2,2044-09-01,2044,9,365.471447,562.5153934,504.2654115,1066.780805
Adverse,BRIDGE,w2,2044-10-01,2044,10,508.3936205,447.414555,558.1275451,1005.5421
Adverse,BRIDGE,w2,2044-11-01,2044,11,562.3325,783.2045105,488.6702306,1271.874741
Adverse,BRIDGE,w2,2044-12-01,2044,12,164.8325,921.1467184,1570.353282,2491.5
Adverse,BRIDGE,w2,2045-01-01,2045,1,174.08,692.9862441,632.5162559,1325.5025
Adverse,BRIDGE,w2,2045-02-01,2045,2,342.5781241,522.852685,442.6579427,965.5106277
Adverse,BRIDGE,w2,2045-03-01,2045,3,252.5825,840.01615,818.9707223,1658.986872
Adverse,BRIDGE,w2,2045-04-01,2045,4,252.5825,833.3209474,555.6790526,1389
Adverse,BRIDGE,w2,2045-05-01,2045,5,167.6254932,513.7564401,1029.61458,1543.37102
Adverse,BRIDGE,w2,2045-06-01,2045,6,254.8325,583.6702381,633.7087416,1217.37898
Adverse,BRIDGE,w2,2045-07-01,2045,7,181.2244411,469.2082784,1050.615898,1519.824177
Adverse,BRIDGE,w2,2045-08-01,2045,8,315.2153662,424.7453533,663.3634898,1088.108843
Adverse,BRIDGE,w2,2045-09-01,2045,9,474.8252932,387.128447,511.9601536,899.0886006
Adverse,BRIDGE,w2,2045-10-01,2045,10,562.3325,477.7834748,648.6949047,1126.478379
Adverse,BRIDGE,w2,2045-11-01,2045,11,562.3325,805.7869966,583.2130034,1389
Adverse,BRIDGE,w2,2045-12-01,2045,12,174.08,794.0453427,1688.207157,2482.2525
Adverse,BRIDGE,w2,2046-01-01,2046,1,188.8299983,747.8050826,514.9524227,1262.757505
Adverse,BRIDGE,w2,2046-02-01,2046,2,327.5599618,905.1469057,212.8250601,1117.971966
Adverse,BRIDGE,w2,2046-03-01,2046,3,284.6415076,805.652153,685.9363533,1491.588506
Adverse,BRIDGE,w2,2046-04-01,2046,4,342.5825,891.6188711,395.0631516,1286.682023
Adverse,BRIDGE,w2,2046-05-01,2046,5,342.1425306,530.2147283,688.1001799,1218.314908
Adverse,BRIDGE,w2,2046-06-01,2046,6,463.7854009,501.5597303,504.0166587,1005.576389
Adverse,BRIDGE,w2,2046-07-01,2046,7,164.8325,472.4769499,1813.381753,2285.858703
Adverse,BRIDGE,w2,2046-08-01,2046,8,280.8471413,434.1564114,696.7996648,1130.956076
Adverse,BRIDGE,w2,2046-09-01,2046,9,335.9659303,564.1598124,569.4838204,1133.643633
Adverse,BRIDGE,w2,2046-10-01,2046,10,433.7206732,484.1688798,611.5668915,1095.735771
Adverse,BRIDGE,w2,2046-11-01,2046,11,429.8673139,766.858998,723.7010799,1490.560078
Adverse,BRIDGE,w2,2046-12-01,2046,12,188.8299983,768.5195143,1253.592433,2022.111947
Adverse,BRIDGE,w2,2047-01-01,2047,1,164.8325,872.7432779,462.0067221,1334.75
Adverse,BRIDGE,w2,2047-02-01,2047,2,231.6913852,799.0729553,456.2092743,1255.28223
Adverse,BRIDGE,w2,2047-03-01,2047,3,252.5825,862.513805,497.4539653,1359.96777
Adverse,BRIDGE,w2,2047-04-01,2047,4,299.0346752,832.4611458,463.6345038,1296.09565
Adverse,BRIDGE,w2,2047-05-01,2047,5,239.105556,632.1938387,789.6413437,1421.835182
Adverse,BRIDGE,w2,2047-06-01,2047,6,329.9567401,597.3286049,609.1178428,1206.446448
Adverse,BRIDGE,w2,2047-07-01,2047,7,164.8325,514.9204734,1279.452247,1794.37272
Adverse,BRIDGE,w2,2047-08-01,2047,8,243.3651775,513.5879144,718.3467306,1231.934645
Adverse,BRIDGE,w2,2047-09-01,2047,9,333.6906713,481.9506727,557.5401683,1039.490841
Adverse,BRIDGE,w2,2047-10-01,2047,10,409.7487962,634.9270449,525.8985805,1160.825625
Adverse,BRIDGE,w2,2047-11-01,2047,11,478.3580582,867.5576383,405.6145757,1273.172214
Adverse,BRIDGE,w2,2047-12-01,2047,12,164.8325,845.0787933,1394.497881,2239.576674
Adverse,BRIDGE,w2,2048-01-01,2048,1,227.1329634,799.1480717,387.0339217,1186.181993
Adverse,BRIDGE,w2,2048-02-01,2048,2,367.9242719,870.444175,222.5182013,1092.962376
Adverse,BRIDGE,w2,2048-03-01,2048,3,358.8801877,800.7748867,605.2766983,1406.051585
Adverse,BRIDGE,w2,2048-04-01,2048,4,445.1128316,852.3657252,313.8473254,1166.213051
Adverse,BRIDGE,w2,2048-05-01,2048,5,448.1853953,555.072921,724.2093878,1279.282309
Adverse,BRIDGE,w2,2048-06-01,2048,6,236.0846558,641.6921991,1364.862175,2006.554374
Adverse,BRIDGE,w2,2048-07-01,2048,7,332.8508594,585.6453504,531.8038832,1117.449234
Adverse,BRIDGE,w2,2048-08-01,2048,8,406.032905,553.7670507,618.6272596,1172.39431
Adverse,BRIDGE,w2,2048-09-01,2048,9,501.6676119,599.6808358,464.6072326,1064.288068
Adverse,BRIDGE,w2,2048-10-01,2048,10,562.3325,508.7412396,733.1314599,1241.872699
Adverse,BRIDGE,w2,2048-11-01,2048,11,562.3325,822.1597953,566.8402047,1389
Adverse,BRIDGE,w2,2048-12-01,2048,12,227.1329634,730.0854256,1612.846568,2342.931993
Adverse,BRIDGE,w2,2049-01-01,2049,1,195.4910715,821.5219131,421.2523724,1242.774285
Adverse,BRIDGE,w2,2049-02-01,2049,2,359.1662507,818.0834698,191.7762618,1009.859732
Adverse,BRIDGE,w2,2049-03-01,2049,3,353.4935214,888.8939478,529.3498237,1418.243772
Adverse,BRIDGE,w2,2049-04-01,2049,4,453.2709824,808.0988413,347.9579229,1156.056764
Adverse,BRIDGE,w2,2049-05-01,2049,5,473.3062934,481.391414,747.0026528,1228.394067
Adverse,BRIDGE,w2,2049-06-01,2049,6,201.7310993,573.9657588,1576.658423,2150.624182
Adverse,BRIDGE,w2,2049-07-01,2049,7,254.8325,568.2275656,714.5696331,1282.797199
Adverse,BRIDGE,w2,2049-08-01,2049,8,271.4992134,660.9888201,653.9536384,1314.942458
Adverse,BRIDGE,w2,2049-09-01,2049,9,339.7266233,584.0818436,534.2933281,1118.375172
Adverse,BRIDGE,w2,2049-10-01,2049,10,446.0181594,516.9005571,553.2248345,1070.125392
Adverse,BRIDGE,w2,2049-11-01,2049,11,461.947539,865.4239477,565.7879136,1431.211861
Adverse,BRIDGE,w2,2049-12-01,2049,12,195.4910715,755.3040682,1343.065334,2098.369402
Adverse,BRIDGE,w2,2050-01-01,2050,1,197.4288553,762.3026063,476.8644623,1239.167069
Adverse,BRIDGE,w2,2050-02-01,2050,2,252.5825,740.1131604,581.719771,1321.832931
Adverse,BRIDGE,w2,2050-03-01,2050,3,252.5825,938.4003011,450.5996989,1389
Adverse,BRIDGE,w2,2050-04-01,2050,4,252.5825,784.9556287,604.0443713,1389
Adverse,BRIDGE,w2,2050-05-01,2050,5,229.80132,578.2495815,778.5939584,1356.84354
Adverse,BRIDGE,w2,2050-06-01,2050,6,346.3383229,555.5896561,573.7993352,1129.388991
Adverse,BRIDGE,w2,2050-07-01,2050,7,451.5153569,530.7642792,542.7046188,1073.468898
Adverse,BRIDGE,w2,2050-08-01,2050,8,266.7341915,590.3488122,1262.994684,1853.343496
Adverse,BRIDGE,w2,2050-09-01,2050,9,367.9403897,532.815915,602.7248094,1135.540724
Adverse,BRIDGE,w2,2050-10-01,2050,10,472.3325,511.4124457,514.2519046,1025.66435
Adverse,BRIDGE,w2,2050-11-01,2050,11,445.1873089,783.3848086,687.0507646,1470.435573
Adverse,BRIDGE,w2,2050-12-01,2050,12,197.4288553,816.4145332,1318.066962,2134.481495
Adverse,NZT,w1,2025-01-01,2025,1,187.1932068,736.1639345,553.864652,1290.028586
Adverse,NZT,w1,2025-02-01,2025,2,188.1775771,709.5203915,654.1657908,1363.686182
Adverse,NZT,w1,2025-03-01,2025,3,219.3071947,777.6305136,537.0616816,1314.692195
Adverse,NZT,w1,2025-04-01,2025,4,164.8325,783.3256313,750.0174046,1533.343036
Adverse,NZT,w1,2025-05-01,2025,5,164.8325,360.2276691,1028.772331,1389
Adverse,NZT,w1,2025-06-01,2025,6,164.8325,388.3002491,1000.699751,1389
Adverse,NZT,w1,2025-07-01,2025,7,164.8325,389.8015957,999.1984043,1389
Adverse,NZT,w1,2025-08-01,2025,8,164.8325,404.8582992,984.1417008,1389
Adverse,NZT,w1,2025-09-01,2025,9,250.9284115,406.4933633,810.3148138,1216.808177
Adverse,NZT,w1,2025-10-01,2025,10,390.4078005,423.787281,651.1786404,1074.965921
Adverse,NZT,w1,2025-11-01,2025,11,263.456968,830.491509,838.8609883,1669.352497
Adverse,NZT,w1,2025-12-01,2025,12,187.1932068,758.6841471,791.4678435,1550.151991
Adverse,NZT,w1,2026-01-01,2026,1,164.8325,762.9285725,571.8214275,1334.75
Adverse,NZT,w1,2026-02-01,2026,2,164.8325,763.0936916,625.9063084,1389
Adverse,NZT,w1,2026-03-01,2026,3,175.0031549,717.1793934,641.308642,1358.488035
Adverse,NZT,w1,2026-04-01,2026,4,164.8325,754.5840972,664.9278674,1419.511965
Adverse,NZT,w1,2026-05-01,2026,5,164.8325,409.6543435,979.3456565,1389
Adverse,NZT,w1,2026-06-01,2026,6,164.8325,430.6887143,958.3112857,1389
Adverse,NZT,w1,2026-07-01,2026,7,164.8325,399.6005785,989.3994215,1389
Adverse,NZT,w1,2026-08-01,2026,8,164.8325,346.6329684,1042.367032,1389
Adverse,NZT,w1,2026-09-01,2026,9,178.69112,321.4374187,1039.845341,1361.28276
Adverse,NZT,w1,2026-10-01,2026,10,358.5117666,390.9589256,545.2205145,936.1794401
Adverse,NZT,w1,2026-11-01,2026,11,219.5998396,750.1761927,1009.826928,1760.003121
Adverse,NZT,w1,2026-12-01,2026,12,164.8325,801.8410257,696.6936535,1498.534679
Adverse,NZT,w1,2027-01-01,2027,1,164.8325,699.3993931,635.3506069,1334.75
Adverse,NZT,w1,2027-02-01,2027,2,212.4806372,651.2073862,594.8482022,1246.055588
Adverse,NZT,w1,2027-03-01,2027,3,229.5626556,702.6111086,635.1428363,1337.753945
Adverse,NZT,w1,2027-04-01,2027,4,164.8325,777.7061076,805.4843591,1583.190467
Adverse,NZT,w1,2027-05-01,2027,5,164.8325,454.2671272,934.7328728,1389
Adverse,NZT,w1,2027-06-01,2027,6,164.8325,381.8190359,1007.180964,1389
Adverse,NZT,w1,2027-07-01,2027,7,164.8325,362.226637,1026.773363,1389
Adverse,NZT,w1,2027-08-01,2027,8,164.8325,451.9526304,937.0473696,1389
Adverse,NZT,w1,2027-09-01,2027,9,164.8325,336.1588218,1052.841178,1389
Adverse,NZT,w1,2027-10-01,2027,10,380.9206062,470.4601328,460.7755487,931.2356815
Adverse,NZT,w1,2027-11-01,2027,11,239.9813098,801.9454202,830.3097904,1632.255211
Adverse,NZT,w1,2027-12-01,2027,12,164.8325,712.9531944,890.5559136,1603.509108
Adverse,NZT,w1,2028-01-01,2028,1,220.0659715,670.5606049,516.5377074,1187.098312
Adverse,NZT,w1,2028-02-01,2028,2,218.5665319,727.4232214,648.0263706,1375.449592
Adverse,NZT,w1,2028-03-01,2028,3,173.5550477,797.2014186,735.5555817,1532.757
Adverse,NZT,w1,2028-04-01,2028,4,252.5825,707.1134759,536.5816195,1243.695095
Adverse,NZT,w1,2028-05-01,2028,5,164.8325,411.5756637,1140.174336,1551.75
Adverse,NZT,w1,2028-06-01,2028,6,164.8325,470.9905567,918.0094433,1389
Adverse,NZT,w1,2028-07-01,2028,7,164.8325,472.0542168,916.9457832,1389
Adverse,NZT,w1,2028-08-01,2028,8,164.8325,400.5219338,988.4780662,1389
Adverse,NZT,w1,2028-09-01,2028,9,232.2211817,430.1527703,756.6811845,1186.833955
Adverse,NZT,w1,2028-10-01,2028,10,473.7676934,365.674009,489.1864559,854.8604648
Adverse,NZT,w1,2028-11-01,2028,11,295.9251819,925.8198085,896.2077263,1822.027535
Adverse,NZT,w1,2028-12-01,2028,12,220.0659715,796.2426247,748.3837331,1544.626358
Adverse,NZT,w1,2029-01-01,2029,1,164.8325,723.8688977,610.8811023,1334.75
Adverse,NZT,w1,2029-02-01,2029,2,224.9589301,709.7943017,558.9528381,1268.74714
Adverse,NZT,w1,2029-03-01,2029,3,317.6068298,715.9559538,500.4982468,1216.454201
Adverse,NZT,w1,2029-04-01,2029,4,164.8325,770.6640067,911.1346529,1681.79866
Adverse,NZT,w1,2029-05-01,2029,5,164.8325,373.4051934,1015.594807,1389
Adverse,NZT,w1,2029-06-01,2029,6,164.8325,290.0293381,1098.970662,1389
Adverse,NZT,w1,2029-07-01,2029,7,164.8325,371.3202028,1017.679797,1389
Adverse,NZT,w1,2029-08-01,2029,8,164.8325,393.6128373,995.3871627,1389
Adverse,NZT,w1,2029-09-01,2029,9,221.2644513,411.5881979,864.5478996,1276.136097
Adverse,NZT,w1,2029-10-01,2029,10,403.3114523,429.5546648,547.3723809,976.9270457
Adverse,NZT,w1,2029-11-01,2029,11,272.3600023,767.6327391,913.7216108,1681.35435
Adverse,NZT,w1,2029-12-01,2029,12,164.8325,803.1851109,818.3973961,1621.582507
Adverse,NZT,w1,2030-01-01,2030,1,164.8325,632.7274,702.0226,1334.75
Adverse,NZT,w1,2030-02-01,2030,2,279.6950874,706.9053316,465.1194936,1172.024825
Adverse,NZT,w1,2030-03-01,2030,3,164.8325,776.2767845,829.6983903,1605.975175
Adverse,NZT,w1,2030-04-01,2030,4,164.8325,736.7418855,652.2581145,1389
Adverse,NZT,w1,2030-05-01,2030,5,164.8325,427.6879692,961.3120308,1389
Adverse,NZT,w1,2030-06-01,2030,6,164.8325,430.7971308,958.2028692,1389
Adverse,NZT,w1,2030-07-01,2030,7,164.8325,407.4151072,981.5848928,1389
Adverse,NZT,w1,2030-08-01,2030,8,164.8325,469.5977866,919.4022134,1389
Adverse,NZT,w1,2030-09-01,2030,9,164.8325,420.3468462,968.6531538,1389
Adverse,NZT,w1,2030-10-01,2030,10,348.0242622,310.8517396,719.0729739,1029.924714
Adverse,NZT,w1,2030-11-01,2030,11,223.4349618,780.7651808,850.105182,1630.870363
Adverse,NZT,w1,2030-12-01,2030,12,164.8325,783.8508391,722.3540846,1506.204924
Adverse,NZT,w1,2031-01-01,2031,1,203.5563512,649.0719009,569.5065454,1218.578446
Adverse,NZT,w1,2031-02-01,2031,2,169.6793527,723.7744467,771.7034016,1495.477848
Adverse,NZT,w1,2031-03-01,2031,3,168.4871645,750.1864091,641.1979673,1391.384376
Adverse,NZT,w1,2031-04-01,2031,4,164.8325,739.9063988,656.4029303,1396.309329
Adverse,NZT,w1,2031-05-01,2031,5,164.8325,416.7139043,972.2860957,1389
Adverse,NZT,w1,2031-06-01,2031,6,164.8325,415.2139109,973.7860891,1389
Adverse,NZT,w1,2031-07-01,2031,7,164.8325,351.8667459,1037.133254,1389
Adverse,NZT,w1,2031-08-01,2031,8,164.8325,414.2696836,974.7303164,1389
Adverse,NZT,w1,2031-09-01,2031,9,171.1733044,328.8307635,1047.487628,1376.318391
Adverse,NZT,w1,2031-10-01,2031,10,281.0850289,390.4482938,662.4757286,1052.924022
Adverse,NZT,w1,2031-11-01,2031,11,313.0231373,722.6957857,731.4305262,1454.126312
Adverse,NZT,w1,2031-12-01,2031,12,203.5563512,676.0513408,880.4083802,1556.459721
Adverse,NZT,w1,2032-01-01,2032,1,187.3806409,739.5701692,527.5354081,1267.105577
Adverse,NZT,w1,2032-02-01,2032,2,164.8325,785.2576761,671.3867466,1456.644423
Adverse,NZT,w1,2032-03-01,2032,3,164.8325,741.228818,647.771182,1389
Adverse,NZT,w1,2032-04-01,2032,4,164.8325,734.3651249,654.6348751,1389
Adverse,NZT,w1,2032-05-01,2032,5,164.8325,340.295528,1048.704472,1389
Adverse,NZT,w1,2032-06-01,2032,6,164.8325,384.6652145,1004.334785,1389
Adverse,NZT,w1,2032-07-01,2032,7,164.8325,355.7688364,1033.231164,1389
Adverse,NZT,w1,2032-08-01,2032,8,164.8325,479.1425978,909.8574022,1389
Adverse,NZT,w1,2032-09-01,2032,9,230.9653005,502.818777,687.7828213,1190.601598
Adverse,NZT,w1,2032-10-01,2032,10,363.4193865,490.8644379,691.2733042,1182.137742
Adverse,NZT,w1,2032-11-01,2032,11,202.1811073,761.9204834,957.6429616,1719.563445
Adverse,NZT,w1,2032-12-01,2032,12,187.3806409,718.5216593,677.5311327,1396.052792
Adverse,NZT,w1,2033-01-01,2033,1,164.8325,728.8900562,605.8599438,1334.75
Adverse,NZT,w1,2033-02-01,2033,2,252.5825,661.7551076,564.4948924,1226.25
Adverse,NZT,w1,2033-03-01,2033,3,200.6889239,729.6985133,750.338639,1480.037152
Adverse,NZT,w1,2033-04-01,2033,4,164.8325,761.5867344,699.1261133,1460.712848
Adverse,NZT,w1,2033-05-01,2033,5,164.8325,388.2247102,1000.77529,1389
Adverse,NZT,w1,2033-06-01,2033,6,164.8325,349.2977694,1039.702231,1389
Adverse,NZT,w1,2033-07-01,2033,7,164.8325,472.2878458,916.7121542,1389
Adverse,NZT,w1,2033-08-01,2033,8,164.8325,415.4128001,973.5871999,1389
Adverse,NZT,w1,2033-09-01,2033,9,238.4288856,393.5391717,774.6716715,1168.210843
Adverse,NZT,w1,2033-10-01,2033,10,388.8233846,455.228907,673.0875959,1128.316503
Adverse,NZT,w1,2033-11-01,2033,11,201.0216825,785.263629,1012.83066,1798.094289
Adverse,NZT,w1,2033-12-01,2033,12,164.8325,746.5803816,714.7979834,1461.378365
Adverse,NZT,w1,2034-01-01,2034,1,183.6374537,712.4878429,565.8472958,1278.335139
Adverse,NZT,w1,2034-02-01,2034,2,180.6874379,713.3063399,700.3986455,1413.704985
Adverse,NZT,w1,2034-03-01,2034,3,194.0525722,715.8817708,617.1678883,1333.049659
Adverse,NZT,w1,2034-04-01,2034,4,164.8325,790.1078336,686.5523831,1476.660217
Adverse,NZT,w1,2034-05-01,2034,5,164.8325,451.5510017,937.4489983,1389
Adverse,NZT,w1,2034-06-01,2034,6,164.8325,332.9526931,1056.047307,1389
Adverse,NZT,w1,2034-07-01,2034,7,164.8325,335.264073,1053.735927,1389
Adverse,NZT,w1,2034-08-01,2034,8,164.8325,452.0916043,936.9083957,1389
Adverse,NZT,w1,2034-09-01,2034,9,192.4266939,377.1056104,956.7060018,1333.811612
Adverse,NZT,w1,2034-10-01,2034,10,342.5825,415.2552324,686.1831554,1101.438388
Adverse,NZT,w1,2034-11-01,2034,11,214.3992177,781.5581579,851.0584067,1632.616565
Adverse,NZT,w1,2034-12-01,2034,12,183.6374537,662.8940139,768.8245603,1431.718574
Adverse,NZT,w1,2035-01-01,2035,1,192.1606187,694.9554807,579.7353023,1274.690783
Adverse,NZT,w1,2035-02-01,2035,2,252.836813,573.6289378,699.4216532,1273.050591
Adverse,NZT,w1,2035-03-01,2035,3,322.1972499,745.9244875,517.1046388,1263.029126
Adverse,NZT,w1,2035-04-01,2035,4,164.8325,766.4719013,924.5075985,1690.9795
Adverse,NZT,w1,2035-05-01,2035,5,164.8325,437.4005327,951.5994673,1389
Adverse,NZT,w1,2035-06-01,2035,6,164.8325,363.7539066,1025.246093,1389
Adverse,NZT,w1,2035-07-01,2035,7,164.8325,265.8523437,1123.147656,1389
Adverse,NZT,w1,2035-08-01,2035,8,164.8325,354.1835494,1034.816451,1389
Adverse,NZT,w1,2035-09-01,2035,9,218.9512484,421.4523676,859.3101356,1280.762503
Adverse,NZT,w1,2035-10-01,2035,10,409.1890177,331.4803644,533.1875793,864.6679437
Adverse,NZT,w1,2035-11-01,2035,11,226.1868259,763.538189,1135.322712,1898.860901
Adverse,NZT,w1,2035-12-01,2035,12,192.1606187,737.3064615,714.3429732,1451.649435
Adverse,NZT,w1,2036-01-01,2036,1,169.150656,648.9539228,677.1597653,1326.113688
Adverse,NZT,w1,2036-02-01,2036,2,252.5825,703.0261242,531.8601878,1234.886312
Adverse,NZT,w1,2036-03-01,2036,3,170.153942,723.0586013,818.0485147,1541.107116
Adverse,NZT,w1,2036-04-01,2036,4,164.8325,757.9222534,641.7206306,1399.642884
Adverse,NZT,w1,2036-05-01,2036,5,164.8325,421.071834,967.928166,1389
Adverse,NZT,w1,2036-06-01,2036,6,164.8325,323.1222621,1065.877738,1389
Adverse,NZT,w1,2036-07-01,2036,7,164.8325,385.0135152,1003.986485,1389
Adverse,NZT,w1,2036-08-01,2036,8,164.8325,380.2740705,1008.725929,1389
Adverse,NZT,w1,2036-09-01,2036,9,164.8325,368.7973028,1020.202697,1389
Adverse,NZT,w1,2036-10-01,2036,10,342.5825,454.6513269,591.5986731,1046.25
Adverse,NZT,w1,2036-11-01,2036,11,195.8690109,746.0366221,923.6403562,1669.676978
Adverse,NZT,w1,2036-12-01,2036,12,169.150656,670.5872339,771.8494759,1442.43671
Adverse,NZT,w1,2037-01-01,2037,1,204.1068352,660.1280384,556.7989561,1216.926994
Adverse,NZT,w1,2037-02-01,2037,2,209.6865396,727.2984535,689.8164728,1417.114926
Adverse,NZT,w1,2037-03-01,2037,3,292.5802618,751.1730744,484.7894813,1235.962556
Adverse,NZT,w1,2037-04-01,2037,4,164.8325,810.5292999,821.2162237,1631.745524
Adverse,NZT,w1,2037-05-01,2037,5,164.8325,339.0403583,1049.959642,1389
Adverse,NZT,w1,2037-06-01,2037,6,164.8325,274.6110533,1114.388947,1389
Adverse,NZT,w1,2037-07-01,2037,7,164.8325,402.1924494,986.8075506,1389
Adverse,NZT,w1,2037-08-01,2037,8,164.8325,381.8897506,1007.110249,1389
Adverse,NZT,w1,2037-09-01,2037,9,164.8325,271.6611246,1117.338875,1389
Adverse,NZT,w1,2037-10-01,2037,10,230.3575853,438.7925172,819.1573121,1257.949829
Adverse,NZT,w1,2037-11-01,2037,11,270.1434893,750.1049439,572.0732481,1322.178192
Adverse,NZT,w1,2037-12-01,2037,12,204.1068352,713.7883652,755.2606078,1469.048973
Adverse,NZT,w1,2038-01-01,2038,1,233.1178832,612.7310339,528.2712313,1141.002265
Adverse,NZT,w1,2038-02-01,2038,2,202.1806913,798.0441716,672.6589893,1470.703161
Adverse,NZT,w1,2038-03-01,2038,3,315.1988378,687.9091012,462.5364592,1150.44556
Adverse,NZT,w1,2038-04-01,2038,4,164.8325,785.907114,953.6918995,1739.599014
Adverse,NZT,w1,2038-05-01,2038,5,164.8325,416.1285236,972.8714764,1389
Adverse,NZT,w1,2038-06-01,2038,6,164.8325,400.5368499,988.4631501,1389
Adverse,NZT,w1,2038-07-01,2038,7,164.8325,376.8309483,1012.169052,1389
Adverse,NZT,w1,2038-08-01,2038,8,164.8325,380.7531727,1008.246827,1389
Adverse,NZT,w1,2038-09-01,2038,9,244.4643708,317.046943,912.6893155,1229.736258
Adverse,NZT,w1,2038-10-01,2038,10,336.777068,400.3623542,632.0676834,1032.430038
Adverse,NZT,w1,2038-11-01,2038,11,352.2124786,745.9173108,697.2764573,1443.193768
Adverse,NZT,w1,2038-12-01,2038,12,233.1178832,696.551288,960.340913,1656.892201
Adverse,NZT,w1,2039-01-01,2039,1,208.9248149,665.91422,536.5588353,1202.473055
Adverse,NZT,w1,2039-02-01,2039,2,285.9092928,687.9502968,603.9230623,1291.873359
Adverse,NZT,w1,2039-03-01,2039,3,201.9091336,684.907051,822.2666339,1507.173685
Adverse,NZT,w1,2039-04-01,2039,4,252.5825,706.83794,630.6419606,1337.479901
Adverse,NZT,w1,2039-05-01,2039,5,164.8325,416.1989156,1135.551084,1551.75
Adverse,NZT,w1,2039-06-01,2039,6,164.8325,415.753221,973.246779,1389
Adverse,NZT,w1,2039-07-01,2039,7,164.8325,373.9395204,1015.06048,1389
Adverse,NZT,w1,2039-08-01,2039,8,164.8325,258.2817252,1130.718275,1389
Adverse,NZT,w1,2039-09-01,2039,9,164.8325,413.2146983,975.7853017,1389
Adverse,NZT,w1,2039-10-01,2039,10,333.9645284,357.8594654,705.6264777,1063.485943
Adverse,NZT,w1,2039-11-01,2039,11,224.501542,714.7576247,820.7493063,1535.506931
Adverse,NZT,w1,2039-12-01,2039,12,208.9248149,697.1843055,738.5458757,1435.730181
Adverse,NZT,w1,2040-01-01,2040,1,164.8325,709.461632,625.288368,1334.75
Adverse,NZT,w1,2040-02-01,2040,2,164.8325,748.3097792,640.6902208,1389
Adverse,NZT,w1,2040-03-01,2040,3,217.7329889,705.9204365,543.5468475,1249.467284
Adverse,NZT,w1,2040-04-01,2040,4,164.8325,756.4959537,772.0367623,1528.532716
Adverse,NZT,w1,2040-05-01,2040,5,164.8325,416.7661545,972.2338455,1389
Adverse,NZT,w1,2040-06-01,2040,6,164.8325,362.1336787,1026.866321,1389
Adverse,NZT,w1,2040-07-01,2040,7,164.8325,399.0768966,989.9231034,1389
Adverse,NZT,w1,2040-08-01,2040,8,164.8325,247.1626387,1141.837361,1389
Adverse,NZT,w1,2040-09-01,2040,9,171.9572838,330.58441,1044.166022,1374.750432
Adverse,NZT,w1,2040-10-01,2040,10,314.2368474,258.1122147,696.9243107,955.0365254
Adverse,NZT,w1,2040-11-01,2040,11,336.0696933,756.992528,667.0089346,1424.001463
Adverse,NZT,w1,2040-12-01,2040,12,164.8325,790.0036991,1012.207881,1802.21158
Adverse,NZT,w1,2041-01-01,2041,1,176.3375706,695.8548025,604.3799857,1300.234788
Adverse,NZT,w1,2041-02-01,2041,2,252.5825,778.2059926,482.5592192,1260.765212
Adverse,NZT,w1,2041-03-01,2041,3,183.6795615,766.3358816,747.7199954,1514.055877
Adverse,NZT,w1,2041-04-01,2041,4,164.8325,760.4609571,666.2331659,1426.694123
Adverse,NZT,w1,2041-05-01,2041,5,164.8325,409.5085462,979.4914538,1389
Adverse,NZT,w1,2041-06-01,2041,6,164.8325,376.1677041,1012.832296,1389
Adverse,NZT,w1,2041-07-01,2041,7,164.8325,361.3559334,1027.644067,1389
Adverse,NZT,w1,2041-08-01,2041,8,164.8325,366.5931131,1022.406887,1389
Adverse,NZT,w1,2041-09-01,2041,9,164.8325,395.0473319,993.9526681,1389
Adverse,NZT,w1,2041-10-01,2041,10,312.6930479,406.2354074,699.7934969,1106.028904
Adverse,NZT,w1,2041-11-01,2041,11,200.2863147,765.6038409,835.4596254,1601.063466
Adverse,NZT,w1,2041-12-01,2041,12,176.3375706,769.7236665,655.6687511,1425.392418
Adverse,NZT,w1,2042-01-01,2042,1,172.8025686,933.5045044,377.3352897,1310.839794
Adverse,NZT,w1,2042-02-01,2042,2,283.72568,933.1396279,253.0319473,1186.171575
Adverse,NZT,w1,2042-03-01,2042,3,231.7820552,944.1146796,537.7248409,1481.83952
Adverse,NZT,w1,2042-04-01,2042,4,164.8325,1117.659548,405.2395626,1522.89911
Adverse,NZT,w1,2042-05-01,2042,5,164.8325,584.2530005,804.7469995,1389
Adverse,NZT,w1,2042-06-01,2042,6,164.8325,533.6745078,855.3254922,1389
Adverse,NZT,w1,2042-07-01,2042,7,164.8325,570.7738705,818.2261295,1389
Adverse,NZT,w1,2042-08-01,2042,8,164.8325,558.1092514,830.8907486,1389
Adverse,NZT,w1,2042-09-01,2042,9,164.8325,523.1509846,865.8490154,1389
Adverse,NZT,w1,2042-10-01,2042,10,299.6591147,572.2928199,559.8039507,1132.096771
Adverse,NZT,w1,2042-11-01,2042,11,217.4068374,936.117075,558.8189441,1494.936019
Adverse,NZT,w1,2042-12-01,2042,12,172.8025686,1011.539673,504.5173312,1516.057004
Adverse,NZT,w1,2043-01-01,2043,1,203.3160685,861.332186,357.9671086,1219.299295
Adverse,NZT,w1,2043-02-01,2043,2,174.08,960.0120829,535.1911225,1495.203205
Adverse,NZT,w1,2043-03-01,2043,3,180.4808566,980.4555607,389.3418694,1369.79743
Adverse,NZT,w1,2043-04-01,2043,4,164.8325,1013.155094,404.2949756,1417.45007
Adverse,NZT,w1,2043-05-01,2043,5,164.8325,495.5247405,893.4752595,1389
Adverse,NZT,w1,2043-06-01,2043,6,164.8325,559.6977351,829.3022649,1389
Adverse,NZT,w1,2043-07-01,2043,7,164.8325,446.6684651,942.3315349,1389
Adverse,NZT,w1,2043-08-01,2043,8,164.8325,590.4408294,798.5591706,1389
Adverse,NZT,w1,2043-09-01,2043,9,164.8325,433.8766213,955.1233787,1389
Adverse,NZT,w1,2043-10-01,2043,10,304.1435538,420.5782704,550.4885682,971.0668385
Adverse,NZT,w1,2043-11-01,2043,11,391.9996197,940.0199256,286.2879718,1226.307897
Adverse,NZT,w1,2043-12-01,2043,12,203.3160685,1052.555319,801.61924,1854.174559
Adverse,NZT,w1,2044-01-01,2044,1,164.8325,844.3710619,490.3789381,1334.75
Adverse,NZT,w1,2044-02-01,2044,2,198.3308042,458.1124518,863.8909398,1322.003392
Adverse,NZT,w1,2044-03-01,2044,3,164.8325,793.9689978,662.0276106,1455.996608
Adverse,NZT,w1,2044-04-01,2044,4,164.8325,743.682656,645.317344,1389
Adverse,NZT,w1,2044-05-01,2044,5,164.8325,574.3882519,814.6117481,1389
Adverse,NZT,w1,2044-06-01,2044,6,164.8325,417.0808134,971.9191866,1389
Adverse,NZT,w1,2044-07-01,2044,7,164.8325,554.1212689,834.8787311,1389
Adverse,NZT,w1,2044-08-01,2044,8,164.8325,408.7153075,980.2846925,1389
Adverse,NZT,w1,2044-09-01,2044,9,164.8325,447.8668437,941.1331563,1389
Adverse,NZT,w1,2044-10-01,2044,10,258.9801574,538.4217373,675.0329479,1213.454685
Adverse,NZT,w1,2044-11-01,2044,11,164.8325,751.5999476,812.9453672,1564.545315
Adverse,NZT,w1,2044-12-01,2044,12,164.8325,828.5587869,560.4412131,1389
Adverse,NZT,w1,2045-01-01,2045,1,254.8325,446.1182761,708.6317239,1154.75
Adverse,NZT,w1,2045-02-01,2045,2,164.8325,734.2170821,834.7829179,1569
Adverse,NZT,w1,2045-03-01,2045,3,208.931208,825.9295158,430.7743602,1256.703876
Adverse,NZT,w1,2045-04-01,2045,4,252.5825,702.8001268,655.7459972,1358.546124
Adverse,NZT,w1,2045-05-01,2045,5,164.8325,491.758093,1059.991907,1551.75
Adverse,NZT,w1,2045-06-01,2045,6,164.8325,547.1826221,841.8173779,1389
Adverse,NZT,w1,2045-07-01,2045,7,164.8325,421.8328709,967.1671291,1389
Adverse,NZT,w1,2045-08-01,2045,8,164.8325,522.3416173,866.6583827,1389
Adverse,NZT,w1,2045-09-01,2045,9,164.8325,458.0812398,930.9187602,1389
Adverse,NZT,w1,2045-10-01,2045,10,164.8325,543.5213424,845.4786576,1389
Adverse,NZT,w1,2045-11-01,2045,11,164.8325,715.771481,673.228519,1389
Adverse,NZT,w1,2045-12-01,2045,12,254.8325,609,600,1209
Adverse,NZT,w1,2046-01-01,2046,1,207.8272426,310.5763324,895.1894399,1205.765772
Adverse,NZT,w1,2046-02-01,2046,2,164.8325,883.7200225,634.2642051,1517.984228
Adverse,NZT,w1,2046-03-01,2046,3,206.8137845,870.0425659,434.9948651,1305.037431
Adverse,NZT,w1,2046-04-01,2046,4,164.8325,518.3016525,954.6609165,1472.962569
Adverse,NZT,w1,2046-05-01,2046,5,164.8325,580.2974259,808.7025741,1389
Adverse,NZT,w1,2046-06-01,2046,6,164.8325,443.810683,945.189317,1389
Adverse,NZT,w1,2046-07-01,2046,7,164.8325,527.9852869,861.0147131,1389
Adverse,NZT,w1,2046-08-01,2046,8,164.8325,564.6379332,824.3620668,1389
Adverse,NZT,w1,2046-09-01,2046,9,164.8325,357.1729267,1031.827073,1389
Adverse,NZT,w1,2046-10-01,2046,10,252.5825,614.9952299,611.2547701,1226.25
Adverse,NZT,w1,2046-11-01,2046,11,164.8325,894.5471573,657.2028427,1551.75
Adverse,NZT,w1,2046-12-01,2046,12,207.8272426,906.9446289,353.0711434,1260.015772
Adverse,NZT,w1,2047-01-01,2047,1,164.8325,679.8682589,654.8817411,1334.75
Adverse,NZT,w1,2047-02-01,2047,2,164.8325,657.3736423,731.6263577,1389
Adverse,NZT,w1,2047-03-01,2047,3,196.3167401,900.102368,394.4449115,1294.54728
Adverse,NZT,w1,2047-04-01,2047,4,252.5825,843.3698299,477.3328905,1320.70272
Adverse,NZT,w1,2047-05-01,2047,5,164.8325,452.8089205,1098.941079,1551.75
Adverse,NZT,w1,2047-06-01,2047,6,164.8325,430.1859908,958.8140092,1389
Adverse,NZT,w1,2047-07-01,2047,7,164.8325,408.27811,980.72189,1389
Adverse,NZT,w1,2047-08-01,2047,8,164.8325,508.5682886,880.4317114,1389
Adverse,NZT,w1,2047-09-01,2047,9,164.8325,589.993989,799.006011,1389
Adverse,NZT,w1,2047-10-01,2047,10,164.8325,485.7882035,903.2117965,1389
Adverse,NZT,w1,2047-11-01,2047,11,257.0121761,851.1633045,366.2273433,1217.390648
Adverse,NZT,w1,2047-12-01,2047,12,164.8325,765.327878,795.2814742,1560.609352
Adverse,NZT,w1,2048-01-01,2048,1,254.8325,633.2288673,521.5211327,1154.75
Adverse,NZT,w1,2048-02-01,2048,2,331.1954171,966.2208083,282.8033575,1249.024166
Adverse,NZT,w1,2048-03-01,2048,3,164.8325,811.4640485,897.5117858,1708.975834
Adverse,NZT,w1,2048-04-01,2048,4,252.5825,912.0967431,314.1532569,1226.25
Adverse,NZT,w1,2048-05-01,2048,5,164.8325,564.5816192,987.1683808,1551.75
Adverse,NZT,w1,2048-06-01,2048,6,164.8325,440.5188313,948.4811687,1389
Adverse,NZT,w1,2048-07-01,2048,7,164.8325,476.1358813,912.8641187,1389
Adverse,NZT,w1,2048-08-01,2048,8,164.8325,562.9831865,826.0168135,1389
Adverse,NZT,w1,2048-09-01,2048,9,164.8325,502.5920062,886.4079938,1389
Adverse,NZT,w1,2048-10-01,2048,10,252.5825,480.3140453,745.9359547,1226.25
Adverse,NZT,w1,2048-11-01,2048,11,223.5035966,622.9611644,811.4466425,1434.407807
Adverse,NZT,w1,2048-12-01,2048,12,254.8325,901.7925896,424.5496036,1326.342193
Adverse,NZT,w1,2049-01-01,2049,1,181.6073922,885.3888728,417.5314506,1302.920323
Adverse,NZT,w1,2049-02-01,2049,2,279.1096028,895.8146546,309.2108163,1205.025471
Adverse,NZT,w1,2049-03-01,2049,3,196.5123536,898.581192,642.8633064,1541.444498
Adverse,NZT,w1,2049-04-01,2049,4,164.8325,926.0433962,526.3163111,1452.359707
Adverse,NZT,w1,2049-05-01,2049,5,164.8325,500.192175,888.807825,1389
Adverse,NZT,w1,2049-06-01,2049,6,164.8325,553.0993422,835.9006578,1389
Adverse,NZT,w1,2049-07-01,2049,7,164.8325,508.9530283,880.0469717,1389
Adverse,NZT,w1,2049-08-01,2049,8,164.8325,416.3892516,972.6107484,1389
Adverse,NZT,w1,2049-09-01,2049,9,164.8325,556.1326229,832.8673771,1389
Adverse,NZT,w1,2049-10-01,2049,10,244.7420944,488.6540118,660.6172049,1149.271217
Adverse,NZT,w1,2049-11-01,2049,11,275.8159487,888.2189275,508.0595096,1396.278437
Adverse,NZT,w1,2049-12-01,2049,12,181.6073922,1006.368989,583.2516803,1589.62067
Adverse,NZT,w1,2050-01-01,2050,1,174.08,973.2649522,352.2375478,1325.5025
Adverse,NZT,w1,2050-02-01,2050,2,171.7357384,898.0176754,486.4233479,1384.441023
Adverse,NZT,w1,2050-03-01,2050,3,180.6780034,895.3912033,475.7242665,1371.11547
Adverse,NZT,w1,2050-04-01,2050,4,164.8325,976.2466748,444.444332,1420.691007
Adverse,NZT,w1,2050-05-01,2050,5,164.8325,562.845852,826.154148,1389
Adverse,NZT,w1,2050-06-01,2050,6,164.8325,467.4168178,921.5831822,1389
Adverse,NZT,w1,2050-07-01,2050,7,164.8325,441.0876897,947.9123103,1389
Adverse,NZT,w1,2050-08-01,2050,8,164.8325,519.1600193,869.8399807,1389
Adverse,NZT,w1,2050-09-01,2050,9,164.8325,510.1659742,878.8340258,1389
Adverse,NZT,w1,2050-10-01,2050,10,191.3760135,483.8499178,852.0630552,1335.912973
Adverse,NZT,w1,2050-11-01,2050,11,263.1485714,847.0822494,411.1226347,1258.204884
Adverse,NZT,w1,2050-12-01,2050,12,174.08,930.0879295,633.5467134,1563.634643
